mode,engine,workers,scenario,n,sample,dispatch_ns,completion_ns
latency,weave,1,burst_small,256,0,10424,10504
latency,weave,1,burst_small,256,1,8631,8712
latency,weave,1,burst_small,256,2,9001,9071
latency,weave,1,burst_small,256,3,9252,9332
latency,weave,1,burst_small,256,4,9673,9743
latency,weave,1,burst_small,256,5,10014,10094
latency,weave,1,burst_small,256,6,10274,10354
latency,weave,1,burst_small,256,7,10504,10574
latency,weave,1,burst_small,256,8,10715,10795
latency,weave,1,burst_small,256,9,10876,10946
latency,weave,1,burst_small,256,10,11135,11216
latency,weave,1,burst_small,256,11,11396,11496
latency,weave,1,burst_small,256,12,11757,11827
latency,weave,1,burst_small,256,13,12008,12078
latency,weave,1,burst_small,256,14,12268,12338
latency,weave,1,burst_small,256,15,12448,12528
latency,weave,1,burst_small,256,16,12659,12729
latency,weave,1,burst_small,256,17,12718,12788
latency,weave,1,burst_small,256,18,12929,12999
latency,weave,1,burst_small,256,19,13150,13220
latency,weave,1,burst_small,256,20,13440,13531
latency,weave,1,burst_small,256,21,13711,13781
latency,weave,1,burst_small,256,22,14051,14121
latency,weave,1,burst_small,256,23,14362,14442
latency,weave,1,burst_small,256,24,14713,14783
latency,weave,1,burst_small,256,25,14882,14963
latency,weave,1,burst_small,256,26,15153,15223
latency,weave,1,burst_small,256,27,15424,15504
latency,weave,1,burst_small,256,28,15665,15735
latency,weave,1,burst_small,256,29,16035,16116
latency,weave,1,burst_small,256,30,16225,16305
latency,weave,1,burst_small,256,31,16506,16586
latency,weave,1,burst_small,256,32,16947,17017
latency,weave,1,burst_small,256,33,17328,17398
latency,weave,1,burst_small,256,34,17738,17808
latency,weave,1,burst_small,256,35,17939,18009
latency,weave,1,burst_small,256,36,18289,18370
latency,weave,1,burst_small,256,37,18620,18700
latency,weave,1,burst_small,256,38,19030,19100
latency,weave,1,burst_small,256,39,19341,19411
latency,weave,1,burst_small,256,40,19602,19672
latency,weave,1,burst_small,256,41,19671,19752
latency,weave,1,burst_small,256,42,19952,20022
latency,weave,1,burst_small,256,43,20233,20303
latency,weave,1,burst_small,256,44,20434,20514
latency,weave,1,burst_small,256,45,20674,20784
latency,weave,1,burst_small,256,46,20954,21034
latency,weave,1,burst_small,256,47,21295,21365
latency,weave,1,burst_small,256,48,21526,21596
latency,weave,1,burst_small,256,49,21776,21847
latency,weave,1,burst_small,256,50,22106,22176
latency,weave,1,burst_small,256,51,22427,22497
latency,weave,1,burst_small,256,52,22658,22738
latency,weave,1,burst_small,256,53,22888,22969
latency,weave,1,burst_small,256,54,23268,23338
latency,weave,1,burst_small,256,55,23509,23589
latency,weave,1,burst_small,256,56,23900,23970
latency,weave,1,burst_small,256,57,24091,24171
latency,weave,1,burst_small,256,58,24391,24471
latency,weave,1,burst_small,256,59,24701,24772
latency,weave,1,burst_small,256,60,24942,25022
latency,weave,1,burst_small,256,61,25112,25202
latency,weave,1,burst_small,256,62,25433,25513
latency,weave,1,burst_small,256,63,25644,25724
latency,weave,1,burst_small,256,64,25763,25834
latency,weave,1,burst_small,256,65,25713,25783
latency,weave,1,burst_small,256,66,25763,25853
latency,weave,1,burst_small,256,67,25854,25944
latency,weave,1,burst_small,256,68,26054,26124
latency,weave,1,burst_small,256,69,26164,26234
latency,weave,1,burst_small,256,70,26365,26455
latency,weave,1,burst_small,256,71,26665,26755
latency,weave,1,burst_small,256,72,26775,26856
latency,weave,1,burst_small,256,73,26645,26715
latency,weave,1,burst_small,256,74,26786,26866
latency,weave,1,burst_small,256,75,26935,27036
latency,weave,1,burst_small,256,76,27126,27206
latency,weave,1,burst_small,256,77,27296,27376
latency,weave,1,burst_small,256,78,27687,27757
latency,weave,1,burst_small,256,79,28008,28108
latency,weave,1,burst_small,256,80,28017,28108
latency,weave,1,burst_small,256,81,28007,28077
latency,weave,1,burst_small,256,82,28258,28348
latency,weave,1,burst_small,256,83,28359,28429
latency,weave,1,burst_small,256,84,28518,28598
latency,weave,1,burst_small,256,85,28849,28919
latency,weave,1,burst_small,256,86,29020,29100
latency,weave,1,burst_small,256,87,29290,29380
latency,weave,1,burst_small,256,88,29550,29631
latency,weave,1,burst_small,256,89,29691,29771
latency,weave,1,burst_small,256,90,29891,29961
latency,weave,1,burst_small,256,91,30102,30172
latency,weave,1,burst_small,256,92,30393,30473
latency,weave,1,burst_small,256,93,30582,30652
latency,weave,1,burst_small,256,94,30763,30833
latency,weave,1,burst_small,256,95,30783,30853
latency,weave,1,burst_small,256,96,30974,31044
latency,weave,1,burst_small,256,97,30863,30933
latency,weave,1,burst_small,256,98,31074,31154
latency,weave,1,burst_small,256,99,31314,31394
latency,weave,1,burst_small,256,100,31525,31605
latency,weave,1,burst_small,256,101,31654,31734
latency,weave,1,burst_small,256,102,31885,31955
latency,weave,1,burst_small,256,103,32076,32146
latency,weave,1,burst_small,256,104,32266,32346
latency,weave,1,burst_small,256,105,32235,32325
latency,weave,1,burst_small,256,106,32406,32486
latency,weave,1,burst_small,256,107,32667,32737
latency,weave,1,burst_small,256,108,32947,33027
latency,weave,1,burst_small,256,109,33528,33598
latency,weave,1,burst_small,256,110,33719,33799
latency,weave,1,burst_small,256,111,33809,33879
latency,weave,1,burst_small,256,112,34139,34220
latency,weave,1,burst_small,256,113,34129,34209
latency,weave,1,burst_small,256,114,34340,34410
latency,weave,1,burst_small,256,115,33990,34060
latency,weave,1,burst_small,256,116,33979,34059
latency,weave,1,burst_small,256,117,34040,34110
latency,weave,1,burst_small,256,118,34169,34239
latency,weave,1,burst_small,256,119,34320,34400
latency,weave,1,burst_small,256,120,34410,34480
latency,weave,1,burst_small,256,121,34029,34109
latency,weave,1,burst_small,256,122,34100,34180
latency,weave,1,burst_small,256,123,34249,34319
latency,weave,1,burst_small,256,124,34410,34480
latency,weave,1,burst_small,256,125,34570,34640
latency,weave,1,burst_small,256,126,34630,34711
latency,weave,1,burst_small,256,127,34690,34770
latency,weave,1,burst_small,256,128,34760,34831
latency,weave,1,burst_small,256,129,34931,35001
latency,weave,1,burst_small,256,130,35091,35161
latency,weave,1,burst_small,256,131,35161,35242
latency,weave,1,burst_small,256,132,35201,35271
latency,weave,1,burst_small,256,133,35281,35362
latency,weave,1,burst_small,256,134,35362,35442
latency,weave,1,burst_small,256,135,35622,35692
latency,weave,1,burst_small,256,136,35662,35742
latency,weave,1,burst_small,256,137,35552,35622
latency,weave,1,burst_small,256,138,35612,35682
latency,weave,1,burst_small,256,139,35673,35743
latency,weave,1,burst_small,256,140,35832,35903
latency,weave,1,burst_small,256,141,35883,35963
latency,weave,1,burst_small,256,142,36002,36083
latency,weave,1,burst_small,256,143,36043,36113
latency,weave,1,burst_small,256,144,36053,36124
latency,weave,1,burst_small,256,145,36043,36113
latency,weave,1,burst_small,256,146,36063,36143
latency,weave,1,burst_small,256,147,36123,36193
latency,weave,1,burst_small,256,148,36154,36224
latency,weave,1,burst_small,256,149,36283,36353
latency,weave,1,burst_small,256,150,36434,36514
latency,weave,1,burst_small,256,151,36534,36614
latency,weave,1,burst_small,256,152,36584,36664
latency,weave,1,burst_small,256,153,36383,36453
latency,weave,1,burst_small,256,154,36504,36584
latency,weave,1,burst_small,256,155,36665,36735
latency,weave,1,burst_small,256,156,36694,36774
latency,weave,1,burst_small,256,157,36705,36775
latency,weave,1,burst_small,256,158,36744,36814
latency,weave,1,burst_small,256,159,36815,36895
latency,weave,1,burst_small,256,160,36934,37014
latency,weave,1,burst_small,256,161,36815,36885
latency,weave,1,burst_small,256,162,36844,36924
latency,weave,1,burst_small,256,163,36825,36895
latency,weave,1,burst_small,256,164,36904,36984
latency,weave,1,burst_small,256,165,37095,37175
latency,weave,1,burst_small,256,166,37156,37226
latency,weave,1,burst_small,256,167,37205,37275
latency,weave,1,burst_small,256,168,37256,37326
latency,weave,1,burst_small,256,169,36915,36995
latency,weave,1,burst_small,256,170,37055,37125
latency,weave,1,burst_small,256,171,37105,37175
latency,weave,1,burst_small,256,172,37165,37235
latency,weave,1,burst_small,256,173,37195,37265
latency,weave,1,burst_small,256,174,37265,37335
latency,weave,1,burst_small,256,175,37495,37566
latency,weave,1,burst_small,256,176,37586,37656
latency,weave,1,burst_small,256,177,37375,37456
latency,weave,1,burst_small,256,178,37526,37596
latency,weave,1,burst_small,256,179,37535,37606
latency,weave,1,burst_small,256,180,37706,37776
latency,weave,1,burst_small,256,181,37777,37847
latency,weave,1,burst_small,256,182,37806,37886
latency,weave,1,burst_small,256,183,37857,37927
latency,weave,1,burst_small,256,184,37996,38066
latency,weave,1,burst_small,256,185,38077,38147
latency,weave,1,burst_small,256,186,38086,38167
latency,weave,1,burst_small,256,187,38017,38087
latency,weave,1,burst_small,256,188,38106,38187
latency,weave,1,burst_small,256,189,38157,38227
latency,weave,1,burst_small,256,190,38378,38448
latency,weave,1,burst_small,256,191,38427,38497
latency,weave,1,burst_small,256,192,38528,38608
latency,weave,1,burst_small,256,193,38257,38337
latency,weave,1,burst_small,256,194,38278,38358
latency,weave,1,burst_small,256,195,38427,38508
latency,weave,1,burst_small,256,196,38508,38578
latency,weave,1,burst_small,256,197,38627,38708
latency,weave,1,burst_small,256,198,38708,38778
latency,weave,1,burst_small,256,199,38778,38849
latency,weave,1,burst_small,256,200,38888,38968
latency,weave,1,burst_small,256,201,38789,38869
latency,weave,1,burst_small,256,202,38908,38978
latency,weave,1,burst_small,256,203,38999,39079
latency,weave,1,burst_small,256,204,39129,39209
latency,weave,1,burst_small,256,205,39279,39349
latency,weave,1,burst_small,256,206,39259,39339
latency,weave,1,burst_small,256,207,39229,39299
latency,weave,1,burst_small,256,208,39209,39289
latency,weave,1,burst_small,256,209,39049,39129
latency,weave,1,burst_small,256,210,39249,39320
latency,weave,1,burst_small,256,211,39279,39359
latency,weave,1,burst_small,256,212,39319,39390
latency,weave,1,burst_small,256,213,39349,39429
latency,weave,1,burst_small,256,214,39429,39510
latency,weave,1,burst_small,256,215,39590,39660
latency,weave,1,burst_small,256,216,39690,39770
latency,weave,1,burst_small,256,217,39640,39710
latency,weave,1,burst_small,256,218,39530,39610
latency,weave,1,burst_small,256,219,39650,39730
latency,weave,1,burst_small,256,220,39820,39890
latency,weave,1,burst_small,256,221,39920,39990
latency,weave,1,burst_small,256,222,39951,40031
latency,weave,1,burst_small,256,223,40000,40070
latency,weave,1,burst_small,256,224,40051,40131
latency,weave,1,burst_small,256,225,40071,40141
latency,weave,1,burst_small,256,226,40191,40271
latency,weave,1,burst_small,256,227,40251,40321
latency,weave,1,burst_small,256,228,40281,40351
latency,weave,1,burst_small,256,229,40331,40402
latency,weave,1,burst_small,256,230,40481,40551
latency,weave,1,burst_small,256,231,40492,40572
latency,weave,1,burst_small,256,232,40511,40591
latency,weave,1,burst_small,256,233,40472,40552
latency,weave,1,burst_small,256,234,40521,40591
latency,weave,1,burst_small,256,235,40672,40752
latency,weave,1,burst_small,256,236,40731,40802
latency,weave,1,burst_small,256,237,40862,40942
latency,weave,1,burst_small,256,238,40862,40932
latency,weave,1,burst_small,256,239,40952,41022
latency,weave,1,burst_small,256,240,41073,41143
latency,weave,1,burst_small,256,241,40912,40992
latency,weave,1,burst_small,256,242,40893,40963
latency,weave,1,burst_small,256,243,40902,40982
latency,weave,1,burst_small,256,244,40973,41043
latency,weave,1,burst_small,256,245,41132,41212
latency,weave,1,burst_small,256,246,41143,41213
latency,weave,1,burst_small,256,247,41202,41282
latency,weave,1,burst_small,256,248,41173,41243
latency,weave,1,burst_small,256,249,41102,41172
latency,weave,1,burst_small,256,250,41293,41363
latency,weave,1,burst_small,256,251,41343,41424
latency,weave,1,burst_small,256,252,41473,41543
latency,weave,1,burst_small,256,253,41533,41614
latency,weave,1,burst_small,256,254,41533,41603
latency,weave,1,burst_small,256,255,41724,41794
latency,weave,1,burst_small,256,256,24642,24842
latency,weave,1,burst_small,256,257,9773,9853
latency,weave,1,burst_small,256,258,9783,9853
latency,weave,1,burst_small,256,259,10014,10084
latency,weave,1,burst_small,256,260,10184,10254
latency,weave,1,burst_small,256,261,10655,10735
latency,weave,1,burst_small,256,262,10945,11015
latency,weave,1,burst_small,256,263,11186,11266
latency,weave,1,burst_small,256,264,11446,11526
latency,weave,1,burst_small,256,265,11626,11696
latency,weave,1,burst_small,256,266,11977,12047
latency,weave,1,burst_small,256,267,12188,12258
latency,weave,1,burst_small,256,268,12398,12478
latency,weave,1,burst_small,256,269,12789,12869
latency,weave,1,burst_small,256,270,13139,13209
latency,weave,1,burst_small,256,271,13390,13470
latency,weave,1,burst_small,256,272,13751,13821
latency,weave,1,burst_small,256,273,13921,14002
latency,weave,1,burst_small,256,274,14241,14311
latency,weave,1,burst_small,256,275,14642,14722
latency,weave,1,burst_small,256,276,14873,14953
latency,weave,1,burst_small,256,277,15144,15214
latency,weave,1,burst_small,256,278,15384,15464
latency,weave,1,burst_small,256,279,15734,15804
latency,weave,1,burst_small,256,280,15965,16065
latency,weave,1,burst_small,256,281,16105,16176
latency,weave,1,burst_small,256,282,16416,16486
latency,weave,1,burst_small,256,283,16636,16706
latency,weave,1,burst_small,256,284,16957,17037
latency,weave,1,burst_small,256,285,17287,17358
latency,weave,1,burst_small,256,286,17548,17618
latency,weave,1,burst_small,256,287,17809,17879
latency,weave,1,burst_small,256,288,18068,18149
latency,weave,1,burst_small,256,289,18219,18299
latency,weave,1,burst_small,256,290,18540,18630
latency,weave,1,burst_small,256,291,18871,18941
latency,weave,1,burst_small,256,292,19130,19201
latency,weave,1,burst_small,256,293,19431,19511
latency,weave,1,burst_small,256,294,19712,19782
latency,weave,1,burst_small,256,295,19943,20013
latency,weave,1,burst_small,256,296,20253,20334
latency,weave,1,burst_small,256,297,20403,20473
latency,weave,1,burst_small,256,298,20704,20774
latency,weave,1,burst_small,256,299,20975,21075
latency,weave,1,burst_small,256,300,21275,21345
latency,weave,1,burst_small,256,301,21635,21715
latency,weave,1,burst_small,256,302,21906,21976
latency,weave,1,burst_small,256,303,22217,22287
latency,weave,1,burst_small,256,304,22447,22528
latency,weave,1,burst_small,256,305,22637,22707
latency,weave,1,burst_small,256,306,22968,23048
latency,weave,1,burst_small,256,307,23269,23339
latency,weave,1,burst_small,256,308,23489,23580
latency,weave,1,burst_small,256,309,23779,23849
latency,weave,1,burst_small,256,310,24010,24090
latency,weave,1,burst_small,256,311,24311,24381
latency,weave,1,burst_small,256,312,24692,24762
latency,weave,1,burst_small,256,313,24841,24921
latency,weave,1,burst_small,256,314,25202,25272
latency,weave,1,burst_small,256,315,25493,25583
latency,weave,1,burst_small,256,316,25774,25844
latency,weave,1,burst_small,256,317,25753,25854
latency,weave,1,burst_small,256,318,26004,26084
latency,weave,1,burst_small,256,319,26335,26415
latency,weave,1,burst_small,256,320,26585,26665
latency,weave,1,burst_small,256,321,26796,26876
latency,weave,1,burst_small,256,322,27066,27146
latency,weave,1,burst_small,256,323,27336,27406
latency,weave,1,burst_small,256,324,27567,27637
latency,weave,1,burst_small,256,325,27446,27527
latency,weave,1,burst_small,256,326,27467,27537
latency,weave,1,burst_small,256,327,27647,27727
latency,weave,1,burst_small,256,328,27697,27788
latency,weave,1,burst_small,256,329,27637,27717
latency,weave,1,burst_small,256,330,27827,27907
latency,weave,1,burst_small,256,331,28108,28198
latency,weave,1,burst_small,256,332,28279,28379
latency,weave,1,burst_small,256,333,28468,28538
latency,weave,1,burst_small,256,334,28719,28809
latency,weave,1,burst_small,256,335,28900,28980
latency,weave,1,burst_small,256,336,29129,29210
latency,weave,1,burst_small,256,337,29010,29100
latency,weave,1,burst_small,256,338,29310,29380
latency,weave,1,burst_small,256,339,29851,29921
latency,weave,1,burst_small,256,340,30012,30082
latency,weave,1,burst_small,256,341,30111,30202
latency,weave,1,burst_small,256,342,30252,30322
latency,weave,1,burst_small,256,343,30372,30462
latency,weave,1,burst_small,256,344,30723,30813
latency,weave,1,burst_small,256,345,30894,30964
latency,weave,1,burst_small,256,346,31053,31143
latency,weave,1,burst_small,256,347,31294,31384
latency,weave,1,burst_small,256,348,31494,31564
latency,weave,1,burst_small,256,349,31575,31665
latency,weave,1,burst_small,256,350,31825,31895
latency,weave,1,burst_small,256,351,32015,32105
latency,weave,1,burst_small,256,352,32206,32276
latency,weave,1,burst_small,256,353,32126,32196
latency,weave,1,burst_small,256,354,32286,32366
latency,weave,1,burst_small,256,355,32386,32456
latency,weave,1,burst_small,256,356,32627,32697
latency,weave,1,burst_small,256,357,32746,32817
latency,weave,1,burst_small,256,358,32897,32967
latency,weave,1,burst_small,256,359,33057,33137
latency,weave,1,burst_small,256,360,33238,33308
latency,weave,1,burst_small,256,361,33367,33438
latency,weave,1,burst_small,256,362,33468,33548
latency,weave,1,burst_small,256,363,33619,33689
latency,weave,1,burst_small,256,364,33708,33788
latency,weave,1,burst_small,256,365,34380,34460
latency,weave,1,burst_small,256,366,34470,34551
latency,weave,1,burst_small,256,367,34570,34650
latency,weave,1,burst_small,256,368,34640,34721
latency,weave,1,burst_small,256,369,34500,34580
latency,weave,1,burst_small,256,370,34610,34681
latency,weave,1,burst_small,256,371,34690,34770
latency,weave,1,burst_small,256,372,34810,34881
latency,weave,1,burst_small,256,373,35011,35091
latency,weave,1,burst_small,256,374,35121,35191
latency,weave,1,burst_small,256,375,35131,35201
latency,weave,1,burst_small,256,376,35172,35242
latency,weave,1,burst_small,256,377,35131,35211
latency,weave,1,burst_small,256,378,35201,35271
latency,weave,1,burst_small,256,379,35442,35522
latency,weave,1,burst_small,256,380,35502,35572
latency,weave,1,burst_small,256,381,35643,35713
latency,weave,1,burst_small,256,382,35702,35772
latency,weave,1,burst_small,256,383,35833,35903
latency,weave,1,burst_small,256,384,35972,36043
latency,weave,1,burst_small,256,385,35872,35942
latency,weave,1,burst_small,256,386,36003,36073
latency,weave,1,burst_small,256,387,36033,36103
latency,weave,1,burst_small,256,388,36204,36274
latency,weave,1,burst_small,256,389,36353,36424
latency,weave,1,burst_small,256,390,36434,36504
latency,weave,1,burst_small,256,391,36493,36564
latency,weave,1,burst_small,256,392,36634,36714
latency,weave,1,burst_small,256,393,36564,36634
latency,weave,1,burst_small,256,394,36734,36804
latency,weave,1,burst_small,256,395,36815,36885
latency,weave,1,burst_small,256,396,36854,36924
latency,weave,1,burst_small,256,397,36985,37055
latency,weave,1,burst_small,256,398,36984,37054
latency,weave,1,burst_small,256,399,37185,37265
latency,weave,1,burst_small,256,400,37346,37426
latency,weave,1,burst_small,256,401,37225,37295
latency,weave,1,burst_small,256,402,37376,37446
latency,weave,1,burst_small,256,403,37375,37455
latency,weave,1,burst_small,256,404,37366,37436
latency,weave,1,burst_small,256,405,37566,37636
latency,weave,1,burst_small,256,406,37666,37736
latency,weave,1,burst_small,256,407,37727,37797
latency,weave,1,burst_small,256,408,37746,37816
latency,weave,1,burst_small,256,409,37686,37756
latency,weave,1,burst_small,256,410,37856,37926
latency,weave,1,burst_small,256,411,37947,38017
latency,weave,1,burst_small,256,412,38016,38096
latency,weave,1,burst_small,256,413,38067,38147
latency,weave,1,burst_small,256,414,38066,38146
latency,weave,1,burst_small,256,415,38297,38367
latency,weave,1,burst_small,256,416,38328,38398
latency,weave,1,burst_small,256,417,38197,38267
latency,weave,1,burst_small,256,418,38308,38388
latency,weave,1,burst_small,256,419,38407,38477
latency,weave,1,burst_small,256,420,38578,38648
latency,weave,1,burst_small,256,421,38718,38789
latency,weave,1,burst_small,256,422,38798,38878
latency,weave,1,burst_small,256,423,38838,38908
latency,weave,1,burst_small,256,424,38878,38958
latency,weave,1,burst_small,256,425,38698,38768
latency,weave,1,burst_small,256,426,38908,38978
latency,weave,1,burst_small,256,427,38939,39019
latency,weave,1,burst_small,256,428,38948,39028
latency,weave,1,burst_small,256,429,38989,39069
latency,weave,1,burst_small,256,430,39069,39139
latency,weave,1,burst_small,256,431,39229,39309
latency,weave,1,burst_small,256,432,39359,39440
latency,weave,1,burst_small,256,433,39239,39309
latency,weave,1,burst_small,256,434,39359,39430
latency,weave,1,burst_small,256,435,39439,39509
latency,weave,1,burst_small,256,436,39469,39540
latency,weave,1,burst_small,256,437,39630,39700
latency,weave,1,burst_small,256,438,39720,39790
latency,weave,1,burst_small,256,439,39740,39820
latency,weave,1,burst_small,256,440,39780,39860
latency,weave,1,burst_small,256,441,39650,39730
latency,weave,1,burst_small,256,442,39750,39830
latency,weave,1,burst_small,256,443,40000,40081
latency,weave,1,burst_small,256,444,40021,40101
latency,weave,1,burst_small,256,445,40150,40231
latency,weave,1,burst_small,256,446,40211,40281
latency,weave,1,burst_small,256,447,40331,40412
latency,weave,1,burst_small,256,448,40501,40581
latency,weave,1,burst_small,256,449,40241,40311
latency,weave,1,burst_small,256,450,40311,40381
latency,weave,1,burst_small,256,451,40411,40491
latency,weave,1,burst_small,256,452,40461,40541
latency,weave,1,burst_small,256,453,40722,40802
latency,weave,1,burst_small,256,454,40802,40872
latency,weave,1,burst_small,256,455,40822,40902
latency,weave,1,burst_small,256,456,40893,40963
latency,weave,1,burst_small,256,457,40722,40792
latency,weave,1,burst_small,256,458,40973,41053
latency,weave,1,burst_small,256,459,40962,41032
latency,weave,1,burst_small,256,460,41093,41173
latency,weave,1,burst_small,256,461,41132,41202
latency,weave,1,burst_small,256,462,41143,41223
latency,weave,1,burst_small,256,463,41222,41302
latency,weave,1,burst_small,256,464,41463,41543
latency,weave,1,burst_small,256,465,41373,41444
latency,weave,1,burst_small,256,466,41453,41523
latency,weave,1,burst_small,256,467,41593,41674
latency,weave,1,burst_small,256,468,41614,41694
latency,weave,1,burst_small,256,469,41663,41744
latency,weave,1,burst_small,256,470,41824,41894
latency,weave,1,burst_small,256,471,41864,41944
latency,weave,1,burst_small,256,472,41854,41934
latency,weave,1,burst_small,256,473,41794,41874
latency,weave,1,burst_small,256,474,41874,41954
latency,weave,1,burst_small,256,475,42125,42195
latency,weave,1,burst_small,256,476,42275,42345
latency,weave,1,burst_small,256,477,42395,42465
latency,weave,1,burst_small,256,478,42425,42505
latency,weave,1,burst_small,256,479,42525,42595
latency,weave,1,burst_small,256,480,42606,42676
latency,weave,1,burst_small,256,481,42515,42585
latency,weave,1,burst_small,256,482,42545,42625
latency,weave,1,burst_small,256,483,42585,42655
latency,weave,1,burst_small,256,484,42656,42736
latency,weave,1,burst_small,256,485,42675,42755
latency,weave,1,burst_small,256,486,42826,42896
latency,weave,1,burst_small,256,487,42896,42976
latency,weave,1,burst_small,256,488,42926,43006
latency,weave,1,burst_small,256,489,42926,42996
latency,weave,1,burst_small,256,490,42946,43016
latency,weave,1,burst_small,256,491,43187,43267
latency,weave,1,burst_small,256,492,43146,43226
latency,weave,1,burst_small,256,493,43257,43337
latency,weave,1,burst_small,256,494,43306,43376
latency,weave,1,burst_small,256,495,43397,43477
latency,weave,1,burst_small,256,496,43618,43698
latency,weave,1,burst_small,256,497,43617,43688
latency,weave,1,burst_small,256,498,43607,43687
latency,weave,1,burst_small,256,499,43747,43818
latency,weave,1,burst_small,256,500,43788,43858
latency,weave,1,burst_small,256,501,43837,43908
latency,weave,1,burst_small,256,502,43998,44068
latency,weave,1,burst_small,256,503,44119,44189
latency,weave,1,burst_small,256,504,44168,44248
latency,weave,1,burst_small,256,505,44058,44128
latency,weave,1,burst_small,256,506,44128,44208
latency,weave,1,burst_small,256,507,44279,44359
latency,weave,1,burst_small,256,508,44428,44499
latency,weave,1,burst_small,256,509,44439,44509
latency,weave,1,burst_small,256,510,44489,44560
latency,weave,1,burst_small,256,511,44539,44619
latency,weave,1,burst_small,256,512,27793,28003
latency,weave,1,burst_small,256,513,13465,13565
latency,weave,1,burst_small,256,514,13495,13565
latency,weave,1,burst_small,256,515,13816,13886
latency,weave,1,burst_small,256,516,14036,14117
latency,weave,1,burst_small,256,517,14608,14678
latency,weave,1,burst_small,256,518,14898,14979
latency,weave,1,burst_small,256,519,15238,15318
latency,weave,1,burst_small,256,520,15499,15569
latency,weave,1,burst_small,256,521,15569,15639
latency,weave,1,burst_small,256,522,15880,15960
latency,weave,1,burst_small,256,523,16150,16230
latency,weave,1,burst_small,256,524,16421,16511
latency,weave,1,burst_small,256,525,16692,16762
latency,weave,1,burst_small,256,526,17032,17102
latency,weave,1,burst_small,256,527,17403,17493
latency,weave,1,burst_small,256,528,17783,17854
latency,weave,1,burst_small,256,529,18004,18094
latency,weave,1,burst_small,256,530,18394,18484
latency,weave,1,burst_small,256,531,18825,18905
latency,weave,1,burst_small,256,532,19226,19296
latency,weave,1,burst_small,256,533,19457,19547
latency,weave,1,burst_small,256,534,19788,19878
latency,weave,1,burst_small,256,535,20138,20218
latency,weave,1,burst_small,256,536,20438,20509
latency,weave,1,burst_small,256,537,20860,20950
latency,weave,1,burst_small,256,538,21099,21170
latency,weave,1,burst_small,256,539,21330,21400
latency,weave,1,burst_small,256,540,21781,21851
latency,weave,1,burst_small,256,541,22172,22252
latency,weave,1,burst_small,256,542,22412,22482
latency,weave,1,burst_small,256,543,22733,22803
latency,weave,1,burst_small,256,544,22923,23003
latency,weave,1,burst_small,256,545,23064,23144
latency,weave,1,burst_small,256,546,23344,23424
latency,weave,1,burst_small,256,547,23564,23644
latency,weave,1,burst_small,256,548,23885,23965
latency,weave,1,burst_small,256,549,24366,24436
latency,weave,1,burst_small,256,550,24697,24767
latency,weave,1,burst_small,256,551,25017,25097
latency,weave,1,burst_small,256,552,25358,25448
latency,weave,1,burst_small,256,553,25478,25548
latency,weave,1,burst_small,256,554,25749,25829
latency,weave,1,burst_small,256,555,26079,26159
latency,weave,1,burst_small,256,556,26500,26580
latency,weave,1,burst_small,256,557,26720,26791
latency,weave,1,burst_small,256,558,26951,27021
latency,weave,1,burst_small,256,559,27242,27312
latency,weave,1,burst_small,256,560,27492,27562
latency,weave,1,burst_small,256,561,27642,27742
latency,weave,1,burst_small,256,562,27893,27963
latency,weave,1,burst_small,256,563,28134,28214
latency,weave,1,burst_small,256,564,28353,28423
latency,weave,1,burst_small,256,565,28574,28654
latency,weave,1,burst_small,256,566,28784,28865
latency,weave,1,burst_small,256,567,28995,29075
latency,weave,1,burst_small,256,568,29305,29385
latency,weave,1,burst_small,256,569,29526,29596
latency,weave,1,burst_small,256,570,29816,29887
latency,weave,1,burst_small,256,571,30017,30107
latency,weave,1,burst_small,256,572,30317,30397
latency,weave,1,burst_small,256,573,30668,30738
latency,weave,1,burst_small,256,574,30918,30989
latency,weave,1,burst_small,256,575,31129,31199
latency,weave,1,burst_small,256,576,31330,31400
latency,weave,1,burst_small,256,577,31539,31610
latency,weave,1,burst_small,256,578,31830,31910
latency,weave,1,burst_small,256,579,32031,32111
latency,weave,1,burst_small,256,580,32281,32361
latency,weave,1,burst_small,256,581,32571,32651
latency,weave,1,burst_small,256,582,32812,32882
latency,weave,1,burst_small,256,583,32982,33073
latency,weave,1,burst_small,256,584,33243,33313
latency,weave,1,burst_small,256,585,33483,33553
latency,weave,1,burst_small,256,586,33814,33884
latency,weave,1,burst_small,256,587,34085,34175
latency,weave,1,burst_small,256,588,34344,34435
latency,weave,1,burst_small,256,589,34605,34675
latency,weave,1,burst_small,256,590,34816,34896
latency,weave,1,burst_small,256,591,35146,35217
latency,weave,1,burst_small,256,592,35507,35577
latency,weave,1,burst_small,256,593,35217,35307
latency,weave,1,burst_small,256,594,35487,35567
latency,weave,1,burst_small,256,595,35777,35858
latency,weave,1,burst_small,256,596,36058,36128
latency,weave,1,burst_small,256,597,36389,36459
latency,weave,1,burst_small,256,598,36609,36699
latency,weave,1,burst_small,256,599,36769,36849
latency,weave,1,burst_small,256,600,37090,37190
latency,weave,1,burst_small,256,601,37241,37331
latency,weave,1,burst_small,256,602,37460,37551
latency,weave,1,burst_small,256,603,37671,37741
latency,weave,1,burst_small,256,604,37812,37892
latency,weave,1,burst_small,256,605,37982,38062
latency,weave,1,burst_small,256,606,38843,38913
latency,weave,1,burst_small,256,607,38592,38662
latency,weave,1,burst_small,256,608,38463,38543
latency,weave,1,burst_small,256,609,38162,38243
latency,weave,1,burst_small,256,610,38332,38412
latency,weave,1,burst_small,256,611,38262,38333
latency,weave,1,burst_small,256,612,38252,38322
latency,weave,1,burst_small,256,613,38392,38463
latency,weave,1,burst_small,256,614,38653,38723
latency,weave,1,burst_small,256,615,38683,38763
latency,weave,1,burst_small,256,616,38743,38823
latency,weave,1,burst_small,256,617,38613,38683
latency,weave,1,burst_small,256,618,38723,38803
latency,weave,1,burst_small,256,619,38873,38943
latency,weave,1,burst_small,256,620,39014,39094
latency,weave,1,burst_small,256,621,39084,39154
latency,weave,1,burst_small,256,622,39214,39284
latency,weave,1,burst_small,256,623,39174,39244
latency,weave,1,burst_small,256,624,39374,39454
latency,weave,1,burst_small,256,625,39244,39325
latency,weave,1,burst_small,256,626,39264,39344
latency,weave,1,burst_small,256,627,39374,39445
latency,weave,1,burst_small,256,628,39455,39535
latency,weave,1,burst_small,256,629,39755,39825
latency,weave,1,burst_small,256,630,39775,39855
latency,weave,1,burst_small,256,631,39835,39915
latency,weave,1,burst_small,256,632,39875,39955
latency,weave,1,burst_small,256,633,39635,39705
latency,weave,1,burst_small,256,634,39836,39906
latency,weave,1,burst_small,256,635,39925,40005
latency,weave,1,burst_small,256,636,40106,40176
latency,weave,1,burst_small,256,637,40216,40296
latency,weave,1,burst_small,256,638,40226,40306
latency,weave,1,burst_small,256,639,40446,40517
latency,weave,1,burst_small,256,640,40376,40456
latency,weave,1,burst_small,256,641,40155,40226
latency,weave,1,burst_small,256,642,40196,40266
latency,weave,1,burst_small,256,643,40326,40406
latency,weave,1,burst_small,256,644,40606,40677
latency,weave,1,burst_small,256,645,40607,40677
latency,weave,1,burst_small,256,646,40626,40707
latency,weave,1,burst_small,256,647,40687,40757
latency,weave,1,burst_small,256,648,40757,40828
latency,weave,1,burst_small,256,649,40717,40787
latency,weave,1,burst_small,256,650,40707,40787
latency,weave,1,burst_small,256,651,40787,40857
latency,weave,1,burst_small,256,652,40817,40887
latency,weave,1,burst_small,256,653,40847,40917
latency,weave,1,burst_small,256,654,41028,41108
latency,weave,1,burst_small,256,655,41167,41248
latency,weave,1,burst_small,256,656,41298,41368
latency,weave,1,burst_small,256,657,41017,41088
latency,weave,1,burst_small,256,658,41058,41128
latency,weave,1,burst_small,256,659,41077,41158
latency,weave,1,burst_small,256,660,41258,41328
latency,weave,1,burst_small,256,661,41398,41468
latency,weave,1,burst_small,256,662,41398,41478
latency,weave,1,burst_small,256,663,41499,41579
latency,weave,1,burst_small,256,664,41508,41578
latency,weave,1,burst_small,256,665,41508,41578
latency,weave,1,burst_small,256,666,41509,41589
latency,weave,1,burst_small,256,667,41619,41699
latency,weave,1,burst_small,256,668,41699,41769
latency,weave,1,burst_small,256,669,41829,41899
latency,weave,1,burst_small,256,670,42019,42089
latency,weave,1,burst_small,256,671,42099,42170
latency,weave,1,burst_small,256,672,42140,42210
latency,weave,1,burst_small,256,673,41819,41890
latency,weave,1,burst_small,256,674,41959,42039
latency,weave,1,burst_small,256,675,42060,42130
latency,weave,1,burst_small,256,676,42119,42189
latency,weave,1,burst_small,256,677,42130,42210
latency,weave,1,burst_small,256,678,42210,42280
latency,weave,1,burst_small,256,679,42230,42300
latency,weave,1,burst_small,256,680,42520,42591
latency,weave,1,burst_small,256,681,42190,42270
latency,weave,1,burst_small,256,682,42299,42380
latency,weave,1,burst_small,256,683,42280,42350
latency,weave,1,burst_small,256,684,42350,42421
latency,weave,1,burst_small,256,685,42470,42550
latency,weave,1,burst_small,256,686,42581,42661
latency,weave,1,burst_small,256,687,42650,42720
latency,weave,1,burst_small,256,688,42751,42821
latency,weave,1,burst_small,256,689,42620,42690
latency,weave,1,burst_small,256,690,42861,42931
latency,weave,1,burst_small,256,691,43001,43072
latency,weave,1,burst_small,256,692,43001,43071
latency,weave,1,burst_small,256,693,43161,43242
latency,weave,1,burst_small,256,694,43131,43201
latency,weave,1,burst_small,256,695,43342,43422
latency,weave,1,burst_small,256,696,43502,43583
latency,weave,1,burst_small,256,697,43312,43382
latency,weave,1,burst_small,256,698,43361,43432
latency,weave,1,burst_small,256,699,43502,43572
latency,weave,1,burst_small,256,700,43572,43643
latency,weave,1,burst_small,256,701,43823,43903
latency,weave,1,burst_small,256,702,43893,43963
latency,weave,1,burst_small,256,703,44033,44113
latency,weave,1,burst_small,256,704,44104,44174
latency,weave,1,burst_small,256,705,43863,43933
latency,weave,1,burst_small,256,706,44073,44153
latency,weave,1,burst_small,256,707,44153,44223
latency,weave,1,burst_small,256,708,44314,44394
latency,weave,1,burst_small,256,709,44273,44344
latency,weave,1,burst_small,256,710,44374,44444
latency,weave,1,burst_small,256,711,44494,44565
latency,weave,1,burst_small,256,712,44754,44824
latency,weave,1,burst_small,256,713,44494,44574
latency,weave,1,burst_small,256,714,44534,44614
latency,weave,1,burst_small,256,715,44635,44705
latency,weave,1,burst_small,256,716,44724,44794
latency,weave,1,burst_small,256,717,45035,45105
latency,weave,1,burst_small,256,718,45075,45146
latency,weave,1,burst_small,256,719,45246,45316
latency,weave,1,burst_small,256,720,45295,45366
latency,weave,1,burst_small,256,721,45075,45145
latency,weave,1,burst_small,256,722,45336,45406
latency,weave,1,burst_small,256,723,45375,45445
latency,weave,1,burst_small,256,724,45516,45596
latency,weave,1,burst_small,256,725,45586,45666
latency,weave,1,burst_small,256,726,45747,45817
latency,weave,1,burst_small,256,727,45886,45957
latency,weave,1,burst_small,256,728,46037,46117
latency,weave,1,burst_small,256,729,45867,45947
latency,weave,1,burst_small,256,730,45947,46027
latency,weave,1,burst_small,256,731,46097,46178
latency,weave,1,burst_small,256,732,46287,46357
latency,weave,1,burst_small,256,733,46448,46518
latency,weave,1,burst_small,256,734,46437,46507
latency,weave,1,burst_small,256,735,46478,46558
latency,weave,1,burst_small,256,736,46518,46588
latency,weave,1,burst_small,256,737,46468,46538
latency,weave,1,burst_small,256,738,46658,46738
latency,weave,1,burst_small,256,739,46738,46818
latency,weave,1,burst_small,256,740,46869,46949
latency,weave,1,burst_small,256,741,46888,46968
latency,weave,1,burst_small,256,742,47059,47129
latency,weave,1,burst_small,256,743,47119,47189
latency,weave,1,burst_small,256,744,47359,47439
latency,weave,1,burst_small,256,745,47230,47300
latency,weave,1,burst_small,256,746,47269,47339
latency,weave,1,burst_small,256,747,47280,47360
latency,weave,1,burst_small,256,748,47369,47439
latency,weave,1,burst_small,256,749,47650,47720
latency,weave,1,burst_small,256,750,47660,47730
latency,weave,1,burst_small,256,751,47811,47891
latency,weave,1,burst_small,256,752,47790,47870
latency,weave,1,burst_small,256,753,47610,47680
latency,weave,1,burst_small,256,754,47570,47640
latency,weave,1,burst_small,256,755,47810,47890
latency,weave,1,burst_small,256,756,48031,48111
latency,weave,1,burst_small,256,757,48101,48181
latency,weave,1,burst_small,256,758,48251,48321
latency,weave,1,burst_small,256,759,48291,48371
latency,weave,1,burst_small,256,760,48432,48512
latency,weave,1,burst_small,256,761,48591,48672
latency,weave,1,burst_small,256,762,48642,48722
latency,weave,1,burst_small,256,763,48732,48803
latency,weave,1,burst_small,256,764,48892,48962
latency,weave,1,burst_small,256,765,48882,48953
latency,weave,1,burst_small,256,766,49173,49243
latency,weave,1,burst_small,256,767,49203,49283
latency,weave,1,burst_small,256,768,25493,25683
latency,weave,1,burst_small,256,769,10344,10414
latency,weave,1,burst_small,256,770,10364,10464
latency,weave,1,burst_small,256,771,10615,10685
latency,weave,1,burst_small,256,772,10905,10986
latency,weave,1,burst_small,256,773,11517,11587
latency,weave,1,burst_small,256,774,11777,11848
latency,weave,1,burst_small,256,775,11977,12047
latency,weave,1,burst_small,256,776,12388,12468
latency,weave,1,burst_small,256,777,12568,12648
latency,weave,1,burst_small,256,778,12969,13039
latency,weave,1,burst_small,256,779,13250,13330
latency,weave,1,burst_small,256,780,13500,13601
latency,weave,1,burst_small,256,781,13851,13921
latency,weave,1,burst_small,256,782,14141,14241
latency,weave,1,burst_small,256,783,14582,14672
latency,weave,1,burst_small,256,784,14843,14913
latency,weave,1,burst_small,256,785,15074,15154
latency,weave,1,burst_small,256,786,15303,15383
latency,weave,1,burst_small,256,787,15654,15744
latency,weave,1,burst_small,256,788,15955,16025
latency,weave,1,burst_small,256,789,16215,16296
latency,weave,1,burst_small,256,790,16546,16657
latency,weave,1,burst_small,256,791,16826,16916
latency,weave,1,burst_small,256,792,17047,17127
latency,weave,1,burst_small,256,793,17227,17298
latency,weave,1,burst_small,256,794,17528,17608
latency,weave,1,burst_small,256,795,17768,17838
latency,weave,1,burst_small,256,796,18049,18119
latency,weave,1,burst_small,256,797,18470,18550
latency,weave,1,burst_small,256,798,18831,18911
latency,weave,1,burst_small,256,799,19071,19151
latency,weave,1,burst_small,256,800,19311,19381
latency,weave,1,burst_small,256,801,19442,19522
latency,weave,1,burst_small,256,802,19702,19772
latency,weave,1,burst_small,256,803,20053,20123
latency,weave,1,burst_small,256,804,20333,20403
latency,weave,1,burst_small,256,805,20584,20654
latency,weave,1,burst_small,256,806,20894,20984
latency,weave,1,burst_small,256,807,21225,21295
latency,weave,1,burst_small,256,808,21535,21615
latency,weave,1,burst_small,256,809,21596,21686
latency,weave,1,burst_small,256,810,21896,21966
latency,weave,1,burst_small,256,811,22147,22237
latency,weave,1,burst_small,256,812,22487,22557
latency,weave,1,burst_small,256,813,22738,22818
latency,weave,1,burst_small,256,814,22958,23038
latency,weave,1,burst_small,256,815,23169,23249
latency,weave,1,burst_small,256,816,23500,23580
latency,weave,1,burst_small,256,817,23649,23719
latency,weave,1,burst_small,256,818,23960,24030
latency,weave,1,burst_small,256,819,24181,24261
latency,weave,1,burst_small,256,820,24411,24492
latency,weave,1,burst_small,256,821,24701,24791
latency,weave,1,burst_small,256,822,25042,25112
latency,weave,1,burst_small,256,823,25253,25323
latency,weave,1,burst_small,256,824,25543,25613
latency,weave,1,burst_small,256,825,25713,25783
latency,weave,1,burst_small,256,826,26034,26124
latency,weave,1,burst_small,256,827,26365,26455
latency,weave,1,burst_small,256,828,26565,26645
latency,weave,1,burst_small,256,829,26826,26916
latency,weave,1,burst_small,256,830,26856,26926
latency,weave,1,burst_small,256,831,27156,27226
latency,weave,1,burst_small,256,832,27386,27486
latency,weave,1,burst_small,256,833,27607,27687
latency,weave,1,burst_small,256,834,27828,27898
latency,weave,1,burst_small,256,835,27997,28068
latency,weave,1,burst_small,256,836,28238,28318
latency,weave,1,burst_small,256,837,28539,28609
latency,weave,1,burst_small,256,838,28800,28880
latency,weave,1,burst_small,256,839,28989,29059
latency,weave,1,burst_small,256,840,29250,29330
latency,weave,1,burst_small,256,841,28820,28910
latency,weave,1,burst_small,256,842,29069,29149
latency,weave,1,burst_small,256,843,29190,29260
latency,weave,1,burst_small,256,844,29371,29441
latency,weave,1,burst_small,256,845,29620,29700
latency,weave,1,burst_small,256,846,29661,29751
latency,weave,1,burst_small,256,847,29781,29851
latency,weave,1,burst_small,256,848,30172,30242
latency,weave,1,burst_small,256,849,30121,30201
latency,weave,1,burst_small,256,850,30142,30222
latency,weave,1,burst_small,256,851,30353,30433
latency,weave,1,burst_small,256,852,30592,30663
latency,weave,1,burst_small,256,853,30773,30863
latency,weave,1,burst_small,256,854,31054,31144
latency,weave,1,burst_small,256,855,31294,31374
latency,weave,1,burst_small,256,856,31284,31364
latency,weave,1,burst_small,256,857,31234,31324
latency,weave,1,burst_small,256,858,31384,31454
latency,weave,1,burst_small,256,859,31544,31624
latency,weave,1,burst_small,256,860,31605,31685
latency,weave,1,burst_small,256,861,31805,31885
latency,weave,1,burst_small,256,862,31915,31985
latency,weave,1,burst_small,256,863,32056,32126
latency,weave,1,burst_small,256,864,32175,32276
latency,weave,1,burst_small,256,865,32055,32145
latency,weave,1,burst_small,256,866,32286,32366
latency,weave,1,burst_small,256,867,32427,32507
latency,weave,1,burst_small,256,868,32636,32706
latency,weave,1,burst_small,256,869,32777,32847
latency,weave,1,burst_small,256,870,32948,33018
latency,weave,1,burst_small,256,871,33097,33167
latency,weave,1,burst_small,256,872,33138,33218
latency,weave,1,burst_small,256,873,33558,33629
latency,weave,1,burst_small,256,874,33558,33628
latency,weave,1,burst_small,256,875,33648,33719
latency,weave,1,burst_small,256,876,33689,33769
latency,weave,1,burst_small,256,877,33838,33919
latency,weave,1,burst_small,256,878,33869,33939
latency,weave,1,burst_small,256,879,34000,34070
latency,weave,1,burst_small,256,880,33999,34079
latency,weave,1,burst_small,256,881,33799,33869
latency,weave,1,burst_small,256,882,33899,33969
latency,weave,1,burst_small,256,883,33979,34049
latency,weave,1,burst_small,256,884,34129,34199
latency,weave,1,burst_small,256,885,34170,34240
latency,weave,1,burst_small,256,886,34300,34370
latency,weave,1,burst_small,256,887,34290,34370
latency,weave,1,burst_small,256,888,34350,34430
latency,weave,1,burst_small,256,889,34259,34340
latency,weave,1,burst_small,256,890,34320,34390
latency,weave,1,burst_small,256,891,34440,34520
latency,weave,1,burst_small,256,892,34460,34530
latency,weave,1,burst_small,256,893,34601,34671
latency,weave,1,burst_small,256,894,34630,34710
latency,weave,1,burst_small,256,895,43968,44098
latency,weave,1,burst_small,256,896,44719,44789
latency,weave,1,burst_small,256,897,44800,44870
latency,weave,1,burst_small,256,898,44879,44949
latency,weave,1,burst_small,256,899,45020,45100
latency,weave,1,burst_small,256,900,45040,45120
latency,weave,1,burst_small,256,901,45180,45260
latency,weave,1,burst_small,256,902,45210,45290
latency,weave,1,burst_small,256,903,45371,45441
latency,weave,1,burst_small,256,904,45360,45430
latency,weave,1,burst_small,256,905,45190,45260
latency,weave,1,burst_small,256,906,45290,45370
latency,weave,1,burst_small,256,907,45321,45401
latency,weave,1,burst_small,256,908,45481,54709
latency,weave,1,burst_small,256,909,55309,55380
latency,weave,1,burst_small,256,910,55370,55450
latency,weave,1,burst_small,256,911,55409,55480
latency,weave,1,burst_small,256,912,55460,55540
latency,weave,1,burst_small,256,913,55289,55370
latency,weave,1,burst_small,256,914,55370,55440
latency,weave,1,burst_small,256,915,55509,55580
latency,weave,1,burst_small,256,916,55580,55660
latency,weave,1,burst_small,256,917,55740,55811
latency,weave,1,burst_small,256,918,55720,55800
latency,weave,1,burst_small,256,919,55810,55881
latency,weave,1,burst_small,256,920,55871,55941
latency,weave,1,burst_small,256,921,55821,55901
latency,weave,1,burst_small,256,922,55961,56031
latency,weave,1,burst_small,256,923,56111,56181
latency,weave,1,burst_small,256,924,56261,56342
latency,weave,1,burst_small,256,925,56331,56411
latency,weave,1,burst_small,256,926,56522,56592
latency,weave,1,burst_small,256,927,57253,57333
latency,weave,1,burst_small,256,928,57394,57474
latency,weave,1,burst_small,256,929,57173,57253
latency,weave,1,burst_small,256,930,57223,57293
latency,weave,1,burst_small,256,931,57373,57454
latency,weave,1,burst_small,256,932,57573,57643
latency,weave,1,burst_small,256,933,57714,57784
latency,weave,1,burst_small,256,934,57754,57824
latency,weave,1,burst_small,256,935,57895,57975
latency,weave,1,burst_small,256,936,57944,58024
latency,weave,1,burst_small,256,937,57934,58004
latency,weave,1,burst_small,256,938,58004,58075
latency,weave,1,burst_small,256,939,58025,58105
latency,weave,1,burst_small,256,940,58184,58265
latency,weave,1,burst_small,256,941,58235,58305
latency,weave,1,burst_small,256,942,58456,58526
latency,weave,1,burst_small,256,943,58505,58585
latency,weave,1,burst_small,256,944,58676,58746
latency,weave,1,burst_small,256,945,58405,58475
latency,weave,1,burst_small,256,946,58556,58646
latency,weave,1,burst_small,256,947,58726,58806
latency,weave,1,burst_small,256,948,58796,58876
latency,weave,1,burst_small,256,949,58957,59027
latency,weave,1,burst_small,256,950,59036,59106
latency,weave,1,burst_small,256,951,59477,59547
latency,weave,1,burst_small,256,952,59688,59768
latency,weave,1,burst_small,256,953,59408,59478
latency,weave,1,burst_small,256,954,59507,59587
latency,weave,1,burst_small,256,955,59598,59668
latency,weave,1,burst_small,256,956,59858,59928
latency,weave,1,burst_small,256,957,59988,60068
latency,weave,1,burst_small,256,958,60149,60229
latency,weave,1,burst_small,256,959,60259,60329
latency,weave,1,burst_small,256,960,60319,60389
latency,weave,1,burst_small,256,961,60189,60269
latency,weave,1,burst_small,256,962,60319,60399
latency,weave,1,burst_small,256,963,60439,60519
latency,weave,1,burst_small,256,964,60499,60569
latency,weave,1,burst_small,256,965,60569,60639
latency,weave,1,burst_small,256,966,60750,60830
latency,weave,1,burst_small,256,967,61031,61101
latency,weave,1,burst_small,256,968,61000,61070
latency,weave,1,burst_small,256,969,60860,60940
latency,weave,1,burst_small,256,970,60980,61060
latency,weave,1,burst_small,256,971,61071,61141
latency,weave,1,burst_small,256,972,61340,61411
latency,weave,1,burst_small,256,973,61381,61461
latency,weave,1,burst_small,256,974,61521,61602
latency,weave,1,burst_small,256,975,61551,61621
latency,weave,1,burst_small,256,976,61691,61762
latency,weave,1,burst_small,256,977,61661,61741
latency,weave,1,burst_small,256,978,61722,61792
latency,weave,1,burst_small,256,979,61832,61902
latency,weave,1,burst_small,256,980,61902,61982
latency,weave,1,burst_small,256,981,62082,62162
latency,weave,1,burst_small,256,982,62273,62343
latency,weave,1,burst_small,256,983,62402,62473
latency,weave,1,burst_small,256,984,62433,62503
latency,weave,1,burst_small,256,985,62102,62183
latency,weave,1,burst_small,256,986,62333,62403
latency,weave,1,burst_small,256,987,62553,62633
latency,weave,1,burst_small,256,988,62683,62763
latency,weave,1,burst_small,256,989,62724,62804
latency,weave,1,burst_small,256,990,62873,62943
latency,weave,1,burst_small,256,991,63004,63074
latency,weave,1,burst_small,256,992,63165,63235
latency,weave,1,burst_small,256,993,63084,63154
latency,weave,1,burst_small,256,994,63114,63184
latency,weave,1,burst_small,256,995,63154,63234
latency,weave,1,burst_small,256,996,63215,63285
latency,weave,1,burst_small,256,997,63494,63575
latency,weave,1,burst_small,256,998,63545,63625
latency,weave,1,burst_small,256,999,63685,63766
latency,weave,1,burst_small,256,1000,63755,63825
latency,weave,1,burst_small,256,1001,63616,63686
latency,weave,1,burst_small,256,1002,63835,63915
latency,weave,1,burst_small,256,1003,63886,63956
latency,weave,1,burst_small,256,1004,63976,64046
latency,weave,1,burst_small,256,1005,64046,64116
latency,weave,1,burst_small,256,1006,64216,64296
latency,weave,1,burst_small,256,1007,64377,64447
latency,weave,1,burst_small,256,1008,64496,64577
latency,weave,1,burst_small,256,1009,64397,64467
latency,weave,1,burst_small,256,1010,64466,64537
latency,weave,1,burst_small,256,1011,64657,64737
latency,weave,1,burst_small,256,1012,64838,64908
latency,weave,1,burst_small,256,1013,64967,65037
latency,weave,1,burst_small,256,1014,64998,65068
latency,weave,1,burst_small,256,1015,65138,65218
latency,weave,1,burst_small,256,1016,65198,65278
latency,weave,1,burst_small,256,1017,65178,65249
latency,weave,1,burst_small,256,1018,65278,65358
latency,weave,1,burst_small,256,1019,65348,65418
latency,weave,1,burst_small,256,1020,65489,65569
latency,weave,1,burst_small,256,1021,65508,65578
latency,weave,1,burst_small,256,1022,65719,65799
latency,weave,1,burst_small,256,1023,65780,65850
latency,weave,1,burst_small,256,1024,35132,35323
latency,weave,1,burst_small,256,1025,19853,19923
latency,weave,1,burst_small,256,1026,19893,19963
latency,weave,1,burst_small,256,1027,20364,20454
latency,weave,1,burst_small,256,1028,20595,20675
latency,weave,1,burst_small,256,1029,21036,21116
latency,weave,1,burst_small,256,1030,21346,21426
latency,weave,1,burst_small,256,1031,21687,21757
latency,weave,1,burst_small,256,1032,21997,22078
latency,weave,1,burst_small,256,1033,22247,22328
latency,weave,1,burst_small,256,1034,22568,22638
latency,weave,1,burst_small,256,1035,22959,23039
latency,weave,1,burst_small,256,1036,23310,23390
latency,weave,1,burst_small,256,1037,23621,23701
latency,weave,1,burst_small,256,1038,24051,24131
latency,weave,1,burst_small,256,1039,24322,24392
latency,weave,1,burst_small,256,1040,24572,24652
latency,weave,1,burst_small,256,1041,24713,24793
latency,weave,1,burst_small,256,1042,25113,25213
latency,weave,1,burst_small,256,1043,25384,25464
latency,weave,1,burst_small,256,1044,25684,25755
latency,weave,1,burst_small,256,1045,26075,26155
latency,weave,1,burst_small,256,1046,26346,26426
latency,weave,1,burst_small,256,1047,26586,26656
latency,weave,1,burst_small,256,1048,27057,27137
latency,weave,1,burst_small,256,1049,26897,26967
latency,weave,1,burst_small,256,1050,27127,27207
latency,weave,1,burst_small,256,1051,27428,27498
latency,weave,1,burst_small,256,1052,27649,27719
latency,weave,1,burst_small,256,1053,28028,28129
latency,weave,1,burst_small,256,1054,28389,28490
latency,weave,1,burst_small,256,1055,28670,28740
latency,weave,1,burst_small,256,1056,28901,28981
latency,weave,1,burst_small,256,1057,28961,29031
latency,weave,1,burst_small,256,1058,29251,29331
latency,weave,1,burst_small,256,1059,29522,29612
latency,weave,1,burst_small,256,1060,29802,29872
latency,weave,1,burst_small,256,1061,30072,30143
latency,weave,1,burst_small,256,1062,30423,30503
latency,weave,1,burst_small,256,1063,30684,30754
latency,weave,1,burst_small,256,1064,30915,30995
latency,weave,1,burst_small,256,1065,30865,30945
latency,weave,1,burst_small,256,1066,31174,31244
latency,weave,1,burst_small,256,1067,31535,31625
latency,weave,1,burst_small,256,1068,31786,31876
latency,weave,1,burst_small,256,1069,32187,32267
latency,weave,1,burst_small,256,1070,32578,32668
latency,weave,1,burst_small,256,1071,32958,33028
latency,weave,1,burst_small,256,1072,33198,33299
latency,weave,1,burst_small,256,1073,33228,33308
latency,weave,1,burst_small,256,1074,33529,33599
latency,weave,1,burst_small,256,1075,33820,33900
latency,weave,1,burst_small,256,1076,34111,34181
latency,weave,1,burst_small,256,1077,34341,34421
latency,weave,1,burst_small,256,1078,34641,34721
latency,weave,1,burst_small,256,1079,34942,35032
latency,weave,1,burst_small,256,1080,35343,35433
latency,weave,1,burst_small,256,1081,35463,35533
latency,weave,1,burst_small,256,1082,35873,35943
latency,weave,1,burst_small,256,1083,36124,36194
latency,weave,1,burst_small,256,1084,36595,36675
latency,weave,1,burst_small,256,1085,36886,36976
latency,weave,1,burst_small,256,1086,37397,37477
latency,weave,1,burst_small,256,1087,37807,37877
latency,weave,1,burst_small,256,1088,38018,38098
latency,weave,1,burst_small,256,1089,38088,38168
latency,weave,1,burst_small,256,1090,38308,38388
latency,weave,1,burst_small,256,1091,39150,39230
latency,weave,1,burst_small,256,1092,39290,39370
latency,weave,1,burst_small,256,1093,39431,39501
latency,weave,1,burst_small,256,1094,39581,39661
latency,weave,1,burst_small,256,1095,39751,39831
latency,weave,1,burst_small,256,1096,39931,40001
latency,weave,1,burst_small,256,1097,39902,39972
latency,weave,1,burst_small,256,1098,40242,40312
latency,weave,1,burst_small,256,1099,40412,40482
latency,weave,1,burst_small,256,1100,40583,40663
latency,weave,1,burst_small,256,1101,40763,40843
latency,weave,1,burst_small,256,1102,41054,41134
latency,weave,1,burst_small,256,1103,41374,41454
latency,weave,1,burst_small,256,1104,41544,41614
latency,weave,1,burst_small,256,1105,41485,41565
latency,weave,1,burst_small,256,1106,41644,41714
latency,weave,1,burst_small,256,1107,41885,41965
latency,weave,1,burst_small,256,1108,42216,42296
latency,weave,1,burst_small,256,1109,42396,42466
latency,weave,1,burst_small,256,1110,42577,42647
latency,weave,1,burst_small,256,1111,42716,42786
latency,weave,1,burst_small,256,1112,42967,43037
latency,weave,1,burst_small,256,1113,43037,43107
latency,weave,1,burst_small,256,1114,43187,43257
latency,weave,1,burst_small,256,1115,43368,43448
latency,weave,1,burst_small,256,1116,43538,43608
latency,weave,1,burst_small,256,1117,43949,44019
latency,weave,1,burst_small,256,1118,44199,44269
latency,weave,1,burst_small,256,1119,44360,44440
latency,weave,1,burst_small,256,1120,44540,44610
latency,weave,1,burst_small,256,1121,44611,44681
latency,weave,1,burst_small,256,1122,44870,44940
latency,weave,1,burst_small,256,1123,45171,45241
latency,weave,1,burst_small,256,1124,45321,45402
latency,weave,1,burst_small,256,1125,45502,45582
latency,weave,1,burst_small,256,1126,45673,45753
latency,weave,1,burst_small,256,1127,45853,45923
latency,weave,1,burst_small,256,1128,46143,46223
latency,weave,1,burst_small,256,1129,46073,46153
latency,weave,1,burst_small,256,1130,46253,46323
latency,weave,1,burst_small,256,1131,46413,46483
latency,weave,1,burst_small,256,1132,47275,47355
latency,weave,1,burst_small,256,1133,47446,47516
latency,weave,1,burst_small,256,1134,47606,47676
latency,weave,1,burst_small,256,1135,47747,47817
latency,weave,1,burst_small,256,1136,48046,48127
latency,weave,1,burst_small,256,1137,48127,48207
latency,weave,1,burst_small,256,1138,48317,48398
latency,weave,1,burst_small,256,1139,48488,48558
latency,weave,1,burst_small,256,1140,48678,48748
latency,weave,1,burst_small,256,1141,48988,49058
latency,weave,1,burst_small,256,1142,49159,49229
latency,weave,1,burst_small,256,1143,49309,49389
latency,weave,1,burst_small,256,1144,49490,49560
latency,weave,1,burst_small,256,1145,49690,49770
latency,weave,1,burst_small,256,1146,49990,50061
latency,weave,1,burst_small,256,1147,50141,50221
latency,weave,1,burst_small,256,1148,50321,50392
latency,weave,1,burst_small,256,1149,50471,50551
latency,weave,1,burst_small,256,1150,50742,50812
latency,weave,1,burst_small,256,1151,51012,51082
latency,weave,1,burst_small,256,1152,50782,50862
latency,weave,1,burst_small,256,1153,50902,50983
latency,weave,1,burst_small,256,1154,51063,51143
latency,weave,1,burst_small,256,1155,51252,51323
latency,weave,1,burst_small,256,1156,51523,51593
latency,weave,1,burst_small,256,1157,51654,51734
latency,weave,1,burst_small,256,1158,51804,51884
latency,weave,1,burst_small,256,1159,51924,52004
latency,weave,1,burst_small,256,1160,52194,52264
latency,weave,1,burst_small,256,1161,52375,52455
latency,weave,1,burst_small,256,1162,52505,52576
latency,weave,1,burst_small,256,1163,52645,52725
latency,weave,1,burst_small,256,1164,52785,52866
latency,weave,1,burst_small,256,1165,52665,52735
latency,weave,1,burst_small,256,1166,52585,52655
latency,weave,1,burst_small,256,1167,52595,52675
latency,weave,1,burst_small,256,1168,52585,52655
latency,weave,1,burst_small,256,1169,52294,52365
latency,weave,1,burst_small,256,1170,52525,52595
latency,weave,1,burst_small,256,1171,52616,52696
latency,weave,1,burst_small,256,1172,52886,52966
latency,weave,1,burst_small,256,1173,53006,53086
latency,weave,1,burst_small,256,1174,53057,53127
latency,weave,1,burst_small,256,1175,53156,53226
latency,weave,1,burst_small,256,1176,53377,53457
latency,weave,1,burst_small,256,1177,53307,53377
latency,weave,1,burst_small,256,1178,53397,53467
latency,weave,1,burst_small,256,1179,53377,53457
latency,weave,1,burst_small,256,1180,53517,53587
latency,weave,1,burst_small,256,1181,53758,53838
latency,weave,1,burst_small,256,1182,53948,54028
latency,weave,1,burst_small,256,1183,54108,54178
latency,weave,1,burst_small,256,1184,54179,54249
latency,weave,1,burst_small,256,1185,53998,54078
latency,weave,1,burst_small,256,1186,54208,54278
latency,weave,1,burst_small,256,1187,54459,54529
latency,weave,1,burst_small,256,1188,54509,54580
latency,weave,1,burst_small,256,1189,54669,54739
latency,weave,1,burst_small,256,1190,54589,54660
latency,weave,1,burst_small,256,1191,54919,54989
latency,weave,1,burst_small,256,1192,55060,55140
latency,weave,1,burst_small,256,1193,54799,54880
latency,weave,1,burst_small,256,1194,54960,55040
latency,weave,1,burst_small,256,1195,55000,55070
latency,weave,1,burst_small,256,1196,55340,55411
latency,weave,1,burst_small,256,1197,55491,55571
latency,weave,1,burst_small,256,1198,55561,55631
latency,weave,1,burst_small,256,1199,55571,55641
latency,weave,1,burst_small,256,1200,55721,55791
latency,weave,1,burst_small,256,1201,55591,55672
latency,weave,1,burst_small,256,1202,55771,55841
latency,weave,1,burst_small,256,1203,55832,55912
latency,weave,1,burst_small,256,1204,55811,55881
latency,weave,1,burst_small,256,1205,55922,56002
latency,weave,1,burst_small,256,1206,56082,56163
latency,weave,1,burst_small,256,1207,56362,56442
latency,weave,1,burst_small,256,1208,56423,56503
latency,weave,1,burst_small,256,1209,56072,56152
latency,weave,1,burst_small,256,1210,56172,56242
latency,weave,1,burst_small,256,1211,56332,56402
latency,weave,1,burst_small,256,1212,56603,56673
latency,weave,1,burst_small,256,1213,56593,56673
latency,weave,1,burst_small,256,1214,56703,56773
latency,weave,1,burst_small,256,1215,56743,56814
latency,weave,1,burst_small,256,1216,56923,57003
latency,weave,1,burst_small,256,1217,56854,56924
latency,weave,1,burst_small,256,1218,56843,56923
latency,weave,1,burst_small,256,1219,56894,56974
latency,weave,1,burst_small,256,1220,56883,56963
latency,weave,1,burst_small,256,1221,57084,57164
latency,weave,1,burst_small,256,1222,57245,57325
latency,weave,1,burst_small,256,1223,57384,57454
latency,weave,1,burst_small,256,1224,57415,57495
latency,weave,1,burst_small,256,1225,57174,57244
latency,weave,1,burst_small,256,1226,57555,57625
latency,weave,1,burst_small,256,1227,57755,57825
latency,weave,1,burst_small,256,1228,57845,57925
latency,weave,1,burst_small,256,1229,57926,58006
latency,weave,1,burst_small,256,1230,58055,58135
latency,weave,1,burst_small,256,1231,58136,58206
latency,weave,1,burst_small,256,1232,58377,58447
latency,weave,1,burst_small,256,1233,58386,58456
latency,weave,1,burst_small,256,1234,58427,58507
latency,weave,1,burst_small,256,1235,58506,58576
latency,weave,1,burst_small,256,1236,58727,58797
latency,weave,1,burst_small,256,1237,58848,58918
latency,weave,1,burst_small,256,1238,58977,59047
latency,weave,1,burst_small,256,1239,58998,59068
latency,weave,1,burst_small,256,1240,59027,59097
latency,weave,1,burst_small,256,1241,59028,59108
latency,weave,1,burst_small,256,1242,59168,59238
latency,weave,1,burst_small,256,1243,59188,59258
latency,weave,1,burst_small,256,1244,59257,59338
latency,weave,1,burst_small,256,1245,59408,59488
latency,weave,1,burst_small,256,1246,59509,59589
latency,weave,1,burst_small,256,1247,59658,59729
latency,weave,1,burst_small,256,1248,59649,59719
latency,weave,1,burst_small,256,1249,59418,59489
latency,weave,1,burst_small,256,1250,59448,59518
latency,weave,1,burst_small,256,1251,59478,59549
latency,weave,1,burst_small,256,1252,59729,59799
latency,weave,1,burst_small,256,1253,59739,59809
latency,weave,1,burst_small,256,1254,59849,59919
latency,weave,1,burst_small,256,1255,59839,59919
latency,weave,1,burst_small,256,1256,59999,60069
latency,weave,1,burst_small,256,1257,59859,59939
latency,weave,1,burst_small,256,1258,59919,60000
latency,weave,1,burst_small,256,1259,60040,60120
latency,weave,1,burst_small,256,1260,60029,60110
latency,weave,1,burst_small,256,1261,60210,60280
latency,weave,1,burst_small,256,1262,60280,60350
latency,weave,1,burst_small,256,1263,60210,60290
latency,weave,1,burst_small,256,1264,60270,60340
latency,weave,1,burst_small,256,1265,60340,60410
latency,weave,1,burst_small,256,1266,60580,60650
latency,weave,1,burst_small,256,1267,60701,60781
latency,weave,1,burst_small,256,1268,60630,60710
latency,weave,1,burst_small,256,1269,60611,60681
latency,weave,1,burst_small,256,1270,60660,60740
latency,weave,1,burst_small,256,1271,60771,60851
latency,weave,1,burst_small,256,1272,60922,61002
latency,weave,1,burst_small,256,1273,60821,60901
latency,weave,1,burst_small,256,1274,60892,60962
latency,weave,1,burst_small,256,1275,60911,60991
latency,weave,1,burst_small,256,1276,60992,61072
latency,weave,1,burst_small,256,1277,61121,61191
latency,weave,1,burst_small,256,1278,61052,61122
latency,weave,1,burst_small,256,1279,61021,61101
latency,weave,1,burst_small,256,1280,27177,27317
latency,weave,1,burst_small,256,1281,12158,12259
latency,weave,1,burst_small,256,1282,12098,12178
latency,weave,1,burst_small,256,1283,12539,12630
latency,weave,1,burst_small,256,1284,12870,12940
latency,weave,1,burst_small,256,1285,13371,13442
latency,weave,1,burst_small,256,1286,13761,13831
latency,weave,1,burst_small,256,1287,14212,14282
latency,weave,1,burst_small,256,1288,14443,14513
latency,weave,1,burst_small,256,1289,14554,14624
latency,weave,1,burst_small,256,1290,14803,14884
latency,weave,1,burst_small,256,1291,15094,15164
latency,weave,1,burst_small,256,1292,15315,15385
latency,weave,1,burst_small,256,1293,15555,15626
latency,weave,1,burst_small,256,1294,15776,15846
latency,weave,1,burst_small,256,1295,16256,16336
latency,weave,1,burst_small,256,1296,16517,16597
latency,weave,1,burst_small,256,1297,16658,16728
latency,weave,1,burst_small,256,1298,17007,17078
latency,weave,1,burst_small,256,1299,17378,17449
latency,weave,1,burst_small,256,1300,17729,17799
latency,weave,1,burst_small,256,1301,17970,18050
latency,weave,1,burst_small,256,1302,18291,18371
latency,weave,1,burst_small,256,1303,18571,18652
latency,weave,1,burst_small,256,1304,18791,18871
latency,weave,1,burst_small,256,1305,18932,19002
latency,weave,1,burst_small,256,1306,19283,19353
latency,weave,1,burst_small,256,1307,19673,19744
latency,weave,1,burst_small,256,1308,19913,19983
latency,weave,1,burst_small,256,1309,20174,20254
latency,weave,1,burst_small,256,1310,20495,20565
latency,weave,1,burst_small,256,1311,20805,20876
latency,weave,1,burst_small,256,1312,21126,21196
latency,weave,1,burst_small,256,1313,21356,21426
latency,weave,1,burst_small,256,1314,21647,21727
latency,weave,1,burst_small,256,1315,21898,21968
latency,weave,1,burst_small,256,1316,22208,22288
latency,weave,1,burst_small,256,1317,22488,22568
latency,weave,1,burst_small,256,1318,22819,22899
latency,weave,1,burst_small,256,1319,23049,23140
latency,weave,1,burst_small,256,1320,23430,23501
latency,weave,1,burst_small,256,1321,23540,23620
latency,weave,1,burst_small,256,1322,23771,23841
latency,weave,1,burst_small,256,1323,23991,24061
latency,weave,1,burst_small,256,1324,24322,24412
latency,weave,1,burst_small,256,1325,24673,24743
latency,weave,1,burst_small,256,1326,25043,25113
latency,weave,1,burst_small,256,1327,25514,25584
latency,weave,1,burst_small,256,1328,25785,25865
latency,weave,1,burst_small,256,1329,26025,26096
latency,weave,1,burst_small,256,1330,26345,26425
latency,weave,1,burst_small,256,1331,26576,26646
latency,weave,1,burst_small,256,1332,26917,26997
latency,weave,1,burst_small,256,1333,27298,27368
latency,weave,1,burst_small,256,1334,27819,27899
latency,weave,1,burst_small,256,1335,28069,28169
latency,weave,1,burst_small,256,1336,28349,28429
latency,weave,1,burst_small,256,1337,28640,28720
latency,weave,1,burst_small,256,1338,28991,29071
latency,weave,1,burst_small,256,1339,29191,29291
latency,weave,1,burst_small,256,1340,29562,29632
latency,weave,1,burst_small,256,1341,29892,29972
latency,weave,1,burst_small,256,1342,30153,30223
latency,weave,1,burst_small,256,1343,30394,30464
latency,weave,1,burst_small,256,1344,30673,30754
latency,weave,1,burst_small,256,1345,30894,30974
latency,weave,1,burst_small,256,1346,31255,31345
latency,weave,1,burst_small,256,1347,31496,31566
latency,weave,1,burst_small,256,1348,31735,31806
latency,weave,1,burst_small,256,1349,31986,32066
latency,weave,1,burst_small,256,1350,32247,32327
latency,weave,1,burst_small,256,1351,32568,32638
latency,weave,1,burst_small,256,1352,32838,32928
latency,weave,1,burst_small,256,1353,33028,33108
latency,weave,1,burst_small,256,1354,33359,33429
latency,weave,1,burst_small,256,1355,33579,33670
latency,weave,1,burst_small,256,1356,34000,34071
latency,weave,1,burst_small,256,1357,34360,34440
latency,weave,1,burst_small,256,1358,34691,34781
latency,weave,1,burst_small,256,1359,35062,35132
latency,weave,1,burst_small,256,1360,35383,35463
latency,weave,1,burst_small,256,1361,35523,35593
latency,weave,1,burst_small,256,1362,35513,35593
latency,weave,1,burst_small,256,1363,35824,35894
latency,weave,1,burst_small,256,1364,36124,36194
latency,weave,1,burst_small,256,1365,36425,36495
latency,weave,1,burst_small,256,1366,36715,36806
latency,weave,1,burst_small,256,1367,36956,37036
latency,weave,1,burst_small,256,1368,37276,37356
latency,weave,1,burst_small,256,1369,37237,37317
latency,weave,1,burst_small,256,1370,37106,37186
latency,weave,1,burst_small,256,1371,37086,37156
latency,weave,1,burst_small,256,1372,37357,37437
latency,weave,1,burst_small,256,1373,37346,37426
latency,weave,1,burst_small,256,1374,37407,37497
latency,weave,1,burst_small,256,1375,37517,37597
latency,weave,1,burst_small,256,1376,37717,37788
latency,weave,1,burst_small,256,1377,37817,37897
latency,weave,1,burst_small,256,1378,37878,37948
latency,weave,1,burst_small,256,1379,38258,38338
latency,weave,1,burst_small,256,1380,38349,38429
latency,weave,1,burst_small,256,1381,41274,41344
latency,weave,1,burst_small,256,1382,41304,41374
latency,weave,1,burst_small,256,1383,41274,41344
latency,weave,1,burst_small,256,1384,41444,41514
latency,weave,1,burst_small,256,1385,41435,41515
latency,weave,1,burst_small,256,1386,41564,41644
latency,weave,1,burst_small,256,1387,41585,41655
latency,weave,1,burst_small,256,1388,41705,41785
latency,weave,1,burst_small,256,1389,41755,41825
latency,weave,1,burst_small,256,1390,60851,60981
latency,weave,1,burst_small,256,1391,61071,61151
latency,weave,1,burst_small,256,1392,61262,61332
latency,weave,1,burst_small,256,1393,61232,61302
latency,weave,1,burst_small,256,1394,61221,61292
latency,weave,1,burst_small,256,1395,61372,61442
latency,weave,1,burst_small,256,1396,61382,61453
latency,weave,1,burst_small,256,1397,61522,61592
latency,weave,1,burst_small,256,1398,61532,61613
latency,weave,1,burst_small,256,1399,61562,61632
latency,weave,1,burst_small,256,1400,61712,61783
latency,weave,1,burst_small,256,1401,61673,61743
latency,weave,1,burst_small,256,1402,61693,61773
latency,weave,1,burst_small,256,1403,61853,61933
latency,weave,1,burst_small,256,1404,61733,61803
latency,weave,1,burst_small,256,1405,61823,61893
latency,weave,1,burst_small,256,1406,61783,61863
latency,weave,1,burst_small,256,1407,61873,61943
latency,weave,1,burst_small,256,1408,61913,61983
latency,weave,1,burst_small,256,1409,61572,61643
latency,weave,1,burst_small,256,1410,61673,61753
latency,weave,1,burst_small,256,1411,61722,61803
latency,weave,1,burst_small,256,1412,61873,61943
latency,weave,1,burst_small,256,1413,61943,62024
latency,weave,1,burst_small,256,1414,62133,62203
latency,weave,1,burst_small,256,1415,62113,62184
latency,weave,1,burst_small,256,1416,62133,62203
latency,weave,1,burst_small,256,1417,62084,62164
latency,weave,1,burst_small,256,1418,62113,62193
latency,weave,1,burst_small,256,1419,62364,62434
latency,weave,1,burst_small,256,1420,62393,62464
latency,weave,1,burst_small,256,1421,62594,62674
latency,weave,1,burst_small,256,1422,62695,62775
latency,weave,1,burst_small,256,1423,63065,63145
latency,weave,1,burst_small,256,1424,64829,64909
latency,weave,1,burst_small,256,1425,64658,64728
latency,weave,1,burst_small,256,1426,64789,64859
latency,weave,1,burst_small,256,1427,64818,64898
latency,weave,1,burst_small,256,1428,65410,65490
latency,weave,1,burst_small,256,1429,65440,65520
latency,weave,1,burst_small,256,1430,65520,65600
latency,weave,1,burst_small,256,1431,67574,67644
latency,weave,1,burst_small,256,1432,67653,67724
latency,weave,1,burst_small,256,1433,67333,67403
latency,weave,1,burst_small,256,1434,67433,67514
latency,weave,1,burst_small,256,1435,67454,67524
latency,weave,1,burst_small,256,1436,68676,68746
latency,weave,1,burst_small,256,1437,68756,68826
latency,weave,1,burst_small,256,1438,68917,68987
latency,weave,1,burst_small,256,1439,68896,68976
latency,weave,1,burst_small,256,1440,69017,69087
latency,weave,1,burst_small,256,1441,69928,69998
latency,weave,1,burst_small,256,1442,69969,70039
latency,weave,1,burst_small,256,1443,70098,70168
latency,weave,1,burst_small,256,1444,70149,70219
latency,weave,1,burst_small,256,1445,71311,71381
latency,weave,1,burst_small,256,1446,71330,71401
latency,weave,1,burst_small,256,1447,71351,71431
latency,weave,1,burst_small,256,1448,71390,71471
latency,weave,1,burst_small,256,1449,72243,72313
latency,weave,1,burst_small,256,1450,72272,72342
latency,weave,1,burst_small,256,1451,72283,72353
latency,weave,1,burst_small,256,1452,72212,72292
latency,weave,1,burst_small,256,1453,73295,73375
latency,weave,1,burst_small,256,1454,73394,73474
latency,weave,1,burst_small,256,1455,73405,73475
latency,weave,1,burst_small,256,1456,73485,73565
latency,weave,1,burst_small,256,1457,74327,74397
latency,weave,1,burst_small,256,1458,74376,74456
latency,weave,1,burst_small,256,1459,74517,74587
latency,weave,1,burst_small,256,1460,74567,74637
latency,weave,1,burst_small,256,1461,75118,75188
latency,weave,1,burst_small,256,1462,75188,75258
latency,weave,1,burst_small,256,1463,74637,74717
latency,weave,1,burst_small,256,1464,75629,75699
latency,weave,1,burst_small,256,1465,75469,75549
latency,weave,1,burst_small,256,1466,75619,75689
latency,weave,1,burst_small,256,1467,75679,75749
latency,weave,1,burst_small,256,1468,76721,76801
latency,weave,1,burst_small,256,1469,76711,76781
latency,weave,1,burst_small,256,1470,76741,76811
latency,weave,1,burst_small,256,1471,76792,76862
latency,weave,1,burst_small,256,1472,76971,77041
latency,weave,1,burst_small,256,1473,77784,77864
latency,weave,1,burst_small,256,1474,77813,77893
latency,weave,1,burst_small,256,1475,77913,77984
latency,weave,1,burst_small,256,1476,77923,77993
latency,weave,1,burst_small,256,1477,79125,79206
latency,weave,1,burst_small,256,1478,79136,79216
latency,weave,1,burst_small,256,1479,79276,79346
latency,weave,1,burst_small,256,1480,79346,79416
latency,weave,1,burst_small,256,1481,80127,80197
latency,weave,1,burst_small,256,1482,80258,80338
latency,weave,1,burst_small,256,1483,80207,80277
latency,weave,1,burst_small,256,1484,80268,80348
latency,weave,1,burst_small,256,1485,81530,81610
latency,weave,1,burst_small,256,1486,81680,81750
latency,weave,1,burst_small,256,1487,81701,81771
latency,weave,1,burst_small,256,1488,81821,81891
latency,weave,1,burst_small,256,1489,82753,82833
latency,weave,1,burst_small,256,1490,82803,82883
latency,weave,1,burst_small,256,1491,82923,82993
latency,weave,1,burst_small,256,1492,82933,83013
latency,weave,1,burst_small,256,1493,83523,83604
latency,weave,1,burst_small,256,1494,83524,83604
latency,weave,1,burst_small,256,1495,83705,83775
latency,weave,1,burst_small,256,1496,83854,83924
latency,weave,1,burst_small,256,1497,84746,84826
latency,weave,1,burst_small,256,1498,84636,84716
latency,weave,1,burst_small,256,1499,84787,84857
latency,weave,1,burst_small,256,1500,84886,84956
latency,weave,1,burst_small,256,1501,85929,85999
latency,weave,1,burst_small,256,1502,85888,85958
latency,weave,1,burst_small,256,1503,85899,85969
latency,weave,1,burst_small,256,1504,85908,85988
latency,weave,1,burst_small,256,1505,86720,86790
latency,weave,1,burst_small,256,1506,86740,86810
latency,weave,1,burst_small,256,1507,86760,86841
latency,weave,1,burst_small,256,1508,86840,86910
latency,weave,1,burst_small,256,1509,87892,87963
latency,weave,1,burst_small,256,1510,88013,88083
latency,weave,1,burst_small,256,1511,87992,88073
latency,weave,1,burst_small,256,1512,88083,88153
latency,weave,1,burst_small,256,1513,89055,89125
latency,weave,1,burst_small,256,1514,89134,89204
latency,weave,1,burst_small,256,1515,89135,89215
latency,weave,1,burst_small,256,1516,89204,89274
latency,weave,1,burst_small,256,1517,89245,89325
latency,weave,1,burst_small,256,1518,89285,89355
latency,weave,1,burst_small,256,1519,89335,89415
latency,weave,1,burst_small,256,1520,89435,89505
latency,weave,1,burst_small,256,1521,89305,89375
latency,weave,1,burst_small,256,1522,89345,89425
latency,weave,1,burst_small,256,1523,89475,89545
latency,weave,1,burst_small,256,1524,89515,89585
latency,weave,1,burst_small,256,1525,89646,89726
latency,weave,1,burst_small,256,1526,89675,89745
latency,weave,1,burst_small,256,1527,89736,89816
latency,weave,1,burst_small,256,1528,89796,89876
latency,weave,1,burst_small,256,1529,89616,89686
latency,weave,1,burst_small,256,1530,89585,89665
latency,weave,1,burst_small,256,1531,89706,89786
latency,weave,1,burst_small,256,1532,89756,89826
latency,weave,1,burst_small,256,1533,89845,89916
latency,weave,1,burst_small,256,1534,89876,89946
latency,weave,1,burst_small,256,1535,89996,90067
latency,weave,1,burst_small,256,1536,27177,27317
latency,weave,1,burst_small,256,1537,11908,11978
latency,weave,1,burst_small,256,1538,11858,11958
latency,weave,1,burst_small,256,1539,12088,12169
latency,weave,1,burst_small,256,1540,12429,12519
latency,weave,1,burst_small,256,1541,13000,13070
latency,weave,1,burst_small,256,1542,13280,13380
latency,weave,1,burst_small,256,1543,13581,13651
latency,weave,1,burst_small,256,1544,13802,13872
latency,weave,1,burst_small,256,1545,13841,13922
latency,weave,1,burst_small,256,1546,14082,14182
latency,weave,1,burst_small,256,1547,14353,14423
latency,weave,1,burst_small,256,1548,14603,14683
latency,weave,1,burst_small,256,1549,14813,14883
latency,weave,1,burst_small,256,1550,15114,15184
latency,weave,1,burst_small,256,1551,15385,15475
latency,weave,1,burst_small,256,1552,15715,15796
latency,weave,1,burst_small,256,1553,15925,15995
latency,weave,1,burst_small,256,1554,16326,16426
latency,weave,1,burst_small,256,1555,16557,16627
latency,weave,1,burst_small,256,1556,16888,16968
latency,weave,1,burst_small,256,1557,17157,17228
latency,weave,1,burst_small,256,1558,17498,17568
latency,weave,1,burst_small,256,1559,17689,17759
latency,weave,1,burst_small,256,1560,17889,17990
latency,weave,1,burst_small,256,1561,18019,18089
latency,weave,1,burst_small,256,1562,18230,18310
latency,weave,1,burst_small,256,1563,18711,18791
latency,weave,1,burst_small,256,1564,19032,19112
latency,weave,1,burst_small,256,1565,19262,19342
latency,weave,1,burst_small,256,1566,19542,19612
latency,weave,1,burst_small,256,1567,19873,19943
latency,weave,1,burst_small,256,1568,20053,20143
latency,weave,1,burst_small,256,1569,20224,20294
latency,weave,1,burst_small,256,1570,20434,20524
latency,weave,1,burst_small,256,1571,20664,20744
latency,weave,1,burst_small,256,1572,21005,21075
latency,weave,1,burst_small,256,1573,21236,21316
latency,weave,1,burst_small,256,1574,21577,21647
latency,weave,1,burst_small,256,1575,21786,21856
latency,weave,1,burst_small,256,1576,22047,22127
latency,weave,1,burst_small,256,1577,22308,22378
latency,weave,1,burst_small,256,1578,22558,22629
latency,weave,1,burst_small,256,1579,22778,22848
latency,weave,1,burst_small,256,1580,22969,23069
latency,weave,1,burst_small,256,1581,23199,23289
latency,weave,1,burst_small,256,1582,23610,23700
latency,weave,1,burst_small,256,1583,23851,23931
latency,weave,1,burst_small,256,1584,24091,24161
latency,weave,1,burst_small,256,1585,24903,24983
latency,weave,1,burst_small,256,1586,25093,25183
latency,weave,1,burst_small,256,1587,25323,25393
latency,weave,1,burst_small,256,1588,25644,25734
latency,weave,1,burst_small,256,1589,25894,25974
latency,weave,1,burst_small,256,1590,26125,26215
latency,weave,1,burst_small,256,1591,26346,26426
latency,weave,1,burst_small,256,1592,26595,26675
latency,weave,1,burst_small,256,1593,26726,26806
latency,weave,1,burst_small,256,1594,26967,27037
latency,weave,1,burst_small,256,1595,27167,27247
latency,weave,1,burst_small,256,1596,27497,27577
latency,weave,1,burst_small,256,1597,27848,27928
latency,weave,1,burst_small,256,1598,28089,28159
latency,weave,1,burst_small,256,1599,34270,34351
latency,weave,1,burst_small,256,1600,34992,35062
latency,weave,1,burst_small,256,1601,35182,35262
latency,weave,1,burst_small,256,1602,35523,35593
latency,weave,1,burst_small,256,1603,35863,35934
latency,weave,1,burst_small,256,1604,36184,36254
latency,weave,1,burst_small,256,1605,36434,36504
latency,weave,1,burst_small,256,1606,36645,36715
latency,weave,1,burst_small,256,1607,37005,37086
latency,weave,1,burst_small,256,1608,37286,37376
latency,weave,1,burst_small,256,1609,37436,37516
latency,weave,1,burst_small,256,1610,37737,37807
latency,weave,1,burst_small,256,1611,37927,38007
latency,weave,1,burst_small,256,1612,38168,38258
latency,weave,1,burst_small,256,1613,38559,38639
latency,weave,1,burst_small,256,1614,38848,38919
latency,weave,1,burst_small,256,1615,38849,38919
latency,weave,1,burst_small,256,1616,39200,39280
latency,weave,1,burst_small,256,1617,39340,39410
latency,weave,1,burst_small,256,1618,40191,40272
latency,weave,1,burst_small,256,1619,60049,60179
latency,weave,1,burst_small,256,1620,60370,60440
latency,weave,1,burst_small,256,1621,60440,60510
latency,weave,1,burst_small,256,1622,60560,60640
latency,weave,1,burst_small,256,1623,60329,60410
latency,weave,1,burst_small,256,1624,60199,60279
latency,weave,1,burst_small,256,1625,60039,60109
latency,weave,1,burst_small,256,1626,60199,60269
latency,weave,1,burst_small,256,1627,60200,60270
latency,weave,1,burst_small,256,1628,60229,60299
latency,weave,1,burst_small,256,1629,60290,60360
latency,weave,1,burst_small,256,1630,60410,60490
latency,weave,1,burst_small,256,1631,60560,60630
latency,weave,1,burst_small,256,1632,60600,60680
latency,weave,1,burst_small,256,1633,60580,60660
latency,weave,1,burst_small,256,1634,60550,60630
latency,weave,1,burst_small,256,1635,60721,60791
latency,weave,1,burst_small,256,1636,60700,60770
latency,weave,1,burst_small,256,1637,60821,60891
latency,weave,1,burst_small,256,1638,60900,60970
latency,weave,1,burst_small,256,1639,61051,61121
latency,weave,1,burst_small,256,1640,61362,61442
latency,weave,1,burst_small,256,1641,79656,79786
latency,weave,1,burst_small,256,1642,79786,79856
latency,weave,1,burst_small,256,1643,79907,79987
latency,weave,1,burst_small,256,1644,79967,80037
latency,weave,1,burst_small,256,1645,80127,80198
latency,weave,1,burst_small,256,1646,80157,80227
latency,weave,1,burst_small,256,1647,80247,80318
latency,weave,1,burst_small,256,1648,80257,80327
latency,weave,1,burst_small,256,1649,80097,80178
latency,weave,1,burst_small,256,1650,80197,80277
latency,weave,1,burst_small,256,1651,80277,80348
latency,weave,1,burst_small,256,1652,80448,80528
latency,weave,1,burst_small,256,1653,80558,80628
latency,weave,1,burst_small,256,1654,80598,80668
latency,weave,1,burst_small,256,1655,80638,80718
latency,weave,1,burst_small,256,1656,80618,80688
latency,weave,1,burst_small,256,1657,80518,80588
latency,weave,1,burst_small,256,1658,80628,80698
latency,weave,1,burst_small,256,1659,80659,80729
latency,weave,1,burst_small,256,1660,80898,80968
latency,weave,1,burst_small,256,1661,80899,80969
latency,weave,1,burst_small,256,1662,80948,81018
latency,weave,1,burst_small,256,1663,81630,81700
latency,weave,1,burst_small,256,1664,83423,83504
latency,weave,1,burst_small,256,1665,83553,83623
latency,weave,1,burst_small,256,1666,83644,83724
latency,weave,1,burst_small,256,1667,85728,85808
latency,weave,1,burst_small,256,1668,85758,85838
latency,weave,1,burst_small,256,1669,85888,85958
latency,weave,1,burst_small,256,1670,85939,86009
latency,weave,1,burst_small,256,1671,85938,86008
latency,weave,1,burst_small,256,1672,86950,87030
latency,weave,1,burst_small,256,1673,86749,86819
latency,weave,1,burst_small,256,1674,86770,86850
latency,weave,1,burst_small,256,1675,86870,86940
latency,weave,1,burst_small,256,1676,87340,87421
latency,weave,1,burst_small,256,1677,87391,87471
latency,weave,1,burst_small,256,1678,87501,87571
latency,weave,1,burst_small,256,1679,88713,88783
latency,weave,1,burst_small,256,1680,88794,88864
latency,weave,1,burst_small,256,1681,88563,88633
latency,weave,1,burst_small,256,1682,88594,88664
latency,weave,1,burst_small,256,1683,88733,88803
latency,weave,1,burst_small,256,1684,88984,89054
latency,weave,1,burst_small,256,1685,90095,90166
latency,weave,1,burst_small,256,1686,90166,90236
latency,weave,1,burst_small,256,1687,90316,90387
latency,weave,1,burst_small,256,1688,90316,90386
latency,weave,1,burst_small,256,1689,91057,91127
latency,weave,1,burst_small,256,1690,91098,91168
latency,weave,1,burst_small,256,1691,91218,91288
latency,weave,1,burst_small,256,1692,91228,91298
latency,weave,1,burst_small,256,1693,91298,91369
latency,weave,1,burst_small,256,1694,92410,92480
latency,weave,1,burst_small,256,1695,92520,92601
latency,weave,1,burst_small,256,1696,92591,92671
latency,weave,1,burst_small,256,1697,92501,92591
latency,weave,1,burst_small,256,1698,93583,93653
latency,weave,1,burst_small,256,1699,93722,93803
latency,weave,1,burst_small,256,1700,93713,93793
latency,weave,1,burst_small,256,1701,93792,93863
latency,weave,1,burst_small,256,1702,94805,94875
latency,weave,1,burst_small,256,1703,94935,95006
latency,weave,1,burst_small,256,1704,94965,95045
latency,weave,1,burst_small,256,1705,94855,94926
latency,weave,1,burst_small,256,1706,95967,96037
latency,weave,1,burst_small,256,1707,95947,96017
latency,weave,1,burst_small,256,1708,96067,96147
latency,weave,1,burst_small,256,1709,95756,95836
latency,weave,1,burst_small,256,1710,96849,96929
latency,weave,1,burst_small,256,1711,96989,97059
latency,weave,1,burst_small,256,1712,97019,97089
latency,weave,1,burst_small,256,1713,96849,96919
latency,weave,1,burst_small,256,1714,97971,98051
latency,weave,1,burst_small,256,1715,98031,98111
latency,weave,1,burst_small,256,1716,98162,98232
latency,weave,1,burst_small,256,1717,98211,98291
latency,weave,1,burst_small,256,1718,99394,99474
latency,weave,1,burst_small,256,1719,99434,99504
latency,weave,1,burst_small,256,1720,99554,99624
latency,weave,1,burst_small,256,1721,99564,99634
latency,weave,1,burst_small,256,1722,100616,100696
latency,weave,1,burst_small,256,1723,100756,100836
latency,weave,1,burst_small,256,1724,100827,100907
latency,weave,1,burst_small,256,1725,101036,101106
latency,weave,1,burst_small,256,1726,101107,101177
latency,weave,1,burst_small,256,1727,102209,102279
latency,weave,1,burst_small,256,1728,102289,102359
latency,weave,1,burst_small,256,1729,102048,102128
latency,weave,1,burst_small,256,1730,102229,102309
latency,weave,1,burst_small,256,1731,103261,103341
latency,weave,1,burst_small,256,1732,103361,103431
latency,weave,1,burst_small,256,1733,101467,101537
latency,weave,1,burst_small,256,1734,101618,101698
latency,weave,1,burst_small,256,1735,102780,102860
latency,weave,1,burst_small,256,1736,102941,103011
latency,weave,1,burst_small,256,1737,102930,103000
latency,weave,1,burst_small,256,1738,103091,103161
latency,weave,1,burst_small,256,1739,104243,104323
latency,weave,1,burst_small,256,1740,104403,104473
latency,weave,1,burst_small,256,1741,104563,104633
latency,weave,1,burst_small,256,1742,104734,104804
latency,weave,1,burst_small,256,1743,105886,105956
latency,weave,1,burst_small,256,1744,106046,106117
latency,weave,1,burst_small,256,1745,106086,106156
latency,weave,1,burst_small,256,1746,106236,106307
latency,weave,1,burst_small,256,1747,107459,107529
latency,weave,1,burst_small,256,1748,107609,107690
latency,weave,1,burst_small,256,1749,107769,107839
latency,weave,1,burst_small,256,1750,107929,108000
latency,weave,1,burst_small,256,1751,109092,109162
latency,weave,1,burst_small,256,1752,109232,109312
latency,weave,1,burst_small,256,1753,109242,109322
latency,weave,1,burst_small,256,1754,109402,109472
latency,weave,1,burst_small,256,1755,110585,110655
latency,weave,1,burst_small,256,1756,110745,110815
latency,weave,1,burst_small,256,1757,110906,110976
latency,weave,1,burst_small,256,1758,111085,111165
latency,weave,1,burst_small,256,1759,112238,112308
latency,weave,1,burst_small,256,1760,112388,112468
latency,weave,1,burst_small,256,1761,112098,112178
latency,weave,1,burst_small,256,1762,112238,112318
latency,weave,1,burst_small,256,1763,113309,113390
latency,weave,1,burst_small,256,1764,113380,113450
latency,weave,1,burst_small,256,1765,113319,113390
latency,weave,1,burst_small,256,1766,113470,113540
latency,weave,1,burst_small,256,1767,114592,114672
latency,weave,1,burst_small,256,1768,114572,114652
latency,weave,1,burst_small,256,1769,114382,114452
latency,weave,1,burst_small,256,1770,114452,114522
latency,weave,1,burst_small,256,1771,115454,115534
latency,weave,1,burst_small,256,1772,115504,115584
latency,weave,1,burst_small,256,1773,115574,115654
latency,weave,1,burst_small,256,1774,115675,115755
latency,weave,1,burst_small,256,1775,116175,116255
latency,weave,1,burst_small,256,1776,116325,116406
latency,weave,1,burst_small,256,1777,115915,115985
latency,weave,1,burst_small,256,1778,117016,117097
latency,weave,1,burst_small,256,1779,117047,117127
latency,weave,1,burst_small,256,1780,117197,117268
latency,weave,1,burst_small,256,1781,117187,117267
latency,weave,1,burst_small,256,1782,117338,117408
latency,weave,1,burst_small,256,1783,118410,118490
latency,weave,1,burst_small,256,1784,118549,118620
latency,weave,1,burst_small,256,1785,118460,118530
latency,weave,1,burst_small,256,1786,118509,118579
latency,weave,1,burst_small,256,1787,119552,119632
latency,weave,1,burst_small,256,1788,119602,119672
latency,weave,1,burst_small,256,1789,119762,119832
latency,weave,1,burst_small,256,1790,119692,119772
latency,weave,1,burst_small,256,1791,120824,120894
latency,weave,1,burst_small,256,1792,25644,25794
latency,weave,1,burst_small,256,1793,10946,11016
latency,weave,1,burst_small,256,1794,10936,11016
latency,weave,1,burst_small,256,1795,11247,11317
latency,weave,1,burst_small,256,1796,12138,12208
latency,weave,1,burst_small,256,1797,12579,12659
latency,weave,1,burst_small,256,1798,12910,12980
latency,weave,1,burst_small,256,1799,13090,13160
latency,weave,1,burst_small,256,1800,13321,13391
latency,weave,1,burst_small,256,1801,13471,13561
latency,weave,1,burst_small,256,1802,13722,13822
latency,weave,1,burst_small,256,1803,14092,14172
latency,weave,1,burst_small,256,1804,14322,14422
latency,weave,1,burst_small,256,1805,14593,14673
latency,weave,1,burst_small,256,1806,15004,15084
latency,weave,1,burst_small,256,1807,15245,15335
latency,weave,1,burst_small,256,1808,15685,15755
latency,weave,1,burst_small,256,1809,15945,16016
latency,weave,1,burst_small,256,1810,16176,16256
latency,weave,1,burst_small,256,1811,16517,16617
latency,weave,1,burst_small,256,1812,16817,16887
latency,weave,1,burst_small,256,1813,17077,17148
latency,weave,1,burst_small,256,1814,17318,17408
latency,weave,1,burst_small,256,1815,17549,17619
latency,weave,1,burst_small,256,1816,17799,17870
latency,weave,1,burst_small,256,1817,17949,18019
latency,weave,1,burst_small,256,1818,18390,18460
latency,weave,1,burst_small,256,1819,18801,18871
latency,weave,1,burst_small,256,1820,19142,19212
latency,weave,1,burst_small,256,1821,19382,19462
latency,weave,1,burst_small,256,1822,19652,19722
latency,weave,1,burst_small,256,1823,19863,19933
latency,weave,1,burst_small,256,1824,20314,20384
latency,weave,1,burst_small,256,1825,20434,20514
latency,weave,1,burst_small,256,1826,20765,20845
latency,weave,1,burst_small,256,1827,21135,21216
latency,weave,1,burst_small,256,1828,21516,21606
latency,weave,1,burst_small,256,1829,21797,21867
latency,weave,1,burst_small,256,1830,22027,22097
latency,weave,1,burst_small,256,1831,22257,22327
latency,weave,1,burst_small,256,1832,22488,22568
latency,weave,1,burst_small,256,1833,22679,22759
latency,weave,1,burst_small,256,1834,22958,23029
latency,weave,1,burst_small,256,1835,23189,23269
latency,weave,1,burst_small,256,1836,23520,23590
latency,weave,1,burst_small,256,1837,23971,24041
latency,weave,1,burst_small,256,1838,24252,24322
latency,weave,1,burst_small,256,1839,24451,24531
latency,weave,1,burst_small,256,1840,24702,24772
latency,weave,1,burst_small,256,1841,24833,24903
latency,weave,1,burst_small,256,1842,25243,25323
latency,weave,1,burst_small,256,1843,25443,25513
latency,weave,1,burst_small,256,1844,25714,25804
latency,weave,1,burst_small,256,1845,25925,26015
latency,weave,1,burst_small,256,1846,26285,26366
latency,weave,1,burst_small,256,1847,26505,26575
latency,weave,1,burst_small,256,1848,26826,26906
latency,weave,1,burst_small,256,1849,26987,27067
latency,weave,1,burst_small,256,1850,27277,27358
latency,weave,1,burst_small,256,1851,27477,27557
latency,weave,1,burst_small,256,1852,27718,27798
latency,weave,1,burst_small,256,1853,27908,27988
latency,weave,1,burst_small,256,1854,28269,28339
latency,weave,1,burst_small,256,1855,28590,28660
latency,weave,1,burst_small,256,1856,28840,28920
latency,weave,1,burst_small,256,1857,29020,29100
latency,weave,1,burst_small,256,1858,29251,29331
latency,weave,1,burst_small,256,1859,29512,29592
latency,weave,1,burst_small,256,1860,29852,29932
latency,weave,1,burst_small,256,1861,30172,30242
latency,weave,1,burst_small,256,1862,30342,30412
latency,weave,1,burst_small,256,1863,30583,30653
latency,weave,1,burst_small,256,1864,30854,30924
latency,weave,1,burst_small,256,1865,31275,31345
latency,weave,1,burst_small,256,1866,31565,31645
latency,weave,1,burst_small,256,1867,31705,31776
latency,weave,1,burst_small,256,1868,31956,32026
latency,weave,1,burst_small,256,1869,32256,32326
latency,weave,1,burst_small,256,1870,32297,32377
latency,weave,1,burst_small,256,1871,32286,32357
latency,weave,1,burst_small,256,1872,32467,32557
latency,weave,1,burst_small,256,1873,32527,32617
latency,weave,1,burst_small,256,1874,32808,32878
latency,weave,1,burst_small,256,1875,33038,33108
latency,weave,1,burst_small,256,1876,33138,33218
latency,weave,1,burst_small,256,1877,33338,33418
latency,weave,1,burst_small,256,1878,33609,33699
latency,weave,1,burst_small,256,1879,33439,33509
latency,weave,1,burst_small,256,1880,33478,33549
latency,weave,1,burst_small,256,1881,33629,33699
latency,weave,1,burst_small,256,1882,33909,33989
latency,weave,1,burst_small,256,1883,34170,34240
latency,weave,1,burst_small,256,1884,34501,34581
latency,weave,1,burst_small,256,1885,34641,34711
latency,weave,1,burst_small,256,1886,34851,34941
latency,weave,1,burst_small,256,1887,34972,35062
latency,weave,1,burst_small,256,1888,35202,35282
latency,weave,1,burst_small,256,1889,35172,35243
latency,weave,1,burst_small,256,1890,35312,35392
latency,weave,1,burst_small,256,1891,35383,35453
latency,weave,1,burst_small,256,1892,35532,35602
latency,weave,1,burst_small,256,1893,35593,35663
latency,weave,1,burst_small,256,1894,35793,35863
latency,weave,1,burst_small,256,1895,36133,36204
latency,weave,1,burst_small,256,1896,36254,36324
latency,weave,1,burst_small,256,1897,57654,57785
latency,weave,1,burst_small,256,1898,57795,57875
latency,weave,1,burst_small,256,1899,57855,57935
latency,weave,1,burst_small,256,1900,57815,57895
latency,weave,1,burst_small,256,1901,57935,58015
latency,weave,1,burst_small,256,1902,57875,57955
latency,weave,1,burst_small,256,1903,57995,58065
latency,weave,1,burst_small,256,1904,58025,58105
latency,weave,1,burst_small,256,1905,57835,57915
latency,weave,1,burst_small,256,1906,57945,58025
latency,weave,1,burst_small,256,1907,58005,58085
latency,weave,1,burst_small,256,1908,58145,58225
latency,weave,1,burst_small,256,1909,58206,58276
latency,weave,1,burst_small,256,1910,58356,58426
latency,weave,1,burst_small,256,1911,58356,58426
latency,weave,1,burst_small,256,1912,58476,58546
latency,weave,1,burst_small,256,1913,58446,58516
latency,weave,1,burst_small,256,1914,58657,58747
latency,weave,1,burst_small,256,1915,58827,58897
latency,weave,1,burst_small,256,1916,58877,58947
latency,weave,1,burst_small,256,1917,59618,59699
latency,weave,1,burst_small,256,1918,63094,63165
latency,weave,1,burst_small,256,1919,63155,63225
latency,weave,1,burst_small,256,1920,63195,63266
latency,weave,1,burst_small,256,1921,63305,63375
latency,weave,1,burst_small,256,1922,63416,63486
latency,weave,1,burst_small,256,1923,63455,63525
latency,weave,1,burst_small,256,1924,63596,63666
latency,weave,1,burst_small,256,1925,63626,63696
latency,weave,1,burst_small,256,1926,63726,63796
latency,weave,1,burst_small,256,1927,63806,63876
latency,weave,1,burst_small,256,1928,63987,64067
latency,weave,1,burst_small,256,1929,63816,63886
latency,weave,1,burst_small,256,1930,63726,63806
latency,weave,1,burst_small,256,1931,63856,63926
latency,weave,1,burst_small,256,1932,63896,63976
latency,weave,1,burst_small,256,1933,63936,64016
latency,weave,1,burst_small,256,1934,63977,64057
latency,weave,1,burst_small,256,1935,63996,64076
latency,weave,1,burst_small,256,1936,64057,64137
latency,weave,1,burst_small,256,1937,63776,63846
latency,weave,1,burst_small,256,1938,63897,63967
latency,weave,1,burst_small,256,1939,63956,64036
latency,weave,1,burst_small,256,1940,64127,64207
latency,weave,1,burst_small,256,1941,64157,64237
latency,weave,1,burst_small,256,1942,64307,64377
latency,weave,1,burst_small,256,1943,64347,64417
latency,weave,1,burst_small,256,1944,64458,64538
latency,weave,1,burst_small,256,1945,64337,64417
latency,weave,1,burst_small,256,1946,64417,64487
latency,weave,1,burst_small,256,1947,64497,64577
latency,weave,1,burst_small,256,1948,64598,64668
latency,weave,1,burst_small,256,1949,64748,64818
latency,weave,1,burst_small,256,1950,64778,64858
latency,weave,1,burst_small,256,1951,64838,64908
latency,weave,1,burst_small,256,1952,64858,64928
latency,weave,1,burst_small,256,1953,64527,64607
latency,weave,1,burst_small,256,1954,64688,64768
latency,weave,1,burst_small,256,1955,64728,64808
latency,weave,1,burst_small,256,1956,64888,64968
latency,weave,1,burst_small,256,1957,64908,64988
latency,weave,1,burst_small,256,1958,65039,65119
latency,weave,1,burst_small,256,1959,65078,65148
latency,weave,1,burst_small,256,1960,65179,65249
latency,weave,1,burst_small,256,1961,65058,65139
latency,weave,1,burst_small,256,1962,65009,65089
latency,weave,1,burst_small,256,1963,65128,65208
latency,weave,1,burst_small,256,1964,65299,65369
latency,weave,1,burst_small,256,1965,65540,65620
latency,weave,1,burst_small,256,1966,65669,65740
latency,weave,1,burst_small,256,1967,67072,67143
latency,weave,1,burst_small,256,1968,67123,67193
latency,weave,1,burst_small,256,1969,66952,67023
latency,weave,1,burst_small,256,1970,67082,67162
latency,weave,1,burst_small,256,1971,67623,67703
latency,weave,1,burst_small,256,1972,67684,67754
latency,weave,1,burst_small,256,1973,67753,67823
latency,weave,1,burst_small,256,1974,68315,68395
latency,weave,1,burst_small,256,1975,68275,68355
latency,weave,1,burst_small,256,1976,68405,68485
latency,weave,1,burst_small,256,1977,69477,69557
latency,weave,1,burst_small,256,1978,69527,69597
latency,weave,1,burst_small,256,1979,69677,69747
latency,weave,1,burst_small,256,1980,69678,69748
latency,weave,1,burst_small,256,1981,69807,69877
latency,weave,1,burst_small,256,1982,69868,69948
latency,weave,1,burst_small,256,1983,69897,69967
latency,weave,1,burst_small,256,1984,71050,71130
latency,weave,1,burst_small,256,1985,70689,70759
latency,weave,1,burst_small,256,1986,70740,70810
latency,weave,1,burst_small,256,1987,70839,70909
latency,weave,1,burst_small,256,1988,70910,70980
latency,weave,1,burst_small,256,1989,72072,72142
latency,weave,1,burst_small,256,1990,72112,72182
latency,weave,1,burst_small,256,1991,72202,72282
latency,weave,1,burst_small,256,1992,72293,72363
latency,weave,1,burst_small,256,1993,73114,73194
latency,weave,1,burst_small,256,1994,73194,73264
latency,weave,1,burst_small,256,1995,73214,73294
latency,weave,1,burst_small,256,1996,73274,73354
latency,weave,1,burst_small,256,1997,74266,74336
latency,weave,1,burst_small,256,1998,74367,74447
latency,weave,1,burst_small,256,1999,74416,74486
latency,weave,1,burst_small,256,2000,74467,74537
latency,weave,1,burst_small,256,2001,74757,74837
latency,weave,1,burst_small,256,2002,74797,74868
latency,weave,1,burst_small,256,2003,74867,74937
latency,weave,1,burst_small,256,2004,76019,76100
latency,weave,1,burst_small,256,2005,76069,76149
latency,weave,1,burst_small,256,2006,76179,76260
latency,weave,1,burst_small,256,2007,76300,76370
latency,weave,1,burst_small,256,2008,77513,77593
latency,weave,1,burst_small,256,2009,77292,77362
latency,weave,1,burst_small,256,2010,77332,77402
latency,weave,1,burst_small,256,2011,77352,77422
latency,weave,1,burst_small,256,2012,78694,78764
latency,weave,1,burst_small,256,2013,78804,78885
latency,weave,1,burst_small,256,2014,78855,78935
latency,weave,1,burst_small,256,2015,78964,79045
latency,weave,1,burst_small,256,2016,78995,79065
latency,weave,1,burst_small,256,2017,78824,78895
latency,weave,1,burst_small,256,2018,78684,78754
latency,weave,1,burst_small,256,2019,78704,78775
latency,weave,1,burst_small,256,2020,78745,78815
latency,weave,1,burst_small,256,2021,78874,78955
latency,weave,1,burst_small,256,2022,78895,78965
latency,weave,1,burst_small,256,2023,78924,79004
latency,weave,1,burst_small,256,2024,78975,79045
latency,weave,1,burst_small,256,2025,78714,78784
latency,weave,1,burst_small,256,2026,78674,78754
latency,weave,1,burst_small,256,2027,78784,78864
latency,weave,1,burst_small,256,2028,78825,78905
latency,weave,1,burst_small,256,2029,78965,79035
latency,weave,1,burst_small,256,2030,78995,79065
latency,weave,1,burst_small,256,2031,79015,79085
latency,weave,1,burst_small,256,2032,79055,79125
latency,weave,1,burst_small,256,2033,78874,78944
latency,weave,1,burst_small,256,2034,78905,78985
latency,weave,1,burst_small,256,2035,78995,79065
latency,weave,1,burst_small,256,2036,79015,79085
latency,weave,1,burst_small,256,2037,79165,79235
latency,weave,1,burst_small,256,2038,79166,79236
latency,weave,1,burst_small,256,2039,79275,79355
latency,weave,1,burst_small,256,2040,79346,79426
latency,weave,1,burst_small,256,2041,79215,79285
latency,weave,1,burst_small,256,2042,79306,79376
latency,weave,1,burst_small,256,2043,79355,79435
latency,weave,1,burst_small,256,2044,79506,79586
latency,weave,1,burst_small,256,2045,79516,79596
latency,weave,1,burst_small,256,2046,79647,79717
latency,weave,1,burst_small,256,2047,79716,79786
latency,weave,1,burst_small,256,2048,27658,27788
latency,weave,1,burst_small,256,2049,12940,13010
latency,weave,1,burst_small,256,2050,12930,13030
latency,weave,1,burst_small,256,2051,13170,13251
latency,weave,1,burst_small,256,2052,13391,13461
latency,weave,1,burst_small,256,2053,13801,13871
latency,weave,1,burst_small,256,2054,14032,14132
latency,weave,1,burst_small,256,2055,14292,14363
latency,weave,1,burst_small,256,2056,14513,14593
latency,weave,1,burst_small,256,2057,14623,14703
latency,weave,1,burst_small,256,2058,14964,15034
latency,weave,1,burst_small,256,2059,15365,15445
latency,weave,1,burst_small,256,2060,15604,15675
latency,weave,1,burst_small,256,2061,15875,15955
latency,weave,1,burst_small,256,2062,16166,16266
latency,weave,1,burst_small,256,2063,16417,16487
latency,weave,1,burst_small,256,2064,16677,16747
latency,weave,1,burst_small,256,2065,16797,16867
latency,weave,1,burst_small,256,2066,17008,17078
latency,weave,1,burst_small,256,2067,17308,17378
latency,weave,1,burst_small,256,2068,17559,17639
latency,weave,1,burst_small,256,2069,17829,17899
latency,weave,1,burst_small,256,2070,18079,18159
latency,weave,1,burst_small,256,2071,18310,18380
latency,weave,1,burst_small,256,2072,18551,18631
latency,weave,1,burst_small,256,2073,18680,18750
latency,weave,1,burst_small,256,2074,18901,18981
latency,weave,1,burst_small,256,2075,19222,19342
latency,weave,1,burst_small,256,2076,19522,19603
latency,weave,1,burst_small,256,2077,19943,20034
latency,weave,1,burst_small,256,2078,20173,20263
latency,weave,1,burst_small,256,2079,20414,20484
latency,weave,1,burst_small,256,2080,20664,20734
latency,weave,1,burst_small,256,2081,20805,20875
latency,weave,1,burst_small,256,2082,21035,21105
latency,weave,1,burst_small,256,2083,21215,21315
latency,weave,1,burst_small,256,2084,21456,21526
latency,weave,1,burst_small,256,2085,21867,21937
latency,weave,1,burst_small,256,2086,22088,22168
latency,weave,1,burst_small,256,2087,22297,22367
latency,weave,1,burst_small,256,2088,22538,22618
latency,weave,1,burst_small,256,2089,22779,22859
latency,weave,1,burst_small,256,2090,23170,23250
latency,weave,1,burst_small,256,2091,23429,23499
latency,weave,1,burst_small,256,2092,23660,23730
latency,weave,1,burst_small,256,2093,23961,24031
latency,weave,1,burst_small,256,2094,24282,24362
latency,weave,1,burst_small,256,2095,24492,24572
latency,weave,1,burst_small,256,2096,24732,24802
latency,weave,1,burst_small,256,2097,24872,24963
latency,weave,1,burst_small,256,2098,25173,25263
latency,weave,1,burst_small,256,2099,25434,25504
latency,weave,1,burst_small,256,2100,25794,25864
latency,weave,1,burst_small,256,2101,26034,26115
latency,weave,1,burst_small,256,2102,26325,26395
latency,weave,1,burst_small,256,2103,26616,26686
latency,weave,1,burst_small,256,2104,26876,26956
latency,weave,1,burst_small,256,2105,27056,27147
latency,weave,1,burst_small,256,2106,27508,27588
latency,weave,1,burst_small,256,2107,27848,27929
latency,weave,1,burst_small,256,2108,28158,28248
latency,weave,1,burst_small,256,2109,28499,28579
latency,weave,1,burst_small,256,2110,28840,28910
latency,weave,1,burst_small,256,2111,29060,29131
latency,weave,1,burst_small,256,2112,29311,29391
latency,weave,1,burst_small,256,2113,29501,29581
latency,weave,1,burst_small,256,2114,29752,29822
latency,weave,1,burst_small,256,2115,29952,30042
latency,weave,1,burst_small,256,2116,30263,30353
latency,weave,1,burst_small,256,2117,30613,30693
latency,weave,1,burst_small,256,2118,30823,30914
latency,weave,1,burst_small,256,2119,31094,31174
latency,weave,1,burst_small,256,2120,31395,31465
latency,weave,1,burst_small,256,2121,31605,31685
latency,weave,1,burst_small,256,2122,31885,31956
latency,weave,1,burst_small,256,2123,32126,32226
latency,weave,1,burst_small,256,2124,32387,32477
latency,weave,1,burst_small,256,2125,32778,32848
latency,weave,1,burst_small,256,2126,33067,33158
latency,weave,1,burst_small,256,2127,33288,33378
latency,weave,1,burst_small,256,2128,33669,33739
latency,weave,1,burst_small,256,2129,33820,33890
latency,weave,1,burst_small,256,2130,34060,34130
latency,weave,1,burst_small,256,2131,34300,34370
latency,weave,1,burst_small,256,2132,34601,34701
latency,weave,1,burst_small,256,2133,34911,34982
latency,weave,1,burst_small,256,2134,35172,35242
latency,weave,1,burst_small,256,2135,35393,35463
latency,weave,1,burst_small,256,2136,35743,35823
latency,weave,1,burst_small,256,2137,35843,35914
latency,weave,1,burst_small,256,2138,36074,36154
latency,weave,1,burst_small,256,2139,36264,36334
latency,weave,1,burst_small,256,2140,36424,36494
latency,weave,1,burst_small,256,2141,36915,36985
latency,weave,1,burst_small,256,2142,37096,37176
latency,weave,1,burst_small,256,2143,57084,57214
latency,weave,1,burst_small,256,2144,57394,57464
latency,weave,1,burst_small,256,2145,57394,57474
latency,weave,1,burst_small,256,2146,57294,57374
latency,weave,1,burst_small,256,2147,57133,57203
latency,weave,1,burst_small,256,2148,57204,57284
latency,weave,1,burst_small,256,2149,57193,57273
latency,weave,1,burst_small,256,2150,57354,57434
latency,weave,1,burst_small,256,2151,57394,57464
latency,weave,1,burst_small,256,2152,57535,57605
latency,weave,1,burst_small,256,2153,57524,57594
latency,weave,1,burst_small,256,2154,57675,57745
latency,weave,1,burst_small,256,2155,57825,57905
latency,weave,1,burst_small,256,2156,57915,57985
latency,weave,1,burst_small,256,2157,58075,58155
latency,weave,1,burst_small,256,2158,58065,58145
latency,weave,1,burst_small,256,2159,58205,58275
latency,weave,1,burst_small,256,2160,58256,58326
latency,weave,1,burst_small,256,2161,58125,58195
latency,weave,1,burst_small,256,2162,58246,58316
latency,weave,1,burst_small,256,2163,58376,58456
latency,weave,1,burst_small,256,2164,58526,58596
latency,weave,1,burst_small,256,2165,58456,58526
latency,weave,1,burst_small,256,2166,58636,58717
latency,weave,1,burst_small,256,2167,58866,58947
latency,weave,1,burst_small,256,2168,62413,62483
latency,weave,1,burst_small,256,2169,62313,62393
latency,weave,1,burst_small,256,2170,62343,62413
latency,weave,1,burst_small,256,2171,62454,62524
latency,weave,1,burst_small,256,2172,62483,62553
latency,weave,1,burst_small,256,2173,62634,62714
latency,weave,1,burst_small,256,2174,62704,62774
latency,weave,1,burst_small,256,2175,62854,62924
latency,weave,1,burst_small,256,2176,62854,62935
latency,weave,1,burst_small,256,2177,62804,62884
latency,weave,1,burst_small,256,2178,62875,62945
latency,weave,1,burst_small,256,2179,63004,63074
latency,weave,1,burst_small,256,2180,62995,63065
latency,weave,1,burst_small,256,2181,63115,63185
latency,weave,1,burst_small,256,2182,63155,63235
latency,weave,1,burst_small,256,2183,63265,63335
latency,weave,1,burst_small,256,2184,63326,63406
latency,weave,1,burst_small,256,2185,63125,63195
latency,weave,1,burst_small,256,2186,63165,63245
latency,weave,1,burst_small,256,2187,63305,63385
latency,weave,1,burst_small,256,2188,63346,63426
latency,weave,1,burst_small,256,2189,63505,63585
latency,weave,1,burst_small,256,2190,63566,63636
latency,weave,1,burst_small,256,2191,63696,63766
latency,weave,1,burst_small,256,2192,63716,63786
latency,weave,1,burst_small,256,2193,63555,63625
latency,weave,1,burst_small,256,2194,63696,63766
latency,weave,1,burst_small,256,2195,63676,63756
latency,weave,1,burst_small,256,2196,63696,63776
latency,weave,1,burst_small,256,2197,63716,63786
latency,weave,1,burst_small,256,2198,63857,63927
latency,weave,1,burst_small,256,2199,63876,63946
latency,weave,1,burst_small,256,2200,64017,64087
latency,weave,1,burst_small,256,2201,63726,63796
latency,weave,1,burst_small,256,2202,63836,63906
latency,weave,1,burst_small,256,2203,63856,63936
latency,weave,1,burst_small,256,2204,63977,64057
latency,weave,1,burst_small,256,2205,64066,64136
latency,weave,1,burst_small,256,2206,64217,64297
latency,weave,1,burst_small,256,2207,64277,64347
latency,weave,1,burst_small,256,2208,64438,64508
latency,weave,1,burst_small,256,2209,64167,64237
latency,weave,1,burst_small,256,2210,64207,64277
latency,weave,1,burst_small,256,2211,64327,64407
latency,weave,1,burst_small,256,2212,64378,64448
latency,weave,1,burst_small,256,2213,64517,64587
latency,weave,1,burst_small,256,2214,64588,64658
latency,weave,1,burst_small,256,2215,64728,64808
latency,weave,1,burst_small,256,2216,64778,64858
latency,weave,1,burst_small,256,2217,64567,64637
latency,weave,1,burst_small,256,2218,64558,64628
latency,weave,1,burst_small,256,2219,64608,64678
latency,weave,1,burst_small,256,2220,64758,64838
latency,weave,1,burst_small,256,2221,64788,64868
latency,weave,1,burst_small,256,2222,64949,65029
latency,weave,1,burst_small,256,2223,64988,65058
latency,weave,1,burst_small,256,2224,65129,65209
latency,weave,1,burst_small,256,2225,64878,64948
latency,weave,1,burst_small,256,2226,64949,65019
latency,weave,1,burst_small,256,2227,65078,65148
latency,weave,1,burst_small,256,2228,65159,65229
latency,weave,1,burst_small,256,2229,65329,65399
latency,weave,1,burst_small,256,2230,65329,65399
latency,weave,1,burst_small,256,2231,65459,65539
latency,weave,1,burst_small,256,2232,65510,65580
latency,weave,1,burst_small,256,2233,65309,65379
latency,weave,1,burst_small,256,2234,65470,65540
latency,weave,1,burst_small,256,2235,65499,65569
latency,weave,1,burst_small,256,2236,65540,65610
latency,weave,1,burst_small,256,2237,65569,65639
latency,weave,1,burst_small,256,2238,65710,65790
latency,weave,1,burst_small,256,2239,65730,65800
latency,weave,1,burst_small,256,2240,65770,65850
latency,weave,1,burst_small,256,2241,65459,65539
latency,weave,1,burst_small,256,2242,65550,65620
latency,weave,1,burst_small,256,2243,65599,65679
latency,weave,1,burst_small,256,2244,65710,65790
latency,weave,1,burst_small,256,2245,65720,65790
latency,weave,1,burst_small,256,2246,65881,65951
latency,weave,1,burst_small,256,2247,65840,65920
latency,weave,1,burst_small,256,2248,65911,65991
latency,weave,1,burst_small,256,2249,65730,65810
latency,weave,1,burst_small,256,2250,65759,65840
latency,weave,1,burst_small,256,2251,65800,65880
latency,weave,1,burst_small,256,2252,65829,65900
latency,weave,1,burst_small,256,2253,65890,65960
latency,weave,1,burst_small,256,2254,65950,66021
latency,weave,1,burst_small,256,2255,65990,66070
latency,weave,1,burst_small,256,2256,66130,66201
latency,weave,1,burst_small,256,2257,66060,66130
latency,weave,1,burst_small,256,2258,66090,66161
latency,weave,1,burst_small,256,2259,66201,66271
latency,weave,1,burst_small,256,2260,66230,66301
latency,weave,1,burst_small,256,2261,66401,66471
latency,weave,1,burst_small,256,2262,66532,66612
latency,weave,1,burst_small,256,2263,127446,127576
latency,weave,1,burst_small,256,2264,127667,127747
latency,weave,1,burst_small,256,2265,127457,127527
latency,weave,1,burst_small,256,2266,127527,127597
latency,weave,1,burst_small,256,2267,127566,127647
latency,weave,1,burst_small,256,2268,127727,127797
latency,weave,1,burst_small,256,2269,127757,127828
latency,weave,1,burst_small,256,2270,127877,127947
latency,weave,1,burst_small,256,2271,127917,127988
latency,weave,1,burst_small,256,2272,128058,128138
latency,weave,1,burst_small,256,2273,127787,127868
latency,weave,1,burst_small,256,2274,127837,127907
latency,weave,1,burst_small,256,2275,127967,128047
latency,weave,1,burst_small,256,2276,127948,128028
latency,weave,1,burst_small,256,2277,128077,128147
latency,weave,1,burst_small,256,2278,128108,128178
latency,weave,1,burst_small,256,2279,128228,128298
latency,weave,1,burst_small,256,2280,128268,128348
latency,weave,1,burst_small,256,2281,128037,128107
latency,weave,1,burst_small,256,2282,128068,128148
latency,weave,1,burst_small,256,2283,128148,128218
latency,weave,1,burst_small,256,2284,128268,128348
latency,weave,1,burst_small,256,2285,128318,128388
latency,weave,1,burst_small,256,2286,128409,128479
latency,weave,1,burst_small,256,2287,128368,128438
latency,weave,1,burst_small,256,2288,128469,128549
latency,weave,1,burst_small,256,2289,128388,128468
latency,weave,1,burst_small,256,2290,128469,128539
latency,weave,1,burst_small,256,2291,128639,128719
latency,weave,1,burst_small,256,2292,128639,128719
latency,weave,1,burst_small,256,2293,128699,128769
latency,weave,1,burst_small,256,2294,128719,128799
latency,weave,1,burst_small,256,2295,128919,129009
latency,weave,1,burst_small,256,2296,128980,129060
latency,weave,1,burst_small,256,2297,128869,128949
latency,weave,1,burst_small,256,2298,128980,129060
latency,weave,1,burst_small,256,2299,129059,129129
latency,weave,1,burst_small,256,2300,129120,129190
latency,weave,1,burst_small,256,2301,129170,129250
latency,weave,1,burst_small,256,2302,129931,130001
latency,weave,1,burst_small,256,2303,130011,130082
latency,weave,1,priority_mix_high,256,0,6934,7044
latency,weave,1,priority_mix_high,256,1,4759,4839
latency,weave,1,priority_mix_high,256,2,4780,4860
latency,weave,1,priority_mix_high,256,3,4730,4800
latency,weave,1,priority_mix_high,256,4,4890,4970
latency,weave,1,priority_mix_high,256,5,5060,5130
latency,weave,1,priority_mix_high,256,6,4769,4849
latency,weave,1,priority_mix_high,256,7,4769,4849
latency,weave,1,priority_mix_high,256,8,4820,4890
latency,weave,1,priority_mix_high,256,9,4649,4739
latency,weave,1,priority_mix_high,256,10,4729,4799
latency,weave,1,priority_mix_high,256,11,4068,4138
latency,weave,1,priority_mix_high,256,12,3597,3667
latency,weave,1,priority_mix_high,256,13,3346,3416
latency,weave,1,priority_mix_high,256,14,2655,2725
latency,weave,1,priority_mix_high,256,15,2665,2765
latency,weave,1,priority_mix_high,256,16,2515,2585
latency,weave,1,priority_mix_high,256,17,2104,2184
latency,weave,1,priority_mix_high,256,18,2044,2124
latency,weave,1,priority_mix_high,256,19,1223,1293
latency,weave,1,priority_mix_high,256,20,822,892
latency,weave,1,priority_mix_high,256,21,511,582
latency,weave,1,priority_mix_normal,256,22,14177,14247
latency,weave,1,priority_mix_normal,256,23,14217,14287
latency,weave,1,priority_mix_high,256,24,662,732
latency,weave,1,priority_mix_normal,256,25,14597,14678
latency,weave,1,priority_mix_high,256,26,661,731
latency,weave,1,priority_mix_normal,256,27,14838,14928
latency,weave,1,priority_mix_high,256,28,702,782
latency,weave,1,priority_mix_high,256,29,421,501
latency,weave,1,priority_mix_normal,256,30,15881,15981
latency,weave,1,priority_mix_high,256,31,621,692
latency,weave,1,priority_mix_normal,256,32,16371,16451
latency,weave,1,priority_mix_high,256,33,331,411
latency,weave,1,priority_mix_normal,256,34,16512,16592
latency,weave,1,priority_mix_high,256,35,471,551
latency,weave,1,priority_mix_normal,256,36,16962,17032
latency,weave,1,priority_mix_high,256,37,541,621
latency,weave,1,priority_mix_normal,256,38,17253,17323
latency,weave,1,priority_mix_high,256,39,300,371
latency,weave,1,priority_mix_high,256,40,341,411
latency,weave,1,priority_mix_normal,256,41,18235,18315
latency,weave,1,priority_mix_normal,256,42,18245,18325
latency,weave,1,priority_mix_high,256,43,872,952
latency,weave,1,priority_mix_high,256,44,451,521
latency,weave,1,priority_mix_normal,256,45,18355,18445
latency,weave,1,priority_mix_high,256,46,611,692
latency,weave,1,priority_mix_normal,256,47,18485,18565
latency,weave,1,priority_mix_high,256,48,591,671
latency,weave,1,priority_mix_normal,256,49,18716,18786
latency,weave,1,priority_mix_high,256,50,712,782
latency,weave,1,priority_mix_high,256,51,351,431
latency,weave,1,priority_mix_normal,256,52,19106,19197
latency,weave,1,priority_mix_high,256,53,311,381
latency,weave,1,priority_mix_normal,256,54,19467,19537
latency,weave,1,priority_mix_high,256,55,451,531
latency,weave,1,priority_mix_normal,256,56,19577,19647
latency,weave,1,priority_mix_high,256,57,681,751
latency,weave,1,priority_mix_normal,256,58,19808,19878
latency,weave,1,priority_mix_high,256,59,612,692
latency,weave,1,priority_mix_high,256,60,321,401
latency,weave,1,priority_mix_normal,256,61,20208,20279
latency,weave,1,priority_mix_high,256,62,301,381
latency,weave,1,priority_mix_normal,256,63,19908,19988
latency,weave,1,priority_mix_high,256,64,542,612
latency,weave,1,priority_mix_high,256,65,300,370
latency,weave,1,priority_mix_normal,256,66,20299,20369
latency,weave,1,priority_mix_high,256,67,331,401
latency,weave,1,priority_mix_normal,256,68,20278,20368
latency,weave,1,priority_mix_high,256,69,631,711
latency,weave,1,priority_mix_normal,256,70,19998,20068
latency,weave,1,priority_mix_high,256,71,722,792
latency,weave,1,priority_mix_high,256,72,371,461
latency,weave,1,priority_mix_normal,256,73,20479,20549
latency,weave,1,priority_mix_high,256,74,561,631
latency,weave,1,priority_mix_normal,256,75,20479,20559
latency,weave,1,priority_mix_high,256,76,552,632
latency,weave,1,priority_mix_high,256,77,360,441
latency,weave,1,priority_mix_normal,256,78,21180,21250
latency,weave,1,priority_mix_high,256,79,511,581
latency,weave,1,priority_mix_normal,256,80,21140,21210
latency,weave,1,priority_mix_high,256,81,401,471
latency,weave,1,priority_mix_high,256,82,321,401
latency,weave,1,priority_mix_normal,256,83,21952,22032
latency,weave,1,priority_mix_normal,256,84,21591,21671
latency,weave,1,priority_mix_normal,256,85,21150,21220
latency,weave,1,priority_mix_normal,256,86,20469,20539
latency,weave,1,priority_mix_normal,256,87,20078,20159
latency,weave,1,priority_mix_high,256,88,792,882
latency,weave,1,priority_mix_normal,256,89,19898,19968
latency,weave,1,priority_mix_high,256,90,622,702
latency,weave,1,priority_mix_high,256,91,401,471
latency,weave,1,priority_mix_normal,256,92,20559,20629
latency,weave,1,priority_mix_normal,256,93,20198,20278
latency,weave,1,priority_mix_high,256,94,661,741
latency,weave,1,priority_mix_high,256,95,421,501
latency,weave,1,priority_mix_normal,256,96,20740,20810
latency,weave,1,priority_mix_high,256,97,541,612
latency,weave,1,priority_mix_normal,256,98,20599,20679
latency,weave,1,priority_mix_high,256,99,261,341
latency,weave,1,priority_mix_normal,256,100,20730,20800
latency,weave,1,priority_mix_high,256,101,521,591
latency,weave,1,priority_mix_normal,256,102,20689,20759
latency,weave,1,priority_mix_high,256,103,16542,16672
latency,weave,1,priority_mix_high,256,104,16642,16712
latency,weave,1,priority_mix_high,256,105,17032,17102
latency,weave,1,priority_mix_high,256,106,16963,17043
latency,weave,1,priority_mix_high,256,107,17073,17143
latency,weave,1,priority_mix_high,256,108,17193,17263
latency,weave,1,priority_mix_high,256,109,17182,17263
latency,weave,1,priority_mix_high,256,110,17163,17233
latency,weave,1,priority_mix_high,256,111,27382,27512
latency,weave,1,priority_mix_high,256,112,27392,27462
latency,weave,1,priority_mix_high,256,113,27312,27382
latency,weave,1,priority_mix_high,256,114,27122,27192
latency,weave,1,priority_mix_high,256,115,27041,27111
latency,weave,1,priority_mix_high,256,116,26961,27041
latency,weave,1,priority_mix_high,256,117,26780,26861
latency,weave,1,priority_mix_high,256,118,26751,26831
latency,weave,1,priority_mix_high,256,119,26771,26841
latency,weave,1,priority_mix_high,256,120,27021,27091
latency,weave,1,priority_mix_high,256,121,26952,27022
latency,weave,1,priority_mix_high,256,122,26801,26871
latency,weave,1,priority_mix_high,256,123,16402,16482
latency,weave,1,priority_mix_high,256,124,15710,15790
latency,weave,1,priority_mix_normal,256,125,54804,54884
latency,weave,1,priority_mix_normal,256,126,54202,54283
latency,weave,1,priority_mix_normal,256,127,53822,53892
latency,weave,1,priority_mix_normal,256,128,53391,53462
latency,weave,1,priority_mix_normal,256,129,52990,53060
latency,weave,1,priority_mix_normal,256,130,52920,53000
latency,weave,1,priority_mix_normal,256,131,52770,52840
latency,weave,1,priority_mix_normal,256,132,52349,52420
latency,weave,1,priority_mix_normal,256,133,51989,52059
latency,weave,1,priority_mix_normal,256,134,51387,51468
latency,weave,1,priority_mix_normal,256,135,51007,51077
latency,weave,1,priority_mix_normal,256,136,50797,50877
latency,weave,1,priority_mix_normal,256,137,50285,50365
latency,weave,1,priority_mix_normal,256,138,49895,49965
latency,weave,1,priority_mix_normal,256,139,49514,49594
latency,weave,1,priority_mix_normal,256,140,48723,48793
latency,weave,1,priority_mix_normal,256,141,48402,48482
latency,weave,1,priority_mix_normal,256,142,46658,46738
latency,weave,1,priority_mix_normal,256,143,46278,46348
latency,weave,1,priority_mix_normal,256,144,45807,45887
latency,weave,1,priority_mix_normal,256,145,45086,45156
latency,weave,1,priority_mix_normal,256,146,44414,44484
latency,weave,1,priority_mix_normal,256,147,44374,44444
latency,weave,1,priority_mix_normal,256,148,43763,43843
latency,weave,1,priority_mix_normal,256,149,43353,43433
latency,weave,1,priority_mix_normal,256,150,42811,42881
latency,weave,1,priority_mix_normal,256,151,42501,42581
latency,weave,1,priority_mix_normal,256,152,42571,42651
latency,weave,1,priority_mix_normal,256,153,42490,42570
latency,weave,1,priority_mix_normal,256,154,42421,42491
latency,weave,1,priority_mix_normal,256,155,42320,42400
latency,weave,1,priority_mix_normal,256,156,42110,42190
latency,weave,1,priority_mix_normal,256,157,42029,42099
latency,weave,1,priority_mix_normal,256,158,41990,42060
latency,weave,1,priority_mix_normal,256,159,41910,41980
latency,weave,1,priority_mix_normal,256,160,41839,41909
latency,weave,1,priority_mix_normal,256,161,41649,41719
latency,weave,1,priority_mix_normal,256,162,41569,41639
latency,weave,1,priority_mix_normal,256,163,41589,41659
latency,weave,1,priority_mix_normal,256,164,41488,41569
latency,weave,1,priority_mix_normal,256,165,41399,41469
latency,weave,1,priority_mix_normal,256,166,41218,41289
latency,weave,1,priority_mix_normal,256,167,41128,41198
latency,weave,1,priority_mix_normal,256,168,41037,41108
latency,weave,1,priority_mix_normal,256,169,40978,41048
latency,weave,1,priority_mix_normal,256,170,30578,30648
latency,weave,1,priority_mix_low,256,171,97084,97165
latency,weave,1,priority_mix_low,256,172,96984,97064
latency,weave,1,priority_mix_low,256,173,96913,96994
latency,weave,1,priority_mix_low,256,174,96623,96703
latency,weave,1,priority_mix_low,256,175,96674,96744
latency,weave,1,priority_mix_low,256,176,96332,96402
latency,weave,1,priority_mix_low,256,177,96243,96323
latency,weave,1,priority_mix_low,256,178,96132,96212
latency,weave,1,priority_mix_low,256,179,95852,95922
latency,weave,1,priority_mix_low,256,180,95821,95901
latency,weave,1,priority_mix_low,256,181,95741,95811
latency,weave,1,priority_mix_low,256,182,94730,94800
latency,weave,1,priority_mix_low,256,183,94189,94269
latency,weave,1,priority_mix_low,256,184,93467,93538
latency,weave,1,priority_mix_low,256,185,93107,93177
latency,weave,1,priority_mix_low,256,186,92876,92956
latency,weave,1,priority_mix_low,256,187,92255,92335
latency,weave,1,priority_mix_low,256,188,91995,92075
latency,weave,1,priority_mix_low,256,189,91193,91263
latency,weave,1,priority_mix_low,256,190,90402,90472
latency,weave,1,priority_mix_low,256,191,89920,90000
latency,weave,1,priority_mix_low,256,192,89370,89440
latency,weave,1,priority_mix_low,256,193,88909,88979
latency,weave,1,priority_mix_low,256,194,88327,88397
latency,weave,1,priority_mix_low,256,195,87827,87907
latency,weave,1,priority_mix_low,256,196,87275,87345
latency,weave,1,priority_mix_low,256,197,86895,86965
latency,weave,1,priority_mix_low,256,198,86213,86283
latency,weave,1,priority_mix_low,256,199,85763,85833
latency,weave,1,priority_mix_low,256,200,84971,85041
latency,weave,1,priority_mix_low,256,201,84621,84701
latency,weave,1,priority_mix_low,256,202,84239,84309
latency,weave,1,priority_mix_low,256,203,83769,83839
latency,weave,1,priority_mix_low,256,204,83247,83318
latency,weave,1,priority_mix_low,256,205,82847,82927
latency,weave,1,priority_mix_low,256,206,82155,82236
latency,weave,1,priority_mix_low,256,207,81595,81675
latency,weave,1,priority_mix_low,256,208,81074,81154
latency,weave,1,priority_mix_low,256,209,80713,80783
latency,weave,1,priority_mix_low,256,210,79872,79942
latency,weave,1,priority_mix_low,256,211,79120,79200
latency,weave,1,priority_mix_low,256,212,78830,78910
latency,weave,1,priority_mix_low,256,213,78528,78599
latency,weave,1,priority_mix_low,256,214,77978,78048
latency,weave,1,priority_mix_low,256,215,77747,77828
latency,weave,1,priority_mix_low,256,216,77277,77357
latency,weave,1,priority_mix_low,256,217,77086,77176
latency,weave,1,priority_mix_low,256,218,76876,76946
latency,weave,1,priority_mix_low,256,219,76305,76375
latency,weave,1,priority_mix_low,256,220,75853,75934
latency,weave,1,priority_mix_low,256,221,75573,75643
latency,weave,1,priority_mix_low,256,222,75183,75263
latency,weave,1,priority_mix_low,256,223,74862,74943
latency,weave,1,priority_mix_low,256,224,74141,74221
latency,weave,1,priority_mix_low,256,225,73649,73719
latency,weave,1,priority_mix_low,256,226,73259,73339
latency,weave,1,priority_mix_low,256,227,71345,71425
latency,weave,1,priority_mix_low,256,228,71115,71195
latency,weave,1,priority_mix_low,256,229,70624,70704
latency,weave,1,priority_mix_low,256,230,69933,70013
latency,weave,1,priority_mix_low,256,231,69361,69432
latency,weave,1,priority_mix_low,256,232,68790,68860
latency,weave,1,priority_mix_low,256,233,68550,68620
latency,weave,1,priority_mix_low,256,234,68259,68329
latency,weave,1,priority_mix_low,256,235,67669,67739
latency,weave,1,priority_mix_low,256,236,67408,67488
latency,weave,1,priority_mix_low,256,237,67318,67398
latency,weave,1,priority_mix_low,256,238,67197,67267
latency,weave,1,priority_mix_low,256,239,67117,67187
latency,weave,1,priority_mix_low,256,240,66907,66977
latency,weave,1,priority_mix_low,256,241,66817,66897
latency,weave,1,priority_mix_low,256,242,66746,66816
latency,weave,1,priority_mix_low,256,243,66686,66756
latency,weave,1,priority_mix_low,256,244,66596,66677
latency,weave,1,priority_mix_low,256,245,66516,66586
latency,weave,1,priority_mix_low,256,246,66305,66376
latency,weave,1,priority_mix_low,256,247,66236,66306
latency,weave,1,priority_mix_low,256,248,66126,66196
latency,weave,1,priority_mix_low,256,249,66025,66095
latency,weave,1,priority_mix_low,256,250,65945,66025
latency,weave,1,priority_mix_low,256,251,65755,65825
latency,weave,1,priority_mix_low,256,252,65665,65745
latency,weave,1,priority_mix_low,256,253,65684,65754
latency,weave,1,priority_mix_low,256,254,55475,55545
latency,weave,1,priority_mix_low,256,255,54643,54713
latency,weave,1,priority_mix_high,256,256,29290,29430
latency,weave,1,priority_mix_high,256,257,15955,16026
latency,weave,1,priority_mix_high,256,258,16226,16296
latency,weave,1,priority_mix_high,256,259,16015,16116
latency,weave,1,priority_mix_high,256,260,16045,16125
latency,weave,1,priority_mix_high,256,261,16366,16446
latency,weave,1,priority_mix_high,256,262,16356,16426
latency,weave,1,priority_mix_high,256,263,16386,16466
latency,weave,1,priority_mix_high,256,264,16406,16476
latency,weave,1,priority_mix_high,256,265,16356,16426
latency,weave,1,priority_mix_high,256,266,16526,16596
latency,weave,1,priority_mix_high,256,267,16396,16466
latency,weave,1,priority_mix_high,256,268,16466,16546
latency,weave,1,priority_mix_high,256,269,16597,16697
latency,weave,1,priority_mix_high,256,270,16566,16636
latency,weave,1,priority_mix_high,256,271,16786,16866
latency,weave,1,priority_mix_high,256,272,16947,17027
latency,weave,1,priority_mix_high,256,273,16967,17037
latency,weave,1,priority_mix_high,256,274,17047,17127
latency,weave,1,priority_mix_high,256,275,16987,17068
latency,weave,1,priority_mix_high,256,276,17227,17298
latency,weave,1,priority_mix_high,256,277,17638,17738
latency,weave,1,priority_mix_high,256,278,17629,17699
latency,weave,1,priority_mix_high,256,279,17778,17849
latency,weave,1,priority_mix_high,256,280,18019,18099
latency,weave,1,priority_mix_high,256,281,18039,18120
latency,weave,1,priority_mix_high,256,282,18169,18249
latency,weave,1,priority_mix_high,256,283,18129,18199
latency,weave,1,priority_mix_high,256,284,18180,18260
latency,weave,1,priority_mix_high,256,285,18380,18460
latency,weave,1,priority_mix_high,256,286,18580,18650
latency,weave,1,priority_mix_high,256,287,19272,19342
latency,weave,1,priority_mix_high,256,288,19000,19071
latency,weave,1,priority_mix_high,256,289,18991,19071
latency,weave,1,priority_mix_high,256,290,15294,15374
latency,weave,1,priority_mix_high,256,291,15223,15304
latency,weave,1,priority_mix_high,256,292,14903,14973
latency,weave,1,priority_mix_high,256,293,14683,14753
latency,weave,1,priority_mix_high,256,294,14673,14753
latency,weave,1,priority_mix_high,256,295,14492,14592
latency,weave,1,priority_mix_high,256,296,14002,14082
latency,weave,1,priority_mix_high,256,297,13781,13881
latency,weave,1,priority_mix_high,256,298,13531,13621
latency,weave,1,priority_mix_high,256,299,13089,13160
latency,weave,1,priority_mix_high,256,300,12879,12959
latency,weave,1,priority_mix_high,256,301,13080,13150
latency,weave,1,priority_mix_high,256,302,12288,12358
latency,weave,1,priority_mix_high,256,303,12118,12188
latency,weave,1,priority_mix_high,256,304,11767,11837
latency,weave,1,priority_mix_high,256,305,11397,11477
latency,weave,1,priority_mix_high,256,306,11467,11537
latency,weave,1,priority_mix_high,256,307,11136,11206
latency,weave,1,priority_mix_high,256,308,10034,10104
latency,weave,1,priority_mix_high,256,309,9563,9634
latency,weave,1,priority_mix_high,256,310,9242,9312
latency,weave,1,priority_mix_high,256,311,8802,8872
latency,weave,1,priority_mix_high,256,312,8501,8581
latency,weave,1,priority_mix_high,256,313,8261,8331
latency,weave,1,priority_mix_high,256,314,7889,7960
latency,weave,1,priority_mix_high,256,315,7619,7699
latency,weave,1,priority_mix_high,256,316,7489,7589
latency,weave,1,priority_mix_high,256,317,7178,7248
latency,weave,1,priority_mix_high,256,318,6938,7018
latency,weave,1,priority_mix_high,256,319,6798,6868
latency,weave,1,priority_mix_high,256,320,6467,6537
latency,weave,1,priority_mix_high,256,321,6227,6297
latency,weave,1,priority_mix_high,256,322,6147,6227
latency,weave,1,priority_mix_high,256,323,5815,5896
latency,weave,1,priority_mix_high,256,324,5204,5284
latency,weave,1,priority_mix_high,256,325,5054,5124
latency,weave,1,priority_mix_high,256,326,4844,4924
latency,weave,1,priority_mix_high,256,327,4464,4534
latency,weave,1,priority_mix_high,256,328,4213,4283
latency,weave,1,priority_mix_high,256,329,4113,4193
latency,weave,1,priority_mix_high,256,330,3712,3782
latency,weave,1,priority_mix_high,256,331,3371,3452
latency,weave,1,priority_mix_high,256,332,3462,3532
latency,weave,1,priority_mix_high,256,333,3191,3271
latency,weave,1,priority_mix_high,256,334,3101,3171
latency,weave,1,priority_mix_high,256,335,2861,2931
latency,weave,1,priority_mix_high,256,336,2640,2710
latency,weave,1,priority_mix_high,256,337,2389,2480
latency,weave,1,priority_mix_high,256,338,1888,1959
latency,weave,1,priority_mix_high,256,339,1739,1809
latency,weave,1,priority_mix_high,256,340,1297,1377
latency,weave,1,priority_mix_high,256,341,927,997
latency,weave,1,priority_mix_normal,256,342,57384,57464
latency,weave,1,priority_mix_normal,256,343,56842,56922
latency,weave,1,priority_mix_normal,256,344,56793,56863
latency,weave,1,priority_mix_normal,256,345,56452,56522
latency,weave,1,priority_mix_normal,256,346,56392,56472
latency,weave,1,priority_mix_normal,256,347,56321,56391
latency,weave,1,priority_mix_normal,256,348,56141,56211
latency,weave,1,priority_mix_normal,256,349,56252,56332
latency,weave,1,priority_mix_normal,256,350,56101,56181
latency,weave,1,priority_mix_normal,256,351,56031,56111
latency,weave,1,priority_mix_normal,256,352,55961,56031
latency,weave,1,priority_mix_normal,256,353,55851,55921
latency,weave,1,priority_mix_normal,256,354,55911,55981
latency,weave,1,priority_mix_normal,256,355,55851,55931
latency,weave,1,priority_mix_normal,256,356,55741,55811
latency,weave,1,priority_mix_normal,256,357,55680,55760
latency,weave,1,priority_mix_normal,256,358,55600,55670
latency,weave,1,priority_mix_normal,256,359,55701,55771
latency,weave,1,priority_mix_normal,256,360,55650,55730
latency,weave,1,priority_mix_normal,256,361,55510,55590
latency,weave,1,priority_mix_normal,256,362,55460,55530
latency,weave,1,priority_mix_normal,256,363,55500,55570
latency,weave,1,priority_mix_normal,256,364,55439,55520
latency,weave,1,priority_mix_normal,256,365,55540,55610
latency,weave,1,priority_mix_normal,256,366,55390,55460
latency,weave,1,priority_mix_normal,256,367,55329,55409
latency,weave,1,priority_mix_normal,256,368,55320,55400
latency,weave,1,priority_mix_normal,256,369,55249,55330
latency,weave,1,priority_mix_normal,256,370,55369,55449
latency,weave,1,priority_mix_normal,256,371,55320,55390
latency,weave,1,priority_mix_normal,256,372,55169,55249
latency,weave,1,priority_mix_normal,256,373,55109,55189
latency,weave,1,priority_mix_normal,256,374,54628,54698
latency,weave,1,priority_mix_normal,256,375,51402,51482
latency,weave,1,priority_mix_normal,256,376,50611,50691
latency,weave,1,priority_mix_normal,256,377,50100,50180
latency,weave,1,priority_mix_normal,256,378,49729,49799
latency,weave,1,priority_mix_normal,256,379,49639,49709
latency,weave,1,priority_mix_normal,256,380,49468,49548
latency,weave,1,priority_mix_normal,256,381,48777,48847
latency,weave,1,priority_mix_normal,256,382,48336,48407
latency,weave,1,priority_mix_normal,256,383,47976,48056
latency,weave,1,priority_mix_normal,256,384,47565,47635
latency,weave,1,priority_mix_normal,256,385,47154,47235
latency,weave,1,priority_mix_normal,256,386,46884,46954
latency,weave,1,priority_mix_normal,256,387,46382,46453
latency,weave,1,priority_mix_normal,256,388,45782,45862
latency,weave,1,priority_mix_normal,256,389,45511,45581
latency,weave,1,priority_mix_normal,256,390,44889,44960
latency,weave,1,priority_mix_normal,256,391,44669,44739
latency,weave,1,priority_mix_normal,256,392,44349,44429
latency,weave,1,priority_mix_normal,256,393,43246,43316
latency,weave,1,priority_mix_normal,256,394,42716,42786
latency,weave,1,priority_mix_normal,256,395,42145,42215
latency,weave,1,priority_mix_normal,256,396,41784,41865
latency,weave,1,priority_mix_normal,256,397,41223,41303
latency,weave,1,priority_mix_normal,256,398,40822,40893
latency,weave,1,priority_mix_normal,256,399,40341,40421
latency,weave,1,priority_mix_normal,256,400,39951,40021
latency,weave,1,priority_mix_normal,256,401,39740,39811
latency,weave,1,priority_mix_normal,256,402,39339,39409
latency,weave,1,priority_mix_normal,256,403,38758,38829
latency,weave,1,priority_mix_normal,256,404,38368,38448
latency,weave,1,priority_mix_normal,256,405,38007,38077
latency,weave,1,priority_mix_normal,256,406,37626,37696
latency,weave,1,priority_mix_normal,256,407,37336,37416
latency,weave,1,priority_mix_normal,256,408,36824,36905
latency,weave,1,priority_mix_normal,256,409,36284,36354
latency,weave,1,priority_mix_normal,256,410,35893,35973
latency,weave,1,priority_mix_normal,256,411,35753,35823
latency,weave,1,priority_mix_normal,256,412,35282,35352
latency,weave,1,priority_mix_normal,256,413,34761,34831
latency,weave,1,priority_mix_normal,256,414,34340,34420
latency,weave,1,priority_mix_normal,256,415,34060,34140
latency,weave,1,priority_mix_normal,256,416,33518,33589
latency,weave,1,priority_mix_normal,256,417,33017,33097
latency,weave,1,priority_mix_normal,256,418,32666,32747
latency,weave,1,priority_mix_normal,256,419,32226,32296
latency,weave,1,priority_mix_normal,256,420,31896,31976
latency,weave,1,priority_mix_normal,256,421,31585,31655
latency,weave,1,priority_mix_normal,256,422,31054,31124
latency,weave,1,priority_mix_normal,256,423,30724,30804
latency,weave,1,priority_mix_normal,256,424,29972,30052
latency,weave,1,priority_mix_normal,256,425,29551,29621
latency,weave,1,priority_mix_normal,256,426,29280,29351
latency,weave,1,priority_mix_low,256,427,84054,84124
latency,weave,1,priority_mix_low,256,428,83934,84014
latency,weave,1,priority_mix_low,256,429,83884,83954
latency,weave,1,priority_mix_low,256,430,83603,83673
latency,weave,1,priority_mix_low,256,431,83653,83724
latency,weave,1,priority_mix_low,256,432,83443,83513
latency,weave,1,priority_mix_low,256,433,83372,83443
latency,weave,1,priority_mix_low,256,434,83303,83373
latency,weave,1,priority_mix_low,256,435,83213,83293
latency,weave,1,priority_mix_low,256,436,83262,83343
latency,weave,1,priority_mix_low,256,437,83172,83252
latency,weave,1,priority_mix_low,256,438,82952,83033
latency,weave,1,priority_mix_low,256,439,82882,82952
latency,weave,1,priority_mix_low,256,440,82761,82832
latency,weave,1,priority_mix_low,256,441,82832,82912
latency,weave,1,priority_mix_low,256,442,82792,82862
latency,weave,1,priority_mix_low,256,443,82651,82731
latency,weave,1,priority_mix_low,256,444,82582,82662
latency,weave,1,priority_mix_low,256,445,82762,82842
latency,weave,1,priority_mix_low,256,446,82771,82852
latency,weave,1,priority_mix_low,256,447,82702,82772
latency,weave,1,priority_mix_low,256,448,82561,82631
latency,weave,1,priority_mix_low,256,449,82511,82591
latency,weave,1,priority_mix_low,256,450,82672,82752
latency,weave,1,priority_mix_low,256,451,82692,82762
latency,weave,1,priority_mix_low,256,452,82641,82711
latency,weave,1,priority_mix_low,256,453,82592,82662
latency,weave,1,priority_mix_low,256,454,82421,82491
latency,weave,1,priority_mix_low,256,455,82501,82571
latency,weave,1,priority_mix_low,256,456,82471,82542
latency,weave,1,priority_mix_low,256,457,82401,82481
latency,weave,1,priority_mix_low,256,458,82340,82421
latency,weave,1,priority_mix_low,256,459,81820,81890
latency,weave,1,priority_mix_low,256,460,78093,78163
latency,weave,1,priority_mix_low,256,461,77782,77862
latency,weave,1,priority_mix_low,256,462,77261,77341
latency,weave,1,priority_mix_low,256,463,76770,76840
latency,weave,1,priority_mix_low,256,464,76440,76510
latency,weave,1,priority_mix_low,256,465,76229,76299
latency,weave,1,priority_mix_low,256,466,75538,75618
latency,weave,1,priority_mix_low,256,467,75138,75208
latency,weave,1,priority_mix_low,256,468,74766,74846
latency,weave,1,priority_mix_low,256,469,74056,74126
latency,weave,1,priority_mix_low,256,470,73764,73834
latency,weave,1,priority_mix_low,256,471,73554,73624
latency,weave,1,priority_mix_low,256,472,72833,72913
latency,weave,1,priority_mix_low,256,473,72512,72592
latency,weave,1,priority_mix_low,256,474,72031,72112
latency,weave,1,priority_mix_low,256,475,71340,71410
latency,weave,1,priority_mix_low,256,476,71030,71100
latency,weave,1,priority_mix_low,256,477,70729,70809
latency,weave,1,priority_mix_low,256,478,69727,69807
latency,weave,1,priority_mix_low,256,479,69015,69085
latency,weave,1,priority_mix_low,256,480,68385,68465
latency,weave,1,priority_mix_low,256,481,67883,67963
latency,weave,1,priority_mix_low,256,482,67503,67573
latency,weave,1,priority_mix_low,256,483,66971,67042
latency,weave,1,priority_mix_low,256,484,66591,66661
latency,weave,1,priority_mix_low,256,485,66040,66110
latency,weave,1,priority_mix_low,256,486,65739,65809
latency,weave,1,priority_mix_low,256,487,65229,65299
latency,weave,1,priority_mix_low,256,488,64867,64937
latency,weave,1,priority_mix_low,256,489,64577,64647
latency,weave,1,priority_mix_low,256,490,64016,64096
latency,weave,1,priority_mix_low,256,491,63535,63605
latency,weave,1,priority_mix_low,256,492,63285,63355
latency,weave,1,priority_mix_low,256,493,62804,62874
latency,weave,1,priority_mix_low,256,494,62083,62153
latency,weave,1,priority_mix_low,256,495,61682,61762
latency,weave,1,priority_mix_low,256,496,61452,61532
latency,weave,1,priority_mix_low,256,497,60970,61041
latency,weave,1,priority_mix_low,256,498,60610,60680
latency,weave,1,priority_mix_low,256,499,60138,60209
latency,weave,1,priority_mix_low,256,500,59738,59808
latency,weave,1,priority_mix_low,256,501,59097,59167
latency,weave,1,priority_mix_low,256,502,58886,58956
latency,weave,1,priority_mix_low,256,503,58456,58536
latency,weave,1,priority_mix_low,256,504,58025,58105
latency,weave,1,priority_mix_low,256,505,57524,57604
latency,weave,1,priority_mix_low,256,506,57213,57294
latency,weave,1,priority_mix_low,256,507,56812,56882
latency,weave,1,priority_mix_low,256,508,56432,56502
latency,weave,1,priority_mix_low,256,509,55700,55770
latency,weave,1,priority_mix_low,256,510,55150,55230
latency,weave,1,priority_mix_low,256,511,54858,54939
latency,weave,1,priority_mix_high,256,512,50901,51041
latency,weave,1,priority_mix_high,256,513,35342,35422
latency,weave,1,priority_mix_high,256,514,35331,35402
latency,weave,1,priority_mix_high,256,515,35021,35091
latency,weave,1,priority_mix_high,256,516,34920,34991
latency,weave,1,priority_mix_high,256,517,35020,35100
latency,weave,1,priority_mix_high,256,518,182130,182260
latency,weave,1,priority_mix_high,256,519,182270,182340
latency,weave,1,priority_mix_high,256,520,182299,182379
latency,weave,1,priority_mix_high,256,521,182279,182359
latency,weave,1,priority_mix_high,256,522,182240,182320
latency,weave,1,priority_mix_high,256,523,182049,182129
latency,weave,1,priority_mix_high,256,524,181989,182059
latency,weave,1,priority_mix_high,256,525,181929,182009
latency,weave,1,priority_mix_high,256,526,181759,181839
latency,weave,1,priority_mix_high,256,527,181688,181758
latency,weave,1,priority_mix_high,256,528,181609,181679
latency,weave,1,priority_mix_high,256,529,181418,181488
latency,weave,1,priority_mix_high,256,530,181368,181448
latency,weave,1,priority_mix_high,256,531,181277,181347
latency,weave,1,priority_mix_high,256,532,181208,181288
latency,weave,1,priority_mix_high,256,533,181157,181237
latency,weave,1,priority_mix_high,256,534,181007,181077
latency,weave,1,priority_mix_high,256,535,180947,181017
latency,weave,1,priority_mix_high,256,536,180897,180967
latency,weave,1,priority_mix_high,256,537,180736,180806
latency,weave,1,priority_mix_high,256,538,180687,180757
latency,weave,1,priority_mix_high,256,539,180556,180626
latency,weave,1,priority_mix_high,256,540,180496,180576
latency,weave,1,priority_mix_high,256,541,180456,180536
latency,weave,1,priority_mix_high,256,542,180306,180386
latency,weave,1,priority_mix_high,256,543,180256,180336
latency,weave,1,priority_mix_high,256,544,180206,180286
latency,weave,1,priority_mix_high,256,545,324919,325060
latency,weave,1,priority_mix_high,256,546,324990,325060
latency,weave,1,priority_mix_high,256,547,324840,324910
latency,weave,1,priority_mix_high,256,548,324759,324829
latency,weave,1,priority_mix_high,256,549,324549,324629
latency,weave,1,priority_mix_high,256,550,291416,291486
latency,weave,1,priority_mix_high,256,551,291256,291326
latency,weave,1,priority_mix_high,256,552,291216,291286
latency,weave,1,priority_mix_high,256,553,290876,290946
latency,weave,1,priority_mix_high,256,554,290815,290895
latency,weave,1,priority_mix_high,256,555,290665,290745
latency,weave,1,priority_mix_high,256,556,290575,290655
latency,weave,1,priority_mix_high,256,557,290505,290585
latency,weave,1,priority_mix_high,256,558,290364,290444
latency,weave,1,priority_mix_high,256,559,290314,290385
latency,weave,1,priority_mix_high,256,560,290254,290324
latency,weave,1,priority_mix_high,256,561,290103,290184
latency,weave,1,priority_mix_high,256,562,290064,290134
latency,weave,1,priority_mix_high,256,563,289923,289994
latency,weave,1,priority_mix_high,256,564,289963,290043
latency,weave,1,priority_mix_high,256,565,289944,290014
latency,weave,1,priority_mix_high,256,566,289803,289873
latency,weave,1,priority_mix_high,256,567,289743,289823
latency,weave,1,priority_mix_high,256,568,289693,289763
latency,weave,1,priority_mix_high,256,569,289623,289703
latency,weave,1,priority_mix_high,256,570,289592,289672
latency,weave,1,priority_mix_high,256,571,290084,290154
latency,weave,1,priority_mix_high,256,572,289753,289833
latency,weave,1,priority_mix_high,256,573,289633,289713
latency,weave,1,priority_mix_high,256,574,289523,289593
latency,weave,1,priority_mix_high,256,575,289402,289482
latency,weave,1,priority_mix_high,256,576,289283,289353
latency,weave,1,priority_mix_high,256,577,289352,289423
latency,weave,1,priority_mix_high,256,578,289212,289292
latency,weave,1,priority_mix_high,256,579,289252,289322
latency,weave,1,priority_mix_high,256,580,289061,289131
latency,weave,1,priority_mix_high,256,581,288872,288942
latency,weave,1,priority_mix_high,256,582,288731,288811
latency,weave,1,priority_mix_high,256,583,283431,283511
latency,weave,1,priority_mix_high,256,584,283431,283522
latency,weave,1,priority_mix_high,256,585,283481,283561
latency,weave,1,priority_mix_high,256,586,283381,283451
latency,weave,1,priority_mix_high,256,587,283261,283341
latency,weave,1,priority_mix_high,256,588,283151,283221
latency,weave,1,priority_mix_high,256,589,283030,283110
latency,weave,1,priority_mix_high,256,590,283060,283130
latency,weave,1,priority_mix_high,256,591,282940,283021
latency,weave,1,priority_mix_high,256,592,282830,282900
latency,weave,1,priority_mix_high,256,593,282709,282790
latency,weave,1,priority_mix_high,256,594,282600,282670
latency,weave,1,priority_mix_high,256,595,282600,282680
latency,weave,1,priority_mix_high,256,596,282639,282720
latency,weave,1,priority_mix_high,256,597,282659,282739
latency,weave,1,priority_mix_normal,256,598,353394,353464
latency,weave,1,priority_mix_normal,256,599,352882,352952
latency,weave,1,priority_mix_normal,256,600,352793,352873
latency,weave,1,priority_mix_normal,256,601,352442,352512
latency,weave,1,priority_mix_normal,256,602,352412,352492
latency,weave,1,priority_mix_normal,256,603,352472,352542
latency,weave,1,priority_mix_normal,256,604,352301,352371
latency,weave,1,priority_mix_normal,256,605,352242,352322
latency,weave,1,priority_mix_normal,256,606,352021,352091
latency,weave,1,priority_mix_normal,256,607,351941,352021
latency,weave,1,priority_mix_normal,256,608,352011,352081
latency,weave,1,priority_mix_normal,256,609,351831,351901
latency,weave,1,priority_mix_normal,256,610,351750,351820
latency,weave,1,priority_mix_normal,256,611,351680,351750
latency,weave,1,priority_mix_normal,256,612,351510,351580
latency,weave,1,priority_mix_normal,256,613,351460,351540
latency,weave,1,priority_mix_normal,256,614,351380,351450
latency,weave,1,priority_mix_normal,256,615,351289,351359
latency,weave,1,priority_mix_normal,256,616,351240,351310
latency,weave,1,priority_mix_normal,256,617,351099,351179
latency,weave,1,priority_mix_normal,256,618,351039,351110
latency,weave,1,priority_mix_normal,256,619,351019,351089
latency,weave,1,priority_mix_normal,256,620,350979,351049
latency,weave,1,priority_mix_normal,256,621,350919,350999
latency,weave,1,priority_mix_normal,256,622,350769,350849
latency,weave,1,priority_mix_normal,256,623,350718,350798
latency,weave,1,priority_mix_normal,256,624,350669,350739
latency,weave,1,priority_mix_normal,256,625,350578,350648
latency,weave,1,priority_mix_normal,256,626,350638,350718
latency,weave,1,priority_mix_normal,256,627,350588,350669
latency,weave,1,priority_mix_normal,256,628,350458,350528
latency,weave,1,priority_mix_normal,256,629,350397,350468
latency,weave,1,priority_mix_normal,256,630,350268,350338
latency,weave,1,priority_mix_normal,256,631,350258,350338
latency,weave,1,priority_mix_normal,256,632,350327,350397
latency,weave,1,priority_mix_normal,256,633,350178,350248
latency,weave,1,priority_mix_normal,256,634,349957,350037
latency,weave,1,priority_mix_normal,256,635,349847,349917
latency,weave,1,priority_mix_normal,256,636,316674,316744
latency,weave,1,priority_mix_normal,256,637,316654,316724
latency,weave,1,priority_mix_normal,256,638,316454,316534
latency,weave,1,priority_mix_normal,256,639,316393,316463
latency,weave,1,priority_mix_normal,256,640,316334,316414
latency,weave,1,priority_mix_normal,256,641,316243,316313
latency,weave,1,priority_mix_normal,256,642,316163,316233
latency,weave,1,priority_mix_normal,256,643,316203,316273
latency,weave,1,priority_mix_normal,256,644,316053,316123
latency,weave,1,priority_mix_normal,256,645,316002,316072
latency,weave,1,priority_mix_normal,256,646,315853,315923
latency,weave,1,priority_mix_normal,256,647,315792,315872
latency,weave,1,priority_mix_normal,256,648,315822,315902
latency,weave,1,priority_mix_normal,256,649,315813,315893
latency,weave,1,priority_mix_normal,256,650,315762,315842
latency,weave,1,priority_mix_normal,256,651,315713,315783
latency,weave,1,priority_mix_normal,256,652,315562,315632
latency,weave,1,priority_mix_normal,256,653,315502,315582
latency,weave,1,priority_mix_normal,256,654,315421,315501
latency,weave,1,priority_mix_normal,256,655,315482,315562
latency,weave,1,priority_mix_normal,256,656,315441,315512
latency,weave,1,priority_mix_normal,256,657,315181,315261
latency,weave,1,priority_mix_normal,256,658,314870,314951
latency,weave,1,priority_mix_normal,256,659,314760,314840
latency,weave,1,priority_mix_normal,256,660,314690,314761
latency,weave,1,priority_mix_normal,256,661,314680,314750
latency,weave,1,priority_mix_normal,256,662,314550,314630
latency,weave,1,priority_mix_normal,256,663,314420,314490
latency,weave,1,priority_mix_normal,256,664,314280,314360
latency,weave,1,priority_mix_normal,256,665,314159,314229
latency,weave,1,priority_mix_normal,256,666,313979,314049
latency,weave,1,priority_mix_normal,256,667,313958,314029
latency,weave,1,priority_mix_normal,256,668,308869,308939
latency,weave,1,priority_mix_normal,256,669,308498,308569
latency,weave,1,priority_mix_normal,256,670,308378,308448
latency,weave,1,priority_mix_normal,256,671,308268,308339
latency,weave,1,priority_mix_normal,256,672,308218,308298
latency,weave,1,priority_mix_normal,256,673,308218,308298
latency,weave,1,priority_mix_normal,256,674,308108,308178
latency,weave,1,priority_mix_normal,256,675,307998,308078
latency,weave,1,priority_mix_normal,256,676,307887,307957
latency,weave,1,priority_mix_normal,256,677,307767,307847
latency,weave,1,priority_mix_normal,256,678,307677,307757
latency,weave,1,priority_mix_normal,256,679,307677,307757
latency,weave,1,priority_mix_normal,256,680,307556,307626
latency,weave,1,priority_mix_normal,256,681,307437,307517
latency,weave,1,priority_mix_normal,256,682,307326,307396
latency,weave,1,priority_mix_low,256,683,377269,377349
latency,weave,1,priority_mix_low,256,684,377309,377379
latency,weave,1,priority_mix_low,256,685,377238,377318
latency,weave,1,priority_mix_low,256,686,376898,376978
latency,weave,1,priority_mix_low,256,687,376838,376908
latency,weave,1,priority_mix_low,256,688,376618,376688
latency,weave,1,priority_mix_low,256,689,376587,376667
latency,weave,1,priority_mix_low,256,690,376618,376698
latency,weave,1,priority_mix_low,256,691,376407,376488
latency,weave,1,priority_mix_low,256,692,376337,376417
latency,weave,1,priority_mix_low,256,693,376266,376347
latency,weave,1,priority_mix_low,256,694,376077,376157
latency,weave,1,priority_mix_low,256,695,376046,376117
latency,weave,1,priority_mix_low,256,696,375986,376066
latency,weave,1,priority_mix_low,256,697,375906,375986
latency,weave,1,priority_mix_low,256,698,375826,375906
latency,weave,1,priority_mix_low,256,699,375606,375676
latency,weave,1,priority_mix_low,256,700,375535,375615
latency,weave,1,priority_mix_low,256,701,375606,375676
latency,weave,1,priority_mix_low,256,702,375596,375666
latency,weave,1,priority_mix_low,256,703,375525,375605
latency,weave,1,priority_mix_low,256,704,375366,375436
latency,weave,1,priority_mix_low,256,705,375305,375375
latency,weave,1,priority_mix_low,256,706,375234,375315
latency,weave,1,priority_mix_low,256,707,375235,375315
latency,weave,1,priority_mix_low,256,708,375185,375255
latency,weave,1,priority_mix_low,256,709,375124,375194
latency,weave,1,priority_mix_low,256,710,374985,375065
latency,weave,1,priority_mix_low,256,711,374914,374994
latency,weave,1,priority_mix_low,256,712,374844,374914
latency,weave,1,priority_mix_low,256,713,374904,374985
latency,weave,1,priority_mix_low,256,714,374854,374924
latency,weave,1,priority_mix_low,256,715,374713,374784
latency,weave,1,priority_mix_low,256,716,374664,374734
latency,weave,1,priority_mix_low,256,717,374603,374674
latency,weave,1,priority_mix_low,256,718,374563,374633
latency,weave,1,priority_mix_low,256,719,374454,374524
latency,weave,1,priority_mix_low,256,720,341531,341601
latency,weave,1,priority_mix_low,256,721,341181,341261
latency,weave,1,priority_mix_low,256,722,341080,341160
latency,weave,1,priority_mix_low,256,723,340740,340810
latency,weave,1,priority_mix_low,256,724,340779,340850
latency,weave,1,priority_mix_low,256,725,340840,340920
latency,weave,1,priority_mix_low,256,726,340690,340760
latency,weave,1,priority_mix_low,256,727,340629,340699
latency,weave,1,priority_mix_low,256,728,340459,340529
latency,weave,1,priority_mix_low,256,729,340389,340469
latency,weave,1,priority_mix_low,256,730,340369,340449
latency,weave,1,priority_mix_low,256,731,340338,340419
latency,weave,1,priority_mix_low,256,732,340289,340359
latency,weave,1,priority_mix_low,256,733,340228,340298
latency,weave,1,priority_mix_low,256,734,340088,340158
latency,weave,1,priority_mix_low,256,735,340038,340108
latency,weave,1,priority_mix_low,256,736,339978,340058
latency,weave,1,priority_mix_low,256,737,340049,340119
latency,weave,1,priority_mix_low,256,738,339988,340058
latency,weave,1,priority_mix_low,256,739,339808,339888
latency,weave,1,priority_mix_low,256,740,339748,339828
latency,weave,1,priority_mix_low,256,741,339688,339768
latency,weave,1,priority_mix_low,256,742,339247,339327
latency,weave,1,priority_mix_low,256,743,339257,339327
latency,weave,1,priority_mix_low,256,744,339126,339206
latency,weave,1,priority_mix_low,256,745,339006,339086
latency,weave,1,priority_mix_low,256,746,338896,338966
latency,weave,1,priority_mix_low,256,747,338756,338836
latency,weave,1,priority_mix_low,256,748,338625,338705
latency,weave,1,priority_mix_low,256,749,338616,338686
latency,weave,1,priority_mix_low,256,750,338485,338556
latency,weave,1,priority_mix_low,256,751,338215,338285
latency,weave,1,priority_mix_low,256,752,338084,338155
latency,weave,1,priority_mix_low,256,753,332865,332935
latency,weave,1,priority_mix_low,256,754,332845,332915
latency,weave,1,priority_mix_low,256,755,332875,332955
latency,weave,1,priority_mix_low,256,756,332764,332834
latency,weave,1,priority_mix_low,256,757,332644,332725
latency,weave,1,priority_mix_low,256,758,332534,332604
latency,weave,1,priority_mix_low,256,759,332413,332494
latency,weave,1,priority_mix_low,256,760,332444,332514
latency,weave,1,priority_mix_low,256,761,332324,332394
latency,weave,1,priority_mix_low,256,762,332203,332283
latency,weave,1,priority_mix_low,256,763,332094,332164
latency,weave,1,priority_mix_low,256,764,331973,332053
latency,weave,1,priority_mix_low,256,765,331913,331993
latency,weave,1,priority_mix_low,256,766,331942,332013
latency,weave,1,priority_mix_low,256,767,331823,331903
latency,weave,1,priority_mix_high,256,768,32055,32186
latency,weave,1,priority_mix_high,256,769,14452,14532
latency,weave,1,priority_mix_high,256,770,14783,14863
latency,weave,1,priority_mix_high,256,771,14622,14702
latency,weave,1,priority_mix_high,256,772,14723,14793
latency,weave,1,priority_mix_high,256,773,15003,15073
latency,weave,1,priority_mix_high,256,774,14983,15083
latency,weave,1,priority_mix_high,256,775,15204,15304
latency,weave,1,priority_mix_high,256,776,15214,15304
latency,weave,1,priority_mix_high,256,777,15213,15284
latency,weave,1,priority_mix_high,256,778,15223,15293
latency,weave,1,priority_mix_high,256,779,15104,15184
latency,weave,1,priority_mix_high,256,780,15294,15394
latency,weave,1,priority_mix_high,256,781,15373,15444
latency,weave,1,priority_mix_high,256,782,15323,15403
latency,weave,1,priority_mix_high,256,783,15464,15534
latency,weave,1,priority_mix_high,256,784,15544,15614
latency,weave,1,priority_mix_high,256,785,15443,15514
latency,weave,1,priority_mix_high,256,786,15544,15614
latency,weave,1,priority_mix_high,256,787,15464,15534
latency,weave,1,priority_mix_high,256,788,15494,15584
latency,weave,1,priority_mix_high,256,789,15614,15684
latency,weave,1,priority_mix_high,256,790,15624,15694
latency,weave,1,priority_mix_high,256,791,15705,15785
latency,weave,1,priority_mix_high,256,792,15724,15825
latency,weave,1,priority_mix_high,256,793,15684,15764
latency,weave,1,priority_mix_high,256,794,15845,15925
latency,weave,1,priority_mix_high,256,795,15725,15805
latency,weave,1,priority_mix_high,256,796,15935,16035
latency,weave,1,priority_mix_high,256,797,16096,16206
latency,weave,1,priority_mix_high,256,798,16105,16175
latency,weave,1,priority_mix_high,256,799,16225,16305
latency,weave,1,priority_mix_high,256,800,16246,16316
latency,weave,1,priority_mix_high,256,801,16195,16276
latency,weave,1,priority_mix_high,256,802,15935,16025
latency,weave,1,priority_mix_high,256,803,16045,16125
latency,weave,1,priority_mix_high,256,804,16135,16225
latency,weave,1,priority_mix_high,256,805,16206,16276
latency,weave,1,priority_mix_high,256,806,15564,15634
latency,weave,1,priority_mix_high,256,807,16045,16115
latency,weave,1,priority_mix_high,256,808,15815,15885
latency,weave,1,priority_mix_high,256,809,15374,15454
latency,weave,1,priority_mix_high,256,810,15223,15294
latency,weave,1,priority_mix_high,256,811,15023,15103
latency,weave,1,priority_mix_high,256,812,14653,14723
latency,weave,1,priority_mix_high,256,813,14502,14572
latency,weave,1,priority_mix_high,256,814,13800,13901
latency,weave,1,priority_mix_high,256,815,13600,13670
latency,weave,1,priority_mix_high,256,816,13390,13460
latency,weave,1,priority_mix_high,256,817,12969,13039
latency,weave,1,priority_mix_high,256,818,12739,12819
latency,weave,1,priority_mix_high,256,819,12278,12348
latency,weave,1,priority_mix_high,256,820,12178,12248
latency,weave,1,priority_mix_high,256,821,11797,11877
latency,weave,1,priority_mix_high,256,822,11476,11556
latency,weave,1,priority_mix_high,256,823,11216,11286
latency,weave,1,priority_mix_high,256,824,11026,11106
latency,weave,1,priority_mix_high,256,825,10675,10755
latency,weave,1,priority_mix_high,256,826,10474,10554
latency,weave,1,priority_mix_high,256,827,9893,9963
latency,weave,1,priority_mix_high,256,828,9683,9773
latency,weave,1,priority_mix_high,256,829,8781,8851
latency,weave,1,priority_mix_high,256,830,8450,8520
latency,weave,1,priority_mix_high,256,831,8090,8170
latency,weave,1,priority_mix_high,256,832,7890,7960
latency,weave,1,priority_mix_high,256,833,7409,7479
latency,weave,1,priority_mix_high,256,834,7198,7288
latency,weave,1,priority_mix_high,256,835,6467,6537
latency,weave,1,priority_mix_high,256,836,6467,6537
latency,weave,1,priority_mix_high,256,837,6337,6417
latency,weave,1,priority_mix_high,256,838,6016,6097
latency,weave,1,priority_mix_high,256,839,5806,5886
latency,weave,1,priority_mix_high,256,840,5595,5675
latency,weave,1,priority_mix_high,256,841,5075,5165
latency,weave,1,priority_mix_high,256,842,4753,4823
latency,weave,1,priority_mix_high,256,843,4313,4383
latency,weave,1,priority_mix_high,256,844,4083,4153
latency,weave,1,priority_mix_high,256,845,3973,4053
latency,weave,1,priority_mix_high,256,846,3391,3461
latency,weave,1,priority_mix_high,256,847,3251,3341
latency,weave,1,priority_mix_high,256,848,2931,3001
latency,weave,1,priority_mix_high,256,849,2680,2760
latency,weave,1,priority_mix_high,256,850,2629,2709
latency,weave,1,priority_mix_high,256,851,2119,2189
latency,weave,1,priority_mix_high,256,852,1758,1838
latency,weave,1,priority_mix_high,256,853,1948,2029
latency,weave,1,priority_mix_normal,256,854,51151,51221
latency,weave,1,priority_mix_normal,256,855,50601,50671
latency,weave,1,priority_mix_normal,256,856,50580,50650
latency,weave,1,priority_mix_normal,256,857,50240,50310
latency,weave,1,priority_mix_normal,256,858,50059,50139
latency,weave,1,priority_mix_normal,256,859,50160,50240
latency,weave,1,priority_mix_normal,256,860,50160,50230
latency,weave,1,priority_mix_normal,256,861,50129,50199
latency,weave,1,priority_mix_normal,256,862,49929,50009
latency,weave,1,priority_mix_normal,256,863,49879,49949
latency,weave,1,priority_mix_normal,256,864,49879,49959
latency,weave,1,priority_mix_normal,256,865,49829,49899
latency,weave,1,priority_mix_normal,256,866,49799,49879
latency,weave,1,priority_mix_normal,256,867,49779,49859
latency,weave,1,priority_mix_normal,256,868,49618,49688
latency,weave,1,priority_mix_normal,256,869,49619,49689
latency,weave,1,priority_mix_normal,256,870,49569,49639
latency,weave,1,priority_mix_normal,256,871,49518,49588
latency,weave,1,priority_mix_normal,256,872,49469,49539
latency,weave,1,priority_mix_normal,256,873,49338,49408
latency,weave,1,priority_mix_normal,256,874,49328,49408
latency,weave,1,priority_mix_normal,256,875,49408,49489
latency,weave,1,priority_mix_normal,256,876,49268,49348
latency,weave,1,priority_mix_normal,256,877,49218,49298
latency,weave,1,priority_mix_normal,256,878,49078,49148
latency,weave,1,priority_mix_normal,256,879,49068,49138
latency,weave,1,priority_mix_normal,256,880,49157,49227
latency,weave,1,priority_mix_normal,256,881,49008,49078
latency,weave,1,priority_mix_normal,256,882,48967,49038
latency,weave,1,priority_mix_normal,256,883,48937,49007
latency,weave,1,priority_mix_normal,256,884,48908,48978
latency,weave,1,priority_mix_normal,256,885,48997,49078
latency,weave,1,priority_mix_normal,256,886,48847,48927
latency,weave,1,priority_mix_normal,256,887,48797,48877
latency,weave,1,priority_mix_normal,256,888,48426,48506
latency,weave,1,priority_mix_normal,256,889,48266,48337
latency,weave,1,priority_mix_normal,256,890,48356,48426
latency,weave,1,priority_mix_normal,256,891,48266,48346
latency,weave,1,priority_mix_normal,256,892,47184,47264
latency,weave,1,priority_mix_normal,256,893,46834,46914
latency,weave,1,priority_mix_normal,256,894,46433,46503
latency,weave,1,priority_mix_normal,256,895,46222,46292
latency,weave,1,priority_mix_normal,256,896,45822,45892
latency,weave,1,priority_mix_normal,256,897,45360,45431
latency,weave,1,priority_mix_normal,256,898,45160,45230
latency,weave,1,priority_mix_normal,256,899,44790,44860
latency,weave,1,priority_mix_normal,256,900,44218,44289
latency,weave,1,priority_mix_normal,256,901,43868,43938
latency,weave,1,priority_mix_normal,256,902,43266,43337
latency,weave,1,priority_mix_normal,256,903,42926,43006
latency,weave,1,priority_mix_normal,256,904,42605,42676
latency,weave,1,priority_mix_normal,256,905,42254,42334
latency,weave,1,priority_mix_normal,256,906,41954,42034
latency,weave,1,priority_mix_normal,256,907,41633,41713
latency,weave,1,priority_mix_normal,256,908,41153,41223
latency,weave,1,priority_mix_normal,256,909,41043,41113
latency,weave,1,priority_mix_normal,256,910,40671,40742
latency,weave,1,priority_mix_normal,256,911,40311,40391
latency,weave,1,priority_mix_normal,256,912,39930,40001
latency,weave,1,priority_mix_normal,256,913,39279,39349
latency,weave,1,priority_mix_normal,256,914,38628,38698
latency,weave,1,priority_mix_normal,256,915,38328,38398
latency,weave,1,priority_mix_normal,256,916,37676,37756
latency,weave,1,priority_mix_normal,256,917,37266,37336
latency,weave,1,priority_mix_normal,256,918,36524,36594
latency,weave,1,priority_mix_normal,256,919,36484,36564
latency,weave,1,priority_mix_normal,256,920,36264,36344
latency,weave,1,priority_mix_normal,256,921,35482,35552
latency,weave,1,priority_mix_normal,256,922,35212,35282
latency,weave,1,priority_mix_normal,256,923,34931,35001
latency,weave,1,priority_mix_normal,256,924,34580,34650
latency,weave,1,priority_mix_normal,256,925,34440,34510
latency,weave,1,priority_mix_normal,256,926,33799,33869
latency,weave,1,priority_mix_normal,256,927,33348,33418
latency,weave,1,priority_mix_normal,256,928,33007,33077
latency,weave,1,priority_mix_normal,256,929,32406,32486
latency,weave,1,priority_mix_normal,256,930,32225,32296
latency,weave,1,priority_mix_normal,256,931,31855,31925
latency,weave,1,priority_mix_normal,256,932,31264,31334
latency,weave,1,priority_mix_normal,256,933,30973,31053
latency,weave,1,priority_mix_normal,256,934,30432,30513
latency,weave,1,priority_mix_normal,256,935,30292,30362
latency,weave,1,priority_mix_normal,256,936,30022,30102
latency,weave,1,priority_mix_normal,256,937,29420,29490
latency,weave,1,priority_mix_normal,256,938,29000,29070
latency,weave,1,priority_mix_low,256,939,77240,77321
latency,weave,1,priority_mix_low,256,940,77261,77331
latency,weave,1,priority_mix_low,256,941,77261,77331
latency,weave,1,priority_mix_low,256,942,76980,77051
latency,weave,1,priority_mix_low,256,943,76830,76900
latency,weave,1,priority_mix_low,256,944,76770,76840
latency,weave,1,priority_mix_low,256,945,76720,76790
latency,weave,1,priority_mix_low,256,946,76660,76740
latency,weave,1,priority_mix_low,256,947,76439,76509
latency,weave,1,priority_mix_low,256,948,76420,76500
latency,weave,1,priority_mix_low,256,949,76550,76620
latency,weave,1,priority_mix_low,256,950,76329,76399
latency,weave,1,priority_mix_low,256,951,76270,76340
latency,weave,1,priority_mix_low,256,952,76119,76189
latency,weave,1,priority_mix_low,256,953,76069,76139
latency,weave,1,priority_mix_low,256,954,76169,76239
latency,weave,1,priority_mix_low,256,955,75979,76049
latency,weave,1,priority_mix_low,256,956,75928,75998
latency,weave,1,priority_mix_low,256,957,75888,75958
latency,weave,1,priority_mix_low,256,958,75738,75819
latency,weave,1,priority_mix_low,256,959,75838,75918
latency,weave,1,priority_mix_low,256,960,75688,75768
latency,weave,1,priority_mix_low,256,961,75648,75718
latency,weave,1,priority_mix_low,256,962,75598,75668
latency,weave,1,priority_mix_low,256,963,75537,75607
latency,weave,1,priority_mix_low,256,964,75638,75718
latency,weave,1,priority_mix_low,256,965,75598,75678
latency,weave,1,priority_mix_low,256,966,75427,75497
latency,weave,1,priority_mix_low,256,967,75398,75468
latency,weave,1,priority_mix_low,256,968,75307,75387
latency,weave,1,priority_mix_low,256,969,75387,75457
latency,weave,1,priority_mix_low,256,970,75337,75408
latency,weave,1,priority_mix_low,256,971,75177,75257
latency,weave,1,priority_mix_low,256,972,74816,74897
latency,weave,1,priority_mix_low,256,973,74766,74836
latency,weave,1,priority_mix_low,256,974,74686,74756
latency,weave,1,priority_mix_low,256,975,74636,74716
latency,weave,1,priority_mix_low,256,976,73735,73815
latency,weave,1,priority_mix_low,256,977,73373,73453
latency,weave,1,priority_mix_low,256,978,73063,73143
latency,weave,1,priority_mix_low,256,979,72501,72582
latency,weave,1,priority_mix_low,256,980,72282,72352
latency,weave,1,priority_mix_low,256,981,71910,71981
latency,weave,1,priority_mix_low,256,982,71400,71470
latency,weave,1,priority_mix_low,256,983,71079,71160
latency,weave,1,priority_mix_low,256,984,70528,70608
latency,weave,1,priority_mix_low,256,985,69998,70068
latency,weave,1,priority_mix_low,256,986,69757,69827
latency,weave,1,priority_mix_low,256,987,69036,69106
latency,weave,1,priority_mix_low,256,988,69056,69136
latency,weave,1,priority_mix_low,256,989,68815,68885
latency,weave,1,priority_mix_low,256,990,68364,68434
latency,weave,1,priority_mix_low,256,991,68014,68094
latency,weave,1,priority_mix_low,256,992,67512,67582
latency,weave,1,priority_mix_low,256,993,67442,67522
latency,weave,1,priority_mix_low,256,994,67202,67282
latency,weave,1,priority_mix_low,256,995,66721,66791
latency,weave,1,priority_mix_low,256,996,66481,66551
latency,weave,1,priority_mix_low,256,997,65929,66009
latency,weave,1,priority_mix_low,256,998,65459,65529
latency,weave,1,priority_mix_low,256,999,64798,64868
latency,weave,1,priority_mix_low,256,1000,63986,64056
latency,weave,1,priority_mix_low,256,1001,63636,63706
latency,weave,1,priority_mix_low,256,1002,63224,63294
latency,weave,1,priority_mix_low,256,1003,62574,62644
latency,weave,1,priority_mix_low,256,1004,62372,62443
latency,weave,1,priority_mix_low,256,1005,62012,62092
latency,weave,1,priority_mix_low,256,1006,61270,61341
latency,weave,1,priority_mix_low,256,1007,61040,61110
latency,weave,1,priority_mix_low,256,1008,60660,60740
latency,weave,1,priority_mix_low,256,1009,60519,60599
latency,weave,1,priority_mix_low,256,1010,60209,60289
latency,weave,1,priority_mix_low,256,1011,59437,59517
latency,weave,1,priority_mix_low,256,1012,59087,59157
latency,weave,1,priority_mix_low,256,1013,58846,58927
latency,weave,1,priority_mix_low,256,1014,58315,58395
latency,weave,1,priority_mix_low,256,1015,58065,58135
latency,weave,1,priority_mix_low,256,1016,57403,57473
latency,weave,1,priority_mix_low,256,1017,57063,57143
latency,weave,1,priority_mix_low,256,1018,56732,56812
latency,weave,1,priority_mix_low,256,1019,56392,56462
latency,weave,1,priority_mix_low,256,1020,56081,56161
latency,weave,1,priority_mix_low,256,1021,55750,55830
latency,weave,1,priority_mix_low,256,1022,55069,55149
latency,weave,1,priority_mix_low,256,1023,54749,54829
latency,weave,1,priority_mix_high,256,1024,27908,28058
latency,weave,1,priority_mix_high,256,1025,10515,10615
latency,weave,1,priority_mix_high,256,1026,10615,10705
latency,weave,1,priority_mix_high,256,1027,10415,10485
latency,weave,1,priority_mix_high,256,1028,10544,10635
latency,weave,1,priority_mix_high,256,1029,10876,10946
latency,weave,1,priority_mix_high,256,1030,10886,10966
latency,weave,1,priority_mix_high,256,1031,11056,11146
latency,weave,1,priority_mix_high,256,1032,11095,11165
latency,weave,1,priority_mix_high,256,1033,11096,11206
latency,weave,1,priority_mix_high,256,1034,11166,11236
latency,weave,1,priority_mix_high,256,1035,11126,11196
latency,weave,1,priority_mix_high,256,1036,11185,11266
latency,weave,1,priority_mix_high,256,1037,11246,11316
latency,weave,1,priority_mix_high,256,1038,11276,11346
latency,weave,1,priority_mix_high,256,1039,11256,11336
latency,weave,1,priority_mix_high,256,1040,11406,11477
latency,weave,1,priority_mix_high,256,1041,11326,11396
latency,weave,1,priority_mix_high,256,1042,11306,11396
latency,weave,1,priority_mix_high,256,1043,11326,11396
latency,weave,1,priority_mix_high,256,1044,11487,11557
latency,weave,1,priority_mix_high,256,1045,11516,11586
latency,weave,1,priority_mix_high,256,1046,11376,11446
latency,weave,1,priority_mix_high,256,1047,11497,11567
latency,weave,1,priority_mix_high,256,1048,11487,11577
latency,weave,1,priority_mix_high,256,1049,11416,11486
latency,weave,1,priority_mix_high,256,1050,11426,11496
latency,weave,1,priority_mix_high,256,1051,10906,10986
latency,weave,1,priority_mix_high,256,1052,10735,10806
latency,weave,1,priority_mix_high,256,1053,10384,10474
latency,weave,1,priority_mix_high,256,1054,9964,10044
latency,weave,1,priority_mix_high,256,1055,9683,9753
latency,weave,1,priority_mix_high,256,1056,9543,9613
latency,weave,1,priority_mix_high,256,1057,9102,9182
latency,weave,1,priority_mix_high,256,1058,8902,8982
latency,weave,1,priority_mix_high,256,1059,8501,8571
latency,weave,1,priority_mix_high,256,1060,8280,8361
latency,weave,1,priority_mix_high,256,1061,8210,8280
latency,weave,1,priority_mix_high,256,1062,7859,7929
latency,weave,1,priority_mix_high,256,1063,7679,7759
latency,weave,1,priority_mix_high,256,1064,7799,7869
latency,weave,1,priority_mix_high,256,1065,7378,7448
latency,weave,1,priority_mix_high,256,1066,7198,7268
latency,weave,1,priority_mix_high,256,1067,6758,6838
latency,weave,1,priority_mix_high,256,1068,6426,6507
latency,weave,1,priority_mix_high,256,1069,6346,6426
latency,weave,1,priority_mix_high,256,1070,5866,5936
latency,weave,1,priority_mix_high,256,1071,5676,5746
latency,weave,1,priority_mix_high,256,1072,5596,5676
latency,weave,1,priority_mix_high,256,1073,5074,5144
latency,weave,1,priority_mix_high,256,1074,4924,5004
latency,weave,1,priority_mix_high,256,1075,4313,4383
latency,weave,1,priority_mix_high,256,1076,4002,4072
latency,weave,1,priority_mix_high,256,1077,4033,4133
latency,weave,1,priority_mix_high,256,1078,3631,3722
latency,weave,1,priority_mix_high,256,1079,3411,3482
latency,weave,1,priority_mix_high,256,1080,3171,3261
latency,weave,1,priority_mix_high,256,1081,2640,2710
latency,weave,1,priority_mix_high,256,1082,2470,2540
latency,weave,1,priority_mix_high,256,1083,1958,2039
latency,weave,1,priority_mix_high,256,1084,1868,1948
latency,weave,1,priority_mix_high,256,1085,1728,1808
latency,weave,1,priority_mix_high,256,1086,1357,1427
latency,weave,1,priority_mix_high,256,1087,1117,1217
latency,weave,1,priority_mix_high,256,1088,866,936
latency,weave,1,priority_mix_high,256,1089,346,416
latency,weave,1,priority_mix_normal,256,1090,39009,39099
latency,weave,1,priority_mix_high,256,1091,625,706
latency,weave,1,priority_mix_normal,256,1092,39058,39128
latency,weave,1,priority_mix_high,256,1093,686,776
latency,weave,1,priority_mix_high,256,1094,405,475
latency,weave,1,priority_mix_normal,256,1095,40121,40201
latency,weave,1,priority_mix_high,256,1096,536,626
latency,weave,1,priority_mix_normal,256,1097,40271,40341
latency,weave,1,priority_mix_high,256,1098,656,736
latency,weave,1,priority_mix_high,256,1099,335,415
latency,weave,1,priority_mix_normal,256,1100,41143,41213
latency,weave,1,priority_mix_normal,256,1101,41192,41262
latency,weave,1,priority_mix_high,256,1102,986,1056
latency,weave,1,priority_mix_high,256,1103,465,535
latency,weave,1,priority_mix_normal,256,1104,42044,42124
latency,weave,1,priority_mix_high,256,1105,666,746
latency,weave,1,priority_mix_normal,256,1106,42676,42756
latency,weave,1,priority_mix_high,256,1107,586,656
latency,weave,1,priority_mix_high,256,1108,325,405
latency,weave,1,priority_mix_normal,256,1109,43577,43677
latency,weave,1,priority_mix_high,256,1110,746,836
latency,weave,1,priority_mix_normal,256,1111,44108,44178
latency,weave,1,priority_mix_high,256,1112,596,666
latency,weave,1,priority_mix_high,256,1113,326,396
latency,weave,1,priority_mix_normal,256,1114,45020,45090
latency,weave,1,priority_mix_normal,256,1115,45070,45140
latency,weave,1,priority_mix_high,256,1116,1027,1097
latency,weave,1,priority_mix_high,256,1117,426,506
latency,weave,1,priority_mix_normal,256,1118,46072,46162
latency,weave,1,priority_mix_high,256,1119,646,726
latency,weave,1,priority_mix_high,256,1120,286,356
latency,weave,1,priority_mix_normal,256,1121,47084,47164
latency,weave,1,priority_mix_high,256,1122,646,716
latency,weave,1,priority_mix_high,256,1123,386,456
latency,weave,1,priority_mix_normal,256,1124,47875,47946
latency,weave,1,priority_mix_normal,256,1125,47855,47935
latency,weave,1,priority_mix_normal,256,1126,48286,48356
latency,weave,1,priority_mix_normal,256,1127,48146,48226
latency,weave,1,priority_mix_normal,256,1128,48096,48166
latency,weave,1,priority_mix_normal,256,1129,47925,47995
latency,weave,1,priority_mix_normal,256,1130,47886,47966
latency,weave,1,priority_mix_normal,256,1131,47855,47935
latency,weave,1,priority_mix_normal,256,1132,47675,47755
latency,weave,1,priority_mix_normal,256,1133,47796,47866
latency,weave,1,priority_mix_normal,256,1134,47414,47494
latency,weave,1,priority_mix_normal,256,1135,47345,47415
latency,weave,1,priority_mix_normal,256,1136,47274,47344
latency,weave,1,priority_mix_normal,256,1137,46623,46703
latency,weave,1,priority_mix_normal,256,1138,46292,46373
latency,weave,1,priority_mix_normal,256,1139,46022,46092
latency,weave,1,priority_mix_normal,256,1140,45400,45471
latency,weave,1,priority_mix_normal,256,1141,45000,45080
latency,weave,1,priority_mix_normal,256,1142,44529,44599
latency,weave,1,priority_mix_normal,256,1143,44398,44468
latency,weave,1,priority_mix_normal,256,1144,44058,44128
latency,weave,1,priority_mix_normal,256,1145,43477,43548
latency,weave,1,priority_mix_normal,256,1146,43146,43216
latency,weave,1,priority_mix_normal,256,1147,42835,42905
latency,weave,1,priority_mix_normal,256,1148,42365,42445
latency,weave,1,priority_mix_normal,256,1149,42075,42155
latency,weave,1,priority_mix_normal,256,1150,41573,41653
latency,weave,1,priority_mix_normal,256,1151,41163,41233
latency,weave,1,priority_mix_normal,256,1152,40942,41012
latency,weave,1,priority_mix_normal,256,1153,40451,40521
latency,weave,1,priority_mix_normal,256,1154,40181,40261
latency,weave,1,priority_mix_normal,256,1155,39820,39890
latency,weave,1,priority_mix_normal,256,1156,39249,39319
latency,weave,1,priority_mix_normal,256,1157,38968,39038
latency,weave,1,priority_mix_normal,256,1158,38558,38628
latency,weave,1,priority_mix_normal,256,1159,38197,38278
latency,weave,1,priority_mix_normal,256,1160,37786,37866
latency,weave,1,priority_mix_normal,256,1161,37024,37095
latency,weave,1,priority_mix_normal,256,1162,36854,36934
latency,weave,1,priority_mix_normal,256,1163,36694,36764
latency,weave,1,priority_mix_normal,256,1164,36174,36244
latency,weave,1,priority_mix_normal,256,1165,35782,35852
latency,weave,1,priority_mix_normal,256,1166,35192,35262
latency,weave,1,priority_mix_normal,256,1167,34920,34990
latency,weave,1,priority_mix_normal,256,1168,34620,34690
latency,weave,1,priority_mix_normal,256,1169,34080,34150
latency,weave,1,priority_mix_normal,256,1170,33759,33839
latency,weave,1,priority_mix_normal,256,1171,33398,33478
latency,weave,1,priority_mix_normal,256,1172,32867,32937
latency,weave,1,priority_mix_normal,256,1173,32566,32636
latency,weave,1,priority_mix_normal,256,1174,31885,31956
latency,weave,1,priority_mix_normal,256,1175,31444,31514
latency,weave,1,priority_mix_normal,256,1176,30993,31064
latency,weave,1,priority_mix_normal,256,1177,30482,30552
latency,weave,1,priority_mix_normal,256,1178,30182,30252
latency,weave,1,priority_mix_normal,256,1179,29781,29851
latency,weave,1,priority_mix_normal,256,1180,29250,29320
latency,weave,1,priority_mix_normal,256,1181,28909,28979
latency,weave,1,priority_mix_normal,256,1182,28378,28448
latency,weave,1,priority_mix_normal,256,1183,28018,28098
latency,weave,1,priority_mix_normal,256,1184,27687,27758
latency,weave,1,priority_mix_normal,256,1185,26966,27046
latency,weave,1,priority_mix_normal,256,1186,26645,26716
latency,weave,1,priority_mix_normal,256,1187,26174,26254
latency,weave,1,priority_mix_normal,256,1188,25774,25844
latency,weave,1,priority_mix_normal,256,1189,25392,25462
latency,weave,1,priority_mix_normal,256,1190,24601,24671
latency,weave,1,priority_mix_normal,256,1191,24300,24370
latency,weave,1,priority_mix_normal,256,1192,23900,23980
latency,weave,1,priority_mix_normal,256,1193,23489,23559
latency,weave,1,priority_mix_normal,256,1194,23238,23318
latency,weave,1,priority_mix_low,256,1195,75568,75638
latency,weave,1,priority_mix_low,256,1196,75467,75537
latency,weave,1,priority_mix_low,256,1197,75518,75588
latency,weave,1,priority_mix_low,256,1198,75337,75407
latency,weave,1,priority_mix_low,256,1199,75267,75348
latency,weave,1,priority_mix_low,256,1200,75037,75107
latency,weave,1,priority_mix_low,256,1201,74986,75067
latency,weave,1,priority_mix_low,256,1202,75057,75137
latency,weave,1,priority_mix_low,256,1203,74977,75057
latency,weave,1,priority_mix_low,256,1204,74926,74997
latency,weave,1,priority_mix_low,256,1205,74856,74926
latency,weave,1,priority_mix_low,256,1206,74696,74777
latency,weave,1,priority_mix_low,256,1207,74796,74866
latency,weave,1,priority_mix_low,256,1208,74726,74806
latency,weave,1,priority_mix_low,256,1209,74676,74757
latency,weave,1,priority_mix_low,256,1210,74646,74716
latency,weave,1,priority_mix_low,256,1211,74435,74506
latency,weave,1,priority_mix_low,256,1212,74475,74545
latency,weave,1,priority_mix_low,256,1213,74586,74656
latency,weave,1,priority_mix_low,256,1214,74426,74496
latency,weave,1,priority_mix_low,256,1215,74375,74455
latency,weave,1,priority_mix_low,256,1216,74196,74276
latency,weave,1,priority_mix_low,256,1217,74225,74295
latency,weave,1,priority_mix_low,256,1218,74335,74405
latency,weave,1,priority_mix_low,256,1219,73935,74015
latency,weave,1,priority_mix_low,256,1220,73865,73935
latency,weave,1,priority_mix_low,256,1221,73414,73484
latency,weave,1,priority_mix_low,256,1222,73113,73193
latency,weave,1,priority_mix_low,256,1223,72903,72983
latency,weave,1,priority_mix_low,256,1224,72232,72312
latency,weave,1,priority_mix_low,256,1225,71981,72061
latency,weave,1,priority_mix_low,256,1226,71661,71731
latency,weave,1,priority_mix_low,256,1227,71129,71199
latency,weave,1,priority_mix_low,256,1228,70899,70969
latency,weave,1,priority_mix_low,256,1229,70678,70749
latency,weave,1,priority_mix_low,256,1230,70077,70147
latency,weave,1,priority_mix_low,256,1231,69696,69777
latency,weave,1,priority_mix_low,256,1232,69156,69236
latency,weave,1,priority_mix_low,256,1233,68905,68985
latency,weave,1,priority_mix_low,256,1234,68634,68714
latency,weave,1,priority_mix_low,256,1235,68124,68194
latency,weave,1,priority_mix_low,256,1236,67783,67853
latency,weave,1,priority_mix_low,256,1237,67462,67532
latency,weave,1,priority_mix_low,256,1238,66932,67012
latency,weave,1,priority_mix_low,256,1239,66621,66691
latency,weave,1,priority_mix_low,256,1240,66040,66120
latency,weave,1,priority_mix_low,256,1241,65779,65859
latency,weave,1,priority_mix_low,256,1242,65479,65549
latency,weave,1,priority_mix_low,256,1243,65028,65098
latency,weave,1,priority_mix_low,256,1244,64747,64817
latency,weave,1,priority_mix_low,256,1245,64287,64357
latency,weave,1,priority_mix_low,256,1246,63535,63605
latency,weave,1,priority_mix_low,256,1247,63225,63295
latency,weave,1,priority_mix_low,256,1248,62813,62893
latency,weave,1,priority_mix_low,256,1249,62593,62673
latency,weave,1,priority_mix_low,256,1250,62092,62162
latency,weave,1,priority_mix_low,256,1251,61531,61601
latency,weave,1,priority_mix_low,256,1252,61280,61361
latency,weave,1,priority_mix_low,256,1253,60900,60980
latency,weave,1,priority_mix_low,256,1254,60329,60399
latency,weave,1,priority_mix_low,256,1255,60088,60168
latency,weave,1,priority_mix_low,256,1256,59448,59518
latency,weave,1,priority_mix_low,256,1257,59277,59357
latency,weave,1,priority_mix_low,256,1258,58846,58926
latency,weave,1,priority_mix_low,256,1259,58315,58385
latency,weave,1,priority_mix_low,256,1260,57854,57925
latency,weave,1,priority_mix_low,256,1261,57474,57544
latency,weave,1,priority_mix_low,256,1262,56862,56933
latency,weave,1,priority_mix_low,256,1263,56362,56432
latency,weave,1,priority_mix_low,256,1264,55891,55971
latency,weave,1,priority_mix_low,256,1265,55590,55660
latency,weave,1,priority_mix_low,256,1266,55250,55320
latency,weave,1,priority_mix_low,256,1267,54588,54668
latency,weave,1,priority_mix_low,256,1268,54077,54157
latency,weave,1,priority_mix_low,256,1269,53866,53937
latency,weave,1,priority_mix_low,256,1270,53165,53245
latency,weave,1,priority_mix_low,256,1271,52784,52864
latency,weave,1,priority_mix_low,256,1272,52013,52083
latency,weave,1,priority_mix_low,256,1273,51752,51823
latency,weave,1,priority_mix_low,256,1274,51492,51562
latency,weave,1,priority_mix_low,256,1275,50801,50871
latency,weave,1,priority_mix_low,256,1276,50310,50380
latency,weave,1,priority_mix_low,256,1277,49839,49909
latency,weave,1,priority_mix_low,256,1278,49478,49548
latency,weave,1,priority_mix_low,256,1279,49318,49398
latency,weave,1,priority_mix_high,256,1280,27727,27867
latency,weave,1,priority_mix_high,256,1281,11677,11777
latency,weave,1,priority_mix_high,256,1282,11917,11987
latency,weave,1,priority_mix_high,256,1283,11677,11747
latency,weave,1,priority_mix_high,256,1284,11787,11867
latency,weave,1,priority_mix_high,256,1285,12017,12097
latency,weave,1,priority_mix_high,256,1286,11928,11998
latency,weave,1,priority_mix_high,256,1287,11998,12098
latency,weave,1,priority_mix_high,256,1288,12017,12097
latency,weave,1,priority_mix_high,256,1289,11907,12007
latency,weave,1,priority_mix_high,256,1290,11948,12028
latency,weave,1,priority_mix_high,256,1291,11807,11877
latency,weave,1,priority_mix_high,256,1292,11967,12037
latency,weave,1,priority_mix_high,256,1293,12027,12107
latency,weave,1,priority_mix_high,256,1294,11897,11967
latency,weave,1,priority_mix_high,256,1295,11947,12018
latency,weave,1,priority_mix_high,256,1296,11937,12007
latency,weave,1,priority_mix_high,256,1297,11887,11957
latency,weave,1,priority_mix_high,256,1298,12068,12148
latency,weave,1,priority_mix_high,256,1299,12008,12078
latency,weave,1,priority_mix_high,256,1300,12188,12268
latency,weave,1,priority_mix_high,256,1301,12338,12409
latency,weave,1,priority_mix_high,256,1302,12278,12348
latency,weave,1,priority_mix_high,256,1303,12378,12458
latency,weave,1,priority_mix_high,256,1304,12529,12609
latency,weave,1,priority_mix_high,256,1305,12619,12699
latency,weave,1,priority_mix_high,256,1306,12889,12959
latency,weave,1,priority_mix_high,256,1307,12588,12659
latency,weave,1,priority_mix_high,256,1308,12618,12688
latency,weave,1,priority_mix_high,256,1309,12388,12478
latency,weave,1,priority_mix_high,256,1310,11677,11747
latency,weave,1,priority_mix_high,256,1311,11427,11507
latency,weave,1,priority_mix_high,256,1312,11456,11527
latency,weave,1,priority_mix_high,256,1313,11045,11115
latency,weave,1,priority_mix_high,256,1314,11015,11085
latency,weave,1,priority_mix_high,256,1315,10535,10625
latency,weave,1,priority_mix_high,256,1316,10154,10224
latency,weave,1,priority_mix_high,256,1317,10124,10204
latency,weave,1,priority_mix_high,256,1318,9513,9583
latency,weave,1,priority_mix_high,256,1319,9192,9272
latency,weave,1,priority_mix_high,256,1320,8972,9042
latency,weave,1,priority_mix_high,256,1321,8451,8521
latency,weave,1,priority_mix_high,256,1322,8320,8400
latency,weave,1,priority_mix_high,256,1323,7479,7579
latency,weave,1,priority_mix_high,256,1324,7419,7499
latency,weave,1,priority_mix_high,256,1325,7409,7489
latency,weave,1,priority_mix_high,256,1326,6948,7018
latency,weave,1,priority_mix_high,256,1327,6577,6657
latency,weave,1,priority_mix_high,256,1328,6527,6597
latency,weave,1,priority_mix_high,256,1329,5856,5936
latency,weave,1,priority_mix_high,256,1330,5605,5686
latency,weave,1,priority_mix_high,256,1331,5164,5244
latency,weave,1,priority_mix_high,256,1332,4814,4884
latency,weave,1,priority_mix_high,256,1333,4544,4614
latency,weave,1,priority_mix_high,256,1334,4082,4153
latency,weave,1,priority_mix_high,256,1335,3752,3822
latency,weave,1,priority_mix_high,256,1336,3562,3632
latency,weave,1,priority_mix_high,256,1337,3181,3271
latency,weave,1,priority_mix_high,256,1338,2960,3050
latency,weave,1,priority_mix_high,256,1339,2529,2609
latency,weave,1,priority_mix_high,256,1340,2319,2399
latency,weave,1,priority_mix_high,256,1341,2459,2529
latency,weave,1,priority_mix_high,256,1342,2089,2159
latency,weave,1,priority_mix_high,256,1343,1908,1988
latency,weave,1,priority_mix_high,256,1344,1618,1698
latency,weave,1,priority_mix_high,256,1345,1247,1328
latency,weave,1,priority_mix_high,256,1346,996,1086
latency,weave,1,priority_mix_high,256,1347,526,616
latency,weave,1,priority_mix_high,256,1348,336,406
latency,weave,1,priority_mix_high,256,1349,396,466
latency,weave,1,priority_mix_normal,256,1350,41744,41824
latency,weave,1,priority_mix_normal,256,1351,41473,41543
latency,weave,1,priority_mix_high,256,1352,726,806
latency,weave,1,priority_mix_high,256,1353,406,486
latency,weave,1,priority_mix_normal,256,1354,42575,42656
latency,weave,1,priority_mix_high,256,1355,605,675
latency,weave,1,priority_mix_normal,256,1356,42806,42876
latency,weave,1,priority_mix_high,256,1357,506,576
latency,weave,1,priority_mix_high,256,1358,456,526
latency,weave,1,priority_mix_normal,256,1359,43738,43808
latency,weave,1,priority_mix_normal,256,1360,43787,43857
latency,weave,1,priority_mix_high,256,1361,656,726
latency,weave,1,priority_mix_high,256,1362,395,465
latency,weave,1,priority_mix_normal,256,1363,44629,44719
latency,weave,1,priority_mix_high,256,1364,646,746
latency,weave,1,priority_mix_normal,256,1365,45120,45201
latency,weave,1,priority_mix_high,256,1366,646,717
latency,weave,1,priority_mix_high,256,1367,335,415
latency,weave,1,priority_mix_normal,256,1368,45882,45962
latency,weave,1,priority_mix_high,256,1369,556,636
latency,weave,1,priority_mix_normal,256,1370,46252,46342
latency,weave,1,priority_mix_high,256,1371,556,626
latency,weave,1,priority_mix_high,256,1372,446,526
latency,weave,1,priority_mix_normal,256,1373,47304,47384
latency,weave,1,priority_mix_normal,256,1374,47143,47224
latency,weave,1,priority_mix_high,256,1375,576,646
latency,weave,1,priority_mix_high,256,1376,395,465
latency,weave,1,priority_mix_normal,256,1377,47966,48056
latency,weave,1,priority_mix_high,256,1378,666,746
latency,weave,1,priority_mix_normal,256,1379,48516,48596
latency,weave,1,priority_mix_normal,256,1380,48937,49007
latency,weave,1,priority_mix_normal,256,1381,48868,48938
latency,weave,1,priority_mix_normal,256,1382,48707,48777
latency,weave,1,priority_mix_normal,256,1383,48647,48717
latency,weave,1,priority_mix_normal,256,1384,48607,48687
latency,weave,1,priority_mix_normal,256,1385,48397,48477
latency,weave,1,priority_mix_normal,256,1386,48386,48456
latency,weave,1,priority_mix_normal,256,1387,48466,48536
latency,weave,1,priority_mix_normal,256,1388,48296,48367
latency,weave,1,priority_mix_normal,256,1389,48256,48326
latency,weave,1,priority_mix_normal,256,1390,48095,48176
latency,weave,1,priority_mix_normal,256,1391,48056,48126
latency,weave,1,priority_mix_normal,256,1392,48146,48226
latency,weave,1,priority_mix_normal,256,1393,47765,47845
latency,weave,1,priority_mix_normal,256,1394,47635,47715
latency,weave,1,priority_mix_normal,256,1395,46993,47073
latency,weave,1,priority_mix_normal,256,1396,46293,46363
latency,weave,1,priority_mix_normal,256,1397,46122,46202
latency,weave,1,priority_mix_normal,256,1398,45791,45861
latency,weave,1,priority_mix_normal,256,1399,45371,45451
latency,weave,1,priority_mix_normal,256,1400,45140,45220
latency,weave,1,priority_mix_normal,256,1401,44499,44579
latency,weave,1,priority_mix_normal,256,1402,44299,44369
latency,weave,1,priority_mix_normal,256,1403,43938,44018
latency,weave,1,priority_mix_normal,256,1404,43317,43397
latency,weave,1,priority_mix_normal,256,1405,42866,42946
latency,weave,1,priority_mix_normal,256,1406,42255,42325
latency,weave,1,priority_mix_normal,256,1407,42064,42135
latency,weave,1,priority_mix_normal,256,1408,41714,41784
latency,weave,1,priority_mix_normal,256,1409,40883,40963
latency,weave,1,priority_mix_normal,256,1410,40632,40702
latency,weave,1,priority_mix_normal,256,1411,40321,40401
latency,weave,1,priority_mix_normal,256,1412,39840,39910
latency,weave,1,priority_mix_normal,256,1413,39450,39520
latency,weave,1,priority_mix_normal,256,1414,38848,38929
latency,weave,1,priority_mix_normal,256,1415,38418,38488
latency,weave,1,priority_mix_normal,256,1416,38116,38187
latency,weave,1,priority_mix_normal,256,1417,37626,37696
latency,weave,1,priority_mix_normal,256,1418,37225,37295
latency,weave,1,priority_mix_normal,256,1419,36844,36914
latency,weave,1,priority_mix_normal,256,1420,36224,36304
latency,weave,1,priority_mix_normal,256,1421,35912,35992
latency,weave,1,priority_mix_normal,256,1422,35512,35582
latency,weave,1,priority_mix_normal,256,1423,35192,35262
latency,weave,1,priority_mix_normal,256,1424,34871,34941
latency,weave,1,priority_mix_normal,256,1425,34250,34320
latency,weave,1,priority_mix_normal,256,1426,34119,34189
latency,weave,1,priority_mix_normal,256,1427,33929,34009
latency,weave,1,priority_mix_normal,256,1428,33398,33478
latency,weave,1,priority_mix_normal,256,1429,33027,33097
latency,weave,1,priority_mix_normal,256,1430,32416,32486
latency,weave,1,priority_mix_normal,256,1431,32075,32145
latency,weave,1,priority_mix_normal,256,1432,31835,31915
latency,weave,1,priority_mix_normal,256,1433,31303,31374
latency,weave,1,priority_mix_normal,256,1434,31084,31154
latency,weave,1,priority_mix_normal,256,1435,30572,30643
latency,weave,1,priority_mix_normal,256,1436,29691,29771
latency,weave,1,priority_mix_normal,256,1437,29320,29400
latency,weave,1,priority_mix_normal,256,1438,28669,28739
latency,weave,1,priority_mix_normal,256,1439,28248,28318
latency,weave,1,priority_mix_normal,256,1440,27837,27917
latency,weave,1,priority_mix_normal,256,1441,27126,27196
latency,weave,1,priority_mix_normal,256,1442,26786,26866
latency,weave,1,priority_mix_normal,256,1443,26435,26515
latency,weave,1,priority_mix_normal,256,1444,25844,25924
latency,weave,1,priority_mix_normal,256,1445,25463,25543
latency,weave,1,priority_mix_normal,256,1446,25092,25172
latency,weave,1,priority_mix_normal,256,1447,24902,24972
latency,weave,1,priority_mix_normal,256,1448,24571,24641
latency,weave,1,priority_mix_normal,256,1449,23730,23800
latency,weave,1,priority_mix_normal,256,1450,23399,23469
latency,weave,1,priority_mix_low,256,1451,76019,76089
latency,weave,1,priority_mix_low,256,1452,76058,76129
latency,weave,1,priority_mix_low,256,1453,75989,76069
latency,weave,1,priority_mix_low,256,1454,75618,75698
latency,weave,1,priority_mix_low,256,1455,75558,75638
latency,weave,1,priority_mix_low,256,1456,75488,75568
latency,weave,1,priority_mix_low,256,1457,75407,75487
latency,weave,1,priority_mix_low,256,1458,75337,75417
latency,weave,1,priority_mix_low,256,1459,75066,75136
latency,weave,1,priority_mix_low,256,1460,75077,75157
latency,weave,1,priority_mix_low,256,1461,75137,75217
latency,weave,1,priority_mix_low,256,1462,74876,74956
latency,weave,1,priority_mix_low,256,1463,74797,74877
latency,weave,1,priority_mix_low,256,1464,74556,74636
latency,weave,1,priority_mix_low,256,1465,74586,74656
latency,weave,1,priority_mix_low,256,1466,74656,74726
latency,weave,1,priority_mix_low,256,1467,74466,74536
latency,weave,1,priority_mix_low,256,1468,74426,74506
latency,weave,1,priority_mix_low,256,1469,74395,74465
latency,weave,1,priority_mix_low,256,1470,74325,74395
latency,weave,1,priority_mix_low,256,1471,74426,74506
latency,weave,1,priority_mix_low,256,1472,74245,74325
latency,weave,1,priority_mix_low,256,1473,74205,74275
latency,weave,1,priority_mix_low,256,1474,74165,74245
latency,weave,1,priority_mix_low,256,1475,74255,74325
latency,weave,1,priority_mix_low,256,1476,74335,74415
latency,weave,1,priority_mix_low,256,1477,74095,74166
latency,weave,1,priority_mix_low,256,1478,73895,73965
latency,weave,1,priority_mix_low,256,1479,73734,73815
latency,weave,1,priority_mix_low,256,1480,72722,72792
latency,weave,1,priority_mix_low,256,1481,72442,72512
latency,weave,1,priority_mix_low,256,1482,72241,72321
latency,weave,1,priority_mix_low,256,1483,71761,71831
latency,weave,1,priority_mix_low,256,1484,71490,71560
latency,weave,1,priority_mix_low,256,1485,71110,71180
latency,weave,1,priority_mix_low,256,1486,70488,70559
latency,weave,1,priority_mix_low,256,1487,70178,70248
latency,weave,1,priority_mix_low,256,1488,69596,69667
latency,weave,1,priority_mix_low,256,1489,69216,69296
latency,weave,1,priority_mix_low,256,1490,68935,69005
latency,weave,1,priority_mix_low,256,1491,68335,68405
latency,weave,1,priority_mix_low,256,1492,68013,68093
latency,weave,1,priority_mix_low,256,1493,67652,67733
latency,weave,1,priority_mix_low,256,1494,66731,66801
latency,weave,1,priority_mix_low,256,1495,66520,66601
latency,weave,1,priority_mix_low,256,1496,66130,66200
latency,weave,1,priority_mix_low,256,1497,65769,65839
latency,weave,1,priority_mix_low,256,1498,65378,65448
latency,weave,1,priority_mix_low,256,1499,64707,64787
latency,weave,1,priority_mix_low,256,1500,64496,64567
latency,weave,1,priority_mix_low,256,1501,64256,64326
latency,weave,1,priority_mix_low,256,1502,63605,63675
latency,weave,1,priority_mix_low,256,1503,63184,63254
latency,weave,1,priority_mix_low,256,1504,62634,62704
latency,weave,1,priority_mix_low,256,1505,62212,62292
latency,weave,1,priority_mix_low,256,1506,61972,62052
latency,weave,1,priority_mix_low,256,1507,61410,61491
latency,weave,1,priority_mix_low,256,1508,61191,61271
latency,weave,1,priority_mix_low,256,1509,60819,60900
latency,weave,1,priority_mix_low,256,1510,60219,60299
latency,weave,1,priority_mix_low,256,1511,60099,60169
latency,weave,1,priority_mix_low,256,1512,59517,59588
latency,weave,1,priority_mix_low,256,1513,59237,59307
latency,weave,1,priority_mix_low,256,1514,58836,58917
latency,weave,1,priority_mix_low,256,1515,58385,58455
latency,weave,1,priority_mix_low,256,1516,58045,58115
latency,weave,1,priority_mix_low,256,1517,57684,57764
latency,weave,1,priority_mix_low,256,1518,57253,57333
latency,weave,1,priority_mix_low,256,1519,56872,56942
latency,weave,1,priority_mix_low,256,1520,55991,56061
latency,weave,1,priority_mix_low,256,1521,55670,55740
latency,weave,1,priority_mix_low,256,1522,55109,55179
latency,weave,1,priority_mix_low,256,1523,54408,54488
latency,weave,1,priority_mix_low,256,1524,54177,54257
latency,weave,1,priority_mix_low,256,1525,53897,53967
latency,weave,1,priority_mix_low,256,1526,53256,53336
latency,weave,1,priority_mix_low,256,1527,52844,52914
latency,weave,1,priority_mix_low,256,1528,52204,52274
latency,weave,1,priority_mix_low,256,1529,51873,51943
latency,weave,1,priority_mix_low,256,1530,51612,51682
latency,weave,1,priority_mix_low,256,1531,51232,51312
latency,weave,1,priority_mix_low,256,1532,50981,51061
latency,weave,1,priority_mix_low,256,1533,50481,50551
latency,weave,1,priority_mix_low,256,1534,49849,49919
latency,weave,1,priority_mix_low,256,1535,49439,49509
latency,weave,1,priority_mix_high,256,1536,30683,30823
latency,weave,1,priority_mix_high,256,1537,15203,15304
latency,weave,1,priority_mix_high,256,1538,15384,15454
latency,weave,1,priority_mix_high,256,1539,15063,15143
latency,weave,1,priority_mix_high,256,1540,15093,15173
latency,weave,1,priority_mix_high,256,1541,15334,15404
latency,weave,1,priority_mix_high,256,1542,15114,15194
latency,weave,1,priority_mix_high,256,1543,15143,15223
latency,weave,1,priority_mix_high,256,1544,15283,15363
latency,weave,1,priority_mix_high,256,1545,15263,15333
latency,weave,1,priority_mix_high,256,1546,15424,15504
latency,weave,1,priority_mix_high,256,1547,15234,15304
latency,weave,1,priority_mix_high,256,1548,15223,15293
latency,weave,1,priority_mix_high,256,1549,15354,15444
latency,weave,1,priority_mix_high,256,1550,15204,15284
latency,weave,1,priority_mix_high,256,1551,15264,15344
latency,weave,1,priority_mix_high,256,1552,15333,15404
latency,weave,1,priority_mix_high,256,1553,15293,15373
latency,weave,1,priority_mix_high,256,1554,15444,15544
latency,weave,1,priority_mix_high,256,1555,15414,15494
latency,weave,1,priority_mix_high,256,1556,15494,15564
latency,weave,1,priority_mix_high,256,1557,15464,15544
latency,weave,1,priority_mix_high,256,1558,15414,15484
latency,weave,1,priority_mix_high,256,1559,15494,15564
latency,weave,1,priority_mix_high,256,1560,15464,15545
latency,weave,1,priority_mix_high,256,1561,15494,15564
latency,weave,1,priority_mix_high,256,1562,15554,15624
latency,weave,1,priority_mix_high,256,1563,15414,15494
latency,weave,1,priority_mix_high,256,1564,15504,15575
latency,weave,1,priority_mix_high,256,1565,15624,15704
latency,weave,1,priority_mix_high,256,1566,15544,15634
latency,weave,1,priority_mix_high,256,1567,15625,15695
latency,weave,1,priority_mix_high,256,1568,15704,15775
latency,weave,1,priority_mix_high,256,1569,15614,15694
latency,weave,1,priority_mix_high,256,1570,15715,15785
latency,weave,1,priority_mix_high,256,1571,15685,15765
latency,weave,1,priority_mix_high,256,1572,15625,15715
latency,weave,1,priority_mix_high,256,1573,15735,15805
latency,weave,1,priority_mix_high,256,1574,15575,15655
latency,weave,1,priority_mix_high,256,1575,15133,15213
latency,weave,1,priority_mix_high,256,1576,14933,15013
latency,weave,1,priority_mix_high,256,1577,14593,14663
latency,weave,1,priority_mix_high,256,1578,14472,14542
latency,weave,1,priority_mix_high,256,1579,13791,13861
latency,weave,1,priority_mix_high,256,1580,13491,13561
latency,weave,1,priority_mix_high,256,1581,13400,13481
latency,weave,1,priority_mix_high,256,1582,12969,13039
latency,weave,1,priority_mix_high,256,1583,12549,12619
latency,weave,1,priority_mix_high,256,1584,12318,12388
latency,weave,1,priority_mix_high,256,1585,11888,11958
latency,weave,1,priority_mix_high,256,1586,11877,11958
latency,weave,1,priority_mix_high,256,1587,11286,11376
latency,weave,1,priority_mix_high,256,1588,11146,11246
latency,weave,1,priority_mix_high,256,1589,10916,10986
latency,weave,1,priority_mix_high,256,1590,10575,10675
latency,weave,1,priority_mix_high,256,1591,10424,10494
latency,weave,1,priority_mix_high,256,1592,10154,10224
latency,weave,1,priority_mix_high,256,1593,9673,9753
latency,weave,1,priority_mix_high,256,1594,9052,9132
latency,weave,1,priority_mix_high,256,1595,8371,8451
latency,weave,1,priority_mix_high,256,1596,8250,8320
latency,weave,1,priority_mix_high,256,1597,8050,8130
latency,weave,1,priority_mix_high,256,1598,7599,7679
latency,weave,1,priority_mix_high,256,1599,7258,7338
latency,weave,1,priority_mix_high,256,1600,7098,7178
latency,weave,1,priority_mix_high,256,1601,6737,6807
latency,weave,1,priority_mix_high,256,1602,6397,6467
latency,weave,1,priority_mix_high,256,1603,5926,5996
latency,weave,1,priority_mix_high,256,1604,5635,5706
latency,weave,1,priority_mix_high,256,1605,5625,5695
latency,weave,1,priority_mix_high,256,1606,5124,5194
latency,weave,1,priority_mix_high,256,1607,4914,4984
latency,weave,1,priority_mix_high,256,1608,4774,4854
latency,weave,1,priority_mix_high,256,1609,4383,4463
latency,weave,1,priority_mix_high,256,1610,4363,4433
latency,weave,1,priority_mix_high,256,1611,3601,3681
latency,weave,1,priority_mix_high,256,1612,3391,3481
latency,weave,1,priority_mix_high,256,1613,3421,3491
latency,weave,1,priority_mix_high,256,1614,2940,3010
latency,weave,1,priority_mix_high,256,1615,2650,2730
latency,weave,1,priority_mix_high,256,1616,2640,2720
latency,weave,1,priority_mix_high,256,1617,2009,2089
latency,weave,1,priority_mix_high,256,1618,1778,1859
latency,weave,1,priority_mix_high,256,1619,1197,1268
latency,weave,1,priority_mix_high,256,1620,836,926
latency,weave,1,priority_mix_high,256,1621,576,656
latency,weave,1,priority_mix_normal,256,1622,51322,51402
latency,weave,1,priority_mix_normal,256,1623,51442,51523
latency,weave,1,priority_mix_normal,256,1624,51382,51462
latency,weave,1,priority_mix_normal,256,1625,51011,51082
latency,weave,1,priority_mix_normal,256,1626,50941,51011
latency,weave,1,priority_mix_normal,256,1627,50881,50952
latency,weave,1,priority_mix_normal,256,1628,50611,50681
latency,weave,1,priority_mix_normal,256,1629,50540,50611
latency,weave,1,priority_mix_normal,256,1630,50450,50530
latency,weave,1,priority_mix_normal,256,1631,50360,50430
latency,weave,1,priority_mix_normal,256,1632,50310,50390
latency,weave,1,priority_mix_normal,256,1633,50060,50140
latency,weave,1,priority_mix_normal,256,1634,50070,50140
latency,weave,1,priority_mix_normal,256,1635,50129,50199
latency,weave,1,priority_mix_normal,256,1636,49889,49959
latency,weave,1,priority_mix_normal,256,1637,49829,49909
latency,weave,1,priority_mix_normal,256,1638,49649,49729
latency,weave,1,priority_mix_normal,256,1639,49819,49889
latency,weave,1,priority_mix_normal,256,1640,49890,49970
latency,weave,1,priority_mix_normal,256,1641,49709,49789
latency,weave,1,priority_mix_normal,256,1642,49649,49729
latency,weave,1,priority_mix_normal,256,1643,49588,49658
latency,weave,1,priority_mix_normal,256,1644,49479,49549
latency,weave,1,priority_mix_normal,256,1645,49549,49629
latency,weave,1,priority_mix_normal,256,1646,49338,49418
latency,weave,1,priority_mix_normal,256,1647,49278,49358
latency,weave,1,priority_mix_normal,256,1648,49208,49288
latency,weave,1,priority_mix_normal,256,1649,49148,49218
latency,weave,1,priority_mix_normal,256,1650,49207,49288
latency,weave,1,priority_mix_normal,256,1651,49168,49238
latency,weave,1,priority_mix_normal,256,1652,49038,49118
latency,weave,1,priority_mix_normal,256,1653,49007,49077
latency,weave,1,priority_mix_normal,256,1654,48818,48888
latency,weave,1,priority_mix_normal,256,1655,48897,48967
latency,weave,1,priority_mix_normal,256,1656,48857,48927
latency,weave,1,priority_mix_normal,256,1657,48656,48726
latency,weave,1,priority_mix_normal,256,1658,48316,48396
latency,weave,1,priority_mix_normal,256,1659,48206,48276
latency,weave,1,priority_mix_normal,256,1660,47775,47845
latency,weave,1,priority_mix_normal,256,1661,47425,47495
latency,weave,1,priority_mix_normal,256,1662,46893,46973
latency,weave,1,priority_mix_normal,256,1663,46673,46743
latency,weave,1,priority_mix_normal,256,1664,46412,46482
latency,weave,1,priority_mix_normal,256,1665,45781,45861
latency,weave,1,priority_mix_normal,256,1666,45471,45551
latency,weave,1,priority_mix_normal,256,1667,45180,45250
latency,weave,1,priority_mix_normal,256,1668,44580,44650
latency,weave,1,priority_mix_normal,256,1669,44258,44339
latency,weave,1,priority_mix_normal,256,1670,43757,43837
latency,weave,1,priority_mix_normal,256,1671,43427,43497
latency,weave,1,priority_mix_normal,256,1672,43176,43256
latency,weave,1,priority_mix_normal,256,1673,42495,42575
latency,weave,1,priority_mix_normal,256,1674,42325,42395
latency,weave,1,priority_mix_normal,256,1675,42224,42304
latency,weave,1,priority_mix_normal,256,1676,41644,41724
latency,weave,1,priority_mix_normal,256,1677,41373,41443
latency,weave,1,priority_mix_normal,256,1678,40762,40832
latency,weave,1,priority_mix_normal,256,1679,40452,40532
latency,weave,1,priority_mix_normal,256,1680,39950,40031
latency,weave,1,priority_mix_normal,256,1681,39099,39169
latency,weave,1,priority_mix_normal,256,1682,38788,38869
latency,weave,1,priority_mix_normal,256,1683,38558,38638
latency,weave,1,priority_mix_normal,256,1684,38057,38137
latency,weave,1,priority_mix_normal,256,1685,37857,37937
latency,weave,1,priority_mix_normal,256,1686,37385,37465
latency,weave,1,priority_mix_normal,256,1687,36925,36995
latency,weave,1,priority_mix_normal,256,1688,36464,36534
latency,weave,1,priority_mix_normal,256,1689,36003,36073
latency,weave,1,priority_mix_normal,256,1690,35823,35903
latency,weave,1,priority_mix_normal,256,1691,35502,35582
latency,weave,1,priority_mix_normal,256,1692,34921,35001
latency,weave,1,priority_mix_normal,256,1693,34610,34680
latency,weave,1,priority_mix_normal,256,1694,33939,34009
latency,weave,1,priority_mix_normal,256,1695,33899,33979
latency,weave,1,priority_mix_normal,256,1696,33578,33658
latency,weave,1,priority_mix_normal,256,1697,32827,32897
latency,weave,1,priority_mix_normal,256,1698,32376,32446
latency,weave,1,priority_mix_normal,256,1699,32176,32246
latency,weave,1,priority_mix_normal,256,1700,31605,31675
latency,weave,1,priority_mix_normal,256,1701,31163,31233
latency,weave,1,priority_mix_normal,256,1702,30653,30723
latency,weave,1,priority_mix_normal,256,1703,30131,30201
latency,weave,1,priority_mix_normal,256,1704,29831,29901
latency,weave,1,priority_mix_normal,256,1705,29090,29170
latency,weave,1,priority_mix_normal,256,1706,28619,28699
latency,weave,1,priority_mix_low,256,1707,78393,78473
latency,weave,1,priority_mix_low,256,1708,78303,78374
latency,weave,1,priority_mix_low,256,1709,78263,78343
latency,weave,1,priority_mix_low,256,1710,77983,78063
latency,weave,1,priority_mix_low,256,1711,77912,77992
latency,weave,1,priority_mix_low,256,1712,77632,77712
latency,weave,1,priority_mix_low,256,1713,77551,77631
latency,weave,1,priority_mix_low,256,1714,77542,77612
latency,weave,1,priority_mix_low,256,1715,77311,77392
latency,weave,1,priority_mix_low,256,1716,77341,77421
latency,weave,1,priority_mix_low,256,1717,77281,77351
latency,weave,1,priority_mix_low,256,1718,77040,77120
latency,weave,1,priority_mix_low,256,1719,76951,77021
latency,weave,1,priority_mix_low,256,1720,76820,76890
latency,weave,1,priority_mix_low,256,1721,76870,76940
latency,weave,1,priority_mix_low,256,1722,76811,76891
latency,weave,1,priority_mix_low,256,1723,76640,76710
latency,weave,1,priority_mix_low,256,1724,76570,76640
latency,weave,1,priority_mix_low,256,1725,76699,76770
latency,weave,1,priority_mix_low,256,1726,76630,76710
latency,weave,1,priority_mix_low,256,1727,76570,76640
latency,weave,1,priority_mix_low,256,1728,76359,76429
latency,weave,1,priority_mix_low,256,1729,76279,76359
latency,weave,1,priority_mix_low,256,1730,76329,76410
latency,weave,1,priority_mix_low,256,1731,76249,76319
latency,weave,1,priority_mix_low,256,1732,76179,76259
latency,weave,1,priority_mix_low,256,1733,76099,76179
latency,weave,1,priority_mix_low,256,1734,75929,76009
latency,weave,1,priority_mix_low,256,1735,75878,75948
latency,weave,1,priority_mix_low,256,1736,75848,75918
latency,weave,1,priority_mix_low,256,1737,75798,75868
latency,weave,1,priority_mix_low,256,1738,75748,75828
latency,weave,1,priority_mix_low,256,1739,75537,75618
latency,weave,1,priority_mix_low,256,1740,75598,75668
latency,weave,1,priority_mix_low,256,1741,75648,75718
latency,weave,1,priority_mix_low,256,1742,75237,75317
latency,weave,1,priority_mix_low,256,1743,75087,75167
latency,weave,1,priority_mix_low,256,1744,74856,74936
latency,weave,1,priority_mix_low,256,1745,74536,74606
latency,weave,1,priority_mix_low,256,1746,74155,74225
latency,weave,1,priority_mix_low,256,1747,73664,73734
latency,weave,1,priority_mix_low,256,1748,73424,73494
latency,weave,1,priority_mix_low,256,1749,73053,73123
latency,weave,1,priority_mix_low,256,1750,72392,72472
latency,weave,1,priority_mix_low,256,1751,72252,72322
latency,weave,1,priority_mix_low,256,1752,71670,71740
latency,weave,1,priority_mix_low,256,1753,71180,71250
latency,weave,1,priority_mix_low,256,1754,70859,70929
latency,weave,1,priority_mix_low,256,1755,70278,70348
latency,weave,1,priority_mix_low,256,1756,70047,70118
latency,weave,1,priority_mix_low,256,1757,69837,69917
latency,weave,1,priority_mix_low,256,1758,69085,69166
latency,weave,1,priority_mix_low,256,1759,68745,68815
latency,weave,1,priority_mix_low,256,1760,68365,68435
latency,weave,1,priority_mix_low,256,1761,68083,68153
latency,weave,1,priority_mix_low,256,1762,67853,67923
latency,weave,1,priority_mix_low,256,1763,67111,67191
latency,weave,1,priority_mix_low,256,1764,66521,66591
latency,weave,1,priority_mix_low,256,1765,66149,66230
latency,weave,1,priority_mix_low,256,1766,65408,65488
latency,weave,1,priority_mix_low,256,1767,65188,65258
latency,weave,1,priority_mix_low,256,1768,64477,64547
latency,weave,1,priority_mix_low,256,1769,64207,64277
latency,weave,1,priority_mix_low,256,1770,63895,63965
latency,weave,1,priority_mix_low,256,1771,63465,63545
latency,weave,1,priority_mix_low,256,1772,63024,63105
latency,weave,1,priority_mix_low,256,1773,62593,62663
latency,weave,1,priority_mix_low,256,1774,61831,61912
latency,weave,1,priority_mix_low,256,1775,61551,61621
latency,weave,1,priority_mix_low,256,1776,61101,61171
latency,weave,1,priority_mix_low,256,1777,60729,60809
latency,weave,1,priority_mix_low,256,1778,60399,60479
latency,weave,1,priority_mix_low,256,1779,59748,59818
latency,weave,1,priority_mix_low,256,1780,59498,59578
latency,weave,1,priority_mix_low,256,1781,59317,59388
latency,weave,1,priority_mix_low,256,1782,58506,58586
latency,weave,1,priority_mix_low,256,1783,58104,58185
latency,weave,1,priority_mix_low,256,1784,57464,57544
latency,weave,1,priority_mix_low,256,1785,57062,57133
latency,weave,1,priority_mix_low,256,1786,56792,56862
latency,weave,1,priority_mix_low,256,1787,56201,56271
latency,weave,1,priority_mix_low,256,1788,55730,55810
latency,weave,1,priority_mix_low,256,1789,55260,55340
latency,weave,1,priority_mix_low,256,1790,54498,54578
latency,weave,1,priority_mix_low,256,1791,54127,54197
latency,weave,1,priority_mix_high,256,1792,26805,26936
latency,weave,1,priority_mix_high,256,1793,11377,11477
latency,weave,1,priority_mix_high,256,1794,11476,11567
latency,weave,1,priority_mix_high,256,1795,11396,11497
latency,weave,1,priority_mix_high,256,1796,11386,11456
latency,weave,1,priority_mix_high,256,1797,11687,11757
latency,weave,1,priority_mix_high,256,1798,11647,11717
latency,weave,1,priority_mix_high,256,1799,11657,11727
latency,weave,1,priority_mix_high,256,1800,11697,11777
latency,weave,1,priority_mix_high,256,1801,11707,11777
latency,weave,1,priority_mix_high,256,1802,11737,11817
latency,weave,1,priority_mix_high,256,1803,11657,11727
latency,weave,1,priority_mix_high,256,1804,11647,11717
latency,weave,1,priority_mix_high,256,1805,11847,11927
latency,weave,1,priority_mix_high,256,1806,11757,11857
latency,weave,1,priority_mix_high,256,1807,11807,11887
latency,weave,1,priority_mix_high,256,1808,11998,12068
latency,weave,1,priority_mix_high,256,1809,11967,12047
latency,weave,1,priority_mix_high,256,1810,12067,12137
latency,weave,1,priority_mix_high,256,1811,11938,12018
latency,weave,1,priority_mix_high,256,1812,12017,12088
latency,weave,1,priority_mix_high,256,1813,12097,12167
latency,weave,1,priority_mix_high,256,1814,12028,12108
latency,weave,1,priority_mix_high,256,1815,12077,12148
latency,weave,1,priority_mix_high,256,1816,12127,12197
latency,weave,1,priority_mix_high,256,1817,12088,12158
latency,weave,1,priority_mix_high,256,1818,12268,12338
latency,weave,1,priority_mix_high,256,1819,12078,12148
latency,weave,1,priority_mix_high,256,1820,12097,12167
latency,weave,1,priority_mix_high,256,1821,12218,12288
latency,weave,1,priority_mix_high,256,1822,11617,11687
latency,weave,1,priority_mix_high,256,1823,11176,11246
latency,weave,1,priority_mix_high,256,1824,11155,11226
latency,weave,1,priority_mix_high,256,1825,10665,10735
latency,weave,1,priority_mix_high,256,1826,10655,10735
latency,weave,1,priority_mix_high,256,1827,10184,10254
latency,weave,1,priority_mix_high,256,1828,9964,10034
latency,weave,1,priority_mix_high,256,1829,9733,9813
latency,weave,1,priority_mix_high,256,1830,9072,9152
latency,weave,1,priority_mix_high,256,1831,8832,8902
latency,weave,1,priority_mix_high,256,1832,8621,8722
latency,weave,1,priority_mix_high,256,1833,8150,8230
latency,weave,1,priority_mix_high,256,1834,7960,8040
latency,weave,1,priority_mix_high,256,1835,7459,7559
latency,weave,1,priority_mix_high,256,1836,7269,7339
latency,weave,1,priority_mix_high,256,1837,7209,7289
latency,weave,1,priority_mix_high,256,1838,6447,6527
latency,weave,1,priority_mix_high,256,1839,6246,6316
latency,weave,1,priority_mix_high,256,1840,6246,6316
latency,weave,1,priority_mix_high,256,1841,5766,5836
latency,weave,1,priority_mix_high,256,1842,5726,5796
latency,weave,1,priority_mix_high,256,1843,5395,5475
latency,weave,1,priority_mix_high,256,1844,5215,5295
latency,weave,1,priority_mix_high,256,1845,5044,5114
latency,weave,1,priority_mix_high,256,1846,4563,4633
latency,weave,1,priority_mix_high,256,1847,4333,4403
latency,weave,1,priority_mix_high,256,1848,4143,4213
latency,weave,1,priority_mix_high,256,1849,3752,3832
latency,weave,1,priority_mix_high,256,1850,3441,3511
latency,weave,1,priority_mix_high,256,1851,2830,2910
latency,weave,1,priority_mix_high,256,1852,2490,2560
latency,weave,1,priority_mix_high,256,1853,2239,2319
latency,weave,1,priority_mix_high,256,1854,1668,1748
latency,weave,1,priority_mix_high,256,1855,1387,1467
latency,weave,1,priority_mix_high,256,1856,1287,1367
latency,weave,1,priority_mix_high,256,1857,997,1067
latency,weave,1,priority_mix_high,256,1858,696,766
latency,weave,1,priority_mix_normal,256,1859,39229,39309
latency,weave,1,priority_mix_high,256,1860,706,796
latency,weave,1,priority_mix_high,256,1861,316,386
latency,weave,1,priority_mix_normal,256,1862,39880,39950
latency,weave,1,priority_mix_high,256,1863,706,796
latency,weave,1,priority_mix_normal,256,1864,40341,40411
latency,weave,1,priority_mix_high,256,1865,636,716
latency,weave,1,priority_mix_high,256,1866,355,425
latency,weave,1,priority_mix_normal,256,1867,41033,41113
latency,weave,1,priority_mix_normal,256,1868,41112,41203
latency,weave,1,priority_mix_high,256,1869,946,1016
latency,weave,1,priority_mix_high,256,1870,375,445
latency,weave,1,priority_mix_normal,256,1871,42074,42144
latency,weave,1,priority_mix_high,256,1872,516,596
latency,weave,1,priority_mix_normal,256,1873,42345,42435
latency,weave,1,priority_mix_high,256,1874,626,706
latency,weave,1,priority_mix_high,256,1875,365,445
latency,weave,1,priority_mix_normal,256,1876,43317,43387
latency,weave,1,priority_mix_high,256,1877,606,686
latency,weave,1,priority_mix_normal,256,1878,43647,43727
latency,weave,1,priority_mix_high,256,1879,606,696
latency,weave,1,priority_mix_high,256,1880,305,385
latency,weave,1,priority_mix_normal,256,1881,44539,44619
latency,weave,1,priority_mix_high,256,1882,626,696
latency,weave,1,priority_mix_normal,256,1883,45140,45220
latency,weave,1,priority_mix_high,256,1884,566,636
latency,weave,1,priority_mix_high,256,1885,345,425
latency,weave,1,priority_mix_normal,256,1886,45872,45972
latency,weave,1,priority_mix_high,256,1887,426,506
latency,weave,1,priority_mix_normal,256,1888,46562,46653
latency,weave,1,priority_mix_high,256,1889,536,606
latency,weave,1,priority_mix_high,256,1890,325,405
latency,weave,1,priority_mix_normal,256,1891,47325,47405
latency,weave,1,priority_mix_normal,256,1892,47194,47274
latency,weave,1,priority_mix_normal,256,1893,47835,47905
latency,weave,1,priority_mix_normal,256,1894,47664,47735
latency,weave,1,priority_mix_normal,256,1895,47605,47675
latency,weave,1,priority_mix_normal,256,1896,47554,47625
latency,weave,1,priority_mix_normal,256,1897,47394,47474
latency,weave,1,priority_mix_normal,256,1898,47375,47445
latency,weave,1,priority_mix_normal,256,1899,47334,47414
latency,weave,1,priority_mix_normal,256,1900,47364,47434
latency,weave,1,priority_mix_normal,256,1901,47445,47515
latency,weave,1,priority_mix_normal,256,1902,47304,47374
latency,weave,1,priority_mix_normal,256,1903,47274,47344
latency,weave,1,priority_mix_normal,256,1904,47044,47114
latency,weave,1,priority_mix_normal,256,1905,46884,46954
latency,weave,1,priority_mix_normal,256,1906,46873,46943
latency,weave,1,priority_mix_normal,256,1907,46843,46913
latency,weave,1,priority_mix_normal,256,1908,45942,46012
latency,weave,1,priority_mix_normal,256,1909,45601,45671
latency,weave,1,priority_mix_normal,256,1910,45030,45100
latency,weave,1,priority_mix_normal,256,1911,44799,44869
latency,weave,1,priority_mix_normal,256,1912,44599,44669
latency,weave,1,priority_mix_normal,256,1913,44018,44089
latency,weave,1,priority_mix_normal,256,1914,43838,43918
latency,weave,1,priority_mix_normal,256,1915,43386,43457
latency,weave,1,priority_mix_normal,256,1916,42625,42695
latency,weave,1,priority_mix_normal,256,1917,42294,42365
latency,weave,1,priority_mix_normal,256,1918,41814,41894
latency,weave,1,priority_mix_normal,256,1919,41433,41513
latency,weave,1,priority_mix_normal,256,1920,41182,41252
latency,weave,1,priority_mix_normal,256,1921,40512,40582
latency,weave,1,priority_mix_normal,256,1922,40140,40220
latency,weave,1,priority_mix_normal,256,1923,39900,39970
latency,weave,1,priority_mix_normal,256,1924,39168,39249
latency,weave,1,priority_mix_normal,256,1925,38738,38818
latency,weave,1,priority_mix_normal,256,1926,38157,38227
latency,weave,1,priority_mix_normal,256,1927,37876,37956
latency,weave,1,priority_mix_normal,256,1928,37696,37776
latency,weave,1,priority_mix_normal,256,1929,37225,37295
latency,weave,1,priority_mix_normal,256,1930,36915,36995
latency,weave,1,priority_mix_normal,256,1931,36483,36553
latency,weave,1,priority_mix_normal,256,1932,35873,35943
latency,weave,1,priority_mix_normal,256,1933,35562,35642
latency,weave,1,priority_mix_normal,256,1934,35061,35141
latency,weave,1,priority_mix_normal,256,1935,34661,34731
latency,weave,1,priority_mix_normal,256,1936,34239,34319
latency,weave,1,priority_mix_normal,256,1937,33408,33488
latency,weave,1,priority_mix_normal,256,1938,33027,33097
latency,weave,1,priority_mix_normal,256,1939,32727,32797
latency,weave,1,priority_mix_normal,256,1940,32115,32196
latency,weave,1,priority_mix_normal,256,1941,31845,31915
latency,weave,1,priority_mix_normal,256,1942,31404,31475
latency,weave,1,priority_mix_normal,256,1943,31094,31174
latency,weave,1,priority_mix_normal,256,1944,30873,30953
latency,weave,1,priority_mix_normal,256,1945,30122,30192
latency,weave,1,priority_mix_normal,256,1946,29741,29811
latency,weave,1,priority_mix_normal,256,1947,29230,29310
latency,weave,1,priority_mix_normal,256,1948,28659,28739
latency,weave,1,priority_mix_normal,256,1949,28438,28519
latency,weave,1,priority_mix_normal,256,1950,27657,27737
latency,weave,1,priority_mix_normal,256,1951,27247,27317
latency,weave,1,priority_mix_normal,256,1952,26946,27026
latency,weave,1,priority_mix_normal,256,1953,26465,26545
latency,weave,1,priority_mix_normal,256,1954,26244,26324
latency,weave,1,priority_mix_normal,256,1955,25824,25894
latency,weave,1,priority_mix_normal,256,1956,25292,25362
latency,weave,1,priority_mix_normal,256,1957,25012,25082
latency,weave,1,priority_mix_normal,256,1958,24360,24440
latency,weave,1,priority_mix_normal,256,1959,24090,24160
latency,weave,1,priority_mix_normal,256,1960,23720,23800
latency,weave,1,priority_mix_normal,256,1961,23128,23198
latency,weave,1,priority_mix_normal,256,1962,22728,22798
latency,weave,1,priority_mix_low,256,1963,74205,74285
latency,weave,1,priority_mix_low,256,1964,74275,74355
latency,weave,1,priority_mix_low,256,1965,74196,74276
latency,weave,1,priority_mix_low,256,1966,73874,73954
latency,weave,1,priority_mix_low,256,1967,73815,73895
latency,weave,1,priority_mix_low,256,1968,73604,73684
latency,weave,1,priority_mix_low,256,1969,73694,73764
latency,weave,1,priority_mix_low,256,1970,73634,73704
latency,weave,1,priority_mix_low,256,1971,73414,73484
latency,weave,1,priority_mix_low,256,1972,73353,73423
latency,weave,1,priority_mix_low,256,1973,73294,73364
latency,weave,1,priority_mix_low,256,1974,73264,73334
latency,weave,1,priority_mix_low,256,1975,73203,73273
latency,weave,1,priority_mix_low,256,1976,73003,73073
latency,weave,1,priority_mix_low,256,1977,72933,73003
latency,weave,1,priority_mix_low,256,1978,72883,72953
latency,weave,1,priority_mix_low,256,1979,72872,72943
latency,weave,1,priority_mix_low,256,1980,72933,73003
latency,weave,1,priority_mix_low,256,1981,72873,72953
latency,weave,1,priority_mix_low,256,1982,72702,72782
latency,weave,1,priority_mix_low,256,1983,72653,72723
latency,weave,1,priority_mix_low,256,1984,72482,72552
latency,weave,1,priority_mix_low,256,1985,72582,72662
latency,weave,1,priority_mix_low,256,1986,72562,72633
latency,weave,1,priority_mix_low,256,1987,72402,72482
latency,weave,1,priority_mix_low,256,1988,72361,72431
latency,weave,1,priority_mix_low,256,1989,72121,72201
latency,weave,1,priority_mix_low,256,1990,72071,72151
latency,weave,1,priority_mix_low,256,1991,71971,72051
latency,weave,1,priority_mix_low,256,1992,71250,71330
latency,weave,1,priority_mix_low,256,1993,70829,70909
latency,weave,1,priority_mix_low,256,1994,70509,70589
latency,weave,1,priority_mix_low,256,1995,70107,70188
latency,weave,1,priority_mix_low,256,1996,69837,69917
latency,weave,1,priority_mix_low,256,1997,69576,69657
latency,weave,1,priority_mix_low,256,1998,68965,69035
latency,weave,1,priority_mix_low,256,1999,68674,68744
latency,weave,1,priority_mix_low,256,2000,68034,68104
latency,weave,1,priority_mix_low,256,2001,67633,67713
latency,weave,1,priority_mix_low,256,2002,67382,67452
latency,weave,1,priority_mix_low,256,2003,66641,66711
latency,weave,1,priority_mix_low,256,2004,66340,66420
latency,weave,1,priority_mix_low,256,2005,66080,66150
latency,weave,1,priority_mix_low,256,2006,65508,65579
latency,weave,1,priority_mix_low,256,2007,65098,65168
latency,weave,1,priority_mix_low,256,2008,64456,64527
latency,weave,1,priority_mix_low,256,2009,64006,64076
latency,weave,1,priority_mix_low,256,2010,63635,63716
latency,weave,1,priority_mix_low,256,2011,63184,63254
latency,weave,1,priority_mix_low,256,2012,62894,62964
latency,weave,1,priority_mix_low,256,2013,62623,62693
latency,weave,1,priority_mix_low,256,2014,62073,62143
latency,weave,1,priority_mix_low,256,2015,61711,61791
latency,weave,1,priority_mix_low,256,2016,61181,61251
latency,weave,1,priority_mix_low,256,2017,60889,60960
latency,weave,1,priority_mix_low,256,2018,60529,60599
latency,weave,1,priority_mix_low,256,2019,59777,59858
latency,weave,1,priority_mix_low,256,2020,59467,59547
latency,weave,1,priority_mix_low,256,2021,59076,59147
latency,weave,1,priority_mix_low,256,2022,58365,58435
latency,weave,1,priority_mix_low,256,2023,57945,58025
latency,weave,1,priority_mix_low,256,2024,57243,57323
latency,weave,1,priority_mix_low,256,2025,56953,57033
latency,weave,1,priority_mix_low,256,2026,56612,56682
latency,weave,1,priority_mix_low,256,2027,56161,56241
latency,weave,1,priority_mix_low,256,2028,55960,56041
latency,weave,1,priority_mix_low,256,2029,55590,55670
latency,weave,1,priority_mix_low,256,2030,54828,54899
latency,weave,1,priority_mix_low,256,2031,54388,54468
latency,weave,1,priority_mix_low,256,2032,53686,53756
latency,weave,1,priority_mix_low,256,2033,53366,53436
latency,weave,1,priority_mix_low,256,2034,53116,53186
latency,weave,1,priority_mix_low,256,2035,52384,52454
latency,weave,1,priority_mix_low,256,2036,51913,51983
latency,weave,1,priority_mix_low,256,2037,51672,51742
latency,weave,1,priority_mix_low,256,2038,51192,51262
latency,weave,1,priority_mix_low,256,2039,50871,50951
latency,weave,1,priority_mix_low,256,2040,50230,50300
latency,weave,1,priority_mix_low,256,2041,49979,50049
latency,weave,1,priority_mix_low,256,2042,49589,49659
latency,weave,1,priority_mix_low,256,2043,48937,49007
latency,weave,1,priority_mix_low,256,2044,48747,48827
latency,weave,1,priority_mix_low,256,2045,48467,48537
latency,weave,1,priority_mix_low,256,2046,47815,47895
latency,weave,1,priority_mix_low,256,2047,47495,47565
latency,weave,1,priority_mix_high,256,2048,31274,31414
latency,weave,1,priority_mix_high,256,2049,14882,14982
latency,weave,1,priority_mix_high,256,2050,15123,15193
latency,weave,1,priority_mix_high,256,2051,14843,14923
latency,weave,1,priority_mix_high,256,2052,14833,14903
latency,weave,1,priority_mix_high,256,2053,15143,15213
latency,weave,1,priority_mix_high,256,2054,14983,15083
latency,weave,1,priority_mix_high,256,2055,15043,15124
latency,weave,1,priority_mix_high,256,2056,15143,15223
latency,weave,1,priority_mix_high,256,2057,15063,15133
latency,weave,1,priority_mix_high,256,2058,15243,15323
latency,weave,1,priority_mix_high,256,2059,15053,15123
latency,weave,1,priority_mix_high,256,2060,15204,15274
latency,weave,1,priority_mix_high,256,2061,15273,15343
latency,weave,1,priority_mix_high,256,2062,15453,15524
latency,weave,1,priority_mix_high,256,2063,16296,16376
latency,weave,1,priority_mix_high,256,2064,16456,16546
latency,weave,1,priority_mix_high,256,2065,16425,16526
latency,weave,1,priority_mix_high,256,2066,16485,16555
latency,weave,1,priority_mix_high,256,2067,16426,16496
latency,weave,1,priority_mix_high,256,2068,16576,16646
latency,weave,1,priority_mix_high,256,2069,16736,16806
latency,weave,1,priority_mix_high,256,2070,16726,16806
latency,weave,1,priority_mix_high,256,2071,16957,17037
latency,weave,1,priority_mix_high,256,2072,17067,17167
latency,weave,1,priority_mix_high,256,2073,17116,17197
latency,weave,1,priority_mix_high,256,2074,17317,17388
latency,weave,1,priority_mix_high,256,2075,17257,17327
latency,weave,1,priority_mix_high,256,2076,17267,17337
latency,weave,1,priority_mix_high,256,2077,17388,17468
latency,weave,1,priority_mix_high,256,2078,17407,17488
latency,weave,1,priority_mix_high,256,2079,17537,17607
latency,weave,1,priority_mix_high,256,2080,17578,17658
latency,weave,1,priority_mix_high,256,2081,17167,17247
latency,weave,1,priority_mix_high,256,2082,17368,17448
latency,weave,1,priority_mix_high,256,2083,17428,17508
latency,weave,1,priority_mix_high,256,2084,17458,17538
latency,weave,1,priority_mix_high,256,2085,17027,17097
latency,weave,1,priority_mix_high,256,2086,16575,16656
latency,weave,1,priority_mix_high,256,2087,16516,16596
latency,weave,1,priority_mix_high,256,2088,16425,16495
latency,weave,1,priority_mix_high,256,2089,16065,16145
latency,weave,1,priority_mix_high,256,2090,15925,16005
latency,weave,1,priority_mix_high,256,2091,15374,15464
latency,weave,1,priority_mix_high,256,2092,15163,15233
latency,weave,1,priority_mix_high,256,2093,14983,15063
latency,weave,1,priority_mix_high,256,2094,13821,13891
latency,weave,1,priority_mix_high,256,2095,13320,13400
latency,weave,1,priority_mix_high,256,2096,13170,13240
latency,weave,1,priority_mix_high,256,2097,12608,12689
latency,weave,1,priority_mix_high,256,2098,12318,12388
latency,weave,1,priority_mix_high,256,2099,11727,11807
latency,weave,1,priority_mix_high,256,2100,11426,11516
latency,weave,1,priority_mix_high,256,2101,11145,11216
latency,weave,1,priority_mix_high,256,2102,10735,10805
latency,weave,1,priority_mix_high,256,2103,10525,10605
latency,weave,1,priority_mix_high,256,2104,10304,10384
latency,weave,1,priority_mix_high,256,2105,9703,9783
latency,weave,1,priority_mix_high,256,2106,9402,9482
latency,weave,1,priority_mix_high,256,2107,8791,8861
latency,weave,1,priority_mix_high,256,2108,8520,8611
latency,weave,1,priority_mix_high,256,2109,8420,8501
latency,weave,1,priority_mix_high,256,2110,7869,7939
latency,weave,1,priority_mix_high,256,2111,7729,7799
latency,weave,1,priority_mix_high,256,2112,7339,7409
latency,weave,1,priority_mix_high,256,2113,7088,7158
latency,weave,1,priority_mix_high,256,2114,6737,6817
latency,weave,1,priority_mix_high,256,2115,6286,6366
latency,weave,1,priority_mix_high,256,2116,5976,6046
latency,weave,1,priority_mix_high,256,2117,5765,5836
latency,weave,1,priority_mix_high,256,2118,5284,5385
latency,weave,1,priority_mix_high,256,2119,5194,5264
latency,weave,1,priority_mix_high,256,2120,5094,5174
latency,weave,1,priority_mix_high,256,2121,4603,4673
latency,weave,1,priority_mix_high,256,2122,4423,4493
latency,weave,1,priority_mix_high,256,2123,4032,4102
latency,weave,1,priority_mix_high,256,2124,3872,3952
latency,weave,1,priority_mix_high,256,2125,3902,3972
latency,weave,1,priority_mix_high,256,2126,3310,3380
latency,weave,1,priority_mix_high,256,2127,3130,3200
latency,weave,1,priority_mix_high,256,2128,2970,3040
latency,weave,1,priority_mix_high,256,2129,2479,2559
latency,weave,1,priority_mix_high,256,2130,2119,2199
latency,weave,1,priority_mix_high,256,2131,1527,1608
latency,weave,1,priority_mix_high,256,2132,1347,1417
latency,weave,1,priority_mix_high,256,2133,1047,1127
latency,weave,1,priority_mix_normal,256,2134,53847,53927
latency,weave,1,priority_mix_normal,256,2135,53315,53385
latency,weave,1,priority_mix_normal,256,2136,53236,53316
latency,weave,1,priority_mix_normal,256,2137,52884,52954
latency,weave,1,priority_mix_normal,256,2138,52795,52865
latency,weave,1,priority_mix_normal,256,2139,52744,52814
latency,weave,1,priority_mix_normal,256,2140,52474,52554
latency,weave,1,priority_mix_normal,256,2141,52644,52724
latency,weave,1,priority_mix_normal,256,2142,52594,52664
latency,weave,1,priority_mix_normal,256,2143,52554,52624
latency,weave,1,priority_mix_normal,256,2144,52494,52564
latency,weave,1,priority_mix_normal,256,2145,52243,52313
latency,weave,1,priority_mix_normal,256,2146,52213,52283
latency,weave,1,priority_mix_normal,256,2147,52294,52374
latency,weave,1,priority_mix_normal,256,2148,52143,52213
latency,weave,1,priority_mix_normal,256,2149,52103,52173
latency,weave,1,priority_mix_normal,256,2150,51893,51973
latency,weave,1,priority_mix_normal,256,2151,51823,51893
latency,weave,1,priority_mix_normal,256,2152,51912,51983
latency,weave,1,priority_mix_normal,256,2153,51712,51782
latency,weave,1,priority_mix_normal,256,2154,51663,51743
latency,weave,1,priority_mix_normal,256,2155,51592,51662
latency,weave,1,priority_mix_normal,256,2156,51352,51422
latency,weave,1,priority_mix_normal,256,2157,51442,51512
latency,weave,1,priority_mix_normal,256,2158,51312,51382
latency,weave,1,priority_mix_normal,256,2159,51271,51341
latency,weave,1,priority_mix_normal,256,2160,51242,51322
latency,weave,1,priority_mix_normal,256,2161,51051,51121
latency,weave,1,priority_mix_normal,256,2162,51121,51191
latency,weave,1,priority_mix_normal,256,2163,51072,51152
latency,weave,1,priority_mix_normal,256,2164,50931,51001
latency,weave,1,priority_mix_normal,256,2165,50881,50951
latency,weave,1,priority_mix_normal,256,2166,50710,50780
latency,weave,1,priority_mix_normal,256,2167,50430,50500
latency,weave,1,priority_mix_normal,256,2168,50369,50450
latency,weave,1,priority_mix_normal,256,2169,50159,50239
latency,weave,1,priority_mix_normal,256,2170,49949,50030
latency,weave,1,priority_mix_normal,256,2171,49128,49198
latency,weave,1,priority_mix_normal,256,2172,48787,48857
latency,weave,1,priority_mix_normal,256,2173,48606,48676
latency,weave,1,priority_mix_normal,256,2174,48036,48106
latency,weave,1,priority_mix_normal,256,2175,47695,47765
latency,weave,1,priority_mix_normal,256,2176,47314,47384
latency,weave,1,priority_mix_normal,256,2177,46884,46964
latency,weave,1,priority_mix_normal,256,2178,46472,46552
latency,weave,1,priority_mix_normal,256,2179,45641,45721
latency,weave,1,priority_mix_normal,256,2180,44519,44589
latency,weave,1,priority_mix_normal,256,2181,44209,44279
latency,weave,1,priority_mix_normal,256,2182,43617,43687
latency,weave,1,priority_mix_normal,256,2183,43246,43316
latency,weave,1,priority_mix_normal,256,2184,42745,42826
latency,weave,1,priority_mix_normal,256,2185,42214,42284
latency,weave,1,priority_mix_normal,256,2186,41663,41734
latency,weave,1,priority_mix_normal,256,2187,41393,41463
latency,weave,1,priority_mix_normal,256,2188,40892,40972
latency,weave,1,priority_mix_normal,256,2189,40541,40621
latency,weave,1,priority_mix_normal,256,2190,39980,40050
latency,weave,1,priority_mix_normal,256,2191,39489,39559
latency,weave,1,priority_mix_normal,256,2192,38989,39069
latency,weave,1,priority_mix_normal,256,2193,38477,38558
latency,weave,1,priority_mix_normal,256,2194,38077,38157
latency,weave,1,priority_mix_normal,256,2195,37675,37746
latency,weave,1,priority_mix_normal,256,2196,37105,37175
latency,weave,1,priority_mix_normal,256,2197,36704,36775
latency,weave,1,priority_mix_normal,256,2198,36163,36233
latency,weave,1,priority_mix_normal,256,2199,35933,36013
latency,weave,1,priority_mix_normal,256,2200,35532,35602
latency,weave,1,priority_mix_normal,256,2201,34821,34901
latency,weave,1,priority_mix_normal,256,2202,34540,34620
latency,weave,1,priority_mix_normal,256,2203,34169,34239
latency,weave,1,priority_mix_normal,256,2204,33608,33679
latency,weave,1,priority_mix_normal,256,2205,33328,33408
latency,weave,1,priority_mix_normal,256,2206,32676,32747
latency,weave,1,priority_mix_normal,256,2207,32256,32336
latency,weave,1,priority_mix_normal,256,2208,31995,32066
latency,weave,1,priority_mix_normal,256,2209,31564,31644
latency,weave,1,priority_mix_normal,256,2210,31274,31354
latency,weave,1,priority_mix_normal,256,2211,30973,31043
latency,weave,1,priority_mix_normal,256,2212,30262,30332
latency,weave,1,priority_mix_normal,256,2213,29841,29911
latency,weave,1,priority_mix_normal,256,2214,29320,29400
latency,weave,1,priority_mix_normal,256,2215,28940,29010
latency,weave,1,priority_mix_normal,256,2216,28538,28608
latency,weave,1,priority_mix_normal,256,2217,27808,27878
latency,weave,1,priority_mix_normal,256,2218,27476,27556
latency,weave,1,priority_mix_low,256,2219,78654,78724
latency,weave,1,priority_mix_low,256,2220,78643,78714
latency,weave,1,priority_mix_low,256,2221,78603,78673
latency,weave,1,priority_mix_low,256,2222,78222,78303
latency,weave,1,priority_mix_low,256,2223,78142,78222
latency,weave,1,priority_mix_low,256,2224,77922,78002
latency,weave,1,priority_mix_low,256,2225,77972,78042
latency,weave,1,priority_mix_low,256,2226,77912,77982
latency,weave,1,priority_mix_low,256,2227,77681,77761
latency,weave,1,priority_mix_low,256,2228,77602,77682
latency,weave,1,priority_mix_low,256,2229,77531,77601
latency,weave,1,priority_mix_low,256,2230,77391,77461
latency,weave,1,priority_mix_low,256,2231,77311,77391
latency,weave,1,priority_mix_low,256,2232,77170,77240
latency,weave,1,priority_mix_low,256,2233,77101,77181
latency,weave,1,priority_mix_low,256,2234,77060,77130
latency,weave,1,priority_mix_low,256,2235,76940,77020
latency,weave,1,priority_mix_low,256,2236,76890,76960
latency,weave,1,priority_mix_low,256,2237,76840,76910
latency,weave,1,priority_mix_low,256,2238,76609,76690
latency,weave,1,priority_mix_low,256,2239,76560,76630
latency,weave,1,priority_mix_low,256,2240,76450,76520
latency,weave,1,priority_mix_low,256,2241,76409,76479
latency,weave,1,priority_mix_low,256,2242,76359,76439
latency,weave,1,priority_mix_low,256,2243,76199,76279
latency,weave,1,priority_mix_low,256,2244,76149,76229
latency,weave,1,priority_mix_low,256,2245,76258,76329
latency,weave,1,priority_mix_low,256,2246,76049,76119
latency,weave,1,priority_mix_low,256,2247,76008,76079
latency,weave,1,priority_mix_low,256,2248,75828,75898
latency,weave,1,priority_mix_low,256,2249,75778,75849
latency,weave,1,priority_mix_low,256,2250,75868,75948
latency,weave,1,priority_mix_low,256,2251,75317,75387
latency,weave,1,priority_mix_low,256,2252,75267,75347
latency,weave,1,priority_mix_low,256,2253,75207,75277
latency,weave,1,priority_mix_low,256,2254,74876,74946
latency,weave,1,priority_mix_low,256,2255,74255,74335
latency,weave,1,priority_mix_low,256,2256,73874,73955
latency,weave,1,priority_mix_low,256,2257,73514,73594
latency,weave,1,priority_mix_low,256,2258,73333,73404
latency,weave,1,priority_mix_low,256,2259,72782,72862
latency,weave,1,priority_mix_low,256,2260,72672,72742
latency,weave,1,priority_mix_low,256,2261,72392,72472
latency,weave,1,priority_mix_low,256,2262,71830,71910
latency,weave,1,priority_mix_low,256,2263,71420,71490
latency,weave,1,priority_mix_low,256,2264,70187,70257
latency,weave,1,priority_mix_low,256,2265,69587,69667
latency,weave,1,priority_mix_low,256,2266,69225,69306
latency,weave,1,priority_mix_low,256,2267,68584,68654
latency,weave,1,priority_mix_low,256,2268,68123,68204
latency,weave,1,priority_mix_low,256,2269,67643,67723
latency,weave,1,priority_mix_low,256,2270,66971,67052
latency,weave,1,priority_mix_low,256,2271,66561,66641
latency,weave,1,priority_mix_low,256,2272,66170,66240
latency,weave,1,priority_mix_low,256,2273,65769,65839
latency,weave,1,priority_mix_low,256,2274,65499,65569
latency,weave,1,priority_mix_low,256,2275,64727,64807
latency,weave,1,priority_mix_low,256,2276,64287,64367
latency,weave,1,priority_mix_low,256,2277,63775,63855
latency,weave,1,priority_mix_low,256,2278,63355,63435
latency,weave,1,priority_mix_low,256,2279,62913,62983
latency,weave,1,priority_mix_low,256,2280,62293,62363
latency,weave,1,priority_mix_low,256,2281,61941,62011
latency,weave,1,priority_mix_low,256,2282,61511,61591
latency,weave,1,priority_mix_low,256,2283,60960,61030
latency,weave,1,priority_mix_low,256,2284,60719,60789
latency,weave,1,priority_mix_low,256,2285,60299,60379
latency,weave,1,priority_mix_low,256,2286,59677,59757
latency,weave,1,priority_mix_low,256,2287,59337,59407
latency,weave,1,priority_mix_low,256,2288,58736,58816
latency,weave,1,priority_mix_low,256,2289,58315,58395
latency,weave,1,priority_mix_low,256,2290,58234,58315
latency,weave,1,priority_mix_low,256,2291,57584,57654
latency,weave,1,priority_mix_low,256,2292,57102,57172
latency,weave,1,priority_mix_low,256,2293,56862,56942
latency,weave,1,priority_mix_low,256,2294,56231,56311
latency,weave,1,priority_mix_low,256,2295,56041,56121
latency,weave,1,priority_mix_low,256,2296,55530,55610
latency,weave,1,priority_mix_low,256,2297,55119,55199
latency,weave,1,priority_mix_low,256,2298,54698,54778
latency,weave,1,priority_mix_low,256,2299,54107,54177
latency,weave,1,priority_mix_low,256,2300,53626,53696
latency,weave,1,priority_mix_low,256,2301,53355,53426
latency,weave,1,priority_mix_low,256,2302,52614,52684
latency,weave,1,priority_mix_low,256,2303,52363,52444
latency,rayon,1,burst_small,256,0,230,340
latency,rayon,1,burst_small,256,1,661,741
latency,rayon,1,burst_small,256,2,832,912
latency,rayon,1,burst_small,256,3,1002,1072
latency,rayon,1,burst_small,256,4,1173,1243
latency,rayon,1,burst_small,256,5,1563,1633
latency,rayon,1,burst_small,256,6,1733,1804
latency,rayon,1,burst_small,256,7,1894,1974
latency,rayon,1,burst_small,256,8,2084,2164
latency,rayon,1,burst_small,256,9,2314,2384
latency,rayon,1,burst_small,256,10,2485,2555
latency,rayon,1,burst_small,256,11,2655,2735
latency,rayon,1,burst_small,256,12,2835,2905
latency,rayon,1,burst_small,256,13,3005,3085
latency,rayon,1,burst_small,256,14,3186,3256
latency,rayon,1,burst_small,256,15,3356,3426
latency,rayon,1,burst_small,256,16,3537,3607
latency,rayon,1,burst_small,256,17,3737,3818
latency,rayon,1,burst_small,256,18,3918,3988
latency,rayon,1,burst_small,256,19,4088,4158
latency,rayon,1,burst_small,256,20,4268,4338
latency,rayon,1,burst_small,256,21,4438,4509
latency,rayon,1,burst_small,256,22,4609,4689
latency,rayon,1,burst_small,256,23,4789,4859
latency,rayon,1,burst_small,256,24,4959,5039
latency,rayon,1,burst_small,256,25,5139,5210
latency,rayon,1,burst_small,256,26,5310,5390
latency,rayon,1,burst_small,256,27,5490,5560
latency,rayon,1,burst_small,256,28,5660,5740
latency,rayon,1,burst_small,256,29,5841,5912
latency,rayon,1,burst_small,256,30,6012,6082
latency,rayon,1,burst_small,256,31,6192,6262
latency,rayon,1,burst_small,256,32,6362,6432
latency,rayon,1,burst_small,256,33,7064,7134
latency,rayon,1,burst_small,256,34,7234,7304
latency,rayon,1,burst_small,256,35,7404,7484
latency,rayon,1,burst_small,256,36,7584,7654
latency,rayon,1,burst_small,256,37,7755,7835
latency,rayon,1,burst_small,256,38,7935,8005
latency,rayon,1,burst_small,256,39,8105,8185
latency,rayon,1,burst_small,256,40,8285,8355
latency,rayon,1,burst_small,256,41,8456,8526
latency,rayon,1,burst_small,256,42,8627,8707
latency,rayon,1,burst_small,256,43,8807,8877
latency,rayon,1,burst_small,256,44,8987,9057
latency,rayon,1,burst_small,256,45,9158,9228
latency,rayon,1,burst_small,256,46,9328,9408
latency,rayon,1,burst_small,256,47,9508,9578
latency,rayon,1,burst_small,256,48,9708,9779
latency,rayon,1,burst_small,256,49,9879,9959
latency,rayon,1,burst_small,256,50,10059,10129
latency,rayon,1,burst_small,256,51,10229,10309
latency,rayon,1,burst_small,256,52,10409,10480
latency,rayon,1,burst_small,256,53,10580,10650
latency,rayon,1,burst_small,256,54,10760,10830
latency,rayon,1,burst_small,256,55,10931,11001
latency,rayon,1,burst_small,256,56,11101,11182
latency,rayon,1,burst_small,256,57,11282,11352
latency,rayon,1,burst_small,256,58,11452,11532
latency,rayon,1,burst_small,256,59,11632,11702
latency,rayon,1,burst_small,256,60,11792,11863
latency,rayon,1,burst_small,256,61,11973,12043
latency,rayon,1,burst_small,256,62,12143,12213
latency,rayon,1,burst_small,256,63,12313,12393
latency,rayon,1,burst_small,256,64,12493,12564
latency,rayon,1,burst_small,256,65,12694,12764
latency,rayon,1,burst_small,256,66,12864,12944
latency,rayon,1,burst_small,256,67,13044,13114
latency,rayon,1,burst_small,256,68,13216,13296
latency,rayon,1,burst_small,256,69,13396,13466
latency,rayon,1,burst_small,256,70,13566,13636
latency,rayon,1,burst_small,256,71,13736,13816
latency,rayon,1,burst_small,256,72,13917,13987
latency,rayon,1,burst_small,256,73,14087,14167
latency,rayon,1,burst_small,256,74,14267,14337
latency,rayon,1,burst_small,256,75,14437,14517
latency,rayon,1,burst_small,256,76,14618,14688
latency,rayon,1,burst_small,256,77,14788,14868
latency,rayon,1,burst_small,256,78,14968,15038
latency,rayon,1,burst_small,256,79,15138,15208
latency,rayon,1,burst_small,256,80,15319,15389
latency,rayon,1,burst_small,256,81,15489,15559
latency,rayon,1,burst_small,256,82,15660,15740
latency,rayon,1,burst_small,256,83,15840,15910
latency,rayon,1,burst_small,256,84,16011,16091
latency,rayon,1,burst_small,256,85,16191,16261
latency,rayon,1,burst_small,256,86,16361,16441
latency,rayon,1,burst_small,256,87,16541,16612
latency,rayon,1,burst_small,256,88,16712,16792
latency,rayon,1,burst_small,256,89,16892,16962
latency,rayon,1,burst_small,256,90,17062,17142
latency,rayon,1,burst_small,256,91,17242,17313
latency,rayon,1,burst_small,256,92,17413,17483
latency,rayon,1,burst_small,256,93,17583,17663
latency,rayon,1,burst_small,256,94,17763,17833
latency,rayon,1,burst_small,256,95,17934,18015
latency,rayon,1,burst_small,256,96,18125,18195
latency,rayon,1,burst_small,256,97,18285,18365
latency,rayon,1,burst_small,256,98,18545,18615
latency,rayon,1,burst_small,256,99,18725,18806
latency,rayon,1,burst_small,256,100,18906,18976
latency,rayon,1,burst_small,256,101,19076,19146
latency,rayon,1,burst_small,256,102,19256,19326
latency,rayon,1,burst_small,256,103,19426,19497
latency,rayon,1,burst_small,256,104,19597,19677
latency,rayon,1,burst_small,256,105,19777,19847
latency,rayon,1,burst_small,256,106,19948,20028
latency,rayon,1,burst_small,256,107,20128,20199
latency,rayon,1,burst_small,256,108,20299,20379
latency,rayon,1,burst_small,256,109,20479,20549
latency,rayon,1,burst_small,256,110,20649,20729
latency,rayon,1,burst_small,256,111,20829,20900
latency,rayon,1,burst_small,256,112,21000,21070
latency,rayon,1,burst_small,256,113,21170,21250
latency,rayon,1,burst_small,256,114,21350,21420
latency,rayon,1,burst_small,256,115,21511,21591
latency,rayon,1,burst_small,256,116,21691,21761
latency,rayon,1,burst_small,256,117,21861,21941
latency,rayon,1,burst_small,256,118,22041,22111
latency,rayon,1,burst_small,256,119,22213,22293
latency,rayon,1,burst_small,256,120,22393,22463
latency,rayon,1,burst_small,256,121,22563,22643
latency,rayon,1,burst_small,256,122,22743,22813
latency,rayon,1,burst_small,256,123,22914,22994
latency,rayon,1,burst_small,256,124,23104,23174
latency,rayon,1,burst_small,256,125,23284,23364
latency,rayon,1,burst_small,256,126,23494,23564
latency,rayon,1,burst_small,256,127,24126,24196
latency,rayon,1,burst_small,256,128,24306,24376
latency,rayon,1,burst_small,256,129,24486,24566
latency,rayon,1,burst_small,256,130,24666,24737
latency,rayon,1,burst_small,256,131,24837,24917
latency,rayon,1,burst_small,256,132,25017,25087
latency,rayon,1,burst_small,256,133,25188,25268
latency,rayon,1,burst_small,256,134,25368,25439
latency,rayon,1,burst_small,256,135,25529,25599
latency,rayon,1,burst_small,256,136,25709,25779
latency,rayon,1,burst_small,256,137,25879,25949
latency,rayon,1,burst_small,256,138,26049,26130
latency,rayon,1,burst_small,256,139,26230,26300
latency,rayon,1,burst_small,256,140,26470,26550
latency,rayon,1,burst_small,256,141,26650,26720
latency,rayon,1,burst_small,256,142,26820,26901
latency,rayon,1,burst_small,256,143,27001,27071
latency,rayon,1,burst_small,256,144,27172,27252
latency,rayon,1,burst_small,256,145,27352,27422
latency,rayon,1,burst_small,256,146,27522,27603
latency,rayon,1,burst_small,256,147,27693,27763
latency,rayon,1,burst_small,256,148,27863,27943
latency,rayon,1,burst_small,256,149,28043,28113
latency,rayon,1,burst_small,256,150,28213,28294
latency,rayon,1,burst_small,256,151,28394,28464
latency,rayon,1,burst_small,256,152,28564,28644
latency,rayon,1,burst_small,256,153,28744,28814
latency,rayon,1,burst_small,256,154,28914,28985
latency,rayon,1,burst_small,256,155,29085,29165
latency,rayon,1,burst_small,256,156,29265,29335
latency,rayon,1,burst_small,256,157,29435,29515
latency,rayon,1,burst_small,256,158,29617,29687
latency,rayon,1,burst_small,256,159,29787,29867
latency,rayon,1,burst_small,256,160,29967,30037
latency,rayon,1,burst_small,256,161,30137,30217
latency,rayon,1,burst_small,256,162,30308,30378
latency,rayon,1,burst_small,256,163,30478,30558
latency,rayon,1,burst_small,256,164,30658,30728
latency,rayon,1,burst_small,256,165,30828,30908
latency,rayon,1,burst_small,256,166,31009,31079
latency,rayon,1,burst_small,256,167,31179,31249
latency,rayon,1,burst_small,256,168,31359,31429
latency,rayon,1,burst_small,256,169,31529,31599
latency,rayon,1,burst_small,256,170,31700,31780
latency,rayon,1,burst_small,256,171,31881,31951
latency,rayon,1,burst_small,256,172,32051,32131
latency,rayon,1,burst_small,256,173,32231,32301
latency,rayon,1,burst_small,256,174,32402,32482
latency,rayon,1,burst_small,256,175,32582,32652
latency,rayon,1,burst_small,256,176,32752,32832
latency,rayon,1,burst_small,256,177,32932,33003
latency,rayon,1,burst_small,256,178,33123,33203
latency,rayon,1,burst_small,256,179,33403,33473
latency,rayon,1,burst_small,256,180,33593,33673
latency,rayon,1,burst_small,256,181,33774,33845
latency,rayon,1,burst_small,256,182,33945,34025
latency,rayon,1,burst_small,256,183,34125,34195
latency,rayon,1,burst_small,256,184,34295,34365
latency,rayon,1,burst_small,256,185,34465,34546
latency,rayon,1,burst_small,256,186,34646,34716
latency,rayon,1,burst_small,256,187,34806,34886
latency,rayon,1,burst_small,256,188,34986,35056
latency,rayon,1,burst_small,256,189,35166,35247
latency,rayon,1,burst_small,256,190,35487,35557
latency,rayon,1,burst_small,256,191,37090,37170
latency,rayon,1,burst_small,256,192,38873,38953
latency,rayon,1,burst_small,256,193,39044,39114
latency,rayon,1,burst_small,256,194,39214,39294
latency,rayon,1,burst_small,256,195,39395,39465
latency,rayon,1,burst_small,256,196,39565,39645
latency,rayon,1,burst_small,256,197,39746,39816
latency,rayon,1,burst_small,256,198,39916,39986
latency,rayon,1,burst_small,256,199,40086,40166
latency,rayon,1,burst_small,256,200,40266,40336
latency,rayon,1,burst_small,256,201,40437,40517
latency,rayon,1,burst_small,256,202,40617,40687
latency,rayon,1,burst_small,256,203,40787,40867
latency,rayon,1,burst_small,256,204,40967,41037
latency,rayon,1,burst_small,256,205,41138,41218
latency,rayon,1,burst_small,256,206,41318,41388
latency,rayon,1,burst_small,256,207,41488,41558
latency,rayon,1,burst_small,256,208,41659,41729
latency,rayon,1,burst_small,256,209,41830,41900
latency,rayon,1,burst_small,256,210,42020,42100
latency,rayon,1,burst_small,256,211,42340,42410
latency,rayon,1,burst_small,256,212,42530,42610
latency,rayon,1,burst_small,256,213,42711,42781
latency,rayon,1,burst_small,256,214,42881,42951
latency,rayon,1,burst_small,256,215,43101,43181
latency,rayon,1,burst_small,256,216,43732,43803
latency,rayon,1,burst_small,256,217,43893,43973
latency,rayon,1,burst_small,256,218,44064,44134
latency,rayon,1,burst_small,256,219,44224,44304
latency,rayon,1,burst_small,256,220,44394,44465
latency,rayon,1,burst_small,256,221,44555,44635
latency,rayon,1,burst_small,256,222,44725,44795
latency,rayon,1,burst_small,256,223,44885,44965
latency,rayon,1,burst_small,256,224,45687,45767
latency,rayon,1,burst_small,256,225,45857,45927
latency,rayon,1,burst_small,256,226,46017,46097
latency,rayon,1,burst_small,256,227,46187,46257
latency,rayon,1,burst_small,256,228,46348,46428
latency,rayon,1,burst_small,256,229,46518,46588
latency,rayon,1,burst_small,256,230,46678,46748
latency,rayon,1,burst_small,256,231,46848,46918
latency,rayon,1,burst_small,256,232,47050,47120
latency,rayon,1,burst_small,256,233,47210,47290
latency,rayon,1,burst_small,256,234,47380,47450
latency,rayon,1,burst_small,256,235,47540,47620
latency,rayon,1,burst_small,256,236,47711,47781
latency,rayon,1,burst_small,256,237,47871,47951
latency,rayon,1,burst_small,256,238,48041,48111
latency,rayon,1,burst_small,256,239,48201,48271
latency,rayon,1,burst_small,256,240,48422,48492
latency,rayon,1,burst_small,256,241,48582,48652
latency,rayon,1,burst_small,256,242,48742,48822
latency,rayon,1,burst_small,256,243,48912,48982
latency,rayon,1,burst_small,256,244,49073,49153
latency,rayon,1,burst_small,256,245,49243,49313
latency,rayon,1,burst_small,256,246,49403,49483
latency,rayon,1,burst_small,256,247,49573,49644
latency,rayon,1,burst_small,256,248,49945,50025
latency,rayon,1,burst_small,256,249,50115,50185
latency,rayon,1,burst_small,256,250,50275,50345
latency,rayon,1,burst_small,256,251,50435,50516
latency,rayon,1,burst_small,256,252,50616,50686
latency,rayon,1,burst_small,256,253,50776,50856
latency,rayon,1,burst_small,256,254,50946,51016
latency,rayon,1,burst_small,256,255,51407,51478
latency,rayon,1,burst_small,256,256,210,321
latency,rayon,1,burst_small,256,257,651,721
latency,rayon,1,burst_small,256,258,821,891
latency,rayon,1,burst_small,256,259,992,1062
latency,rayon,1,burst_small,256,260,1152,1232
latency,rayon,1,burst_small,256,261,1462,1532
latency,rayon,1,burst_small,256,262,1624,1704
latency,rayon,1,burst_small,256,263,1794,1874
latency,rayon,1,burst_small,256,264,1994,2064
latency,rayon,1,burst_small,256,265,2204,2285
latency,rayon,1,burst_small,256,266,2395,2465
latency,rayon,1,burst_small,256,267,2565,2645
latency,rayon,1,burst_small,256,268,2745,2815
latency,rayon,1,burst_small,256,269,2915,2996
latency,rayon,1,burst_small,256,270,3096,3166
latency,rayon,1,burst_small,256,271,3266,3336
latency,rayon,1,burst_small,256,272,3436,3516
latency,rayon,1,burst_small,256,273,3637,3707
latency,rayon,1,burst_small,256,274,3807,3887
latency,rayon,1,burst_small,256,275,3998,4068
latency,rayon,1,burst_small,256,276,4178,4258
latency,rayon,1,burst_small,256,277,4449,4519
latency,rayon,1,burst_small,256,278,4619,4699
latency,rayon,1,burst_small,256,279,4809,4879
latency,rayon,1,burst_small,256,280,4979,5049
latency,rayon,1,burst_small,256,281,5150,5230
latency,rayon,1,burst_small,256,282,5330,5400
latency,rayon,1,burst_small,256,283,5500,5580
latency,rayon,1,burst_small,256,284,5680,5750
latency,rayon,1,burst_small,256,285,5851,5931
latency,rayon,1,burst_small,256,286,6032,6102
latency,rayon,1,burst_small,256,287,6202,6282
latency,rayon,1,burst_small,256,288,6382,6452
latency,rayon,1,burst_small,256,289,6573,6653
latency,rayon,1,burst_small,256,290,6763,6833
latency,rayon,1,burst_small,256,291,6933,7003
latency,rayon,1,burst_small,256,292,7103,7184
latency,rayon,1,burst_small,256,293,7284,7364
latency,rayon,1,burst_small,256,294,7464,7544
latency,rayon,1,burst_small,256,295,7654,7724
latency,rayon,1,burst_small,256,296,7825,7895
latency,rayon,1,burst_small,256,297,8005,8075
latency,rayon,1,burst_small,256,298,8185,8265
latency,rayon,1,burst_small,256,299,8366,8446
latency,rayon,1,burst_small,256,300,8547,8617
latency,rayon,1,burst_small,256,301,8727,8797
latency,rayon,1,burst_small,256,302,8907,8987
latency,rayon,1,burst_small,256,303,9097,9168
latency,rayon,1,burst_small,256,304,9268,9338
latency,rayon,1,burst_small,256,305,9448,9528
latency,rayon,1,burst_small,256,306,9628,9708
latency,rayon,1,burst_small,256,307,9808,9889
latency,rayon,1,burst_small,256,308,9989,10059
latency,rayon,1,burst_small,256,309,10169,10239
latency,rayon,1,burst_small,256,310,10349,10419
latency,rayon,1,burst_small,256,311,10529,10610
latency,rayon,1,burst_small,256,312,10701,10771
latency,rayon,1,burst_small,256,313,10881,10951
latency,rayon,1,burst_small,256,314,11061,11131
latency,rayon,1,burst_small,256,315,11242,11312
latency,rayon,1,burst_small,256,316,11422,11492
latency,rayon,1,burst_small,256,317,11602,11672
latency,rayon,1,burst_small,256,318,11782,11852
latency,rayon,1,burst_small,256,319,11963,12033
latency,rayon,1,burst_small,256,320,12143,12223
latency,rayon,1,burst_small,256,321,12353,12423
latency,rayon,1,burst_small,256,322,12533,12614
latency,rayon,1,burst_small,256,323,12724,12794
latency,rayon,1,burst_small,256,324,12894,12964
latency,rayon,1,burst_small,256,325,13075,13155
latency,rayon,1,burst_small,256,326,13256,13336
latency,rayon,1,burst_small,256,327,13446,13516
latency,rayon,1,burst_small,256,328,13616,13686
latency,rayon,1,burst_small,256,329,13796,13866
latency,rayon,1,burst_small,256,330,13977,14047
latency,rayon,1,burst_small,256,331,14157,14237
latency,rayon,1,burst_small,256,332,14337,14407
latency,rayon,1,burst_small,256,333,14517,14587
latency,rayon,1,burst_small,256,334,14698,14778
latency,rayon,1,burst_small,256,335,14878,14958
latency,rayon,1,burst_small,256,336,15048,15118
latency,rayon,1,burst_small,256,337,15218,15299
latency,rayon,1,burst_small,256,338,15399,15469
latency,rayon,1,burst_small,256,339,15610,15690
latency,rayon,1,burst_small,256,340,15790,15860
latency,rayon,1,burst_small,256,341,15960,16041
latency,rayon,1,burst_small,256,342,16141,16221
latency,rayon,1,burst_small,256,343,16321,16401
latency,rayon,1,burst_small,256,344,16501,16571
latency,rayon,1,burst_small,256,345,16681,16752
latency,rayon,1,burst_small,256,346,16852,16932
latency,rayon,1,burst_small,256,347,17042,17112
latency,rayon,1,burst_small,256,348,17202,17272
latency,rayon,1,burst_small,256,349,17383,17453
latency,rayon,1,burst_small,256,350,17553,17623
latency,rayon,1,burst_small,256,351,17734,17804
latency,rayon,1,burst_small,256,352,17904,17974
latency,rayon,1,burst_small,256,353,18095,18165
latency,rayon,1,burst_small,256,354,18275,18345
latency,rayon,1,burst_small,256,355,18455,18525
latency,rayon,1,burst_small,256,356,18615,18695
latency,rayon,1,burst_small,256,357,18806,18876
latency,rayon,1,burst_small,256,358,18986,19056
latency,rayon,1,burst_small,256,359,19166,19236
latency,rayon,1,burst_small,256,360,19336,19417
latency,rayon,1,burst_small,256,361,19517,19597
latency,rayon,1,burst_small,256,362,19707,19777
latency,rayon,1,burst_small,256,363,19887,19957
latency,rayon,1,burst_small,256,364,20058,20139
latency,rayon,1,burst_small,256,365,20249,20319
latency,rayon,1,burst_small,256,366,20429,20499
latency,rayon,1,burst_small,256,367,20609,20679
latency,rayon,1,burst_small,256,368,20780,20860
latency,rayon,1,burst_small,256,369,20970,21040
latency,rayon,1,burst_small,256,370,21150,21220
latency,rayon,1,burst_small,256,371,21330,21400
latency,rayon,1,burst_small,256,372,21501,21581
latency,rayon,1,burst_small,256,373,21681,21761
latency,rayon,1,burst_small,256,374,21871,21941
latency,rayon,1,burst_small,256,375,22051,22122
latency,rayon,1,burst_small,256,376,22222,22302
latency,rayon,1,burst_small,256,377,22402,22482
latency,rayon,1,burst_small,256,378,22593,22663
latency,rayon,1,burst_small,256,379,22773,22844
latency,rayon,1,burst_small,256,380,22944,23024
latency,rayon,1,burst_small,256,381,23124,23204
latency,rayon,1,burst_small,256,382,23364,23444
latency,rayon,1,burst_small,256,383,24276,24356
latency,rayon,1,burst_small,256,384,24457,24527
latency,rayon,1,burst_small,256,385,24687,24757
latency,rayon,1,burst_small,256,386,24867,24938
latency,rayon,1,burst_small,256,387,25148,25228
latency,rayon,1,burst_small,256,388,25328,25398
latency,rayon,1,burst_small,256,389,25508,25578
latency,rayon,1,burst_small,256,390,25688,25759
latency,rayon,1,burst_small,256,391,25869,25949
latency,rayon,1,burst_small,256,392,26049,26119
latency,rayon,1,burst_small,256,393,26229,26299
latency,rayon,1,burst_small,256,394,26410,26480
latency,rayon,1,burst_small,256,395,26591,26661
latency,rayon,1,burst_small,256,396,26761,26841
latency,rayon,1,burst_small,256,397,26951,27021
latency,rayon,1,burst_small,256,398,27122,27192
latency,rayon,1,burst_small,256,399,27292,27372
latency,rayon,1,burst_small,256,400,27472,27542
latency,rayon,1,burst_small,256,401,27652,27722
latency,rayon,1,burst_small,256,402,27833,27903
latency,rayon,1,burst_small,256,403,28013,28083
latency,rayon,1,burst_small,256,404,28183,28253
latency,rayon,1,burst_small,256,405,28353,28434
latency,rayon,1,burst_small,256,406,28534,28604
latency,rayon,1,burst_small,256,407,28704,28784
latency,rayon,1,burst_small,256,408,28885,28955
latency,rayon,1,burst_small,256,409,29055,29136
latency,rayon,1,burst_small,256,410,29236,29306
latency,rayon,1,burst_small,256,411,29416,29486
latency,rayon,1,burst_small,256,412,29586,29666
latency,rayon,1,burst_small,256,413,29766,29837
latency,rayon,1,burst_small,256,414,29947,30017
latency,rayon,1,burst_small,256,415,30127,30197
latency,rayon,1,burst_small,256,416,30297,30377
latency,rayon,1,burst_small,256,417,30477,30558
latency,rayon,1,burst_small,256,418,30668,30738
latency,rayon,1,burst_small,256,419,30848,30918
latency,rayon,1,burst_small,256,420,31008,31088
latency,rayon,1,burst_small,256,421,31199,31269
latency,rayon,1,burst_small,256,422,31370,31440
latency,rayon,1,burst_small,256,423,31550,31630
latency,rayon,1,burst_small,256,424,31730,31800
latency,rayon,1,burst_small,256,425,31911,31981
latency,rayon,1,burst_small,256,426,32091,32161
latency,rayon,1,burst_small,256,427,32271,32351
latency,rayon,1,burst_small,256,428,32451,32522
latency,rayon,1,burst_small,256,429,32702,32772
latency,rayon,1,burst_small,256,430,32922,32992
latency,rayon,1,burst_small,256,431,33102,33172
latency,rayon,1,burst_small,256,432,33273,33354
latency,rayon,1,burst_small,256,433,33454,33534
latency,rayon,1,burst_small,256,434,33634,33714
latency,rayon,1,burst_small,256,435,33814,33894
latency,rayon,1,burst_small,256,436,33995,34065
latency,rayon,1,burst_small,256,437,34175,34245
latency,rayon,1,burst_small,256,438,34355,34435
latency,rayon,1,burst_small,256,439,34535,34615
latency,rayon,1,burst_small,256,440,34716,34786
latency,rayon,1,burst_small,256,441,34896,34966
latency,rayon,1,burst_small,256,442,35076,35156
latency,rayon,1,burst_small,256,443,35256,35337
latency,rayon,1,burst_small,256,444,35427,35497
latency,rayon,1,burst_small,256,445,35608,35678
latency,rayon,1,burst_small,256,446,35858,35928
latency,rayon,1,burst_small,256,447,36869,36950
latency,rayon,1,burst_small,256,448,38853,38923
latency,rayon,1,burst_small,256,449,39034,39105
latency,rayon,1,burst_small,256,450,39215,39285
latency,rayon,1,burst_small,256,451,39395,39475
latency,rayon,1,burst_small,256,452,39575,39645
latency,rayon,1,burst_small,256,453,39755,39826
latency,rayon,1,burst_small,256,454,39936,40016
latency,rayon,1,burst_small,256,455,40116,40186
latency,rayon,1,burst_small,256,456,40286,40366
latency,rayon,1,burst_small,256,457,40456,40537
latency,rayon,1,burst_small,256,458,40637,40717
latency,rayon,1,burst_small,256,459,40827,40897
latency,rayon,1,burst_small,256,460,40997,41067
latency,rayon,1,burst_small,256,461,41218,41298
latency,rayon,1,burst_small,256,462,41429,41509
latency,rayon,1,burst_small,256,463,41619,41689
latency,rayon,1,burst_small,256,464,41789,41859
latency,rayon,1,burst_small,256,465,41980,42050
latency,rayon,1,burst_small,256,466,42160,42240
latency,rayon,1,burst_small,256,467,42340,42420
latency,rayon,1,burst_small,256,468,42520,42591
latency,rayon,1,burst_small,256,469,42701,42771
latency,rayon,1,burst_small,256,470,42881,42951
latency,rayon,1,burst_small,256,471,43061,43131
latency,rayon,1,burst_small,256,472,43241,43312
latency,rayon,1,burst_small,256,473,43422,43492
latency,rayon,1,burst_small,256,474,43603,43673
latency,rayon,1,burst_small,256,475,43783,43853
latency,rayon,1,burst_small,256,476,43954,44034
latency,rayon,1,burst_small,256,477,44144,44214
latency,rayon,1,burst_small,256,478,44324,44394
latency,rayon,1,burst_small,256,479,44504,44574
latency,rayon,1,burst_small,256,480,45346,45426
latency,rayon,1,burst_small,256,481,45526,45606
latency,rayon,1,burst_small,256,482,45706,45787
latency,rayon,1,burst_small,256,483,45897,45967
latency,rayon,1,burst_small,256,484,46067,46137
latency,rayon,1,burst_small,256,485,46247,46327
latency,rayon,1,burst_small,256,486,46427,46508
latency,rayon,1,burst_small,256,487,46619,46689
latency,rayon,1,burst_small,256,488,46789,46859
latency,rayon,1,burst_small,256,489,46969,47049
latency,rayon,1,burst_small,256,490,47150,47230
latency,rayon,1,burst_small,256,491,47320,47400
latency,rayon,1,burst_small,256,492,47500,47570
latency,rayon,1,burst_small,256,493,47810,47880
latency,rayon,1,burst_small,256,494,48031,48101
latency,rayon,1,burst_small,256,495,48211,48291
latency,rayon,1,burst_small,256,496,48392,48462
latency,rayon,1,burst_small,256,497,48572,48643
latency,rayon,1,burst_small,256,498,48783,48853
latency,rayon,1,burst_small,256,499,48993,49063
latency,rayon,1,burst_small,256,500,49163,49243
latency,rayon,1,burst_small,256,501,49343,49424
latency,rayon,1,burst_small,256,502,49594,49664
latency,rayon,1,burst_small,256,503,49864,49944
latency,rayon,1,burst_small,256,504,50385,50455
latency,rayon,1,burst_small,256,505,50545,50626
latency,rayon,1,burst_small,256,506,50726,50796
latency,rayon,1,burst_small,256,507,50886,50966
latency,rayon,1,burst_small,256,508,51066,51136
latency,rayon,1,burst_small,256,509,51227,51297
latency,rayon,1,burst_small,256,510,51388,51468
latency,rayon,1,burst_small,256,511,51818,51898
latency,rayon,1,burst_small,256,512,221,331
latency,rayon,1,burst_small,256,513,651,722
latency,rayon,1,burst_small,256,514,852,922
latency,rayon,1,burst_small,256,515,1022,1092
latency,rayon,1,burst_small,256,516,1192,1262
latency,rayon,1,burst_small,256,517,1563,1633
latency,rayon,1,burst_small,256,518,1733,1803
latency,rayon,1,burst_small,256,519,1903,1973
latency,rayon,1,burst_small,256,520,2104,2174
latency,rayon,1,burst_small,256,521,2324,2394
latency,rayon,1,burst_small,256,522,2495,2575
latency,rayon,1,burst_small,256,523,2675,2746
latency,rayon,1,burst_small,256,524,2846,2926
latency,rayon,1,burst_small,256,525,3026,3096
latency,rayon,1,burst_small,256,526,3196,3276
latency,rayon,1,burst_small,256,527,3376,3447
latency,rayon,1,burst_small,256,528,3547,3617
latency,rayon,1,burst_small,256,529,3737,3807
latency,rayon,1,burst_small,256,530,3917,3987
latency,rayon,1,burst_small,256,531,4088,4158
latency,rayon,1,burst_small,256,532,4258,4338
latency,rayon,1,burst_small,256,533,4438,4508
latency,rayon,1,burst_small,256,534,4608,4688
latency,rayon,1,burst_small,256,535,4790,4860
latency,rayon,1,burst_small,256,536,4960,5040
latency,rayon,1,burst_small,256,537,5140,5210
latency,rayon,1,burst_small,256,538,5310,5390
latency,rayon,1,burst_small,256,539,5491,5561
latency,rayon,1,burst_small,256,540,5661,5741
latency,rayon,1,burst_small,256,541,5841,5911
latency,rayon,1,burst_small,256,542,6011,6091
latency,rayon,1,burst_small,256,543,6192,6262
latency,rayon,1,burst_small,256,544,6362,6442
latency,rayon,1,burst_small,256,545,6562,6632
latency,rayon,1,burst_small,256,546,6732,6813
latency,rayon,1,burst_small,256,547,6913,6983
latency,rayon,1,burst_small,256,548,7084,7154
latency,rayon,1,burst_small,256,549,7254,7334
latency,rayon,1,burst_small,256,550,7434,7505
latency,rayon,1,burst_small,256,551,7605,7685
latency,rayon,1,burst_small,256,552,7785,7855
latency,rayon,1,burst_small,256,553,7955,8035
latency,rayon,1,burst_small,256,554,8135,8206
latency,rayon,1,burst_small,256,555,8306,8386
latency,rayon,1,burst_small,256,556,8486,8556
latency,rayon,1,burst_small,256,557,8646,8726
latency,rayon,1,burst_small,256,558,8826,8897
latency,rayon,1,burst_small,256,559,8997,9077
latency,rayon,1,burst_small,256,560,9177,9247
latency,rayon,1,burst_small,256,561,9347,9417
latency,rayon,1,burst_small,256,562,9528,9599
latency,rayon,1,burst_small,256,563,9699,9769
latency,rayon,1,burst_small,256,564,9869,9949
latency,rayon,1,burst_small,256,565,10049,10119
latency,rayon,1,burst_small,256,566,10219,10300
latency,rayon,1,burst_small,256,567,10400,10470
latency,rayon,1,burst_small,256,568,10570,10650
latency,rayon,1,burst_small,256,569,10750,10820
latency,rayon,1,burst_small,256,570,10921,11001
latency,rayon,1,burst_small,256,571,11101,11171
latency,rayon,1,burst_small,256,572,11271,11341
latency,rayon,1,burst_small,256,573,11441,11521
latency,rayon,1,burst_small,256,574,11622,11692
latency,rayon,1,burst_small,256,575,11793,11873
latency,rayon,1,burst_small,256,576,11973,12043
latency,rayon,1,burst_small,256,577,12895,12975
latency,rayon,1,burst_small,256,578,13085,13155
latency,rayon,1,burst_small,256,579,13265,13335
latency,rayon,1,burst_small,256,580,13546,13616
latency,rayon,1,burst_small,256,581,13716,13786
latency,rayon,1,burst_small,256,582,13886,13966
latency,rayon,1,burst_small,256,583,14076,14146
latency,rayon,1,burst_small,256,584,14257,14327
latency,rayon,1,burst_small,256,585,14417,14487
latency,rayon,1,burst_small,256,586,14598,14678
latency,rayon,1,burst_small,256,587,14778,14859
latency,rayon,1,burst_small,256,588,14969,15039
latency,rayon,1,burst_small,256,589,15139,15219
latency,rayon,1,burst_small,256,590,15319,15399
latency,rayon,1,burst_small,256,591,15509,15580
latency,rayon,1,burst_small,256,592,15690,15760
latency,rayon,1,burst_small,256,593,15860,15940
latency,rayon,1,burst_small,256,594,16050,16120
latency,rayon,1,burst_small,256,595,16231,16301
latency,rayon,1,burst_small,256,596,16411,16481
latency,rayon,1,burst_small,256,597,16581,16661
latency,rayon,1,burst_small,256,598,16771,16841
latency,rayon,1,burst_small,256,599,16953,17033
latency,rayon,1,burst_small,256,600,17123,17203
latency,rayon,1,burst_small,256,601,17303,17373
latency,rayon,1,burst_small,256,602,17483,17564
latency,rayon,1,burst_small,256,603,17664,17744
latency,rayon,1,burst_small,256,604,17854,17924
latency,rayon,1,burst_small,256,605,18024,18094
latency,rayon,1,burst_small,256,606,18204,18285
latency,rayon,1,burst_small,256,607,18385,18465
latency,rayon,1,burst_small,256,608,18575,18645
latency,rayon,1,burst_small,256,609,18745,18825
latency,rayon,1,burst_small,256,610,18925,19006
latency,rayon,1,burst_small,256,611,19116,19186
latency,rayon,1,burst_small,256,612,19296,19366
latency,rayon,1,burst_small,256,613,19467,19547
latency,rayon,1,burst_small,256,614,19648,19728
latency,rayon,1,burst_small,256,615,19838,19908
latency,rayon,1,burst_small,256,616,20018,20088
latency,rayon,1,burst_small,256,617,20188,20269
latency,rayon,1,burst_small,256,618,20359,20439
latency,rayon,1,burst_small,256,619,20549,20619
latency,rayon,1,burst_small,256,620,20729,20799
latency,rayon,1,burst_small,256,621,20909,20980
latency,rayon,1,burst_small,256,622,21150,21220
latency,rayon,1,burst_small,256,623,21340,21410
latency,rayon,1,burst_small,256,624,21510,21580
latency,rayon,1,burst_small,256,625,21681,21762
latency,rayon,1,burst_small,256,626,21862,21932
latency,rayon,1,burst_small,256,627,22042,22112
latency,rayon,1,burst_small,256,628,22222,22302
latency,rayon,1,burst_small,256,629,22403,22473
latency,rayon,1,burst_small,256,630,22583,22653
latency,rayon,1,burst_small,256,631,22763,22843
latency,rayon,1,burst_small,256,632,22943,23023
latency,rayon,1,burst_small,256,633,23114,23184
latency,rayon,1,burst_small,256,634,23294,23374
latency,rayon,1,burst_small,256,635,23474,23554
latency,rayon,1,burst_small,256,636,23664,23735
latency,rayon,1,burst_small,256,637,23835,23915
latency,rayon,1,burst_small,256,638,24066,24146
latency,rayon,1,burst_small,256,639,24767,24847
latency,rayon,1,burst_small,256,640,24947,25018
latency,rayon,1,burst_small,256,641,29937,30007
latency,rayon,1,burst_small,256,642,30107,30187
latency,rayon,1,burst_small,256,643,30287,30357
latency,rayon,1,burst_small,256,644,30448,30518
latency,rayon,1,burst_small,256,645,30618,30698
latency,rayon,1,burst_small,256,646,30798,30868
latency,rayon,1,burst_small,256,647,30968,31048
latency,rayon,1,burst_small,256,648,31149,31219
latency,rayon,1,burst_small,256,649,31319,31399
latency,rayon,1,burst_small,256,650,31500,31570
latency,rayon,1,burst_small,256,651,31670,31741
latency,rayon,1,burst_small,256,652,31841,31921
latency,rayon,1,burst_small,256,653,32021,32091
latency,rayon,1,burst_small,256,654,32191,32271
latency,rayon,1,burst_small,256,655,32371,32442
latency,rayon,1,burst_small,256,656,32542,32622
latency,rayon,1,burst_small,256,657,32722,32792
latency,rayon,1,burst_small,256,658,32892,32972
latency,rayon,1,burst_small,256,659,33072,33143
latency,rayon,1,burst_small,256,660,33243,33313
latency,rayon,1,burst_small,256,661,33413,33493
latency,rayon,1,burst_small,256,662,33593,33663
latency,rayon,1,burst_small,256,663,33763,33844
latency,rayon,1,burst_small,256,664,34015,34085
latency,rayon,1,burst_small,256,665,34195,34265
latency,rayon,1,burst_small,256,666,34375,34445
latency,rayon,1,burst_small,256,667,34545,34616
latency,rayon,1,burst_small,256,668,34716,34796
latency,rayon,1,burst_small,256,669,34896,34966
latency,rayon,1,burst_small,256,670,35066,35146
latency,rayon,1,burst_small,256,671,35246,35317
latency,rayon,1,burst_small,256,672,35417,35497
latency,rayon,1,burst_small,256,673,35597,35667
latency,rayon,1,burst_small,256,674,35767,35847
latency,rayon,1,burst_small,256,675,35948,36019
latency,rayon,1,burst_small,256,676,36119,36199
latency,rayon,1,burst_small,256,677,36299,36369
latency,rayon,1,burst_small,256,678,36469,36539
latency,rayon,1,burst_small,256,679,36640,36720
latency,rayon,1,burst_small,256,680,36810,36880
latency,rayon,1,burst_small,256,681,36980,37060
latency,rayon,1,burst_small,256,682,37160,37230
latency,rayon,1,burst_small,256,683,37331,37411
latency,rayon,1,burst_small,256,684,37511,37581
latency,rayon,1,burst_small,256,685,37681,37761
latency,rayon,1,burst_small,256,686,37861,37931
latency,rayon,1,burst_small,256,687,38032,38112
latency,rayon,1,burst_small,256,688,38213,38283
latency,rayon,1,burst_small,256,689,38383,38453
latency,rayon,1,burst_small,256,690,38563,38633
latency,rayon,1,burst_small,256,691,38734,38804
latency,rayon,1,burst_small,256,692,38904,38984
latency,rayon,1,burst_small,256,693,39084,39154
latency,rayon,1,burst_small,256,694,39254,39334
latency,rayon,1,burst_small,256,695,39545,39615
latency,rayon,1,burst_small,256,696,39715,39795
latency,rayon,1,burst_small,256,697,39895,39965
latency,rayon,1,burst_small,256,698,40065,40146
latency,rayon,1,burst_small,256,699,40237,40307
latency,rayon,1,burst_small,256,700,40407,40487
latency,rayon,1,burst_small,256,701,40607,40677
latency,rayon,1,burst_small,256,702,40907,40988
latency,rayon,1,burst_small,256,703,42431,42501
latency,rayon,1,burst_small,256,704,43663,43733
latency,rayon,1,burst_small,256,705,43833,43913
latency,rayon,1,burst_small,256,706,44013,44084
latency,rayon,1,burst_small,256,707,44184,44264
latency,rayon,1,burst_small,256,708,44364,44434
latency,rayon,1,burst_small,256,709,44534,44614
latency,rayon,1,burst_small,256,710,44714,44785
latency,rayon,1,burst_small,256,711,44885,44965
latency,rayon,1,burst_small,256,712,45085,45155
latency,rayon,1,burst_small,256,713,45326,45396
latency,rayon,1,burst_small,256,714,45536,45607
latency,rayon,1,burst_small,256,715,45707,45777
latency,rayon,1,burst_small,256,716,45877,45957
latency,rayon,1,burst_small,256,717,46057,46127
latency,rayon,1,burst_small,256,718,46237,46308
latency,rayon,1,burst_small,256,719,46398,46468
latency,rayon,1,burst_small,256,720,46568,46648
latency,rayon,1,burst_small,256,721,46748,46818
latency,rayon,1,burst_small,256,722,46918,46999
latency,rayon,1,burst_small,256,723,47099,47169
latency,rayon,1,burst_small,256,724,47269,47349
latency,rayon,1,burst_small,256,725,47450,47520
latency,rayon,1,burst_small,256,726,47631,47711
latency,rayon,1,burst_small,256,727,47861,47931
latency,rayon,1,burst_small,256,728,48432,48512
latency,rayon,1,burst_small,256,729,48602,48672
latency,rayon,1,burst_small,256,730,48763,48843
latency,rayon,1,burst_small,256,731,48933,49003
latency,rayon,1,burst_small,256,732,49093,49173
latency,rayon,1,burst_small,256,733,49263,49333
latency,rayon,1,burst_small,256,734,49424,49504
latency,rayon,1,burst_small,256,735,49594,49664
latency,rayon,1,burst_small,256,736,50385,50455
latency,rayon,1,burst_small,256,737,50545,50626
latency,rayon,1,burst_small,256,738,50716,50786
latency,rayon,1,burst_small,256,739,50876,50956
latency,rayon,1,burst_small,256,740,51046,51116
latency,rayon,1,burst_small,256,741,51207,51288
latency,rayon,1,burst_small,256,742,51378,51448
latency,rayon,1,burst_small,256,743,51538,51618
latency,rayon,1,burst_small,256,744,51788,51858
latency,rayon,1,burst_small,256,745,51948,52029
latency,rayon,1,burst_small,256,746,52119,52189
latency,rayon,1,burst_small,256,747,52279,52349
latency,rayon,1,burst_small,256,748,52439,52519
latency,rayon,1,burst_small,256,749,52609,52680
latency,rayon,1,burst_small,256,750,52770,52850
latency,rayon,1,burst_small,256,751,52940,53010
latency,rayon,1,burst_small,256,752,53190,53270
latency,rayon,1,burst_small,256,753,53362,53432
latency,rayon,1,burst_small,256,754,53522,53602
latency,rayon,1,burst_small,256,755,53692,53762
latency,rayon,1,burst_small,256,756,53852,53922
latency,rayon,1,burst_small,256,757,54013,54093
latency,rayon,1,burst_small,256,758,54183,54253
latency,rayon,1,burst_small,256,759,54343,54423
latency,rayon,1,burst_small,256,760,54723,54793
latency,rayon,1,burst_small,256,761,54884,54964
latency,rayon,1,burst_small,256,762,55054,55124
latency,rayon,1,burst_small,256,763,55214,55294
latency,rayon,1,burst_small,256,764,55385,55455
latency,rayon,1,burst_small,256,765,55546,55626
latency,rayon,1,burst_small,256,766,55726,55796
latency,rayon,1,burst_small,256,767,56146,56216
latency,rayon,1,burst_small,256,768,220,330
latency,rayon,1,burst_small,256,769,662,742
latency,rayon,1,burst_small,256,770,862,932
latency,rayon,1,burst_small,256,771,1032,1102
latency,rayon,1,burst_small,256,772,1202,1273
latency,rayon,1,burst_small,256,773,1503,1583
latency,rayon,1,burst_small,256,774,1673,1753
latency,rayon,1,burst_small,256,775,1843,1914
latency,rayon,1,burst_small,256,776,2044,2114
latency,rayon,1,burst_small,256,777,2244,2314
latency,rayon,1,burst_small,256,778,2414,2495
latency,rayon,1,burst_small,256,779,2595,2665
latency,rayon,1,burst_small,256,780,2765,2845
latency,rayon,1,burst_small,256,781,2945,3015
latency,rayon,1,burst_small,256,782,3116,3197
latency,rayon,1,burst_small,256,783,3297,3367
latency,rayon,1,burst_small,256,784,3467,3547
latency,rayon,1,burst_small,256,785,3657,3727
latency,rayon,1,burst_small,256,786,3827,3908
latency,rayon,1,burst_small,256,787,4008,4078
latency,rayon,1,burst_small,256,788,4178,4258
latency,rayon,1,burst_small,256,789,4358,4428
latency,rayon,1,burst_small,256,790,4528,4609
latency,rayon,1,burst_small,256,791,4709,4779
latency,rayon,1,burst_small,256,792,4879,4959
latency,rayon,1,burst_small,256,793,5059,5129
latency,rayon,1,burst_small,256,794,5229,5300
latency,rayon,1,burst_small,256,795,5411,5481
latency,rayon,1,burst_small,256,796,5581,5651
latency,rayon,1,burst_small,256,797,5751,5831
latency,rayon,1,burst_small,256,798,5931,6002
latency,rayon,1,burst_small,256,799,6102,6182
latency,rayon,1,burst_small,256,800,6282,6352
latency,rayon,1,burst_small,256,801,6462,6542
latency,rayon,1,burst_small,256,802,6643,6713
latency,rayon,1,burst_small,256,803,6813,6893
latency,rayon,1,burst_small,256,804,6993,7063
latency,rayon,1,burst_small,256,805,7163,7243
latency,rayon,1,burst_small,256,806,7344,7414
latency,rayon,1,burst_small,256,807,7514,7594
latency,rayon,1,burst_small,256,808,7694,7764
latency,rayon,1,burst_small,256,809,7885,7955
latency,rayon,1,burst_small,256,810,8076,8156
latency,rayon,1,burst_small,256,811,8306,8376
latency,rayon,1,burst_small,256,812,8526,8606
latency,rayon,1,burst_small,256,813,8696,8776
latency,rayon,1,burst_small,256,814,8877,8947
latency,rayon,1,burst_small,256,815,9047,9127
latency,rayon,1,burst_small,256,816,9227,9297
latency,rayon,1,burst_small,256,817,9397,9477
latency,rayon,1,burst_small,256,818,9579,9649
latency,rayon,1,burst_small,256,819,9749,9829
latency,rayon,1,burst_small,256,820,9929,9999
latency,rayon,1,burst_small,256,821,10099,10170
latency,rayon,1,burst_small,256,822,10270,10350
latency,rayon,1,burst_small,256,823,10450,10520
latency,rayon,1,burst_small,256,824,10610,10690
latency,rayon,1,burst_small,256,825,10790,10861
latency,rayon,1,burst_small,256,826,10961,11041
latency,rayon,1,burst_small,256,827,11141,11211
latency,rayon,1,burst_small,256,828,11311,11391
latency,rayon,1,burst_small,256,829,11491,11562
latency,rayon,1,burst_small,256,830,11662,11742
latency,rayon,1,burst_small,256,831,11842,11912
latency,rayon,1,burst_small,256,832,12013,12083
latency,rayon,1,burst_small,256,833,12244,12324
latency,rayon,1,burst_small,256,834,12424,12494
latency,rayon,1,burst_small,256,835,12594,12674
latency,rayon,1,burst_small,256,836,12774,12844
latency,rayon,1,burst_small,256,837,12945,13015
latency,rayon,1,burst_small,256,838,13115,13195
latency,rayon,1,burst_small,256,839,13295,13365
latency,rayon,1,burst_small,256,840,13465,13545
latency,rayon,1,burst_small,256,841,13646,13716
latency,rayon,1,burst_small,256,842,13816,13896
latency,rayon,1,burst_small,256,843,13996,14066
latency,rayon,1,burst_small,256,844,14166,14246
latency,rayon,1,burst_small,256,845,14348,14418
latency,rayon,1,burst_small,256,846,14518,14588
latency,rayon,1,burst_small,256,847,14688,14768
latency,rayon,1,burst_small,256,848,14868,14939
latency,rayon,1,burst_small,256,849,15039,15119
latency,rayon,1,burst_small,256,850,15209,15279
latency,rayon,1,burst_small,256,851,15379,15459
latency,rayon,1,burst_small,256,852,15559,15630
latency,rayon,1,burst_small,256,853,15730,15810
latency,rayon,1,burst_small,256,854,15960,16030
latency,rayon,1,burst_small,256,855,16140,16210
latency,rayon,1,burst_small,256,856,16310,16391
latency,rayon,1,burst_small,256,857,16492,16562
latency,rayon,1,burst_small,256,858,16662,16742
latency,rayon,1,burst_small,256,859,16842,16912
latency,rayon,1,burst_small,256,860,17012,17093
latency,rayon,1,burst_small,256,861,17193,17263
latency,rayon,1,burst_small,256,862,17363,17443
latency,rayon,1,burst_small,256,863,17543,17613
latency,rayon,1,burst_small,256,864,17713,17794
latency,rayon,1,burst_small,256,865,17884,17954
latency,rayon,1,burst_small,256,866,18054,18124
latency,rayon,1,burst_small,256,867,18234,18304
latency,rayon,1,burst_small,256,868,18404,18475
latency,rayon,1,burst_small,256,869,18575,18655
latency,rayon,1,burst_small,256,870,18756,18826
latency,rayon,1,burst_small,256,871,18926,19006
latency,rayon,1,burst_small,256,872,19106,19177
latency,rayon,1,burst_small,256,873,19267,19347
latency,rayon,1,burst_small,256,874,19447,19517
latency,rayon,1,burst_small,256,875,19617,19697
latency,rayon,1,burst_small,256,876,19798,19868
latency,rayon,1,burst_small,256,877,19968,20038
latency,rayon,1,burst_small,256,878,20138,20218
latency,rayon,1,burst_small,256,879,20318,20388
latency,rayon,1,burst_small,256,880,20489,20569
latency,rayon,1,burst_small,256,881,20669,20739
latency,rayon,1,burst_small,256,882,20839,20919
latency,rayon,1,burst_small,256,883,21019,21089
latency,rayon,1,burst_small,256,884,21191,21271
latency,rayon,1,burst_small,256,885,21371,21441
latency,rayon,1,burst_small,256,886,21541,21611
latency,rayon,1,burst_small,256,887,21721,21791
latency,rayon,1,burst_small,256,888,21892,21962
latency,rayon,1,burst_small,256,889,22062,22142
latency,rayon,1,burst_small,256,890,22242,22312
latency,rayon,1,burst_small,256,891,22412,22492
latency,rayon,1,burst_small,256,892,22593,22663
latency,rayon,1,burst_small,256,893,22783,22853
latency,rayon,1,burst_small,256,894,22993,23063
latency,rayon,1,burst_small,256,895,23684,23755
latency,rayon,1,burst_small,256,896,23886,23956
latency,rayon,1,burst_small,256,897,24096,24166
latency,rayon,1,burst_small,256,898,24266,24346
latency,rayon,1,burst_small,256,899,24446,24517
latency,rayon,1,burst_small,256,900,24627,24707
latency,rayon,1,burst_small,256,901,24817,24887
latency,rayon,1,burst_small,256,902,24987,25067
latency,rayon,1,burst_small,256,903,25167,25238
latency,rayon,1,burst_small,256,904,25338,25418
latency,rayon,1,burst_small,256,905,25508,25578
latency,rayon,1,burst_small,256,906,25678,25748
latency,rayon,1,burst_small,256,907,25859,25929
latency,rayon,1,burst_small,256,908,26030,26100
latency,rayon,1,burst_small,256,909,26200,26280
latency,rayon,1,burst_small,256,910,26380,26450
latency,rayon,1,burst_small,256,911,26551,26631
latency,rayon,1,burst_small,256,912,26731,26801
latency,rayon,1,burst_small,256,913,26901,26981
latency,rayon,1,burst_small,256,914,27081,27151
latency,rayon,1,burst_small,256,915,27252,27332
latency,rayon,1,burst_small,256,916,27432,27502
latency,rayon,1,burst_small,256,917,27602,27682
latency,rayon,1,burst_small,256,918,27782,27852
latency,rayon,1,burst_small,256,919,27953,28033
latency,rayon,1,burst_small,256,920,28133,28203
latency,rayon,1,burst_small,256,921,28303,28383
latency,rayon,1,burst_small,256,922,28484,28554
latency,rayon,1,burst_small,256,923,28655,28735
latency,rayon,1,burst_small,256,924,28835,28905
latency,rayon,1,burst_small,256,925,29005,29075
latency,rayon,1,burst_small,256,926,29185,29256
latency,rayon,1,burst_small,256,927,29356,29436
latency,rayon,1,burst_small,256,928,29536,29606
latency,rayon,1,burst_small,256,929,29716,29786
latency,rayon,1,burst_small,256,930,29886,29967
latency,rayon,1,burst_small,256,931,30067,30137
latency,rayon,1,burst_small,256,932,30237,30317
latency,rayon,1,burst_small,256,933,30417,30487
latency,rayon,1,burst_small,256,934,30587,30658
latency,rayon,1,burst_small,256,935,30769,30839
latency,rayon,1,burst_small,256,936,30939,31009
latency,rayon,1,burst_small,256,937,31119,31189
latency,rayon,1,burst_small,256,938,31349,31420
latency,rayon,1,burst_small,256,939,31530,31600
latency,rayon,1,burst_small,256,940,31700,31770
latency,rayon,1,burst_small,256,941,31880,31950
latency,rayon,1,burst_small,256,942,32050,32131
latency,rayon,1,burst_small,256,943,32231,32301
latency,rayon,1,burst_small,256,944,32401,32481
latency,rayon,1,burst_small,256,945,32581,32651
latency,rayon,1,burst_small,256,946,32763,32833
latency,rayon,1,burst_small,256,947,32933,33013
latency,rayon,1,burst_small,256,948,33113,33183
latency,rayon,1,burst_small,256,949,33293,33373
latency,rayon,1,burst_small,256,950,33474,33544
latency,rayon,1,burst_small,256,951,33664,33734
latency,rayon,1,burst_small,256,952,33834,33904
latency,rayon,1,burst_small,256,953,34004,34084
latency,rayon,1,burst_small,256,954,34195,34265
latency,rayon,1,burst_small,256,955,34375,34455
latency,rayon,1,burst_small,256,956,34555,34625
latency,rayon,1,burst_small,256,957,34735,34815
latency,rayon,1,burst_small,256,958,35087,35157
latency,rayon,1,burst_small,256,959,36499,36579
latency,rayon,1,burst_small,256,960,38432,38503
latency,rayon,1,burst_small,256,961,38603,38683
latency,rayon,1,burst_small,256,962,38794,38864
latency,rayon,1,burst_small,256,963,38964,39044
latency,rayon,1,burst_small,256,964,39144,39215
latency,rayon,1,burst_small,256,965,39315,39385
latency,rayon,1,burst_small,256,966,39485,39565
latency,rayon,1,burst_small,256,967,39665,39735
latency,rayon,1,burst_small,256,968,39835,39916
latency,rayon,1,burst_small,256,969,40016,40086
latency,rayon,1,burst_small,256,970,40256,40336
latency,rayon,1,burst_small,256,971,40446,40516
latency,rayon,1,burst_small,256,972,40616,40697
latency,rayon,1,burst_small,256,973,40798,40868
latency,rayon,1,burst_small,256,974,40968,41048
latency,rayon,1,burst_small,256,975,41148,41218
latency,rayon,1,burst_small,256,976,41318,41389
latency,rayon,1,burst_small,256,977,41499,41569
latency,rayon,1,burst_small,256,978,41669,41739
latency,rayon,1,burst_small,256,979,41839,41919
latency,rayon,1,burst_small,256,980,42020,42090
latency,rayon,1,burst_small,256,981,42190,42270
latency,rayon,1,burst_small,256,982,42370,42440
latency,rayon,1,burst_small,256,983,42540,42620
latency,rayon,1,burst_small,256,984,42721,42791
latency,rayon,1,burst_small,256,985,42891,42971
latency,rayon,1,burst_small,256,986,43071,43141
latency,rayon,1,burst_small,256,987,43232,43312
latency,rayon,1,burst_small,256,988,43413,43483
latency,rayon,1,burst_small,256,989,43583,43653
latency,rayon,1,burst_small,256,990,43753,43833
latency,rayon,1,burst_small,256,991,43993,44063
latency,rayon,1,burst_small,256,992,44815,44895
latency,rayon,1,burst_small,256,993,44995,45065
latency,rayon,1,burst_small,256,994,45165,45235
latency,rayon,1,burst_small,256,995,45346,45416
latency,rayon,1,burst_small,256,996,45516,45586
latency,rayon,1,burst_small,256,997,45686,45766
latency,rayon,1,burst_small,256,998,45867,45937
latency,rayon,1,burst_small,256,999,46038,46118
latency,rayon,1,burst_small,256,1000,46218,46288
latency,rayon,1,burst_small,256,1001,46488,46558
latency,rayon,1,burst_small,256,1002,46669,46749
latency,rayon,1,burst_small,256,1003,46849,46929
latency,rayon,1,burst_small,256,1004,47019,47089
latency,rayon,1,burst_small,256,1005,47199,47269
latency,rayon,1,burst_small,256,1006,47380,47460
latency,rayon,1,burst_small,256,1007,47560,47640
latency,rayon,1,burst_small,256,1008,47740,47810
latency,rayon,1,burst_small,256,1009,47920,47990
latency,rayon,1,burst_small,256,1010,48262,48332
latency,rayon,1,burst_small,256,1011,48482,48552
latency,rayon,1,burst_small,256,1012,48652,48732
latency,rayon,1,burst_small,256,1013,48832,48913
latency,rayon,1,burst_small,256,1014,49073,49143
latency,rayon,1,burst_small,256,1015,49353,49423
latency,rayon,1,burst_small,256,1016,49864,49944
latency,rayon,1,burst_small,256,1017,50044,50115
latency,rayon,1,burst_small,256,1018,50215,50285
latency,rayon,1,burst_small,256,1019,50395,50465
latency,rayon,1,burst_small,256,1020,50555,50635
latency,rayon,1,burst_small,256,1021,50726,50806
latency,rayon,1,burst_small,256,1022,50907,50977
latency,rayon,1,burst_small,256,1023,51327,51397
latency,rayon,1,burst_small,256,1024,230,341
latency,rayon,1,burst_small,256,1025,621,691
latency,rayon,1,burst_small,256,1026,781,861
latency,rayon,1,burst_small,256,1027,951,1032
latency,rayon,1,burst_small,256,1028,1122,1202
latency,rayon,1,burst_small,256,1029,1522,1593
latency,rayon,1,burst_small,256,1030,1684,1764
latency,rayon,1,burst_small,256,1031,1854,1934
latency,rayon,1,burst_small,256,1032,2054,2134
latency,rayon,1,burst_small,256,1033,2275,2345
latency,rayon,1,burst_small,256,1034,2435,2515
latency,rayon,1,burst_small,256,1035,2615,2685
latency,rayon,1,burst_small,256,1036,2785,2865
latency,rayon,1,burst_small,256,1037,2966,3036
latency,rayon,1,burst_small,256,1038,3136,3216
latency,rayon,1,burst_small,256,1039,3316,3386
latency,rayon,1,burst_small,256,1040,3486,3566
latency,rayon,1,burst_small,256,1041,3707,3777
latency,rayon,1,burst_small,256,1042,3877,3947
latency,rayon,1,burst_small,256,1043,4057,4127
latency,rayon,1,burst_small,256,1044,4228,4299
latency,rayon,1,burst_small,256,1045,4409,4479
latency,rayon,1,burst_small,256,1046,4579,4649
latency,rayon,1,burst_small,256,1047,4749,4829
latency,rayon,1,burst_small,256,1048,4929,5000
latency,rayon,1,burst_small,256,1049,5100,5180
latency,rayon,1,burst_small,256,1050,5280,5350
latency,rayon,1,burst_small,256,1051,5450,5530
latency,rayon,1,burst_small,256,1052,5630,5701
latency,rayon,1,burst_small,256,1053,5801,5881
latency,rayon,1,burst_small,256,1054,5981,6051
latency,rayon,1,burst_small,256,1055,6151,6231
latency,rayon,1,burst_small,256,1056,6322,6392
latency,rayon,1,burst_small,256,1057,7024,7094
latency,rayon,1,burst_small,256,1058,7204,7274
latency,rayon,1,burst_small,256,1059,7384,7464
latency,rayon,1,burst_small,256,1060,7565,7635
latency,rayon,1,burst_small,256,1061,7745,7815
latency,rayon,1,burst_small,256,1062,7925,8005
latency,rayon,1,burst_small,256,1063,8115,8185
latency,rayon,1,burst_small,256,1064,8286,8356
latency,rayon,1,burst_small,256,1065,8466,8546
latency,rayon,1,burst_small,256,1066,8666,8746
latency,rayon,1,burst_small,256,1067,8856,8927
latency,rayon,1,burst_small,256,1068,9027,9107
latency,rayon,1,burst_small,256,1069,9207,9287
latency,rayon,1,burst_small,256,1070,9398,9468
latency,rayon,1,burst_small,256,1071,9578,9659
latency,rayon,1,burst_small,256,1072,9759,9829
latency,rayon,1,burst_small,256,1073,9939,10019
latency,rayon,1,burst_small,256,1074,10109,10189
latency,rayon,1,burst_small,256,1075,10300,10370
latency,rayon,1,burst_small,256,1076,10470,10540
latency,rayon,1,burst_small,256,1077,10650,10730
latency,rayon,1,burst_small,256,1078,10830,10911
latency,rayon,1,burst_small,256,1079,11021,11091
latency,rayon,1,burst_small,256,1080,11191,11271
latency,rayon,1,burst_small,256,1081,11381,11451
latency,rayon,1,burst_small,256,1082,11561,11632
latency,rayon,1,burst_small,256,1083,11743,11823
latency,rayon,1,burst_small,256,1084,11923,11993
latency,rayon,1,burst_small,256,1085,12103,12173
latency,rayon,1,burst_small,256,1086,12283,12364
latency,rayon,1,burst_small,256,1087,12474,12544
latency,rayon,1,burst_small,256,1088,12634,12704
latency,rayon,1,burst_small,256,1089,12844,12914
latency,rayon,1,burst_small,256,1090,13025,13095
latency,rayon,1,burst_small,256,1091,13205,13285
latency,rayon,1,burst_small,256,1092,13385,13455
latency,rayon,1,burst_small,256,1093,13565,13646
latency,rayon,1,burst_small,256,1094,13746,13826
latency,rayon,1,burst_small,256,1095,13936,14006
latency,rayon,1,burst_small,256,1096,14107,14187
latency,rayon,1,burst_small,256,1097,14287,14368
latency,rayon,1,burst_small,256,1098,14478,14548
latency,rayon,1,burst_small,256,1099,14658,14728
latency,rayon,1,burst_small,256,1100,14828,14908
latency,rayon,1,burst_small,256,1101,15009,15079
latency,rayon,1,burst_small,256,1102,15189,15269
latency,rayon,1,burst_small,256,1103,15379,15449
latency,rayon,1,burst_small,256,1104,15549,15619
latency,rayon,1,burst_small,256,1105,15720,15800
latency,rayon,1,burst_small,256,1106,15910,15980
latency,rayon,1,burst_small,256,1107,16080,16160
latency,rayon,1,burst_small,256,1108,16300,16371
latency,rayon,1,burst_small,256,1109,16482,16552
latency,rayon,1,burst_small,256,1110,16662,16732
latency,rayon,1,burst_small,256,1111,16842,16922
latency,rayon,1,burst_small,256,1112,17022,17093
latency,rayon,1,burst_small,256,1113,17203,17283
latency,rayon,1,burst_small,256,1114,17393,17463
latency,rayon,1,burst_small,256,1115,17563,17633
latency,rayon,1,burst_small,256,1116,17733,17814
latency,rayon,1,burst_small,256,1117,17904,17974
latency,rayon,1,burst_small,256,1118,18074,18154
latency,rayon,1,burst_small,256,1119,18264,18334
latency,rayon,1,burst_small,256,1120,18435,18505
latency,rayon,1,burst_small,256,1121,18605,18685
latency,rayon,1,burst_small,256,1122,18796,18866
latency,rayon,1,burst_small,256,1123,18976,19056
latency,rayon,1,burst_small,256,1124,19157,19227
latency,rayon,1,burst_small,256,1125,19337,19417
latency,rayon,1,burst_small,256,1126,19517,19597
latency,rayon,1,burst_small,256,1127,19707,19778
latency,rayon,1,burst_small,256,1128,19878,19958
latency,rayon,1,burst_small,256,1129,20058,20138
latency,rayon,1,burst_small,256,1130,20238,20308
latency,rayon,1,burst_small,256,1131,20418,20499
latency,rayon,1,burst_small,256,1132,20599,20669
latency,rayon,1,burst_small,256,1133,20779,20859
latency,rayon,1,burst_small,256,1134,20969,21039
latency,rayon,1,burst_small,256,1135,21150,21230
latency,rayon,1,burst_small,256,1136,21331,21401
latency,rayon,1,burst_small,256,1137,21511,21581
latency,rayon,1,burst_small,256,1138,21691,21771
latency,rayon,1,burst_small,256,1139,21882,21952
latency,rayon,1,burst_small,256,1140,22052,22122
latency,rayon,1,burst_small,256,1141,22232,22312
latency,rayon,1,burst_small,256,1142,22422,22493
latency,rayon,1,burst_small,256,1143,22603,22673
latency,rayon,1,burst_small,256,1144,22783,22853
latency,rayon,1,burst_small,256,1145,22963,23033
latency,rayon,1,burst_small,256,1146,23143,23224
latency,rayon,1,burst_small,256,1147,23324,23404
latency,rayon,1,burst_small,256,1148,23504,23574
latency,rayon,1,burst_small,256,1149,23685,23765
latency,rayon,1,burst_small,256,1150,24006,24086
latency,rayon,1,burst_small,256,1151,24977,25047
latency,rayon,1,burst_small,256,1152,25148,25218
latency,rayon,1,burst_small,256,1153,25348,25419
latency,rayon,1,burst_small,256,1154,25529,25609
latency,rayon,1,burst_small,256,1155,25709,25779
latency,rayon,1,burst_small,256,1156,25879,25949
latency,rayon,1,burst_small,256,1157,26059,26140
latency,rayon,1,burst_small,256,1158,26240,26310
latency,rayon,1,burst_small,256,1159,26420,26490
latency,rayon,1,burst_small,256,1160,26590,26670
latency,rayon,1,burst_small,256,1161,26781,26851
latency,rayon,1,burst_small,256,1162,26961,27031
latency,rayon,1,burst_small,256,1163,27141,27221
latency,rayon,1,burst_small,256,1164,27321,27391
latency,rayon,1,burst_small,256,1165,27502,27582
latency,rayon,1,burst_small,256,1166,27693,27763
latency,rayon,1,burst_small,256,1167,27863,27933
latency,rayon,1,burst_small,256,1168,28033,28114
latency,rayon,1,burst_small,256,1169,28224,28294
latency,rayon,1,burst_small,256,1170,28404,28474
latency,rayon,1,burst_small,256,1171,28584,28654
latency,rayon,1,burst_small,256,1172,28754,28835
latency,rayon,1,burst_small,256,1173,28945,29015
latency,rayon,1,burst_small,256,1174,29125,29195
latency,rayon,1,burst_small,256,1175,29305,29385
latency,rayon,1,burst_small,256,1176,29486,29556
latency,rayon,1,burst_small,256,1177,29666,29736
latency,rayon,1,burst_small,256,1178,29846,29926
latency,rayon,1,burst_small,256,1179,30027,30107
latency,rayon,1,burst_small,256,1180,30208,30278
latency,rayon,1,burst_small,256,1181,30378,30458
latency,rayon,1,burst_small,256,1182,30568,30648
latency,rayon,1,burst_small,256,1183,30758,30829
latency,rayon,1,burst_small,256,1184,30929,31009
latency,rayon,1,burst_small,256,1185,31109,31189
latency,rayon,1,burst_small,256,1186,31289,31359
latency,rayon,1,burst_small,256,1187,31559,31630
latency,rayon,1,burst_small,256,1188,31730,31810
latency,rayon,1,burst_small,256,1189,31920,31990
latency,rayon,1,burst_small,256,1190,32101,32171
latency,rayon,1,burst_small,256,1191,32282,32362
latency,rayon,1,burst_small,256,1192,32462,32532
latency,rayon,1,burst_small,256,1193,32642,32712
latency,rayon,1,burst_small,256,1194,32822,32902
latency,rayon,1,burst_small,256,1195,33003,33083
latency,rayon,1,burst_small,256,1196,33183,33253
latency,rayon,1,burst_small,256,1197,33363,33443
latency,rayon,1,burst_small,256,1198,33553,33624
latency,rayon,1,burst_small,256,1199,33734,33814
latency,rayon,1,burst_small,256,1200,33914,33984
latency,rayon,1,burst_small,256,1201,34094,34164
latency,rayon,1,burst_small,256,1202,34274,34355
latency,rayon,1,burst_small,256,1203,34466,34536
latency,rayon,1,burst_small,256,1204,34626,34696
latency,rayon,1,burst_small,256,1205,34806,34886
latency,rayon,1,burst_small,256,1206,34987,35067
latency,rayon,1,burst_small,256,1207,35177,35247
latency,rayon,1,burst_small,256,1208,35417,35497
latency,rayon,1,burst_small,256,1209,35637,35707
latency,rayon,1,burst_small,256,1210,35818,35888
latency,rayon,1,burst_small,256,1211,35998,36068
latency,rayon,1,burst_small,256,1212,36188,36258
latency,rayon,1,burst_small,256,1213,36369,36450
latency,rayon,1,burst_small,256,1214,36650,36730
latency,rayon,1,burst_small,256,1215,37591,37661
latency,rayon,1,burst_small,256,1216,39304,39374
latency,rayon,1,burst_small,256,1217,39484,39554
latency,rayon,1,burst_small,256,1218,39655,39735
latency,rayon,1,burst_small,256,1219,39846,39916
latency,rayon,1,burst_small,256,1220,40016,40096
latency,rayon,1,burst_small,256,1221,40196,40277
latency,rayon,1,burst_small,256,1222,40377,40447
latency,rayon,1,burst_small,256,1223,40557,40627
latency,rayon,1,burst_small,256,1224,40727,40797
latency,rayon,1,burst_small,256,1225,40897,40978
latency,rayon,1,burst_small,256,1226,41088,41158
latency,rayon,1,burst_small,256,1227,41258,41338
latency,rayon,1,burst_small,256,1228,41438,41508
latency,rayon,1,burst_small,256,1229,41608,41689
latency,rayon,1,burst_small,256,1230,41789,41859
latency,rayon,1,burst_small,256,1231,41969,42039
latency,rayon,1,burst_small,256,1232,42140,42220
latency,rayon,1,burst_small,256,1233,42331,42401
latency,rayon,1,burst_small,256,1234,42511,42581
latency,rayon,1,burst_small,256,1235,42691,42771
latency,rayon,1,burst_small,256,1236,42871,42941
latency,rayon,1,burst_small,256,1237,43052,43122
latency,rayon,1,burst_small,256,1238,43232,43302
latency,rayon,1,burst_small,256,1239,43462,43542
latency,rayon,1,burst_small,256,1240,43943,44014
latency,rayon,1,burst_small,256,1241,44114,44194
latency,rayon,1,burst_small,256,1242,44294,44364
latency,rayon,1,burst_small,256,1243,44464,44534
latency,rayon,1,burst_small,256,1244,44624,44705
latency,rayon,1,burst_small,256,1245,44805,44875
latency,rayon,1,burst_small,256,1246,44975,45045
latency,rayon,1,burst_small,256,1247,45145,45225
latency,rayon,1,burst_small,256,1248,45977,46057
latency,rayon,1,burst_small,256,1249,46147,46227
latency,rayon,1,burst_small,256,1250,46327,46397
latency,rayon,1,burst_small,256,1251,46498,46579
latency,rayon,1,burst_small,256,1252,46669,46739
latency,rayon,1,burst_small,256,1253,46839,46919
latency,rayon,1,burst_small,256,1254,47009,47089
latency,rayon,1,burst_small,256,1255,47190,47260
latency,rayon,1,burst_small,256,1256,47390,47460
latency,rayon,1,burst_small,256,1257,47560,47640
latency,rayon,1,burst_small,256,1258,47740,47810
latency,rayon,1,burst_small,256,1259,47911,47981
latency,rayon,1,burst_small,256,1260,48071,48151
latency,rayon,1,burst_small,256,1261,48251,48321
latency,rayon,1,burst_small,256,1262,48421,48502
latency,rayon,1,burst_small,256,1263,48602,48672
latency,rayon,1,burst_small,256,1264,48843,48913
latency,rayon,1,burst_small,256,1265,49013,49093
latency,rayon,1,burst_small,256,1266,49194,49264
latency,rayon,1,burst_small,256,1267,49364,49434
latency,rayon,1,burst_small,256,1268,49524,49604
latency,rayon,1,burst_small,256,1269,49704,49774
latency,rayon,1,burst_small,256,1270,49875,49945
latency,rayon,1,burst_small,256,1271,50045,50125
latency,rayon,1,burst_small,256,1272,50385,50455
latency,rayon,1,burst_small,256,1273,50555,50636
latency,rayon,1,burst_small,256,1274,50736,50806
latency,rayon,1,burst_small,256,1275,50906,50976
latency,rayon,1,burst_small,256,1276,51077,51157
latency,rayon,1,burst_small,256,1277,51257,51328
latency,rayon,1,burst_small,256,1278,51428,51498
latency,rayon,1,burst_small,256,1279,51818,51888
latency,rayon,1,burst_small,256,1280,291,401
latency,rayon,1,burst_small,256,1281,752,822
latency,rayon,1,burst_small,256,1282,932,1002
latency,rayon,1,burst_small,256,1283,1102,1172
latency,rayon,1,burst_small,256,1284,1262,1342
latency,rayon,1,burst_small,256,1285,1703,1773
latency,rayon,1,burst_small,256,1286,1893,1963
latency,rayon,1,burst_small,256,1287,2064,2134
latency,rayon,1,burst_small,256,1288,2305,2385
latency,rayon,1,burst_small,256,1289,2675,2745
latency,rayon,1,burst_small,256,1290,2885,2956
latency,rayon,1,burst_small,256,1291,3056,3126
latency,rayon,1,burst_small,256,1292,3236,3316
latency,rayon,1,burst_small,256,1293,3416,3486
latency,rayon,1,burst_small,256,1294,3586,3667
latency,rayon,1,burst_small,256,1295,3767,3837
latency,rayon,1,burst_small,256,1296,3937,4007
latency,rayon,1,burst_small,256,1297,4699,4780
latency,rayon,1,burst_small,256,1298,4880,4950
latency,rayon,1,burst_small,256,1299,5050,5130
latency,rayon,1,burst_small,256,1300,5230,5300
latency,rayon,1,burst_small,256,1301,5400,5481
latency,rayon,1,burst_small,256,1302,5581,5651
latency,rayon,1,burst_small,256,1303,5751,5821
latency,rayon,1,burst_small,256,1304,5921,6001
latency,rayon,1,burst_small,256,1305,6091,6162
latency,rayon,1,burst_small,256,1306,6262,6342
latency,rayon,1,burst_small,256,1307,6442,6512
latency,rayon,1,burst_small,256,1308,6612,6692
latency,rayon,1,burst_small,256,1309,6792,6863
latency,rayon,1,burst_small,256,1310,6964,7044
latency,rayon,1,burst_small,256,1311,7144,7214
latency,rayon,1,burst_small,256,1312,7314,7384
latency,rayon,1,burst_small,256,1313,7525,7595
latency,rayon,1,burst_small,256,1314,7695,7775
latency,rayon,1,burst_small,256,1315,7875,7945
latency,rayon,1,burst_small,256,1316,8045,8125
latency,rayon,1,burst_small,256,1317,8226,8296
latency,rayon,1,burst_small,256,1318,8396,8476
latency,rayon,1,burst_small,256,1319,8576,8646
latency,rayon,1,burst_small,256,1320,8756,8836
latency,rayon,1,burst_small,256,1321,8947,9017
latency,rayon,1,burst_small,256,1322,9117,9197
latency,rayon,1,burst_small,256,1323,9298,9378
latency,rayon,1,burst_small,256,1324,9498,9568
latency,rayon,1,burst_small,256,1325,9719,9789
latency,rayon,1,burst_small,256,1326,24256,24336
latency,rayon,1,burst_small,256,1327,24436,24506
latency,rayon,1,burst_small,256,1328,24606,24677
latency,rayon,1,burst_small,256,1329,24777,24857
latency,rayon,1,burst_small,256,1330,24957,25027
latency,rayon,1,burst_small,256,1331,25137,25217
latency,rayon,1,burst_small,256,1332,25317,25388
latency,rayon,1,burst_small,256,1333,25488,25558
latency,rayon,1,burst_small,256,1334,25658,25738
latency,rayon,1,burst_small,256,1335,25838,25908
latency,rayon,1,burst_small,256,1336,26008,26089
latency,rayon,1,burst_small,256,1337,26179,26249
latency,rayon,1,burst_small,256,1338,26350,26430
latency,rayon,1,burst_small,256,1339,26530,26600
latency,rayon,1,burst_small,256,1340,26700,26771
latency,rayon,1,burst_small,256,1341,26871,26951
latency,rayon,1,burst_small,256,1342,27051,27121
latency,rayon,1,burst_small,256,1343,27221,27301
latency,rayon,1,burst_small,256,1344,27401,27472
latency,rayon,1,burst_small,256,1345,28213,28293
latency,rayon,1,burst_small,256,1346,28403,28473
latency,rayon,1,burst_small,256,1347,28583,28654
latency,rayon,1,burst_small,256,1348,28764,28834
latency,rayon,1,burst_small,256,1349,28934,29014
latency,rayon,1,burst_small,256,1350,29124,29194
latency,rayon,1,burst_small,256,1351,29296,29366
latency,rayon,1,burst_small,256,1352,29476,29546
latency,rayon,1,burst_small,256,1353,29646,29726
latency,rayon,1,burst_small,256,1354,29836,29906
latency,rayon,1,burst_small,256,1355,30017,30097
latency,rayon,1,burst_small,256,1356,30207,30277
latency,rayon,1,burst_small,256,1357,30377,30447
latency,rayon,1,burst_small,256,1358,30557,30638
latency,rayon,1,burst_small,256,1359,30748,30818
latency,rayon,1,burst_small,256,1360,30928,30998
latency,rayon,1,burst_small,256,1361,31098,31178
latency,rayon,1,burst_small,256,1362,31278,31359
latency,rayon,1,burst_small,256,1363,31469,31539
latency,rayon,1,burst_small,256,1364,31649,31719
latency,rayon,1,burst_small,256,1365,31820,31900
latency,rayon,1,burst_small,256,1366,32011,32081
latency,rayon,1,burst_small,256,1367,32191,32261
latency,rayon,1,burst_small,256,1368,32391,32471
latency,rayon,1,burst_small,256,1369,32601,32671
latency,rayon,1,burst_small,256,1370,32782,32852
latency,rayon,1,burst_small,256,1371,32972,33042
latency,rayon,1,burst_small,256,1372,33152,33222
latency,rayon,1,burst_small,256,1373,33322,33403
latency,rayon,1,burst_small,256,1374,33503,33583
latency,rayon,1,burst_small,256,1375,33693,33763
latency,rayon,1,burst_small,256,1376,33863,33933
latency,rayon,1,burst_small,256,1377,34045,34115
latency,rayon,1,burst_small,256,1378,34215,34285
latency,rayon,1,burst_small,256,1379,34385,34465
latency,rayon,1,burst_small,256,1380,34575,34645
latency,rayon,1,burst_small,256,1381,34746,34816
latency,rayon,1,burst_small,256,1382,34926,35006
latency,rayon,1,burst_small,256,1383,35106,35186
latency,rayon,1,burst_small,256,1384,74621,74751
latency,rayon,1,burst_small,256,1385,75112,75182
latency,rayon,1,burst_small,256,1386,75272,75352
latency,rayon,1,burst_small,256,1387,75452,75522
latency,rayon,1,burst_small,256,1388,75622,75703
latency,rayon,1,burst_small,256,1389,75803,75873
latency,rayon,1,burst_small,256,1390,75963,76043
latency,rayon,1,burst_small,256,1391,76144,76214
latency,rayon,1,burst_small,256,1392,76314,76395
latency,rayon,1,burst_small,256,1393,76495,76565
latency,rayon,1,burst_small,256,1394,76665,76745
latency,rayon,1,burst_small,256,1395,76845,76915
latency,rayon,1,burst_small,256,1396,77025,77096
latency,rayon,1,burst_small,256,1397,77196,77266
latency,rayon,1,burst_small,256,1398,77366,77446
latency,rayon,1,burst_small,256,1399,77546,77616
latency,rayon,1,burst_small,256,1400,77716,77797
latency,rayon,1,burst_small,256,1401,77897,77967
latency,rayon,1,burst_small,256,1402,78077,78157
latency,rayon,1,burst_small,256,1403,78257,78327
latency,rayon,1,burst_small,256,1404,78519,78599
latency,rayon,1,burst_small,256,1405,78739,78809
latency,rayon,1,burst_small,256,1406,78979,79049
latency,rayon,1,burst_small,256,1407,79680,79760
latency,rayon,1,burst_small,256,1408,79861,79931
latency,rayon,1,burst_small,256,1409,84740,84810
latency,rayon,1,burst_small,256,1410,84910,84990
latency,rayon,1,burst_small,256,1411,85160,85230
latency,rayon,1,burst_small,256,1412,85332,85412
latency,rayon,1,burst_small,256,1413,85502,85572
latency,rayon,1,burst_small,256,1414,85672,85752
latency,rayon,1,burst_small,256,1415,85852,85922
latency,rayon,1,burst_small,256,1416,86023,86103
latency,rayon,1,burst_small,256,1417,86203,86273
latency,rayon,1,burst_small,256,1418,86373,86443
latency,rayon,1,burst_small,256,1419,86553,86624
latency,rayon,1,burst_small,256,1420,86724,86794
latency,rayon,1,burst_small,256,1421,86904,86974
latency,rayon,1,burst_small,256,1422,87074,87144
latency,rayon,1,burst_small,256,1423,87244,87325
latency,rayon,1,burst_small,256,1424,87425,87495
latency,rayon,1,burst_small,256,1425,87585,87665
latency,rayon,1,burst_small,256,1426,87766,87836
latency,rayon,1,burst_small,256,1427,87936,88017
latency,rayon,1,burst_small,256,1428,88117,88187
latency,rayon,1,burst_small,256,1429,88287,88367
latency,rayon,1,burst_small,256,1430,88467,88537
latency,rayon,1,burst_small,256,1431,88637,88708
latency,rayon,1,burst_small,256,1432,88818,88888
latency,rayon,1,burst_small,256,1433,88988,89058
latency,rayon,1,burst_small,256,1434,89158,89238
latency,rayon,1,burst_small,256,1435,89338,89409
latency,rayon,1,burst_small,256,1436,89579,89659
latency,rayon,1,burst_small,256,1437,89780,89850
latency,rayon,1,burst_small,256,1438,89940,90020
latency,rayon,1,burst_small,256,1439,90120,90191
latency,rayon,1,burst_small,256,1440,90291,90361
latency,rayon,1,burst_small,256,1441,90471,90541
latency,rayon,1,burst_small,256,1442,90641,90711
latency,rayon,1,burst_small,256,1443,90811,90892
latency,rayon,1,burst_small,256,1444,90992,91062
latency,rayon,1,burst_small,256,1445,91162,91242
latency,rayon,1,burst_small,256,1446,91342,91412
latency,rayon,1,burst_small,256,1447,91513,91593
latency,rayon,1,burst_small,256,1448,91693,91763
latency,rayon,1,burst_small,256,1449,91863,91933
latency,rayon,1,burst_small,256,1450,92044,92114
latency,rayon,1,burst_small,256,1451,92215,92285
latency,rayon,1,burst_small,256,1452,92385,92465
latency,rayon,1,burst_small,256,1453,92565,92635
latency,rayon,1,burst_small,256,1454,92725,92805
latency,rayon,1,burst_small,256,1455,92906,92976
latency,rayon,1,burst_small,256,1456,93076,93156
latency,rayon,1,burst_small,256,1457,93246,93316
latency,rayon,1,burst_small,256,1458,93416,93496
latency,rayon,1,burst_small,256,1459,93597,93667
latency,rayon,1,burst_small,256,1460,93767,93847
latency,rayon,1,burst_small,256,1461,93947,94017
latency,rayon,1,burst_small,256,1462,94117,94187
latency,rayon,1,burst_small,256,1463,94288,94368
latency,rayon,1,burst_small,256,1464,94479,94549
latency,rayon,1,burst_small,256,1465,94639,94719
latency,rayon,1,burst_small,256,1466,94819,94890
latency,rayon,1,burst_small,256,1467,94990,95070
latency,rayon,1,burst_small,256,1468,95260,95330
latency,rayon,1,burst_small,256,1469,95460,95530
latency,rayon,1,burst_small,256,1470,95781,95852
latency,rayon,1,burst_small,256,1471,97354,97424
latency,rayon,1,burst_small,256,1472,99207,99277
latency,rayon,1,burst_small,256,1473,99387,99457
latency,rayon,1,burst_small,256,1474,99558,99638
latency,rayon,1,burst_small,256,1475,99739,99809
latency,rayon,1,burst_small,256,1476,99909,99989
latency,rayon,1,burst_small,256,1477,100089,100160
latency,rayon,1,burst_small,256,1478,100260,100330
latency,rayon,1,burst_small,256,1479,100420,100500
latency,rayon,1,burst_small,256,1480,100600,100670
latency,rayon,1,burst_small,256,1481,100770,100851
latency,rayon,1,burst_small,256,1482,100951,101021
latency,rayon,1,burst_small,256,1483,101121,101201
latency,rayon,1,burst_small,256,1484,101301,101371
latency,rayon,1,burst_small,256,1485,101471,101552
latency,rayon,1,burst_small,256,1486,101652,101722
latency,rayon,1,burst_small,256,1487,101822,101892
latency,rayon,1,burst_small,256,1488,102033,102103
latency,rayon,1,burst_small,256,1489,102343,102414
latency,rayon,1,burst_small,256,1490,102544,102624
latency,rayon,1,burst_small,256,1491,102724,102794
latency,rayon,1,burst_small,256,1492,102894,102974
latency,rayon,1,burst_small,256,1493,103074,103145
latency,rayon,1,burst_small,256,1494,103245,103325
latency,rayon,1,burst_small,256,1495,103486,103556
latency,rayon,1,burst_small,256,1496,103986,104066
latency,rayon,1,burst_small,256,1497,104156,104227
latency,rayon,1,burst_small,256,1498,104317,104387
latency,rayon,1,burst_small,256,1499,104487,104557
latency,rayon,1,burst_small,256,1500,104647,104717
latency,rayon,1,burst_small,256,1501,104807,104888
latency,rayon,1,burst_small,256,1502,104979,105049
latency,rayon,1,burst_small,256,1503,105149,105229
latency,rayon,1,burst_small,256,1504,106101,106181
latency,rayon,1,burst_small,256,1505,106271,106341
latency,rayon,1,burst_small,256,1506,106431,106511
latency,rayon,1,burst_small,256,1507,106601,106672
latency,rayon,1,burst_small,256,1508,106762,106842
latency,rayon,1,burst_small,256,1509,106932,107002
latency,rayon,1,burst_small,256,1510,107092,107162
latency,rayon,1,burst_small,256,1511,107262,107333
latency,rayon,1,burst_small,256,1512,107513,107583
latency,rayon,1,burst_small,256,1513,107674,107754
latency,rayon,1,burst_small,256,1514,107844,107914
latency,rayon,1,burst_small,256,1515,108004,108085
latency,rayon,1,burst_small,256,1516,108175,108245
latency,rayon,1,burst_small,256,1517,108335,108415
latency,rayon,1,burst_small,256,1518,108505,108575
latency,rayon,1,burst_small,256,1519,108665,108746
latency,rayon,1,burst_small,256,1520,108956,109026
latency,rayon,1,burst_small,256,1521,109116,109186
latency,rayon,1,burst_small,256,1522,109276,109356
latency,rayon,1,burst_small,256,1523,109446,109517
latency,rayon,1,burst_small,256,1524,109607,109687
latency,rayon,1,burst_small,256,1525,109777,109847
latency,rayon,1,burst_small,256,1526,109937,110017
latency,rayon,1,burst_small,256,1527,110118,110189
latency,rayon,1,burst_small,256,1528,110479,110559
latency,rayon,1,burst_small,256,1529,110679,110749
latency,rayon,1,burst_small,256,1530,110839,110909
latency,rayon,1,burst_small,256,1531,111000,111080
latency,rayon,1,burst_small,256,1532,111170,111240
latency,rayon,1,burst_small,256,1533,111330,111410
latency,rayon,1,burst_small,256,1534,111500,111570
latency,rayon,1,burst_small,256,1535,111922,111992
latency,rayon,1,burst_small,256,1536,210,320
latency,rayon,1,burst_small,256,1537,652,722
latency,rayon,1,burst_small,256,1538,822,892
latency,rayon,1,burst_small,256,1539,992,1062
latency,rayon,1,burst_small,256,1540,1152,1233
latency,rayon,1,burst_small,256,1541,1523,1593
latency,rayon,1,burst_small,256,1542,1683,1763
latency,rayon,1,burst_small,256,1543,1854,1934
latency,rayon,1,burst_small,256,1544,2054,2124
latency,rayon,1,burst_small,256,1545,2404,2485
latency,rayon,1,burst_small,256,1546,2585,2655
latency,rayon,1,burst_small,256,1547,2765,2835
latency,rayon,1,burst_small,256,1548,2935,3015
latency,rayon,1,burst_small,256,1549,3126,3196
latency,rayon,1,burst_small,256,1550,3296,3366
latency,rayon,1,burst_small,256,1551,3467,3547
latency,rayon,1,burst_small,256,1552,3647,3717
latency,rayon,1,burst_small,256,1553,3858,3928
latency,rayon,1,burst_small,256,1554,4028,4098
latency,rayon,1,burst_small,256,1555,4208,4278
latency,rayon,1,burst_small,256,1556,4378,4448
latency,rayon,1,burst_small,256,1557,4559,4629
latency,rayon,1,burst_small,256,1558,4729,4799
latency,rayon,1,burst_small,256,1559,4919,4999
latency,rayon,1,burst_small,256,1560,5099,5170
latency,rayon,1,burst_small,256,1561,5270,5350
latency,rayon,1,burst_small,256,1562,5450,5520
latency,rayon,1,burst_small,256,1563,5620,5690
latency,rayon,1,burst_small,256,1564,5791,5872
latency,rayon,1,burst_small,256,1565,5972,6042
latency,rayon,1,burst_small,256,1566,6142,6222
latency,rayon,1,burst_small,256,1567,6322,6392
latency,rayon,1,burst_small,256,1568,6482,6563
latency,rayon,1,burst_small,256,1569,7164,7234
latency,rayon,1,burst_small,256,1570,7334,7414
latency,rayon,1,burst_small,256,1571,7514,7584
latency,rayon,1,burst_small,256,1572,7684,7755
latency,rayon,1,burst_small,256,1573,7855,7935
latency,rayon,1,burst_small,256,1574,8035,8105
latency,rayon,1,burst_small,256,1575,8205,8285
latency,rayon,1,burst_small,256,1576,8385,8456
latency,rayon,1,burst_small,256,1577,8557,8637
latency,rayon,1,burst_small,256,1578,8737,8807
latency,rayon,1,burst_small,256,1579,8907,8987
latency,rayon,1,burst_small,256,1580,9077,9148
latency,rayon,1,burst_small,256,1581,9248,9328
latency,rayon,1,burst_small,256,1582,9428,9498
latency,rayon,1,burst_small,256,1583,9598,9668
latency,rayon,1,burst_small,256,1584,9778,9849
latency,rayon,1,burst_small,256,1585,9949,10019
latency,rayon,1,burst_small,256,1586,10119,10199
latency,rayon,1,burst_small,256,1587,10299,10369
latency,rayon,1,burst_small,256,1588,10469,10550
latency,rayon,1,burst_small,256,1589,10650,10720
latency,rayon,1,burst_small,256,1590,10820,10900
latency,rayon,1,burst_small,256,1591,11001,11071
latency,rayon,1,burst_small,256,1592,11172,11242
latency,rayon,1,burst_small,256,1593,11342,11422
latency,rayon,1,burst_small,256,1594,11522,11592
latency,rayon,1,burst_small,256,1595,11692,11772
latency,rayon,1,burst_small,256,1596,11873,11943
latency,rayon,1,burst_small,256,1597,12043,12123
latency,rayon,1,burst_small,256,1598,12233,12303
latency,rayon,1,burst_small,256,1599,12403,12473
latency,rayon,1,burst_small,256,1600,12574,12654
latency,rayon,1,burst_small,256,1601,12824,12904
latency,rayon,1,burst_small,256,1602,13005,13075
latency,rayon,1,burst_small,256,1603,13175,13245
latency,rayon,1,burst_small,256,1604,13346,13426
latency,rayon,1,burst_small,256,1605,13526,13596
latency,rayon,1,burst_small,256,1606,13686,13766
latency,rayon,1,burst_small,256,1607,13866,13937
latency,rayon,1,burst_small,256,1608,14037,14107
latency,rayon,1,burst_small,256,1609,14217,14287
latency,rayon,1,burst_small,256,1610,14387,14457
latency,rayon,1,burst_small,256,1611,14557,14638
latency,rayon,1,burst_small,256,1612,14738,14808
latency,rayon,1,burst_small,256,1613,14908,14988
latency,rayon,1,burst_small,256,1614,15088,15158
latency,rayon,1,burst_small,256,1615,15258,15339
latency,rayon,1,burst_small,256,1616,15440,15510
latency,rayon,1,burst_small,256,1617,15610,15690
latency,rayon,1,burst_small,256,1618,15790,15860
latency,rayon,1,burst_small,256,1619,15960,16031
latency,rayon,1,burst_small,256,1620,16131,16201
latency,rayon,1,burst_small,256,1621,16301,16371
latency,rayon,1,burst_small,256,1622,16471,16551
latency,rayon,1,burst_small,256,1623,16651,16722
latency,rayon,1,burst_small,256,1624,16822,16902
latency,rayon,1,burst_small,256,1625,17002,17072
latency,rayon,1,burst_small,256,1626,17172,17252
latency,rayon,1,burst_small,256,1627,17352,17423
latency,rayon,1,burst_small,256,1628,17523,17603
latency,rayon,1,burst_small,256,1629,17704,17774
latency,rayon,1,burst_small,256,1630,17874,17954
latency,rayon,1,burst_small,256,1631,18055,18125
latency,rayon,1,burst_small,256,1632,18225,18305
latency,rayon,1,burst_small,256,1633,18405,18475
latency,rayon,1,burst_small,256,1634,18575,18655
latency,rayon,1,burst_small,256,1635,18756,18826
latency,rayon,1,burst_small,256,1636,18926,19006
latency,rayon,1,burst_small,256,1637,19096,19166
latency,rayon,1,burst_small,256,1638,19266,19346
latency,rayon,1,burst_small,256,1639,19447,19517
latency,rayon,1,burst_small,256,1640,19617,19697
latency,rayon,1,burst_small,256,1641,19787,19857
latency,rayon,1,burst_small,256,1642,19967,20037
latency,rayon,1,burst_small,256,1643,20209,20279
latency,rayon,1,burst_small,256,1644,20399,20469
latency,rayon,1,burst_small,256,1645,20559,20629
latency,rayon,1,burst_small,256,1646,20729,20809
latency,rayon,1,burst_small,256,1647,20910,20980
latency,rayon,1,burst_small,256,1648,21080,21160
latency,rayon,1,burst_small,256,1649,21260,21330
latency,rayon,1,burst_small,256,1650,21440,21511
latency,rayon,1,burst_small,256,1651,21611,21681
latency,rayon,1,burst_small,256,1652,21781,21861
latency,rayon,1,burst_small,256,1653,21961,22031
latency,rayon,1,burst_small,256,1654,22132,22213
latency,rayon,1,burst_small,256,1655,22313,22383
latency,rayon,1,burst_small,256,1656,22473,22553
latency,rayon,1,burst_small,256,1657,22653,22723
latency,rayon,1,burst_small,256,1658,22823,22904
latency,rayon,1,burst_small,256,1659,23004,23074
latency,rayon,1,burst_small,256,1660,23184,23264
latency,rayon,1,burst_small,256,1661,23364,23434
latency,rayon,1,burst_small,256,1662,23634,23705
latency,rayon,1,burst_small,256,1663,24196,24266
latency,rayon,1,burst_small,256,1664,24366,24436
latency,rayon,1,burst_small,256,1665,24576,24656
latency,rayon,1,burst_small,256,1666,24757,24827
latency,rayon,1,burst_small,256,1667,24927,25007
latency,rayon,1,burst_small,256,1668,25107,25177
latency,rayon,1,burst_small,256,1669,25278,25358
latency,rayon,1,burst_small,256,1670,25459,25529
latency,rayon,1,burst_small,256,1671,25629,25709
latency,rayon,1,burst_small,256,1672,25809,25879
latency,rayon,1,burst_small,256,1673,25979,26049
latency,rayon,1,burst_small,256,1674,26160,26230
latency,rayon,1,burst_small,256,1675,26360,26430
latency,rayon,1,burst_small,256,1676,26530,26610
latency,rayon,1,burst_small,256,1677,26710,26780
latency,rayon,1,burst_small,256,1678,26881,26961
latency,rayon,1,burst_small,256,1679,27061,27131
latency,rayon,1,burst_small,256,1680,27231,27311
latency,rayon,1,burst_small,256,1681,27401,27472
latency,rayon,1,burst_small,256,1682,27573,27653
latency,rayon,1,burst_small,256,1683,27753,27823
latency,rayon,1,burst_small,256,1684,27923,27993
latency,rayon,1,burst_small,256,1685,28093,28174
latency,rayon,1,burst_small,256,1686,28274,28344
latency,rayon,1,burst_small,256,1687,28444,28524
latency,rayon,1,burst_small,256,1688,28624,28694
latency,rayon,1,burst_small,256,1689,28794,28875
latency,rayon,1,burst_small,256,1690,28975,29045
latency,rayon,1,burst_small,256,1691,29145,29225
latency,rayon,1,burst_small,256,1692,29325,29395
latency,rayon,1,burst_small,256,1693,29495,29576
latency,rayon,1,burst_small,256,1694,29676,29746
latency,rayon,1,burst_small,256,1695,29847,29927
latency,rayon,1,burst_small,256,1696,30017,30097
latency,rayon,1,burst_small,256,1697,30197,30268
latency,rayon,1,burst_small,256,1698,30368,30438
latency,rayon,1,burst_small,256,1699,30538,30618
latency,rayon,1,burst_small,256,1700,30718,30788
latency,rayon,1,burst_small,256,1701,30888,30969
latency,rayon,1,burst_small,256,1702,31069,31139
latency,rayon,1,burst_small,256,1703,31239,31319
latency,rayon,1,burst_small,256,1704,31419,31489
latency,rayon,1,burst_small,256,1705,31600,31670
latency,rayon,1,burst_small,256,1706,31770,31840
latency,rayon,1,burst_small,256,1707,32031,32101
latency,rayon,1,burst_small,256,1708,32201,32271
latency,rayon,1,burst_small,256,1709,32372,32452
latency,rayon,1,burst_small,256,1710,32552,32622
latency,rayon,1,burst_small,256,1711,32722,32802
latency,rayon,1,burst_small,256,1712,32902,32972
latency,rayon,1,burst_small,256,1713,33073,33153
latency,rayon,1,burst_small,256,1714,33253,33323
latency,rayon,1,burst_small,256,1715,33423,33493
latency,rayon,1,burst_small,256,1716,33603,33673
latency,rayon,1,burst_small,256,1717,33774,33844
latency,rayon,1,burst_small,256,1718,33944,34024
latency,rayon,1,burst_small,256,1719,34125,34195
latency,rayon,1,burst_small,256,1720,34295,34375
latency,rayon,1,burst_small,256,1721,34476,34546
latency,rayon,1,burst_small,256,1722,34646,34726
latency,rayon,1,burst_small,256,1723,34826,34896
latency,rayon,1,burst_small,256,1724,34996,35066
latency,rayon,1,burst_small,256,1725,35177,35247
latency,rayon,1,burst_small,256,1726,35477,35557
latency,rayon,1,burst_small,256,1727,36800,36870
latency,rayon,1,burst_small,256,1728,38664,38734
latency,rayon,1,burst_small,256,1729,38844,38914
latency,rayon,1,burst_small,256,1730,39024,39094
latency,rayon,1,burst_small,256,1731,39204,39274
latency,rayon,1,burst_small,256,1732,39385,39465
latency,rayon,1,burst_small,256,1733,39625,39695
latency,rayon,1,burst_small,256,1734,39855,39935
latency,rayon,1,burst_small,256,1735,40035,40106
latency,rayon,1,burst_small,256,1736,40206,40286
latency,rayon,1,burst_small,256,1737,40387,40457
latency,rayon,1,burst_small,256,1738,40557,40637
latency,rayon,1,burst_small,256,1739,40737,40808
latency,rayon,1,burst_small,256,1740,40908,40988
latency,rayon,1,burst_small,256,1741,41088,41158
latency,rayon,1,burst_small,256,1742,41258,41338
latency,rayon,1,burst_small,256,1743,41438,41509
latency,rayon,1,burst_small,256,1744,41599,41669
latency,rayon,1,burst_small,256,1745,41769,41849
latency,rayon,1,burst_small,256,1746,41949,42019
latency,rayon,1,burst_small,256,1747,42129,42200
latency,rayon,1,burst_small,256,1748,42300,42370
latency,rayon,1,burst_small,256,1749,42470,42550
latency,rayon,1,burst_small,256,1750,42651,42721
latency,rayon,1,burst_small,256,1751,42821,42902
latency,rayon,1,burst_small,256,1752,43002,43072
latency,rayon,1,burst_small,256,1753,43172,43252
latency,rayon,1,burst_small,256,1754,43412,43482
latency,rayon,1,burst_small,256,1755,43602,43683
latency,rayon,1,burst_small,256,1756,43783,43853
latency,rayon,1,burst_small,256,1757,43953,44023
latency,rayon,1,burst_small,256,1758,44133,44213
latency,rayon,1,burst_small,256,1759,44314,44384
latency,rayon,1,burst_small,256,1760,45045,45125
latency,rayon,1,burst_small,256,1761,45236,45306
latency,rayon,1,burst_small,256,1762,45416,45487
latency,rayon,1,burst_small,256,1763,45587,45667
latency,rayon,1,burst_small,256,1764,45767,45847
latency,rayon,1,burst_small,256,1765,45957,46027
latency,rayon,1,burst_small,256,1766,46137,46208
latency,rayon,1,burst_small,256,1767,46308,46388
latency,rayon,1,burst_small,256,1768,46498,46568
latency,rayon,1,burst_small,256,1769,46678,46748
latency,rayon,1,burst_small,256,1770,46849,46919
latency,rayon,1,burst_small,256,1771,47019,47099
latency,rayon,1,burst_small,256,1772,47209,47279
latency,rayon,1,burst_small,256,1773,47389,47459
latency,rayon,1,burst_small,256,1774,47560,47640
latency,rayon,1,burst_small,256,1775,47901,47971
latency,rayon,1,burst_small,256,1776,48111,48181
latency,rayon,1,burst_small,256,1777,48291,48362
latency,rayon,1,burst_small,256,1778,48472,48552
latency,rayon,1,burst_small,256,1779,48652,48722
latency,rayon,1,burst_small,256,1780,48872,48942
latency,rayon,1,burst_small,256,1781,49072,49143
latency,rayon,1,burst_small,256,1782,49304,49384
latency,rayon,1,burst_small,256,1783,49564,49634
latency,rayon,1,burst_small,256,1784,50165,50245
latency,rayon,1,burst_small,256,1785,50335,50416
latency,rayon,1,burst_small,256,1786,50506,50576
latency,rayon,1,burst_small,256,1787,50666,50746
latency,rayon,1,burst_small,256,1788,50846,50916
latency,rayon,1,burst_small,256,1789,51047,51117
latency,rayon,1,burst_small,256,1790,51227,51307
latency,rayon,1,burst_small,256,1791,51648,51718
latency,rayon,1,burst_small,256,1792,190,311
latency,rayon,1,burst_small,256,1793,601,681
latency,rayon,1,burst_small,256,1794,771,842
latency,rayon,1,burst_small,256,1795,942,1012
latency,rayon,1,burst_small,256,1796,1112,1182
latency,rayon,1,burst_small,256,1797,1503,1573
latency,rayon,1,burst_small,256,1798,1673,1743
latency,rayon,1,burst_small,256,1799,1843,1913
latency,rayon,1,burst_small,256,1800,2043,2114
latency,rayon,1,burst_small,256,1801,2285,2355
latency,rayon,1,burst_small,256,1802,2465,2535
latency,rayon,1,burst_small,256,1803,2665,2745
latency,rayon,1,burst_small,256,1804,2846,2916
latency,rayon,1,burst_small,256,1805,3016,3086
latency,rayon,1,burst_small,256,1806,3186,3266
latency,rayon,1,burst_small,256,1807,3366,3436
latency,rayon,1,burst_small,256,1808,3537,3617
latency,rayon,1,burst_small,256,1809,4088,4158
latency,rayon,1,burst_small,256,1810,4258,4338
latency,rayon,1,burst_small,256,1811,4438,4508
latency,rayon,1,burst_small,256,1812,4608,4688
latency,rayon,1,burst_small,256,1813,4789,4859
latency,rayon,1,burst_small,256,1814,4950,5020
latency,rayon,1,burst_small,256,1815,5120,5200
latency,rayon,1,burst_small,256,1816,5300,5370
latency,rayon,1,burst_small,256,1817,5471,5551
latency,rayon,1,burst_small,256,1818,5651,5721
latency,rayon,1,burst_small,256,1819,5821,5901
latency,rayon,1,burst_small,256,1820,6001,6071
latency,rayon,1,burst_small,256,1821,6172,6252
latency,rayon,1,burst_small,256,1822,6352,6422
latency,rayon,1,burst_small,256,1823,6522,6602
latency,rayon,1,burst_small,256,1824,6702,6773
latency,rayon,1,burst_small,256,1825,6903,6983
latency,rayon,1,burst_small,256,1826,7083,7153
latency,rayon,1,burst_small,256,1827,7254,7324
latency,rayon,1,burst_small,256,1828,7434,7505
latency,rayon,1,burst_small,256,1829,7605,7675
latency,rayon,1,burst_small,256,1830,7785,17223
latency,rayon,1,burst_small,256,1831,17634,17734
latency,rayon,1,burst_small,256,1832,17834,17904
latency,rayon,1,burst_small,256,1833,18004,18084
latency,rayon,1,burst_small,256,1834,18174,18244
latency,rayon,1,burst_small,256,1835,18345,18425
latency,rayon,1,burst_small,256,1836,18535,18605
latency,rayon,1,burst_small,256,1837,18715,18795
latency,rayon,1,burst_small,256,1838,18895,18976
latency,rayon,1,burst_small,256,1839,19076,19146
latency,rayon,1,burst_small,256,1840,19256,19336
latency,rayon,1,burst_small,256,1841,19437,19517
latency,rayon,1,burst_small,256,1842,19617,19698
latency,rayon,1,burst_small,256,1843,19798,19868
latency,rayon,1,burst_small,256,1844,19988,20068
latency,rayon,1,burst_small,256,1845,20178,20248
latency,rayon,1,burst_small,256,1846,20359,20429
latency,rayon,1,burst_small,256,1847,20529,20609
latency,rayon,1,burst_small,256,1848,20719,20789
latency,rayon,1,burst_small,256,1849,20899,20970
latency,rayon,1,burst_small,256,1850,21080,21160
latency,rayon,1,burst_small,256,1851,21260,21330
latency,rayon,1,burst_small,256,1852,21440,21510
latency,rayon,1,burst_small,256,1853,21610,21691
latency,rayon,1,burst_small,256,1854,21802,30939
latency,rayon,1,burst_small,256,1855,31250,31320
latency,rayon,1,burst_small,256,1856,31420,31500
latency,rayon,1,burst_small,256,1857,31760,31830
latency,rayon,1,burst_small,256,1858,31941,32011
latency,rayon,1,burst_small,256,1859,32111,32191
latency,rayon,1,burst_small,256,1860,32301,32371
latency,rayon,1,burst_small,256,1861,32481,32552
latency,rayon,1,burst_small,256,1862,32662,32742
latency,rayon,1,burst_small,256,1863,32842,32912
latency,rayon,1,burst_small,256,1864,33022,33092
latency,rayon,1,burst_small,256,1865,33202,33283
latency,rayon,1,burst_small,256,1866,33383,33453
latency,rayon,1,burst_small,256,1867,33554,33624
latency,rayon,1,burst_small,256,1868,33734,33814
latency,rayon,1,burst_small,256,1869,33915,33995
latency,rayon,1,burst_small,256,1870,34105,34175
latency,rayon,1,burst_small,256,1871,34275,34345
latency,rayon,1,burst_small,256,1872,34455,34535
latency,rayon,1,burst_small,256,1873,34646,34716
latency,rayon,1,burst_small,256,1874,34826,34896
latency,rayon,1,burst_small,256,1875,34996,35076
latency,rayon,1,burst_small,256,1876,35186,35257
latency,rayon,1,burst_small,256,1877,35367,35437
latency,rayon,1,burst_small,256,1878,35547,35627
latency,rayon,1,burst_small,256,1879,35727,35797
latency,rayon,1,burst_small,256,1880,35908,35979
latency,rayon,1,burst_small,256,1881,36089,36169
latency,rayon,1,burst_small,256,1882,36279,36349
latency,rayon,1,burst_small,256,1883,36449,36519
latency,rayon,1,burst_small,256,1884,36630,36710
latency,rayon,1,burst_small,256,1885,36810,36890
latency,rayon,1,burst_small,256,1886,37050,37120
latency,rayon,1,burst_small,256,1887,37230,37300
latency,rayon,1,burst_small,256,1888,37411,37491
latency,rayon,1,burst_small,256,1889,37601,37671
latency,rayon,1,burst_small,256,1890,37771,37851
latency,rayon,1,burst_small,256,1891,37951,38022
latency,rayon,1,burst_small,256,1892,38133,38213
latency,rayon,1,burst_small,256,1893,38313,38383
latency,rayon,1,burst_small,256,1894,38483,38563
latency,rayon,1,burst_small,256,1895,38663,38734
latency,rayon,1,burst_small,256,1896,38834,38914
latency,rayon,1,burst_small,256,1897,39004,39074
latency,rayon,1,burst_small,256,1898,39194,39264
latency,rayon,1,burst_small,256,1899,39364,39445
latency,rayon,1,burst_small,256,1900,39545,39625
latency,rayon,1,burst_small,256,1901,39735,39805
latency,rayon,1,burst_small,256,1902,39905,39985
latency,rayon,1,burst_small,256,1903,40086,40156
latency,rayon,1,burst_small,256,1904,40256,40326
latency,rayon,1,burst_small,256,1905,40416,40496
latency,rayon,1,burst_small,256,1906,40597,40667
latency,rayon,1,burst_small,256,1907,40768,40848
latency,rayon,1,burst_small,256,1908,40948,41018
latency,rayon,1,burst_small,256,1909,41118,41198
latency,rayon,1,burst_small,256,1910,41308,41378
latency,rayon,1,burst_small,256,1911,41479,41549
latency,rayon,1,burst_small,256,1912,41649,41729
latency,rayon,1,burst_small,256,1913,41839,41909
latency,rayon,1,burst_small,256,1914,42009,42090
latency,rayon,1,burst_small,256,1915,42190,42260
latency,rayon,1,burst_small,256,1916,42370,42440
latency,rayon,1,burst_small,256,1917,42550,42630
latency,rayon,1,burst_small,256,1918,42811,42882
latency,rayon,1,burst_small,256,1919,43793,43873
latency,rayon,1,burst_small,256,1920,43973,44043
latency,rayon,1,burst_small,256,1921,44193,44263
latency,rayon,1,burst_small,256,1922,44374,44444
latency,rayon,1,burst_small,256,1923,44545,44625
latency,rayon,1,burst_small,256,1924,44735,44805
latency,rayon,1,burst_small,256,1925,44905,44985
latency,rayon,1,burst_small,256,1926,45096,45166
latency,rayon,1,burst_small,256,1927,45266,45336
latency,rayon,1,burst_small,256,1928,45436,45516
latency,rayon,1,burst_small,256,1929,45616,45687
latency,rayon,1,burst_small,256,1930,45787,45867
latency,rayon,1,burst_small,256,1931,45967,46037
latency,rayon,1,burst_small,256,1932,46137,46217
latency,rayon,1,burst_small,256,1933,46317,46388
latency,rayon,1,burst_small,256,1934,46498,46578
latency,rayon,1,burst_small,256,1935,46678,46748
latency,rayon,1,burst_small,256,1936,46859,46939
latency,rayon,1,burst_small,256,1937,47049,47120
latency,rayon,1,burst_small,256,1938,47230,47300
latency,rayon,1,burst_small,256,1939,47390,47470
latency,rayon,1,burst_small,256,1940,47580,47650
latency,rayon,1,burst_small,256,1941,47751,47831
latency,rayon,1,burst_small,256,1942,47941,48011
latency,rayon,1,burst_small,256,1943,48111,48181
latency,rayon,1,burst_small,256,1944,48281,48361
latency,rayon,1,burst_small,256,1945,48472,48542
latency,rayon,1,burst_small,256,1946,48652,48722
latency,rayon,1,burst_small,256,1947,48832,48902
latency,rayon,1,burst_small,256,1948,49012,49083
latency,rayon,1,burst_small,256,1949,49193,49263
latency,rayon,1,burst_small,256,1950,49444,49514
latency,rayon,1,burst_small,256,1951,49654,49734
latency,rayon,1,burst_small,256,1952,49834,49915
latency,rayon,1,burst_small,256,1953,50015,50085
latency,rayon,1,burst_small,256,1954,50195,50275
latency,rayon,1,burst_small,256,1955,50375,50445
latency,rayon,1,burst_small,256,1956,50556,50626
latency,rayon,1,burst_small,256,1957,50736,50816
latency,rayon,1,burst_small,256,1958,50926,50996
latency,rayon,1,burst_small,256,1959,51096,51166
latency,rayon,1,burst_small,256,1960,51267,51337
latency,rayon,1,burst_small,256,1961,51448,51518
latency,rayon,1,burst_small,256,1962,51628,51708
latency,rayon,1,burst_small,256,1963,51808,51879
latency,rayon,1,burst_small,256,1964,51979,52059
latency,rayon,1,burst_small,256,1965,52159,52229
latency,rayon,1,burst_small,256,1966,52319,52389
latency,rayon,1,burst_small,256,1967,52539,52620
latency,rayon,1,burst_small,256,1968,52730,52800
latency,rayon,1,burst_small,256,1969,52900,52980
latency,rayon,1,burst_small,256,1970,53080,53150
latency,rayon,1,burst_small,256,1971,53250,53331
latency,rayon,1,burst_small,256,1972,53431,53501
latency,rayon,1,burst_small,256,1973,53602,53672
latency,rayon,1,burst_small,256,1974,53772,53852
latency,rayon,1,burst_small,256,1975,53952,54023
latency,rayon,1,burst_small,256,1976,54123,54203
latency,rayon,1,burst_small,256,1977,54293,54363
latency,rayon,1,burst_small,256,1978,54473,54553
latency,rayon,1,burst_small,256,1979,54653,54724
latency,rayon,1,burst_small,256,1980,54824,54894
latency,rayon,1,burst_small,256,1981,54984,55064
latency,rayon,1,burst_small,256,1982,55274,55344
latency,rayon,1,burst_small,256,1983,56286,56367
latency,rayon,1,burst_small,256,1984,58761,58831
latency,rayon,1,burst_small,256,1985,58941,59021
latency,rayon,1,burst_small,256,1986,59172,59242
latency,rayon,1,burst_small,256,1987,59343,59423
latency,rayon,1,burst_small,256,1988,59523,59593
latency,rayon,1,burst_small,256,1989,59693,59763
latency,rayon,1,burst_small,256,1990,59874,59954
latency,rayon,1,burst_small,256,1991,60054,60124
latency,rayon,1,burst_small,256,1992,60234,60304
latency,rayon,1,burst_small,256,1993,60404,60485
latency,rayon,1,burst_small,256,1994,60585,60655
latency,rayon,1,burst_small,256,1995,60755,60835
latency,rayon,1,burst_small,256,1996,60935,61005
latency,rayon,1,burst_small,256,1997,61105,61176
latency,rayon,1,burst_small,256,1998,61286,61366
latency,rayon,1,burst_small,256,1999,61466,61536
latency,rayon,1,burst_small,256,2000,61646,61726
latency,rayon,1,burst_small,256,2001,61838,61908
latency,rayon,1,burst_small,256,2002,62038,62108
latency,rayon,1,burst_small,256,2003,62338,62418
latency,rayon,1,burst_small,256,2004,62568,62638
latency,rayon,1,burst_small,256,2005,62739,62809
latency,rayon,1,burst_small,256,2006,62919,62999
latency,rayon,1,burst_small,256,2007,63159,63229
latency,rayon,1,burst_small,256,2008,63630,63700
latency,rayon,1,burst_small,256,2009,63801,63881
latency,rayon,1,burst_small,256,2010,63981,64051
latency,rayon,1,burst_small,256,2011,64141,64221
latency,rayon,1,burst_small,256,2012,64321,64392
latency,rayon,1,burst_small,256,2013,64492,64562
latency,rayon,1,burst_small,256,2014,64662,64742
latency,rayon,1,burst_small,256,2015,64832,64902
latency,rayon,1,burst_small,256,2016,65775,65845
latency,rayon,1,burst_small,256,2017,65945,66025
latency,rayon,1,burst_small,256,2018,66115,66186
latency,rayon,1,burst_small,256,2019,66276,66346
latency,rayon,1,burst_small,256,2020,66436,66516
latency,rayon,1,burst_small,256,2021,66616,66686
latency,rayon,1,burst_small,256,2022,66786,66857
latency,rayon,1,burst_small,256,2023,66947,67027
latency,rayon,1,burst_small,256,2024,67187,67257
latency,rayon,1,burst_small,256,2025,67357,67427
latency,rayon,1,burst_small,256,2026,67527,67608
latency,rayon,1,burst_small,256,2027,67698,67768
latency,rayon,1,burst_small,256,2028,67868,67948
latency,rayon,1,burst_small,256,2029,68039,68119
latency,rayon,1,burst_small,256,2030,68220,68290
latency,rayon,1,burst_small,256,2031,68380,68460
latency,rayon,1,burst_small,256,2032,68620,68690
latency,rayon,1,burst_small,256,2033,68790,68860
latency,rayon,1,burst_small,256,2034,68951,69031
latency,rayon,1,burst_small,256,2035,69121,69191
latency,rayon,1,burst_small,256,2036,69291,69371
latency,rayon,1,burst_small,256,2037,69471,69542
latency,rayon,1,burst_small,256,2038,69642,69712
latency,rayon,1,burst_small,256,2039,69802,69882
latency,rayon,1,burst_small,256,2040,70143,70213
latency,rayon,1,burst_small,256,2041,70303,70384
latency,rayon,1,burst_small,256,2042,70484,70554
latency,rayon,1,burst_small,256,2043,70644,70724
latency,rayon,1,burst_small,256,2044,70814,70884
latency,rayon,1,burst_small,256,2045,70984,71055
latency,rayon,1,burst_small,256,2046,71145,71225
latency,rayon,1,burst_small,256,2047,71485,71565
latency,rayon,1,burst_small,256,2048,221,331
latency,rayon,1,burst_small,256,2049,692,772
latency,rayon,1,burst_small,256,2050,862,942
latency,rayon,1,burst_small,256,2051,1032,1112
latency,rayon,1,burst_small,256,2052,1202,1272
latency,rayon,1,burst_small,256,2053,1583,1653
latency,rayon,1,burst_small,256,2054,1743,1823
latency,rayon,1,burst_small,256,2055,1913,1994
latency,rayon,1,burst_small,256,2056,2114,2194
latency,rayon,1,burst_small,256,2057,2334,2404
latency,rayon,1,burst_small,256,2058,2504,2574
latency,rayon,1,burst_small,256,2059,2665,2745
latency,rayon,1,burst_small,256,2060,2846,2916
latency,rayon,1,burst_small,256,2061,3016,3096
latency,rayon,1,burst_small,256,2062,3196,3267
latency,rayon,1,burst_small,256,2063,3367,3447
latency,rayon,1,burst_small,256,2064,3547,3617
latency,rayon,1,burst_small,256,2065,3737,3807
latency,rayon,1,burst_small,256,2066,3907,3988
latency,rayon,1,burst_small,256,2067,4088,4158
latency,rayon,1,burst_small,256,2068,4258,4328
latency,rayon,1,burst_small,256,2069,4438,4508
latency,rayon,1,burst_small,256,2070,4608,4679
latency,rayon,1,burst_small,256,2071,4779,4859
latency,rayon,1,burst_small,256,2072,4959,5029
latency,rayon,1,burst_small,256,2073,5130,5210
latency,rayon,1,burst_small,256,2074,5310,5381
latency,rayon,1,burst_small,256,2075,5481,5561
latency,rayon,1,burst_small,256,2076,5661,5731
latency,rayon,1,burst_small,256,2077,5831,5911
latency,rayon,1,burst_small,256,2078,6002,6072
latency,rayon,1,burst_small,256,2079,6172,6252
latency,rayon,1,burst_small,256,2080,6352,6422
latency,rayon,1,burst_small,256,2081,6542,6622
latency,rayon,1,burst_small,256,2082,6723,6793
latency,rayon,1,burst_small,256,2083,6893,6963
latency,rayon,1,burst_small,256,2084,7063,7143
latency,rayon,1,burst_small,256,2085,7243,7313
latency,rayon,1,burst_small,256,2086,7414,7494
latency,rayon,1,burst_small,256,2087,7595,7665
latency,rayon,1,burst_small,256,2088,7765,7845
latency,rayon,1,burst_small,256,2089,7965,8035
latency,rayon,1,burst_small,256,2090,8136,8216
latency,rayon,1,burst_small,256,2091,8316,8386
latency,rayon,1,burst_small,256,2092,8486,8566
latency,rayon,1,burst_small,256,2093,8656,8727
latency,rayon,1,burst_small,256,2094,8827,8907
latency,rayon,1,burst_small,256,2095,9007,9077
latency,rayon,1,burst_small,256,2096,9177,9257
latency,rayon,1,burst_small,256,2097,9357,9428
latency,rayon,1,burst_small,256,2098,9528,9608
latency,rayon,1,burst_small,256,2099,9708,9778
latency,rayon,1,burst_small,256,2100,9879,9949
latency,rayon,1,burst_small,256,2101,10059,10130
latency,rayon,1,burst_small,256,2102,10230,10300
latency,rayon,1,burst_small,256,2103,10410,10480
latency,rayon,1,burst_small,256,2104,10580,10650
latency,rayon,1,burst_small,256,2105,10750,10831
latency,rayon,1,burst_small,256,2106,10931,11001
latency,rayon,1,burst_small,256,2107,11101,11181
latency,rayon,1,burst_small,256,2108,11281,11351
latency,rayon,1,burst_small,256,2109,11441,11522
latency,rayon,1,burst_small,256,2110,11622,11692
latency,rayon,1,burst_small,256,2111,11792,11872
latency,rayon,1,burst_small,256,2112,11972,12042
latency,rayon,1,burst_small,256,2113,12885,12965
latency,rayon,1,burst_small,256,2114,13065,13145
latency,rayon,1,burst_small,256,2115,13255,13326
latency,rayon,1,burst_small,256,2116,13426,13496
latency,rayon,1,burst_small,256,2117,13606,13676
latency,rayon,1,burst_small,256,2118,13786,13866
latency,rayon,1,burst_small,256,2119,13966,14047
latency,rayon,1,burst_small,256,2120,14147,14217
latency,rayon,1,burst_small,256,2121,14327,14397
latency,rayon,1,burst_small,256,2122,14507,14577
latency,rayon,1,burst_small,256,2123,14688,14768
latency,rayon,1,burst_small,256,2124,14868,14938
latency,rayon,1,burst_small,256,2125,15048,15118
latency,rayon,1,burst_small,256,2126,15229,15309
latency,rayon,1,burst_small,256,2127,15410,15490
latency,rayon,1,burst_small,256,2128,15580,15650
latency,rayon,1,burst_small,256,2129,15760,15830
latency,rayon,1,burst_small,256,2130,15940,16011
latency,rayon,1,burst_small,256,2131,16171,16241
latency,rayon,1,burst_small,256,2132,16341,16421
latency,rayon,1,burst_small,256,2133,16531,16601
latency,rayon,1,burst_small,256,2134,16711,16782
latency,rayon,1,burst_small,256,2135,16892,16962
latency,rayon,1,burst_small,256,2136,17062,17142
latency,rayon,1,burst_small,256,2137,17252,17322
latency,rayon,1,burst_small,256,2138,17433,17503
latency,rayon,1,burst_small,256,2139,17604,17684
latency,rayon,1,burst_small,256,2140,17784,17854
latency,rayon,1,burst_small,256,2141,17954,18024
latency,rayon,1,burst_small,256,2142,18135,18205
latency,rayon,1,burst_small,256,2143,18315,18385
latency,rayon,1,burst_small,256,2144,18485,18565
latency,rayon,1,burst_small,256,2145,18675,18745
latency,rayon,1,burst_small,256,2146,18846,18916
latency,rayon,1,burst_small,256,2147,19026,19106
latency,rayon,1,burst_small,256,2148,19206,19276
latency,rayon,1,burst_small,256,2149,19376,19457
latency,rayon,1,burst_small,256,2150,19557,19637
latency,rayon,1,burst_small,256,2151,19737,19807
latency,rayon,1,burst_small,256,2152,19908,19988
latency,rayon,1,burst_small,256,2153,20078,20159
latency,rayon,1,burst_small,256,2154,20259,20339
latency,rayon,1,burst_small,256,2155,20449,20519
latency,rayon,1,burst_small,256,2156,20619,20699
latency,rayon,1,burst_small,256,2157,20799,20880
latency,rayon,1,burst_small,256,2158,20990,21060
latency,rayon,1,burst_small,256,2159,21160,21230
latency,rayon,1,burst_small,256,2160,21330,21410
latency,rayon,1,burst_small,256,2161,21521,21601
latency,rayon,1,burst_small,256,2162,21701,21781
latency,rayon,1,burst_small,256,2163,21911,21991
latency,rayon,1,burst_small,256,2164,22101,22171
latency,rayon,1,burst_small,256,2165,22283,22363
latency,rayon,1,burst_small,256,2166,22463,22543
latency,rayon,1,burst_small,256,2167,22643,22723
latency,rayon,1,burst_small,256,2168,22823,22894
latency,rayon,1,burst_small,256,2169,22994,23074
latency,rayon,1,burst_small,256,2170,23174,23254
latency,rayon,1,burst_small,256,2171,23354,23434
latency,rayon,1,burst_small,256,2172,23554,23625
latency,rayon,1,burst_small,256,2173,23755,23825
latency,rayon,1,burst_small,256,2174,23985,24055
latency,rayon,1,burst_small,256,2175,24626,24706
latency,rayon,1,burst_small,256,2176,24807,24877
latency,rayon,1,burst_small,256,2177,28545,28615
latency,rayon,1,burst_small,256,2178,28715,28785
latency,rayon,1,burst_small,256,2179,28885,28965
latency,rayon,1,burst_small,256,2180,29065,29135
latency,rayon,1,burst_small,256,2181,29236,29316
latency,rayon,1,burst_small,256,2182,29416,29486
latency,rayon,1,burst_small,256,2183,29586,29666
latency,rayon,1,burst_small,256,2184,29766,29836
latency,rayon,1,burst_small,256,2185,29937,30007
latency,rayon,1,burst_small,256,2186,30117,30187
latency,rayon,1,burst_small,256,2187,30287,30357
latency,rayon,1,burst_small,256,2188,30457,30537
latency,rayon,1,burst_small,256,2189,30638,30708
latency,rayon,1,burst_small,256,2190,30808,30888
latency,rayon,1,burst_small,256,2191,30989,31059
latency,rayon,1,burst_small,256,2192,31159,31239
latency,rayon,1,burst_small,256,2193,31340,31410
latency,rayon,1,burst_small,256,2194,31500,31580
latency,rayon,1,burst_small,256,2195,31770,31840
latency,rayon,1,burst_small,256,2196,31990,32060
latency,rayon,1,burst_small,256,2197,32171,32241
latency,rayon,1,burst_small,256,2198,32341,32411
latency,rayon,1,burst_small,256,2199,32511,32591
latency,rayon,1,burst_small,256,2200,32692,32763
latency,rayon,1,burst_small,256,2201,32863,32943
latency,rayon,1,burst_small,256,2202,33043,33113
latency,rayon,1,burst_small,256,2203,33213,33293
latency,rayon,1,burst_small,256,2204,33393,33464
latency,rayon,1,burst_small,256,2205,33564,33634
latency,rayon,1,burst_small,256,2206,33744,33814
latency,rayon,1,burst_small,256,2207,33914,33984
latency,rayon,1,burst_small,256,2208,34084,34165
latency,rayon,1,burst_small,256,2209,34255,34325
latency,rayon,1,burst_small,256,2210,34425,34505
latency,rayon,1,burst_small,256,2211,34605,34675
latency,rayon,1,burst_small,256,2212,34775,34856
latency,rayon,1,burst_small,256,2213,34956,35026
latency,rayon,1,burst_small,256,2214,35127,35197
latency,rayon,1,burst_small,256,2215,35297,35377
latency,rayon,1,burst_small,256,2216,35557,35628
latency,rayon,1,burst_small,256,2217,35728,35808
latency,rayon,1,burst_small,256,2218,35908,35978
latency,rayon,1,burst_small,256,2219,36068,36148
latency,rayon,1,burst_small,256,2220,36248,36319
latency,rayon,1,burst_small,256,2221,36419,36499
latency,rayon,1,burst_small,256,2222,36599,36669
latency,rayon,1,burst_small,256,2223,36769,36849
latency,rayon,1,burst_small,256,2224,36950,37020
latency,rayon,1,burst_small,256,2225,37121,37201
latency,rayon,1,burst_small,256,2226,37301,37371
latency,rayon,1,burst_small,256,2227,37461,37531
latency,rayon,1,burst_small,256,2228,37632,37712
latency,rayon,1,burst_small,256,2229,37812,37882
latency,rayon,1,burst_small,256,2230,37982,38062
latency,rayon,1,burst_small,256,2231,38162,38232
latency,rayon,1,burst_small,256,2232,38333,38413
latency,rayon,1,burst_small,256,2233,38593,38663
latency,rayon,1,burst_small,256,2234,38803,38873
latency,rayon,1,burst_small,256,2235,38983,39053
latency,rayon,1,burst_small,256,2236,39155,39225
latency,rayon,1,burst_small,256,2237,39325,39405
latency,rayon,1,burst_small,256,2238,39655,39725
latency,rayon,1,burst_small,256,2239,41057,41137
latency,rayon,1,burst_small,256,2240,42219,42290
latency,rayon,1,burst_small,256,2241,42391,42471
latency,rayon,1,burst_small,256,2242,42571,42641
latency,rayon,1,burst_small,256,2243,42741,42821
latency,rayon,1,burst_small,256,2244,42921,42992
latency,rayon,1,burst_small,256,2245,43092,43172
latency,rayon,1,burst_small,256,2246,43272,43342
latency,rayon,1,burst_small,256,2247,43442,43522
latency,rayon,1,burst_small,256,2248,43683,43763
latency,rayon,1,burst_small,256,2249,43863,43933
latency,rayon,1,burst_small,256,2250,44033,44113
latency,rayon,1,burst_small,256,2251,44213,44283
latency,rayon,1,burst_small,256,2252,44384,44464
latency,rayon,1,burst_small,256,2253,44565,44635
latency,rayon,1,burst_small,256,2254,44735,44815
latency,rayon,1,burst_small,256,2255,44915,44985
latency,rayon,1,burst_small,256,2256,45086,45166
latency,rayon,1,burst_small,256,2257,45256,45326
latency,rayon,1,burst_small,256,2258,45426,45496
latency,rayon,1,burst_small,256,2259,45606,45686
latency,rayon,1,burst_small,256,2260,45887,45957
latency,rayon,1,burst_small,256,2261,46087,46167
latency,rayon,1,burst_small,256,2262,46267,46337
latency,rayon,1,burst_small,256,2263,46488,46569
latency,rayon,1,burst_small,256,2264,46969,47039
latency,rayon,1,burst_small,256,2265,47129,47199
latency,rayon,1,burst_small,256,2266,47289,47369
latency,rayon,1,burst_small,256,2267,47459,47530
latency,rayon,1,burst_small,256,2268,47621,47701
latency,rayon,1,burst_small,256,2269,47791,47861
latency,rayon,1,burst_small,256,2270,47951,48031
latency,rayon,1,burst_small,256,2271,48121,48192
latency,rayon,1,burst_small,256,2272,48853,48933
latency,rayon,1,burst_small,256,2273,49023,49093
latency,rayon,1,burst_small,256,2274,49183,49263
latency,rayon,1,burst_small,256,2275,49353,49424
latency,rayon,1,burst_small,256,2276,49514,49584
latency,rayon,1,burst_small,256,2277,49674,49754
latency,rayon,1,burst_small,256,2278,49844,49914
latency,rayon,1,burst_small,256,2279,50004,50085
latency,rayon,1,burst_small,256,2280,50266,50336
latency,rayon,1,burst_small,256,2281,50426,50506
latency,rayon,1,burst_small,256,2282,50596,50666
latency,rayon,1,burst_small,256,2283,50756,50837
latency,rayon,1,burst_small,256,2284,50927,50997
latency,rayon,1,burst_small,256,2285,51087,51167
latency,rayon,1,burst_small,256,2286,51257,51327
latency,rayon,1,burst_small,256,2287,51417,51498
latency,rayon,1,burst_small,256,2288,51658,51728
latency,rayon,1,burst_small,256,2289,51818,51898
latency,rayon,1,burst_small,256,2290,51988,52058
latency,rayon,1,burst_small,256,2291,52148,52229
latency,rayon,1,burst_small,256,2292,52319,52389
latency,rayon,1,burst_small,256,2293,52479,52559
latency,rayon,1,burst_small,256,2294,52649,52719
latency,rayon,1,burst_small,256,2295,52810,52881
latency,rayon,1,burst_small,256,2296,53171,53251
latency,rayon,1,burst_small,256,2297,53341,53411
latency,rayon,1,burst_small,256,2298,53511,53581
latency,rayon,1,burst_small,256,2299,53671,53742
latency,rayon,1,burst_small,256,2300,53832,53912
latency,rayon,1,burst_small,256,2301,54012,54082
latency,rayon,1,burst_small,256,2302,54172,54252
latency,rayon,1,burst_small,256,2303,54594,54674
latency,sequential,1,burst_small,256,0,21,91
latency,sequential,1,burst_small,256,1,10,90
latency,sequential,1,burst_small,256,2,20,90
latency,sequential,1,burst_small,256,3,21,91
latency,sequential,1,burst_small,256,4,20,100
latency,sequential,1,burst_small,256,5,20,90
latency,sequential,1,burst_small,256,6,20,90
latency,sequential,1,burst_small,256,7,21,101
latency,sequential,1,burst_small,256,8,20,90
latency,sequential,1,burst_small,256,9,20,90
latency,sequential,1,burst_small,256,10,10,91
latency,sequential,1,burst_small,256,11,20,90
latency,sequential,1,burst_small,256,12,20,90
latency,sequential,1,burst_small,256,13,20,100
latency,sequential,1,burst_small,256,14,20,91
latency,sequential,1,burst_small,256,15,10,90
latency,sequential,1,burst_small,256,16,20,90
latency,sequential,1,burst_small,256,17,20,100
latency,sequential,1,burst_small,256,18,20,90
latency,sequential,1,burst_small,256,19,20,100
latency,sequential,1,burst_small,256,20,20,90
latency,sequential,1,burst_small,256,21,20,90
latency,sequential,1,burst_small,256,22,20,101
latency,sequential,1,burst_small,256,23,20,90
latency,sequential,1,burst_small,256,24,20,100
latency,sequential,1,burst_small,256,25,20,90
latency,sequential,1,burst_small,256,26,20,91
latency,sequential,1,burst_small,256,27,20,100
latency,sequential,1,burst_small,256,28,20,90
latency,sequential,1,burst_small,256,29,20,100
latency,sequential,1,burst_small,256,30,20,91
latency,sequential,1,burst_small,256,31,20,90
latency,sequential,1,burst_small,256,32,20,100
latency,sequential,1,burst_small,256,33,20,100
latency,sequential,1,burst_small,256,34,20,91
latency,sequential,1,burst_small,256,35,20,100
latency,sequential,1,burst_small,256,36,20,90
latency,sequential,1,burst_small,256,37,20,90
latency,sequential,1,burst_small,256,38,20,101
latency,sequential,1,burst_small,256,39,20,90
latency,sequential,1,burst_small,256,40,20,100
latency,sequential,1,burst_small,256,41,20,90
latency,sequential,1,burst_small,256,42,20,90
latency,sequential,1,burst_small,256,43,20,100
latency,sequential,1,burst_small,256,44,20,90
latency,sequential,1,burst_small,256,45,20,100
latency,sequential,1,burst_small,256,46,20,90
latency,sequential,1,burst_small,256,47,20,90
latency,sequential,1,burst_small,256,48,20,100
latency,sequential,1,burst_small,256,49,20,90
latency,sequential,1,burst_small,256,50,20,100
latency,sequential,1,burst_small,256,51,21,91
latency,sequential,1,burst_small,256,52,20,90
latency,sequential,1,burst_small,256,53,20,100
latency,sequential,1,burst_small,256,54,20,90
latency,sequential,1,burst_small,256,55,20,101
latency,sequential,1,burst_small,256,56,20,90
latency,sequential,1,burst_small,256,57,10,90
latency,sequential,1,burst_small,256,58,20,90
latency,sequential,1,burst_small,256,59,20,91
latency,sequential,1,burst_small,256,60,20,100
latency,sequential,1,burst_small,256,61,20,90
latency,sequential,1,burst_small,256,62,10,90
latency,sequential,1,burst_small,256,63,20,91
latency,sequential,1,burst_small,256,64,20,90
latency,sequential,1,burst_small,256,65,20,90
latency,sequential,1,burst_small,256,66,20,100
latency,sequential,1,burst_small,256,67,20,91
latency,sequential,1,burst_small,256,68,20,100
latency,sequential,1,burst_small,256,69,20,90
latency,sequential,1,burst_small,256,70,10,90
latency,sequential,1,burst_small,256,71,20,91
latency,sequential,1,burst_small,256,72,20,90
latency,sequential,1,burst_small,256,73,20,100
latency,sequential,1,burst_small,256,74,20,90
latency,sequential,1,burst_small,256,75,10,91
latency,sequential,1,burst_small,256,76,20,90
latency,sequential,1,burst_small,256,77,20,90
latency,sequential,1,burst_small,256,78,20,100
latency,sequential,1,burst_small,256,79,20,90
latency,sequential,1,burst_small,256,80,20,100
latency,sequential,1,burst_small,256,81,20,90
latency,sequential,1,burst_small,256,82,20,90
latency,sequential,1,burst_small,256,83,20,100
latency,sequential,1,burst_small,256,84,21,91
latency,sequential,1,burst_small,256,85,20,100
latency,sequential,1,burst_small,256,86,20,90
latency,sequential,1,burst_small,256,87,20,90
latency,sequential,1,burst_small,256,88,20,101
latency,sequential,1,burst_small,256,89,20,90
latency,sequential,1,burst_small,256,90,20,100
latency,sequential,1,burst_small,256,91,20,90
latency,sequential,1,burst_small,256,92,10,91
latency,sequential,1,burst_small,256,93,20,90
latency,sequential,1,burst_small,256,94,20,90
latency,sequential,1,burst_small,256,95,20,100
latency,sequential,1,burst_small,256,96,20,91
latency,sequential,1,burst_small,256,97,20,100
latency,sequential,1,burst_small,256,98,20,90
latency,sequential,1,burst_small,256,99,20,90
latency,sequential,1,burst_small,256,100,20,100
latency,sequential,1,burst_small,256,101,20,90
latency,sequential,1,burst_small,256,102,20,100
latency,sequential,1,burst_small,256,103,20,90
latency,sequential,1,burst_small,256,104,20,90
latency,sequential,1,burst_small,256,105,21,101
latency,sequential,1,burst_small,256,106,20,90
latency,sequential,1,burst_small,256,107,20,100
latency,sequential,1,burst_small,256,108,20,90
latency,sequential,1,burst_small,256,109,21,91
latency,sequential,1,burst_small,256,110,20,100
latency,sequential,1,burst_small,256,111,20,90
latency,sequential,1,burst_small,256,112,20,100
latency,sequential,1,burst_small,256,113,20,91
latency,sequential,1,burst_small,256,114,10,90
latency,sequential,1,burst_small,256,115,20,90
latency,sequential,1,burst_small,256,116,20,90
latency,sequential,1,burst_small,256,117,20,101
latency,sequential,1,burst_small,256,118,20,90
latency,sequential,1,burst_small,256,119,10,90
latency,sequential,1,burst_small,256,120,20,90
latency,sequential,1,burst_small,256,121,20,91
latency,sequential,1,burst_small,256,122,20,100
latency,sequential,1,burst_small,256,123,20,90
latency,sequential,1,burst_small,256,124,10,90
latency,sequential,1,burst_small,256,125,20,90
latency,sequential,1,burst_small,256,126,20,90
latency,sequential,1,burst_small,256,127,20,100
latency,sequential,1,burst_small,256,128,20,90
latency,sequential,1,burst_small,256,129,20,101
latency,sequential,1,burst_small,256,130,20,90
latency,sequential,1,burst_small,256,131,20,100
latency,sequential,1,burst_small,256,132,20,90
latency,sequential,1,burst_small,256,133,20,91
latency,sequential,1,burst_small,256,134,20,90
latency,sequential,1,burst_small,256,135,20,90
latency,sequential,1,burst_small,256,136,20,100
latency,sequential,1,burst_small,256,137,20,90
latency,sequential,1,burst_small,256,138,10,90
latency,sequential,1,burst_small,256,139,20,90
latency,sequential,1,burst_small,256,140,20,90
latency,sequential,1,burst_small,256,141,20,100
latency,sequential,1,burst_small,256,142,20,90
latency,sequential,1,burst_small,256,143,20,100
latency,sequential,1,burst_small,256,144,20,90
latency,sequential,1,burst_small,256,145,20,90
latency,sequential,1,burst_small,256,146,20,101
latency,sequential,1,burst_small,256,147,20,90
latency,sequential,1,burst_small,256,148,20,100
latency,sequential,1,burst_small,256,149,20,90
latency,sequential,1,burst_small,256,150,10,91
latency,sequential,1,burst_small,256,151,20,100
latency,sequential,1,burst_small,256,152,20,90
latency,sequential,1,burst_small,256,153,20,100
latency,sequential,1,burst_small,256,154,20,91
latency,sequential,1,burst_small,256,155,10,90
latency,sequential,1,burst_small,256,156,20,90
latency,sequential,1,burst_small,256,157,20,90
latency,sequential,1,burst_small,256,158,20,101
latency,sequential,1,burst_small,256,159,20,90
latency,sequential,1,burst_small,256,160,20,100
latency,sequential,1,burst_small,256,161,20,90
latency,sequential,1,burst_small,256,162,20,90
latency,sequential,1,burst_small,256,163,20,100
latency,sequential,1,burst_small,256,164,20,90
latency,sequential,1,burst_small,256,165,20,100
latency,sequential,1,burst_small,256,166,20,90
latency,sequential,1,burst_small,256,167,21,91
latency,sequential,1,burst_small,256,168,20,100
latency,sequential,1,burst_small,256,169,20,90
latency,sequential,1,burst_small,256,170,20,100
latency,sequential,1,burst_small,256,171,20,91
latency,sequential,1,burst_small,256,172,20,90
latency,sequential,1,burst_small,256,173,20,100
latency,sequential,1,burst_small,256,174,20,90
latency,sequential,1,burst_small,256,175,20,101
latency,sequential,1,burst_small,256,176,20,90
latency,sequential,1,burst_small,256,177,10,90
latency,sequential,1,burst_small,256,178,20,90
latency,sequential,1,burst_small,256,179,20,91
latency,sequential,1,burst_small,256,180,20,100
latency,sequential,1,burst_small,256,181,20,90
latency,sequential,1,burst_small,256,182,10,90
latency,sequential,1,burst_small,256,183,20,100
latency,sequential,1,burst_small,256,184,20,90
latency,sequential,1,burst_small,256,185,20,100
latency,sequential,1,burst_small,256,186,20,90
latency,sequential,1,burst_small,256,187,10,90
latency,sequential,1,burst_small,256,188,21,91
latency,sequential,1,burst_small,256,189,20,90
latency,sequential,1,burst_small,256,190,20,100
latency,sequential,1,burst_small,256,191,20,90
latency,sequential,1,burst_small,256,192,10,91
latency,sequential,1,burst_small,256,193,20,90
latency,sequential,1,burst_small,256,194,20,90
latency,sequential,1,burst_small,256,195,20,100
latency,sequential,1,burst_small,256,196,20,91
latency,sequential,1,burst_small,256,197,10,90
latency,sequential,1,burst_small,256,198,20,100
latency,sequential,1,burst_small,256,199,20,90
latency,sequential,1,burst_small,256,200,20,101
latency,sequential,1,burst_small,256,201,20,90
latency,sequential,1,burst_small,256,202,20,90
latency,sequential,1,burst_small,256,203,20,100
latency,sequential,1,burst_small,256,204,20,90
latency,sequential,1,burst_small,256,205,20,100
latency,sequential,1,burst_small,256,206,20,90
latency,sequential,1,burst_small,256,207,20,90
latency,sequential,1,burst_small,256,208,20,100
latency,sequential,1,burst_small,256,209,20,90
latency,sequential,1,burst_small,256,210,20,100
latency,sequential,1,burst_small,256,211,20,90
latency,sequential,1,burst_small,256,212,20,90
latency,sequential,1,burst_small,256,213,21,101
latency,sequential,1,burst_small,256,214,20,90
latency,sequential,1,burst_small,256,215,10,90
latency,sequential,1,burst_small,256,216,20,90
latency,sequential,1,burst_small,256,217,20,91
latency,sequential,1,burst_small,256,218,20,100
latency,sequential,1,burst_small,256,219,20,90
latency,sequential,1,burst_small,256,220,10,90
latency,sequential,1,burst_small,256,221,20,101
latency,sequential,1,burst_small,256,222,20,90
latency,sequential,1,burst_small,256,223,20,100
latency,sequential,1,burst_small,256,224,20,90
latency,sequential,1,burst_small,256,225,20,91
latency,sequential,1,burst_small,256,226,20,100
latency,sequential,1,burst_small,256,227,20,90
latency,sequential,1,burst_small,256,228,20,100
latency,sequential,1,burst_small,256,229,20,90
latency,sequential,1,burst_small,256,230,20,90
latency,sequential,1,burst_small,256,231,20,100
latency,sequential,1,burst_small,256,232,20,90
latency,sequential,1,burst_small,256,233,10,90
latency,sequential,1,burst_small,256,234,21,91
latency,sequential,1,burst_small,256,235,20,90
latency,sequential,1,burst_small,256,236,20,100
latency,sequential,1,burst_small,256,237,20,90
latency,sequential,1,burst_small,256,238,20,101
latency,sequential,1,burst_small,256,239,20,90
latency,sequential,1,burst_small,256,240,20,90
latency,sequential,1,burst_small,256,241,20,100
latency,sequential,1,burst_small,256,242,20,91
latency,sequential,1,burst_small,256,243,10,90
latency,sequential,1,burst_small,256,244,20,90
latency,sequential,1,burst_small,256,245,20,90
latency,sequential,1,burst_small,256,246,20,101
latency,sequential,1,burst_small,256,247,20,90
latency,sequential,1,burst_small,256,248,10,90
latency,sequential,1,burst_small,256,249,20,90
latency,sequential,1,burst_small,256,250,20,90
latency,sequential,1,burst_small,256,251,20,100
latency,sequential,1,burst_small,256,252,20,90
latency,sequential,1,burst_small,256,253,10,90
latency,sequential,1,burst_small,256,254,20,90
latency,sequential,1,burst_small,256,255,20,90
latency,sequential,1,burst_small,256,256,50,160
latency,sequential,1,burst_small,256,257,20,100
latency,sequential,1,burst_small,256,258,20,90
latency,sequential,1,burst_small,256,259,20,90
latency,sequential,1,burst_small,256,260,20,100
latency,sequential,1,burst_small,256,261,20,90
latency,sequential,1,burst_small,256,262,20,90
latency,sequential,1,burst_small,256,263,20,100
latency,sequential,1,burst_small,256,264,20,91
latency,sequential,1,burst_small,256,265,20,100
latency,sequential,1,burst_small,256,266,20,90
latency,sequential,1,burst_small,256,267,20,100
latency,sequential,1,burst_small,256,268,20,90
latency,sequential,1,burst_small,256,269,20,100
latency,sequential,1,burst_small,256,270,20,90
latency,sequential,1,burst_small,256,271,20,90
latency,sequential,1,burst_small,256,272,21,101
latency,sequential,1,burst_small,256,273,20,100
latency,sequential,1,burst_small,256,274,20,90
latency,sequential,1,burst_small,256,275,20,100
latency,sequential,1,burst_small,256,276,20,90
latency,sequential,1,burst_small,256,277,10,90
latency,sequential,1,burst_small,256,278,20,90
latency,sequential,1,burst_small,256,279,21,91
latency,sequential,1,burst_small,256,280,20,100
latency,sequential,1,burst_small,256,281,20,90
latency,sequential,1,burst_small,256,282,20,100
latency,sequential,1,burst_small,256,283,20,91
latency,sequential,1,burst_small,256,284,20,90
latency,sequential,1,burst_small,256,285,20,100
latency,sequential,1,burst_small,256,286,20,90
latency,sequential,1,burst_small,256,287,20,101
latency,sequential,1,burst_small,256,288,20,90
latency,sequential,1,burst_small,256,289,10,90
latency,sequential,1,burst_small,256,290,21,91
latency,sequential,1,burst_small,256,291,20,90
latency,sequential,1,burst_small,256,292,20,100
latency,sequential,1,burst_small,256,293,20,90
latency,sequential,1,burst_small,256,294,20,101
latency,sequential,1,burst_small,256,295,20,90
latency,sequential,1,burst_small,256,296,20,90
latency,sequential,1,burst_small,256,297,20,100
latency,sequential,1,burst_small,256,298,20,91
latency,sequential,1,burst_small,256,299,20,100
latency,sequential,1,burst_small,256,300,20,90
latency,sequential,1,burst_small,256,301,10,90
latency,sequential,1,burst_small,256,302,20,91
latency,sequential,1,burst_small,256,303,20,90
latency,sequential,1,burst_small,256,304,20,100
latency,sequential,1,burst_small,256,305,20,90
latency,sequential,1,burst_small,256,306,10,90
latency,sequential,1,burst_small,256,307,20,90
latency,sequential,1,burst_small,256,308,20,90
latency,sequential,1,burst_small,256,309,20,100
latency,sequential,1,burst_small,256,310,20,90
latency,sequential,1,burst_small,256,311,11,91
latency,sequential,1,burst_small,256,312,20,90
latency,sequential,1,burst_small,256,313,20,90
latency,sequential,1,burst_small,256,314,20,100
latency,sequential,1,burst_small,256,315,20,91
latency,sequential,1,burst_small,256,316,10,90
latency,sequential,1,burst_small,256,317,20,90
latency,sequential,1,burst_small,256,318,20,90
latency,sequential,1,burst_small,256,319,20,101
latency,sequential,1,burst_small,256,320,20,90
latency,sequential,1,burst_small,256,321,20,90
latency,sequential,1,burst_small,256,322,20,101
latency,sequential,1,burst_small,256,323,20,90
latency,sequential,1,burst_small,256,324,20,90
latency,sequential,1,burst_small,256,325,20,100
latency,sequential,1,burst_small,256,326,20,91
latency,sequential,1,burst_small,256,327,20,100
latency,sequential,1,burst_small,256,328,20,90
latency,sequential,1,burst_small,256,329,20,90
latency,sequential,1,burst_small,256,330,20,101
latency,sequential,1,burst_small,256,331,20,90
latency,sequential,1,burst_small,256,332,20,100
latency,sequential,1,burst_small,256,333,20,90
latency,sequential,1,burst_small,256,334,20,91
latency,sequential,1,burst_small,256,335,20,100
latency,sequential,1,burst_small,256,336,20,90
latency,sequential,1,burst_small,256,337,20,100
latency,sequential,1,burst_small,256,338,20,90
latency,sequential,1,burst_small,256,339,20,90
latency,sequential,1,burst_small,256,340,20,100
latency,sequential,1,burst_small,256,341,20,90
latency,sequential,1,burst_small,256,342,10,90
latency,sequential,1,burst_small,256,343,21,91
latency,sequential,1,burst_small,256,344,20,90
latency,sequential,1,burst_small,256,345,20,100
latency,sequential,1,burst_small,256,346,20,90
latency,sequential,1,burst_small,256,347,10,91
latency,sequential,1,burst_small,256,348,20,100
latency,sequential,1,burst_small,256,349,20,90
latency,sequential,1,burst_small,256,350,20,100
latency,sequential,1,burst_small,256,351,20,91
latency,sequential,1,burst_small,256,352,20,90
latency,sequential,1,burst_small,256,353,20,100
latency,sequential,1,burst_small,256,354,20,90
latency,sequential,1,burst_small,256,355,20,101
latency,sequential,1,burst_small,256,356,20,90
latency,sequential,1,burst_small,256,357,20,90
latency,sequential,1,burst_small,256,358,20,100
latency,sequential,1,burst_small,256,359,20,90
latency,sequential,1,burst_small,256,360,10,90
latency,sequential,1,burst_small,256,361,20,90
latency,sequential,1,burst_small,256,362,20,90
latency,sequential,1,burst_small,256,363,20,100
latency,sequential,1,burst_small,256,364,20,90
latency,sequential,1,burst_small,256,365,20,90
latency,sequential,1,burst_small,256,366,20,90
latency,sequential,1,burst_small,256,367,20,90
latency,sequential,1,burst_small,256,368,20,101
latency,sequential,1,burst_small,256,369,20,90
latency,sequential,1,burst_small,256,370,20,90
latency,sequential,1,burst_small,256,371,20,90
latency,sequential,1,burst_small,256,372,20,91
latency,sequential,1,burst_small,256,373,20,100
latency,sequential,1,burst_small,256,374,20,90
latency,sequential,1,burst_small,256,375,10,90
latency,sequential,1,burst_small,256,376,20,91
latency,sequential,1,burst_small,256,377,20,90
latency,sequential,1,burst_small,256,378,20,100
latency,sequential,1,burst_small,256,379,20,90
latency,sequential,1,burst_small,256,380,20,91
latency,sequential,1,burst_small,256,381,20,100
latency,sequential,1,burst_small,256,382,20,90
latency,sequential,1,burst_small,256,383,20,100
latency,sequential,1,burst_small,256,384,20,90
latency,sequential,1,burst_small,256,385,20,100
latency,sequential,1,burst_small,256,386,20,90
latency,sequential,1,burst_small,256,387,20,90
latency,sequential,1,burst_small,256,388,21,101
latency,sequential,1,burst_small,256,389,20,90
latency,sequential,1,burst_small,256,390,20,100
latency,sequential,1,burst_small,256,391,20,90
latency,sequential,1,burst_small,256,392,20,91
latency,sequential,1,burst_small,256,393,20,100
latency,sequential,1,burst_small,256,394,20,90
latency,sequential,1,burst_small,256,395,20,100
latency,sequential,1,burst_small,256,396,20,91
latency,sequential,1,burst_small,256,397,20,90
latency,sequential,1,burst_small,256,398,20,100
latency,sequential,1,burst_small,256,399,20,90
latency,sequential,1,burst_small,256,400,20,101
latency,sequential,1,burst_small,256,401,20,90
latency,sequential,1,burst_small,256,402,20,90
latency,sequential,1,burst_small,256,403,20,100
latency,sequential,1,burst_small,256,404,20,90
latency,sequential,1,burst_small,256,405,20,100
latency,sequential,1,burst_small,256,406,20,90
latency,sequential,1,burst_small,256,407,20,90
latency,sequential,1,burst_small,256,408,20,100
latency,sequential,1,burst_small,256,409,20,90
latency,sequential,1,burst_small,256,410,20,100
latency,sequential,1,burst_small,256,411,20,90
latency,sequential,1,burst_small,256,412,10,90
latency,sequential,1,burst_small,256,413,20,91
latency,sequential,1,burst_small,256,414,20,90
latency,sequential,1,burst_small,256,415,20,100
latency,sequential,1,burst_small,256,416,20,90
latency,sequential,1,burst_small,256,417,10,91
latency,sequential,1,burst_small,256,418,20,90
latency,sequential,1,burst_small,256,419,20,90
latency,sequential,1,burst_small,256,420,20,100
latency,sequential,1,burst_small,256,421,20,91
latency,sequential,1,burst_small,256,422,10,90
latency,sequential,1,burst_small,256,423,20,90
latency,sequential,1,burst_small,256,424,20,90
latency,sequential,1,burst_small,256,425,20,101
latency,sequential,1,burst_small,256,426,20,90
latency,sequential,1,burst_small,256,427,10,90
latency,sequential,1,burst_small,256,428,20,90
latency,sequential,1,burst_small,256,429,20,90
latency,sequential,1,burst_small,256,430,20,100
latency,sequential,1,burst_small,256,431,20,90
latency,sequential,1,burst_small,256,432,20,100
latency,sequential,1,burst_small,256,433,20,90
latency,sequential,1,burst_small,256,434,21,91
latency,sequential,1,burst_small,256,435,20,100
latency,sequential,1,burst_small,256,436,20,90
latency,sequential,1,burst_small,256,437,20,100
latency,sequential,1,burst_small,256,438,20,91
latency,sequential,1,burst_small,256,439,20,90
latency,sequential,1,burst_small,256,440,20,100
latency,sequential,1,burst_small,256,441,20,90
latency,sequential,1,burst_small,256,442,20,101
latency,sequential,1,burst_small,256,443,20,90
latency,sequential,1,burst_small,256,444,10,90
latency,sequential,1,burst_small,256,445,20,90
latency,sequential,1,burst_small,256,446,20,91
latency,sequential,1,burst_small,256,447,20,100
latency,sequential,1,burst_small,256,448,20,90
latency,sequential,1,burst_small,256,449,10,90
latency,sequential,1,burst_small,256,450,20,90
latency,sequential,1,burst_small,256,451,20,90
latency,sequential,1,burst_small,256,452,20,100
latency,sequential,1,burst_small,256,453,20,90
latency,sequential,1,burst_small,256,454,10,90
latency,sequential,1,burst_small,256,455,21,91
latency,sequential,1,burst_small,256,456,20,90
latency,sequential,1,burst_small,256,457,20,100
latency,sequential,1,burst_small,256,458,20,90
latency,sequential,1,burst_small,256,459,20,101
latency,sequential,1,burst_small,256,460,20,90
latency,sequential,1,burst_small,256,461,20,90
latency,sequential,1,burst_small,256,462,20,100
latency,sequential,1,burst_small,256,463,20,91
latency,sequential,1,burst_small,256,464,20,100
latency,sequential,1,burst_small,256,465,20,90
latency,sequential,1,burst_small,256,466,20,90
latency,sequential,1,burst_small,256,467,20,101
latency,sequential,1,burst_small,256,468,20,90
latency,sequential,1,burst_small,256,469,20,100
latency,sequential,1,burst_small,256,470,20,90
latency,sequential,1,burst_small,256,471,20,90
latency,sequential,1,burst_small,256,472,20,100
latency,sequential,1,burst_small,256,473,20,90
latency,sequential,1,burst_small,256,474,20,100
latency,sequential,1,burst_small,256,475,20,90
latency,sequential,1,burst_small,256,476,20,90
latency,sequential,1,burst_small,256,477,20,100
latency,sequential,1,burst_small,256,478,20,90
latency,sequential,1,burst_small,256,479,20,100
latency,sequential,1,burst_small,256,480,21,91
latency,sequential,1,burst_small,256,481,20,90
latency,sequential,1,burst_small,256,482,20,100
latency,sequential,1,burst_small,256,483,20,90
latency,sequential,1,burst_small,256,484,20,101
latency,sequential,1,burst_small,256,485,20,90
latency,sequential,1,burst_small,256,486,20,90
latency,sequential,1,burst_small,256,487,20,90
latency,sequential,1,burst_small,256,488,20,91
latency,sequential,1,burst_small,256,489,20,100
latency,sequential,1,burst_small,256,490,20,90
latency,sequential,1,burst_small,256,491,10,90
latency,sequential,1,burst_small,256,492,20,90
latency,sequential,1,burst_small,256,493,20,90
latency,sequential,1,burst_small,256,494,20,100
latency,sequential,1,burst_small,256,495,20,90
latency,sequential,1,burst_small,256,496,20,100
latency,sequential,1,burst_small,256,497,20,90
latency,sequential,1,burst_small,256,498,20,90
latency,sequential,1,burst_small,256,499,20,100
latency,sequential,1,burst_small,256,500,20,90
latency,sequential,1,burst_small,256,501,21,101
latency,sequential,1,burst_small,256,502,20,90
latency,sequential,1,burst_small,256,503,20,90
latency,sequential,1,burst_small,256,504,20,100
latency,sequential,1,burst_small,256,505,20,91
latency,sequential,1,burst_small,256,506,20,100
latency,sequential,1,burst_small,256,507,20,90
latency,sequential,1,burst_small,256,508,10,90
latency,sequential,1,burst_small,256,509,20,91
latency,sequential,1,burst_small,256,510,20,90
latency,sequential,1,burst_small,256,511,20,100
latency,sequential,1,burst_small,256,512,50,150
latency,sequential,1,burst_small,256,513,20,90
latency,sequential,1,burst_small,256,514,20,101
latency,sequential,1,burst_small,256,515,20,90
latency,sequential,1,burst_small,256,516,20,90
latency,sequential,1,burst_small,256,517,20,90
latency,sequential,1,burst_small,256,518,20,100
latency,sequential,1,burst_small,256,519,20,90
latency,sequential,1,burst_small,256,520,20,100
latency,sequential,1,burst_small,256,521,20,100
latency,sequential,1,burst_small,256,522,20,90
latency,sequential,1,burst_small,256,523,20,100
latency,sequential,1,burst_small,256,524,20,90
latency,sequential,1,burst_small,256,525,20,90
latency,sequential,1,burst_small,256,526,20,100
latency,sequential,1,burst_small,256,527,20,90
latency,sequential,1,burst_small,256,528,20,100
latency,sequential,1,burst_small,256,529,20,90
latency,sequential,1,burst_small,256,530,20,90
latency,sequential,1,burst_small,256,531,20,90
latency,sequential,1,burst_small,256,532,20,90
latency,sequential,1,burst_small,256,533,20,100
latency,sequential,1,burst_small,256,534,20,90
latency,sequential,1,burst_small,256,535,20,90
latency,sequential,1,burst_small,256,536,20,90
latency,sequential,1,burst_small,256,537,20,90
latency,sequential,1,burst_small,256,538,20,100
latency,sequential,1,burst_small,256,539,20,90
latency,sequential,1,burst_small,256,540,10,91
latency,sequential,1,burst_small,256,541,20,90
latency,sequential,1,burst_small,256,542,20,90
latency,sequential,1,burst_small,256,543,20,100
latency,sequential,1,burst_small,256,544,20,91
latency,sequential,1,burst_small,256,545,20,100
latency,sequential,1,burst_small,256,546,20,90
latency,sequential,1,burst_small,256,547,20,101
latency,sequential,1,burst_small,256,548,20,90
latency,sequential,1,burst_small,256,549,20,90
latency,sequential,1,burst_small,256,550,20,100
latency,sequential,1,burst_small,256,551,20,91
latency,sequential,1,burst_small,256,552,20,100
latency,sequential,1,burst_small,256,553,20,90
latency,sequential,1,burst_small,256,554,20,90
latency,sequential,1,burst_small,256,555,20,101
latency,sequential,1,burst_small,256,556,20,90
latency,sequential,1,burst_small,256,557,20,100
latency,sequential,1,burst_small,256,558,20,90
latency,sequential,1,burst_small,256,559,10,91
latency,sequential,1,burst_small,256,560,20,90
latency,sequential,1,burst_small,256,561,20,90
latency,sequential,1,burst_small,256,562,20,100
latency,sequential,1,burst_small,256,563,20,90
latency,sequential,1,burst_small,256,564,10,90
latency,sequential,1,burst_small,256,565,20,90
latency,sequential,1,burst_small,256,566,20,90
latency,sequential,1,burst_small,256,567,20,100
latency,sequential,1,burst_small,256,568,21,91
latency,sequential,1,burst_small,256,569,10,90
latency,sequential,1,burst_small,256,570,20,90
latency,sequential,1,burst_small,256,571,20,90
latency,sequential,1,burst_small,256,572,20,101
latency,sequential,1,burst_small,256,573,20,90
latency,sequential,1,burst_small,256,574,20,100
latency,sequential,1,burst_small,256,575,20,90
latency,sequential,1,burst_small,256,576,20,91
latency,sequential,1,burst_small,256,577,10,90
latency,sequential,1,burst_small,256,578,20,90
latency,sequential,1,burst_small,256,579,20,91
latency,sequential,1,burst_small,256,580,20,100
latency,sequential,1,burst_small,256,581,20,90
latency,sequential,1,burst_small,256,582,20,100
latency,sequential,1,burst_small,256,583,20,91
latency,sequential,1,burst_small,256,584,20,90
latency,sequential,1,burst_small,256,585,20,100
latency,sequential,1,burst_small,256,586,20,90
latency,sequential,1,burst_small,256,587,20,101
latency,sequential,1,burst_small,256,588,20,90
latency,sequential,1,burst_small,256,589,10,90
latency,sequential,1,burst_small,256,590,20,90
latency,sequential,1,burst_small,256,591,20,90
latency,sequential,1,burst_small,256,592,20,100
latency,sequential,1,burst_small,256,593,20,90
latency,sequential,1,burst_small,256,594,10,90
latency,sequential,1,burst_small,256,595,20,90
latency,sequential,1,burst_small,256,596,20,90
latency,sequential,1,burst_small,256,597,20,100
latency,sequential,1,burst_small,256,598,20,90
latency,sequential,1,burst_small,256,599,10,90
latency,sequential,1,burst_small,256,600,20,91
latency,sequential,1,burst_small,256,601,20,90
latency,sequential,1,burst_small,256,602,20,100
latency,sequential,1,burst_small,256,603,20,90
latency,sequential,1,burst_small,256,604,20,101
latency,sequential,1,burst_small,256,605,20,90
latency,sequential,1,burst_small,256,606,20,90
latency,sequential,1,burst_small,256,607,20,100
latency,sequential,1,burst_small,256,608,20,91
latency,sequential,1,burst_small,256,609,20,100
latency,sequential,1,burst_small,256,610,20,90
latency,sequential,1,burst_small,256,611,10,90
latency,sequential,1,burst_small,256,612,20,90
latency,sequential,1,burst_small,256,613,20,90
latency,sequential,1,burst_small,256,614,20,100
latency,sequential,1,burst_small,256,615,20,90
latency,sequential,1,burst_small,256,616,10,90
latency,sequential,1,burst_small,256,617,20,90
latency,sequential,1,burst_small,256,618,20,90
latency,sequential,1,burst_small,256,619,20,100
latency,sequential,1,burst_small,256,620,20,90
latency,sequential,1,burst_small,256,621,21,101
latency,sequential,1,burst_small,256,622,20,90
latency,sequential,1,burst_small,256,623,20,90
latency,sequential,1,burst_small,256,624,20,100
latency,sequential,1,burst_small,256,625,20,91
latency,sequential,1,burst_small,256,626,20,100
latency,sequential,1,burst_small,256,627,20,90
latency,sequential,1,burst_small,256,628,10,90
latency,sequential,1,burst_small,256,629,20,91
latency,sequential,1,burst_small,256,630,20,90
latency,sequential,1,burst_small,256,631,20,100
latency,sequential,1,burst_small,256,632,20,90
latency,sequential,1,burst_small,256,633,20,101
latency,sequential,1,burst_small,256,634,20,90
latency,sequential,1,burst_small,256,635,20,90
latency,sequential,1,burst_small,256,636,20,90
latency,sequential,1,burst_small,256,637,20,90
latency,sequential,1,burst_small,256,638,20,100
latency,sequential,1,burst_small,256,639,20,90
latency,sequential,1,burst_small,256,640,10,90
latency,sequential,1,burst_small,256,641,10,91
latency,sequential,1,burst_small,256,642,20,90
latency,sequential,1,burst_small,256,643,20,90
latency,sequential,1,burst_small,256,644,20,100
latency,sequential,1,burst_small,256,645,20,91
latency,sequential,1,burst_small,256,646,20,100
latency,sequential,1,burst_small,256,647,20,90
latency,sequential,1,burst_small,256,648,20,90
latency,sequential,1,burst_small,256,649,20,101
latency,sequential,1,burst_small,256,650,20,90
latency,sequential,1,burst_small,256,651,20,100
latency,sequential,1,burst_small,256,652,20,90
latency,sequential,1,burst_small,256,653,10,91
latency,sequential,1,burst_small,256,654,20,90
latency,sequential,1,burst_small,256,655,20,90
latency,sequential,1,burst_small,256,656,20,100
latency,sequential,1,burst_small,256,657,20,90
latency,sequential,1,burst_small,256,658,10,90
latency,sequential,1,burst_small,256,659,20,90
latency,sequential,1,burst_small,256,660,20,90
latency,sequential,1,burst_small,256,661,20,100
latency,sequential,1,burst_small,256,662,21,91
latency,sequential,1,burst_small,256,663,10,90
latency,sequential,1,burst_small,256,664,20,90
latency,sequential,1,burst_small,256,665,20,90
latency,sequential,1,burst_small,256,666,20,101
latency,sequential,1,burst_small,256,667,20,90
latency,sequential,1,burst_small,256,668,20,100
latency,sequential,1,burst_small,256,669,20,90
latency,sequential,1,burst_small,256,670,20,91
latency,sequential,1,burst_small,256,671,20,100
latency,sequential,1,burst_small,256,672,20,90
latency,sequential,1,burst_small,256,673,20,100
latency,sequential,1,burst_small,256,674,20,91
latency,sequential,1,burst_small,256,675,20,90
latency,sequential,1,burst_small,256,676,20,100
latency,sequential,1,burst_small,256,677,20,90
latency,sequential,1,burst_small,256,678,20,100
latency,sequential,1,burst_small,256,679,20,90
latency,sequential,1,burst_small,256,680,20,90
latency,sequential,1,burst_small,256,681,20,100
latency,sequential,1,burst_small,256,682,20,90
latency,sequential,1,burst_small,256,683,21,101
latency,sequential,1,burst_small,256,684,20,90
latency,sequential,1,burst_small,256,685,20,90
latency,sequential,1,burst_small,256,686,20,100
latency,sequential,1,burst_small,256,687,20,91
latency,sequential,1,burst_small,256,688,10,90
latency,sequential,1,burst_small,256,689,20,90
latency,sequential,1,burst_small,256,690,20,90
latency,sequential,1,burst_small,256,691,20,101
latency,sequential,1,burst_small,256,692,20,90
latency,sequential,1,burst_small,256,693,10,90
latency,sequential,1,burst_small,256,694,20,90
latency,sequential,1,burst_small,256,695,20,91
latency,sequential,1,burst_small,256,696,20,100
latency,sequential,1,burst_small,256,697,20,90
latency,sequential,1,burst_small,256,698,10,90
latency,sequential,1,burst_small,256,699,20,101
latency,sequential,1,burst_small,256,700,20,90
latency,sequential,1,burst_small,256,701,20,100
latency,sequential,1,burst_small,256,702,20,90
latency,sequential,1,burst_small,256,703,20,90
latency,sequential,1,burst_small,256,704,20,100
latency,sequential,1,burst_small,256,705,20,90
latency,sequential,1,burst_small,256,706,20,100
latency,sequential,1,burst_small,256,707,20,90
latency,sequential,1,burst_small,256,708,21,91
latency,sequential,1,burst_small,256,709,20,100
latency,sequential,1,burst_small,256,710,20,90
latency,sequential,1,burst_small,256,711,10,90
latency,sequential,1,burst_small,256,712,20,91
latency,sequential,1,burst_small,256,713,20,90
latency,sequential,1,burst_small,256,714,20,100
latency,sequential,1,burst_small,256,715,20,90
latency,sequential,1,burst_small,256,716,10,91
latency,sequential,1,burst_small,256,717,20,100
latency,sequential,1,burst_small,256,718,20,90
latency,sequential,1,burst_small,256,719,20,100
latency,sequential,1,burst_small,256,720,20,91
latency,sequential,1,burst_small,256,721,20,90
latency,sequential,1,burst_small,256,722,20,100
latency,sequential,1,burst_small,256,723,20,90
latency,sequential,1,burst_small,256,724,20,100
latency,sequential,1,burst_small,256,725,20,90
latency,sequential,1,burst_small,256,726,20,90
latency,sequential,1,burst_small,256,727,20,100
latency,sequential,1,burst_small,256,728,20,90
latency,sequential,1,burst_small,256,729,10,90
latency,sequential,1,burst_small,256,730,20,100
latency,sequential,1,burst_small,256,731,20,90
latency,sequential,1,burst_small,256,732,20,100
latency,sequential,1,burst_small,256,733,20,91
latency,sequential,1,burst_small,256,734,20,90
latency,sequential,1,burst_small,256,735,20,100
latency,sequential,1,burst_small,256,736,20,90
latency,sequential,1,burst_small,256,737,20,101
latency,sequential,1,burst_small,256,738,20,90
latency,sequential,1,burst_small,256,739,20,90
latency,sequential,1,burst_small,256,740,20,100
latency,sequential,1,burst_small,256,741,20,91
latency,sequential,1,burst_small,256,742,20,100
latency,sequential,1,burst_small,256,743,20,90
latency,sequential,1,burst_small,256,744,20,90
latency,sequential,1,burst_small,256,745,20,101
latency,sequential,1,burst_small,256,746,20,90
latency,sequential,1,burst_small,256,747,20,100
latency,sequential,1,burst_small,256,748,20,90
latency,sequential,1,burst_small,256,749,20,90
latency,sequential,1,burst_small,256,750,20,100
latency,sequential,1,burst_small,256,751,20,90
latency,sequential,1,burst_small,256,752,20,100
latency,sequential,1,burst_small,256,753,20,90
latency,sequential,1,burst_small,256,754,21,91
latency,sequential,1,burst_small,256,755,20,100
latency,sequential,1,burst_small,256,756,20,90
latency,sequential,1,burst_small,256,757,20,100
latency,sequential,1,burst_small,256,758,20,91
latency,sequential,1,burst_small,256,759,20,90
latency,sequential,1,burst_small,256,760,20,100
latency,sequential,1,burst_small,256,761,20,90
latency,sequential,1,burst_small,256,762,20,101
latency,sequential,1,burst_small,256,763,20,90
latency,sequential,1,burst_small,256,764,10,90
latency,sequential,1,burst_small,256,765,20,100
latency,sequential,1,burst_small,256,766,20,91
latency,sequential,1,burst_small,256,767,20,100
latency,sequential,1,burst_small,256,768,50,151
latency,sequential,1,burst_small,256,769,20,90
latency,sequential,1,burst_small,256,770,20,90
latency,sequential,1,burst_small,256,771,20,100
latency,sequential,1,burst_small,256,772,20,90
latency,sequential,1,burst_small,256,773,20,100
latency,sequential,1,burst_small,256,774,20,90
latency,sequential,1,burst_small,256,775,20,100
latency,sequential,1,burst_small,256,776,20,91
latency,sequential,1,burst_small,256,777,20,90
latency,sequential,1,burst_small,256,778,20,100
latency,sequential,1,burst_small,256,779,20,90
latency,sequential,1,burst_small,256,780,10,91
latency,sequential,1,burst_small,256,781,20,90
latency,sequential,1,burst_small,256,782,20,90
latency,sequential,1,burst_small,256,783,20,100
latency,sequential,1,burst_small,256,784,20,91
latency,sequential,1,burst_small,256,785,20,100
latency,sequential,1,burst_small,256,786,20,90
latency,sequential,1,burst_small,256,787,20,91
latency,sequential,1,burst_small,256,788,20,100
latency,sequential,1,burst_small,256,789,20,90
latency,sequential,1,burst_small,256,790,20,100
latency,sequential,1,burst_small,256,791,20,91
latency,sequential,1,burst_small,256,792,20,90
latency,sequential,1,burst_small,256,793,20,100
latency,sequential,1,burst_small,256,794,20,90
latency,sequential,1,burst_small,256,795,20,101
latency,sequential,1,burst_small,256,796,20,90
latency,sequential,1,burst_small,256,797,20,90
latency,sequential,1,burst_small,256,798,20,100
latency,sequential,1,burst_small,256,799,20,90
latency,sequential,1,burst_small,256,800,20,100
latency,sequential,1,burst_small,256,801,20,90
latency,sequential,1,burst_small,256,802,10,91
latency,sequential,1,burst_small,256,803,20,90
latency,sequential,1,burst_small,256,804,20,90
latency,sequential,1,burst_small,256,805,20,100
latency,sequential,1,burst_small,256,806,20,90
latency,sequential,1,burst_small,256,807,10,90
latency,sequential,1,burst_small,256,808,20,90
latency,sequential,1,burst_small,256,809,20,90
latency,sequential,1,burst_small,256,810,20,100
latency,sequential,1,burst_small,256,811,20,90
latency,sequential,1,burst_small,256,812,10,90
latency,sequential,1,burst_small,256,813,20,90
latency,sequential,1,burst_small,256,814,20,90
latency,sequential,1,burst_small,256,815,20,101
latency,sequential,1,burst_small,256,816,20,90
latency,sequential,1,burst_small,256,817,10,90
latency,sequential,1,burst_small,256,818,20,90
latency,sequential,1,burst_small,256,819,20,91
latency,sequential,1,burst_small,256,820,20,100
latency,sequential,1,burst_small,256,821,20,90
latency,sequential,1,burst_small,256,822,20,100
latency,sequential,1,burst_small,256,823,20,91
latency,sequential,1,burst_small,256,824,20,90
latency,sequential,1,burst_small,256,825,20,100
latency,sequential,1,burst_small,256,826,20,90
latency,sequential,1,burst_small,256,827,20,101
latency,sequential,1,burst_small,256,828,20,90
latency,sequential,1,burst_small,256,829,20,90
latency,sequential,1,burst_small,256,830,20,100
latency,sequential,1,burst_small,256,831,20,90
latency,sequential,1,burst_small,256,832,20,100
latency,sequential,1,burst_small,256,833,20,90
latency,sequential,1,burst_small,256,834,20,101
latency,sequential,1,burst_small,256,835,20,90
latency,sequential,1,burst_small,256,836,20,100
latency,sequential,1,burst_small,256,837,20,90
latency,sequential,1,burst_small,256,838,20,90
latency,sequential,1,burst_small,256,839,20,100
latency,sequential,1,burst_small,256,840,20,90
latency,sequential,1,burst_small,256,841,20,100
latency,sequential,1,burst_small,256,842,20,90
latency,sequential,1,burst_small,256,843,11,91
latency,sequential,1,burst_small,256,844,20,90
latency,sequential,1,burst_small,256,845,20,90
latency,sequential,1,burst_small,256,846,20,100
latency,sequential,1,burst_small,256,847,20,91
latency,sequential,1,burst_small,256,848,10,90
latency,sequential,1,burst_small,256,849,20,90
latency,sequential,1,burst_small,256,850,20,90
latency,sequential,1,burst_small,256,851,20,101
latency,sequential,1,burst_small,256,852,20,90
latency,sequential,1,burst_small,256,853,10,90
latency,sequential,1,burst_small,256,854,20,90
latency,sequential,1,burst_small,256,855,20,91
latency,sequential,1,burst_small,256,856,20,100
latency,sequential,1,burst_small,256,857,20,90
latency,sequential,1,burst_small,256,858,20,100
latency,sequential,1,burst_small,256,859,20,90
latency,sequential,1,burst_small,256,860,20,90
latency,sequential,1,burst_small,256,861,20,100
latency,sequential,1,burst_small,256,862,20,90
latency,sequential,1,burst_small,256,863,20,100
latency,sequential,1,burst_small,256,864,20,90
latency,sequential,1,burst_small,256,865,20,90
latency,sequential,1,burst_small,256,866,20,100
latency,sequential,1,burst_small,256,867,20,90
latency,sequential,1,burst_small,256,868,20,101
latency,sequential,1,burst_small,256,869,20,90
latency,sequential,1,burst_small,256,870,10,90
latency,sequential,1,burst_small,256,871,20,90
latency,sequential,1,burst_small,256,872,20,91
latency,sequential,1,burst_small,256,873,20,100
latency,sequential,1,burst_small,256,874,20,90
latency,sequential,1,burst_small,256,875,10,90
latency,sequential,1,burst_small,256,876,20,91
latency,sequential,1,burst_small,256,877,20,90
latency,sequential,1,burst_small,256,878,20,100
latency,sequential,1,burst_small,256,879,20,90
latency,sequential,1,burst_small,256,880,10,91
latency,sequential,1,burst_small,256,881,20,90
latency,sequential,1,burst_small,256,882,20,90
latency,sequential,1,burst_small,256,883,20,100
latency,sequential,1,burst_small,256,884,20,90
latency,sequential,1,burst_small,256,885,20,100
latency,sequential,1,burst_small,256,886,20,90
latency,sequential,1,burst_small,256,887,20,90
latency,sequential,1,burst_small,256,888,20,100
latency,sequential,1,burst_small,256,889,21,91
latency,sequential,1,burst_small,256,890,20,100
latency,sequential,1,burst_small,256,891,20,90
latency,sequential,1,burst_small,256,892,20,90
latency,sequential,1,burst_small,256,893,20,101
latency,sequential,1,burst_small,256,894,20,90
latency,sequential,1,burst_small,256,895,20,100
latency,sequential,1,burst_small,256,896,20,90
latency,sequential,1,burst_small,256,897,20,100
latency,sequential,1,burst_small,256,898,20,90
latency,sequential,1,burst_small,256,899,20,90
latency,sequential,1,burst_small,256,900,20,101
latency,sequential,1,burst_small,256,901,20,90
latency,sequential,1,burst_small,256,902,20,100
latency,sequential,1,burst_small,256,903,20,90
latency,sequential,1,burst_small,256,904,20,90
latency,sequential,1,burst_small,256,905,20,90
latency,sequential,1,burst_small,256,906,20,90
latency,sequential,1,burst_small,256,907,20,100
latency,sequential,1,burst_small,256,908,20,90
latency,sequential,1,burst_small,256,909,11,91
latency,sequential,1,burst_small,256,910,20,90
latency,sequential,1,burst_small,256,911,20,90
latency,sequential,1,burst_small,256,912,20,100
latency,sequential,1,burst_small,256,913,20,91
latency,sequential,1,burst_small,256,914,20,100
latency,sequential,1,burst_small,256,915,20,90
latency,sequential,1,burst_small,256,916,20,90
latency,sequential,1,burst_small,256,917,20,101
latency,sequential,1,burst_small,256,918,20,90
latency,sequential,1,burst_small,256,919,20,100
latency,sequential,1,burst_small,256,920,20,90
latency,sequential,1,burst_small,256,921,10,91
latency,sequential,1,burst_small,256,922,20,90
latency,sequential,1,burst_small,256,923,20,90
latency,sequential,1,burst_small,256,924,20,100
latency,sequential,1,burst_small,256,925,20,90
latency,sequential,1,burst_small,256,926,20,100
latency,sequential,1,burst_small,256,927,20,90
latency,sequential,1,burst_small,256,928,20,90
latency,sequential,1,burst_small,256,929,20,100
latency,sequential,1,burst_small,256,930,21,91
latency,sequential,1,burst_small,256,931,20,100
latency,sequential,1,burst_small,256,932,20,90
latency,sequential,1,burst_small,256,933,10,90
latency,sequential,1,burst_small,256,934,20,91
latency,sequential,1,burst_small,256,935,20,90
latency,sequential,1,burst_small,256,936,20,100
latency,sequential,1,burst_small,256,937,20,90
latency,sequential,1,burst_small,256,938,20,101
latency,sequential,1,burst_small,256,939,20,90
latency,sequential,1,burst_small,256,940,20,90
latency,sequential,1,burst_small,256,941,20,100
latency,sequential,1,burst_small,256,942,20,91
latency,sequential,1,burst_small,256,943,20,100
latency,sequential,1,burst_small,256,944,20,90
latency,sequential,1,burst_small,256,945,20,90
latency,sequential,1,burst_small,256,946,20,100
latency,sequential,1,burst_small,256,947,20,90
latency,sequential,1,burst_small,256,948,20,100
latency,sequential,1,burst_small,256,949,20,90
latency,sequential,1,burst_small,256,950,10,90
latency,sequential,1,burst_small,256,951,21,91
latency,sequential,1,burst_small,256,952,20,90
latency,sequential,1,burst_small,256,953,20,100
latency,sequential,1,burst_small,256,954,20,90
latency,sequential,1,burst_small,256,955,10,91
latency,sequential,1,burst_small,256,956,20,90
latency,sequential,1,burst_small,256,957,20,90
latency,sequential,1,burst_small,256,958,20,100
latency,sequential,1,burst_small,256,959,20,91
latency,sequential,1,burst_small,256,960,10,90
latency,sequential,1,burst_small,256,961,20,90
latency,sequential,1,burst_small,256,962,20,90
latency,sequential,1,burst_small,256,963,20,101
latency,sequential,1,burst_small,256,964,20,90
latency,sequential,1,burst_small,256,965,10,90
latency,sequential,1,burst_small,256,966,20,90
latency,sequential,1,burst_small,256,967,20,91
latency,sequential,1,burst_small,256,968,20,100
latency,sequential,1,burst_small,256,969,20,90
latency,sequential,1,burst_small,256,970,10,90
latency,sequential,1,burst_small,256,971,20,90
latency,sequential,1,burst_small,256,972,20,90
latency,sequential,1,burst_small,256,973,20,100
latency,sequential,1,burst_small,256,974,20,90
latency,sequential,1,burst_small,256,975,10,90
latency,sequential,1,burst_small,256,976,21,91
latency,sequential,1,burst_small,256,977,20,90
latency,sequential,1,burst_small,256,978,20,100
latency,sequential,1,burst_small,256,979,20,90
latency,sequential,1,burst_small,256,980,10,91
latency,sequential,1,burst_small,256,981,20,90
latency,sequential,1,burst_small,256,982,20,90
latency,sequential,1,burst_small,256,983,20,100
latency,sequential,1,burst_small,256,984,20,91
latency,sequential,1,burst_small,256,985,10,90
latency,sequential,1,burst_small,256,986,20,100
latency,sequential,1,burst_small,256,987,20,90
latency,sequential,1,burst_small,256,988,20,101
latency,sequential,1,burst_small,256,989,20,90
latency,sequential,1,burst_small,256,990,20,90
latency,sequential,1,burst_small,256,991,20,100
latency,sequential,1,burst_small,256,992,20,90
latency,sequential,1,burst_small,256,993,20,100
latency,sequential,1,burst_small,256,994,20,90
latency,sequential,1,burst_small,256,995,20,90
latency,sequential,1,burst_small,256,996,20,100
latency,sequential,1,burst_small,256,997,21,91
latency,sequential,1,burst_small,256,998,10,90
latency,sequential,1,burst_small,256,999,20,90
latency,sequential,1,burst_small,256,1000,20,90
latency,sequential,1,burst_small,256,1001,20,101
latency,sequential,1,burst_small,256,1002,20,90
latency,sequential,1,burst_small,256,1003,10,90
latency,sequential,1,burst_small,256,1004,20,100
latency,sequential,1,burst_small,256,1005,20,91
latency,sequential,1,burst_small,256,1006,20,100
latency,sequential,1,burst_small,256,1007,20,90
latency,sequential,1,burst_small,256,1008,20,90
latency,sequential,1,burst_small,256,1009,20,101
latency,sequential,1,burst_small,256,1010,20,90
latency,sequential,1,burst_small,256,1011,20,100
latency,sequential,1,burst_small,256,1012,20,90
latency,sequential,1,burst_small,256,1013,20,91
latency,sequential,1,burst_small,256,1014,20,100
latency,sequential,1,burst_small,256,1015,20,90
latency,sequential,1,burst_small,256,1016,10,90
latency,sequential,1,burst_small,256,1017,20,90
latency,sequential,1,burst_small,256,1018,20,90
latency,sequential,1,burst_small,256,1019,20,100
latency,sequential,1,burst_small,256,1020,20,90
latency,sequential,1,burst_small,256,1021,20,90
latency,sequential,1,burst_small,256,1022,21,91
latency,sequential,1,burst_small,256,1023,20,90
latency,sequential,1,burst_small,256,1024,60,161
latency,sequential,1,burst_small,256,1025,20,91
latency,sequential,1,burst_small,256,1026,20,90
latency,sequential,1,burst_small,256,1027,20,100
latency,sequential,1,burst_small,256,1028,20,100
latency,sequential,1,burst_small,256,1029,20,100
latency,sequential,1,burst_small,256,1030,20,90
latency,sequential,1,burst_small,256,1031,20,100
latency,sequential,1,burst_small,256,1032,20,91
latency,sequential,1,burst_small,256,1033,20,90
latency,sequential,1,burst_small,256,1034,20,100
latency,sequential,1,burst_small,256,1035,20,90
latency,sequential,1,burst_small,256,1036,10,91
latency,sequential,1,burst_small,256,1037,20,90
latency,sequential,1,burst_small,256,1038,20,90
latency,sequential,1,burst_small,256,1039,20,100
latency,sequential,1,burst_small,256,1040,20,91
latency,sequential,1,burst_small,256,1041,20,90
latency,sequential,1,burst_small,256,1042,10,90
latency,sequential,1,burst_small,256,1043,20,90
latency,sequential,1,burst_small,256,1044,20,91
latency,sequential,1,burst_small,256,1045,20,100
latency,sequential,1,burst_small,256,1046,20,90
latency,sequential,1,burst_small,256,1047,10,90
latency,sequential,1,burst_small,256,1048,20,101
latency,sequential,1,burst_small,256,1049,20,90
latency,sequential,1,burst_small,256,1050,20,100
latency,sequential,1,burst_small,256,1051,20,90
latency,sequential,1,burst_small,256,1052,20,90
latency,sequential,1,burst_small,256,1053,20,100
latency,sequential,1,burst_small,256,1054,20,90
latency,sequential,1,burst_small,256,1055,20,100
latency,sequential,1,burst_small,256,1056,20,90
latency,sequential,1,burst_small,256,1057,20,100
latency,sequential,1,burst_small,256,1058,20,90
latency,sequential,1,burst_small,256,1059,10,91
latency,sequential,1,burst_small,256,1060,20,90
latency,sequential,1,burst_small,256,1061,20,90
latency,sequential,1,burst_small,256,1062,20,100
latency,sequential,1,burst_small,256,1063,20,90
latency,sequential,1,burst_small,256,1064,10,90
latency,sequential,1,burst_small,256,1065,20,90
latency,sequential,1,burst_small,256,1066,20,90
latency,sequential,1,burst_small,256,1067,20,100
latency,sequential,1,burst_small,256,1068,21,91
latency,sequential,1,burst_small,256,1069,20,90
latency,sequential,1,burst_small,256,1070,20,100
latency,sequential,1,burst_small,256,1071,20,90
latency,sequential,1,burst_small,256,1072,20,101
latency,sequential,1,burst_small,256,1073,20,90
latency,sequential,1,burst_small,256,1074,20,90
latency,sequential,1,burst_small,256,1075,20,100
latency,sequential,1,burst_small,256,1076,20,91
latency,sequential,1,burst_small,256,1077,10,90
latency,sequential,1,burst_small,256,1078,20,90
latency,sequential,1,burst_small,256,1079,20,90
latency,sequential,1,burst_small,256,1080,20,101
latency,sequential,1,burst_small,256,1081,20,90
latency,sequential,1,burst_small,256,1082,10,90
latency,sequential,1,burst_small,256,1083,20,100
latency,sequential,1,burst_small,256,1084,20,90
latency,sequential,1,burst_small,256,1085,20,100
latency,sequential,1,burst_small,256,1086,20,90
latency,sequential,1,burst_small,256,1087,20,90
latency,sequential,1,burst_small,256,1088,20,100
latency,sequential,1,burst_small,256,1089,20,90
latency,sequential,1,burst_small,256,1090,20,100
latency,sequential,1,burst_small,256,1091,20,91
latency,sequential,1,burst_small,256,1092,20,100
latency,sequential,1,burst_small,256,1093,20,90
latency,sequential,1,burst_small,256,1094,20,90
latency,sequential,1,burst_small,256,1095,20,101
latency,sequential,1,burst_small,256,1096,20,90
latency,sequential,1,burst_small,256,1097,10,90
latency,sequential,1,burst_small,256,1098,20,90
latency,sequential,1,burst_small,256,1099,20,90
latency,sequential,1,burst_small,256,1100,20,100
latency,sequential,1,burst_small,256,1101,20,90
latency,sequential,1,burst_small,256,1102,10,90
latency,sequential,1,burst_small,256,1103,20,90
latency,sequential,1,burst_small,256,1104,20,90
latency,sequential,1,burst_small,256,1105,20,100
latency,sequential,1,burst_small,256,1106,20,90
latency,sequential,1,burst_small,256,1107,10,90
latency,sequential,1,burst_small,256,1108,20,91
latency,sequential,1,burst_small,256,1109,20,90
latency,sequential,1,burst_small,256,1110,20,100
latency,sequential,1,burst_small,256,1111,20,90
latency,sequential,1,burst_small,256,1112,10,91
latency,sequential,1,burst_small,256,1113,20,90
latency,sequential,1,burst_small,256,1114,20,90
latency,sequential,1,burst_small,256,1115,20,100
latency,sequential,1,burst_small,256,1116,20,91
latency,sequential,1,burst_small,256,1117,10,90
latency,sequential,1,burst_small,256,1118,20,90
latency,sequential,1,burst_small,256,1119,20,90
latency,sequential,1,burst_small,256,1120,20,101
latency,sequential,1,burst_small,256,1121,20,90
latency,sequential,1,burst_small,256,1122,10,90
latency,sequential,1,burst_small,256,1123,20,90
latency,sequential,1,burst_small,256,1124,20,90
latency,sequential,1,burst_small,256,1125,20,100
latency,sequential,1,burst_small,256,1126,20,90
latency,sequential,1,burst_small,256,1127,10,90
latency,sequential,1,burst_small,256,1128,20,90
latency,sequential,1,burst_small,256,1129,21,91
latency,sequential,1,burst_small,256,1130,20,100
latency,sequential,1,burst_small,256,1131,20,90
latency,sequential,1,burst_small,256,1132,20,100
latency,sequential,1,burst_small,256,1133,20,91
latency,sequential,1,burst_small,256,1134,20,90
latency,sequential,1,burst_small,256,1135,20,100
latency,sequential,1,burst_small,256,1136,20,90
latency,sequential,1,burst_small,256,1137,20,101
latency,sequential,1,burst_small,256,1138,20,90
latency,sequential,1,burst_small,256,1139,20,90
latency,sequential,1,burst_small,256,1140,20,100
latency,sequential,1,burst_small,256,1141,20,91
latency,sequential,1,burst_small,256,1142,20,100
latency,sequential,1,burst_small,256,1143,20,90
latency,sequential,1,burst_small,256,1144,20,90
latency,sequential,1,burst_small,256,1145,20,100
latency,sequential,1,burst_small,256,1146,20,90
latency,sequential,1,burst_small,256,1147,20,100
latency,sequential,1,burst_small,256,1148,20,90
latency,sequential,1,burst_small,256,1149,10,90
latency,sequential,1,burst_small,256,1150,21,91
latency,sequential,1,burst_small,256,1151,20,90
latency,sequential,1,burst_small,256,1152,20,100
latency,sequential,1,burst_small,256,1153,20,91
latency,sequential,1,burst_small,256,1154,20,100
latency,sequential,1,burst_small,256,1155,20,90
latency,sequential,1,burst_small,256,1156,20,90
latency,sequential,1,burst_small,256,1157,20,101
latency,sequential,1,burst_small,256,1158,20,90
latency,sequential,1,burst_small,256,1159,20,100
latency,sequential,1,burst_small,256,1160,20,90
latency,sequential,1,burst_small,256,1161,20,91
latency,sequential,1,burst_small,256,1162,20,100
latency,sequential,1,burst_small,256,1163,20,90
latency,sequential,1,burst_small,256,1164,20,100
latency,sequential,1,burst_small,256,1165,20,90
latency,sequential,1,burst_small,256,1166,20,90
latency,sequential,1,burst_small,256,1167,20,100
latency,sequential,1,burst_small,256,1168,20,90
latency,sequential,1,burst_small,256,1169,20,100
latency,sequential,1,burst_small,256,1170,20,90
latency,sequential,1,burst_small,256,1171,10,90
latency,sequential,1,burst_small,256,1172,20,90
latency,sequential,1,burst_small,256,1173,20,90
latency,sequential,1,burst_small,256,1174,21,101
latency,sequential,1,burst_small,256,1175,20,90
latency,sequential,1,burst_small,256,1176,10,90
latency,sequential,1,burst_small,256,1177,20,90
latency,sequential,1,burst_small,256,1178,20,91
latency,sequential,1,burst_small,256,1179,20,100
latency,sequential,1,burst_small,256,1180,20,90
latency,sequential,1,burst_small,256,1181,10,90
latency,sequential,1,burst_small,256,1182,20,91
latency,sequential,1,burst_small,256,1183,20,90
latency,sequential,1,burst_small,256,1184,20,100
latency,sequential,1,burst_small,256,1185,20,90
latency,sequential,1,burst_small,256,1186,20,101
latency,sequential,1,burst_small,256,1187,20,90
latency,sequential,1,burst_small,256,1188,20,90
latency,sequential,1,burst_small,256,1189,20,100
latency,sequential,1,burst_small,256,1190,20,90
latency,sequential,1,burst_small,256,1191,20,100
latency,sequential,1,burst_small,256,1192,20,90
latency,sequential,1,burst_small,256,1193,20,90
latency,sequential,1,burst_small,256,1194,20,100
latency,sequential,1,burst_small,256,1195,21,91
latency,sequential,1,burst_small,256,1196,20,100
latency,sequential,1,burst_small,256,1197,20,90
latency,sequential,1,burst_small,256,1198,10,90
latency,sequential,1,burst_small,256,1199,20,91
latency,sequential,1,burst_small,256,1200,20,90
latency,sequential,1,burst_small,256,1201,20,100
latency,sequential,1,burst_small,256,1202,20,90
latency,sequential,1,burst_small,256,1203,10,91
latency,sequential,1,burst_small,256,1204,20,90
latency,sequential,1,burst_small,256,1205,20,90
latency,sequential,1,burst_small,256,1206,20,100
latency,sequential,1,burst_small,256,1207,20,91
latency,sequential,1,burst_small,256,1208,10,90
latency,sequential,1,burst_small,256,1209,20,90
latency,sequential,1,burst_small,256,1210,20,90
latency,sequential,1,burst_small,256,1211,20,100
latency,sequential,1,burst_small,256,1212,20,90
latency,sequential,1,burst_small,256,1213,20,100
latency,sequential,1,burst_small,256,1214,20,90
latency,sequential,1,burst_small,256,1215,20,90
latency,sequential,1,burst_small,256,1216,20,100
latency,sequential,1,burst_small,256,1217,20,90
latency,sequential,1,burst_small,256,1218,20,100
latency,sequential,1,burst_small,256,1219,20,90
latency,sequential,1,burst_small,256,1220,21,91
latency,sequential,1,burst_small,256,1221,20,100
latency,sequential,1,burst_small,256,1222,20,90
latency,sequential,1,burst_small,256,1223,20,100
latency,sequential,1,burst_small,256,1224,20,91
latency,sequential,1,burst_small,256,1225,20,90
latency,sequential,1,burst_small,256,1226,20,100
latency,sequential,1,burst_small,256,1227,20,90
latency,sequential,1,burst_small,256,1228,20,101
latency,sequential,1,burst_small,256,1229,20,90
latency,sequential,1,burst_small,256,1230,10,90
latency,sequential,1,burst_small,256,1231,20,90
latency,sequential,1,burst_small,256,1232,20,91
latency,sequential,1,burst_small,256,1233,20,100
latency,sequential,1,burst_small,256,1234,20,90
latency,sequential,1,burst_small,256,1235,10,90
latency,sequential,1,burst_small,256,1236,20,90
latency,sequential,1,burst_small,256,1237,20,90
latency,sequential,1,burst_small,256,1238,20,100
latency,sequential,1,burst_small,256,1239,20,90
latency,sequential,1,burst_small,256,1240,20,100
latency,sequential,1,burst_small,256,1241,21,91
latency,sequential,1,burst_small,256,1242,20,90
latency,sequential,1,burst_small,256,1243,20,90
latency,sequential,1,burst_small,256,1244,20,90
latency,sequential,1,burst_small,256,1245,20,101
latency,sequential,1,burst_small,256,1246,20,90
latency,sequential,1,burst_small,256,1247,10,90
latency,sequential,1,burst_small,256,1248,20,90
latency,sequential,1,burst_small,256,1249,20,91
latency,sequential,1,burst_small,256,1250,20,100
latency,sequential,1,burst_small,256,1251,20,90
latency,sequential,1,burst_small,256,1252,20,100
latency,sequential,1,burst_small,256,1253,20,91
latency,sequential,1,burst_small,256,1254,20,90
latency,sequential,1,burst_small,256,1255,20,100
latency,sequential,1,burst_small,256,1256,20,90
latency,sequential,1,burst_small,256,1257,20,100
latency,sequential,1,burst_small,256,1258,20,90
latency,sequential,1,burst_small,256,1259,10,90
latency,sequential,1,burst_small,256,1260,20,90
latency,sequential,1,burst_small,256,1261,20,90
latency,sequential,1,burst_small,256,1262,21,101
latency,sequential,1,burst_small,256,1263,20,90
latency,sequential,1,burst_small,256,1264,10,90
latency,sequential,1,burst_small,256,1265,20,90
latency,sequential,1,burst_small,256,1266,20,91
latency,sequential,1,burst_small,256,1267,20,100
latency,sequential,1,burst_small,256,1268,20,90
latency,sequential,1,burst_small,256,1269,20,100
latency,sequential,1,burst_small,256,1270,20,91
latency,sequential,1,burst_small,256,1271,20,90
latency,sequential,1,burst_small,256,1272,20,100
latency,sequential,1,burst_small,256,1273,20,90
latency,sequential,1,burst_small,256,1274,20,101
latency,sequential,1,burst_small,256,1275,20,90
latency,sequential,1,burst_small,256,1276,20,90
latency,sequential,1,burst_small,256,1277,20,100
latency,sequential,1,burst_small,256,1278,20,90
latency,sequential,1,burst_small,256,1279,20,100
latency,sequential,1,burst_small,256,1280,60,160
latency,sequential,1,burst_small,256,1281,20,90
latency,sequential,1,burst_small,256,1282,20,90
latency,sequential,1,burst_small,256,1283,20,100
latency,sequential,1,burst_small,256,1284,21,91
latency,sequential,1,burst_small,256,1285,10,90
latency,sequential,1,burst_small,256,1286,20,91
latency,sequential,1,burst_small,256,1287,20,90
latency,sequential,1,burst_small,256,1288,20,100
latency,sequential,1,burst_small,256,1289,20,90
latency,sequential,1,burst_small,256,1290,20,91
latency,sequential,1,burst_small,256,1291,20,90
latency,sequential,1,burst_small,256,1292,20,90
latency,sequential,1,burst_small,256,1293,20,100
latency,sequential,1,burst_small,256,1294,20,91
latency,sequential,1,burst_small,256,1295,10,90
latency,sequential,1,burst_small,256,1296,20,90
latency,sequential,1,burst_small,256,1297,20,90
latency,sequential,1,burst_small,256,1298,20,100
latency,sequential,1,burst_small,256,1299,20,90
latency,sequential,1,burst_small,256,1300,10,90
latency,sequential,1,burst_small,256,1301,21,91
latency,sequential,1,burst_small,256,1302,20,90
latency,sequential,1,burst_small,256,1303,20,100
latency,sequential,1,burst_small,256,1304,20,90
latency,sequential,1,burst_small,256,1305,20,101
latency,sequential,1,burst_small,256,1306,20,90
latency,sequential,1,burst_small,256,1307,20,90
latency,sequential,1,burst_small,256,1308,20,100
latency,sequential,1,burst_small,256,1309,20,91
latency,sequential,1,burst_small,256,1310,20,100
latency,sequential,1,burst_small,256,1311,20,90
latency,sequential,1,burst_small,256,1312,20,90
latency,sequential,1,burst_small,256,1313,20,91
latency,sequential,1,burst_small,256,1314,20,100
latency,sequential,1,burst_small,256,1315,20,90
latency,sequential,1,burst_small,256,1316,10,90
latency,sequential,1,burst_small,256,1317,20,91
latency,sequential,1,burst_small,256,1318,20,90
latency,sequential,1,burst_small,256,1319,20,100
latency,sequential,1,burst_small,256,1320,20,90
latency,sequential,1,burst_small,256,1321,10,90
latency,sequential,1,burst_small,256,1322,20,90
latency,sequential,1,burst_small,256,1323,20,90
latency,sequential,1,burst_small,256,1324,20,100
latency,sequential,1,burst_small,256,1325,20,90
latency,sequential,1,burst_small,256,1326,11,91
latency,sequential,1,burst_small,256,1327,20,90
latency,sequential,1,burst_small,256,1328,20,90
latency,sequential,1,burst_small,256,1329,20,100
latency,sequential,1,burst_small,256,1330,20,91
latency,sequential,1,burst_small,256,1331,20,100
latency,sequential,1,burst_small,256,1332,20,90
latency,sequential,1,burst_small,256,1333,20,90
latency,sequential,1,burst_small,256,1334,20,91
latency,sequential,1,burst_small,256,1335,20,90
latency,sequential,1,burst_small,256,1336,20,100
latency,sequential,1,burst_small,256,1337,20,90
latency,sequential,1,burst_small,256,1338,10,91
latency,sequential,1,burst_small,256,1339,20,90
latency,sequential,1,burst_small,256,1340,20,90
latency,sequential,1,burst_small,256,1341,20,100
latency,sequential,1,burst_small,256,1342,20,90
latency,sequential,1,burst_small,256,1343,10,90
latency,sequential,1,burst_small,256,1344,20,90
latency,sequential,1,burst_small,256,1345,20,101
latency,sequential,1,burst_small,256,1346,20,90
latency,sequential,1,burst_small,256,1347,20,100
latency,sequential,1,burst_small,256,1348,20,90
latency,sequential,1,burst_small,256,1349,20,91
latency,sequential,1,burst_small,256,1350,20,100
latency,sequential,1,burst_small,256,1351,20,90
latency,sequential,1,burst_small,256,1352,20,100
latency,sequential,1,burst_small,256,1353,20,90
latency,sequential,1,burst_small,256,1354,10,90
latency,sequential,1,burst_small,256,1355,20,90
latency,sequential,1,burst_small,256,1356,20,90
latency,sequential,1,burst_small,256,1357,20,100
latency,sequential,1,burst_small,256,1358,21,91
latency,sequential,1,burst_small,256,1359,10,90
latency,sequential,1,burst_small,256,1360,20,90
latency,sequential,1,burst_small,256,1361,20,90
latency,sequential,1,burst_small,256,1362,20,101
latency,sequential,1,burst_small,256,1363,20,90
latency,sequential,1,burst_small,256,1364,20,100
latency,sequential,1,burst_small,256,1365,20,90
latency,sequential,1,burst_small,256,1366,20,91
latency,sequential,1,burst_small,256,1367,20,100
latency,sequential,1,burst_small,256,1368,20,90
latency,sequential,1,burst_small,256,1369,20,100
latency,sequential,1,burst_small,256,1370,20,91
latency,sequential,1,burst_small,256,1371,20,90
latency,sequential,1,burst_small,256,1372,20,100
latency,sequential,1,burst_small,256,1373,20,90
latency,sequential,1,burst_small,256,1374,20,100
latency,sequential,1,burst_small,256,1375,20,90
latency,sequential,1,burst_small,256,1376,20,90
latency,sequential,1,burst_small,256,1377,20,100
latency,sequential,1,burst_small,256,1378,20,90
latency,sequential,1,burst_small,256,1379,21,101
latency,sequential,1,burst_small,256,1380,20,90
latency,sequential,1,burst_small,256,1381,20,90
latency,sequential,1,burst_small,256,1382,20,100
latency,sequential,1,burst_small,256,1383,20,91
latency,sequential,1,burst_small,256,1384,20,100
latency,sequential,1,burst_small,256,1385,20,90
latency,sequential,1,burst_small,256,1386,20,90
latency,sequential,1,burst_small,256,1387,20,91
latency,sequential,1,burst_small,256,1388,20,90
latency,sequential,1,burst_small,256,1389,20,100
latency,sequential,1,burst_small,256,1390,20,90
latency,sequential,1,burst_small,256,1391,10,91
latency,sequential,1,burst_small,256,1392,20,90
latency,sequential,1,burst_small,256,1393,20,90
latency,sequential,1,burst_small,256,1394,20,100
latency,sequential,1,burst_small,256,1395,20,90
latency,sequential,1,burst_small,256,1396,20,100
latency,sequential,1,burst_small,256,1397,20,90
latency,sequential,1,burst_small,256,1398,20,90
latency,sequential,1,burst_small,256,1399,20,100
latency,sequential,1,burst_small,256,1400,20,90
latency,sequential,1,burst_small,256,1401,20,100
latency,sequential,1,burst_small,256,1402,20,90
latency,sequential,1,burst_small,256,1403,10,90
latency,sequential,1,burst_small,256,1404,21,91
latency,sequential,1,burst_small,256,1405,20,90
latency,sequential,1,burst_small,256,1406,20,100
latency,sequential,1,burst_small,256,1407,20,90
latency,sequential,1,burst_small,256,1408,20,101
latency,sequential,1,burst_small,256,1409,20,90
latency,sequential,1,burst_small,256,1410,20,100
latency,sequential,1,burst_small,256,1411,21,91
latency,sequential,1,burst_small,256,1412,10,90
latency,sequential,1,burst_small,256,1413,20,90
latency,sequential,1,burst_small,256,1414,20,90
latency,sequential,1,burst_small,256,1415,20,101
latency,sequential,1,burst_small,256,1416,20,90
latency,sequential,1,burst_small,256,1417,20,100
latency,sequential,1,burst_small,256,1418,20,90
latency,sequential,1,burst_small,256,1419,20,91
latency,sequential,1,burst_small,256,1420,20,100
latency,sequential,1,burst_small,256,1421,20,90
latency,sequential,1,burst_small,256,1422,20,100
latency,sequential,1,burst_small,256,1423,20,91
latency,sequential,1,burst_small,256,1424,20,90
latency,sequential,1,burst_small,256,1425,20,100
latency,sequential,1,burst_small,256,1426,20,90
latency,sequential,1,burst_small,256,1427,20,100
latency,sequential,1,burst_small,256,1428,20,90
latency,sequential,1,burst_small,256,1429,10,90
latency,sequential,1,burst_small,256,1430,20,90
latency,sequential,1,burst_small,256,1431,20,90
latency,sequential,1,burst_small,256,1432,20,100
latency,sequential,1,burst_small,256,1433,20,90
latency,sequential,1,burst_small,256,1434,10,90
latency,sequential,1,burst_small,256,1435,20,90
latency,sequential,1,burst_small,256,1436,21,91
latency,sequential,1,burst_small,256,1437,20,100
latency,sequential,1,burst_small,256,1438,20,90
latency,sequential,1,burst_small,256,1439,10,90
latency,sequential,1,burst_small,256,1440,20,91
latency,sequential,1,burst_small,256,1441,20,90
latency,sequential,1,burst_small,256,1442,20,100
latency,sequential,1,burst_small,256,1443,20,90
latency,sequential,1,burst_small,256,1444,10,91
latency,sequential,1,burst_small,256,1445,20,90
latency,sequential,1,burst_small,256,1446,20,90
latency,sequential,1,burst_small,256,1447,20,100
latency,sequential,1,burst_small,256,1448,20,91
latency,sequential,1,burst_small,256,1449,10,90
latency,sequential,1,burst_small,256,1450,20,90
latency,sequential,1,burst_small,256,1451,20,90
latency,sequential,1,burst_small,256,1452,20,100
latency,sequential,1,burst_small,256,1453,20,90
latency,sequential,1,burst_small,256,1454,10,90
latency,sequential,1,burst_small,256,1455,20,90
latency,sequential,1,burst_small,256,1456,20,90
latency,sequential,1,burst_small,256,1457,21,101
latency,sequential,1,burst_small,256,1458,20,90
latency,sequential,1,burst_small,256,1459,10,90
latency,sequential,1,burst_small,256,1460,20,90
latency,sequential,1,burst_small,256,1461,20,91
latency,sequential,1,burst_small,256,1462,20,100
latency,sequential,1,burst_small,256,1463,20,90
latency,sequential,1,burst_small,256,1464,20,90
latency,sequential,1,burst_small,256,1465,20,101
latency,sequential,1,burst_small,256,1466,20,90
latency,sequential,1,burst_small,256,1467,20,100
latency,sequential,1,burst_small,256,1468,20,90
latency,sequential,1,burst_small,256,1469,20,91
latency,sequential,1,burst_small,256,1470,20,100
latency,sequential,1,burst_small,256,1471,20,90
latency,sequential,1,burst_small,256,1472,20,100
latency,sequential,1,burst_small,256,1473,20,90
latency,sequential,1,burst_small,256,1474,20,90
latency,sequential,1,burst_small,256,1475,20,100
latency,sequential,1,burst_small,256,1476,20,90
latency,sequential,1,burst_small,256,1477,20,100
latency,sequential,1,burst_small,256,1478,20,90
latency,sequential,1,burst_small,256,1479,20,90
latency,sequential,1,burst_small,256,1480,20,100
latency,sequential,1,burst_small,256,1481,20,90
latency,sequential,1,burst_small,256,1482,10,91
latency,sequential,1,burst_small,256,1483,20,90
latency,sequential,1,burst_small,256,1484,20,90
latency,sequential,1,burst_small,256,1485,20,100
latency,sequential,1,burst_small,256,1486,20,91
latency,sequential,1,burst_small,256,1487,20,90
latency,sequential,1,burst_small,256,1488,20,100
latency,sequential,1,burst_small,256,1489,20,90
latency,sequential,1,burst_small,256,1490,20,101
latency,sequential,1,burst_small,256,1491,20,90
latency,sequential,1,burst_small,256,1492,20,90
latency,sequential,1,burst_small,256,1493,20,100
latency,sequential,1,burst_small,256,1494,20,91
latency,sequential,1,burst_small,256,1495,10,90
latency,sequential,1,burst_small,256,1496,20,90
latency,sequential,1,burst_small,256,1497,20,90
latency,sequential,1,burst_small,256,1498,20,100
latency,sequential,1,burst_small,256,1499,20,90
latency,sequential,1,burst_small,256,1500,20,90
latency,sequential,1,burst_small,256,1501,20,100
latency,sequential,1,burst_small,256,1502,20,90
latency,sequential,1,burst_small,256,1503,21,101
latency,sequential,1,burst_small,256,1504,20,90
latency,sequential,1,burst_small,256,1505,20,90
latency,sequential,1,burst_small,256,1506,20,100
latency,sequential,1,burst_small,256,1507,20,91
latency,sequential,1,burst_small,256,1508,20,100
latency,sequential,1,burst_small,256,1509,20,90
latency,sequential,1,burst_small,256,1510,20,90
latency,sequential,1,burst_small,256,1511,20,101
latency,sequential,1,burst_small,256,1512,20,90
latency,sequential,1,burst_small,256,1513,20,100
latency,sequential,1,burst_small,256,1514,20,90
latency,sequential,1,burst_small,256,1515,20,91
latency,sequential,1,burst_small,256,1516,20,100
latency,sequential,1,burst_small,256,1517,20,90
latency,sequential,1,burst_small,256,1518,20,100
latency,sequential,1,burst_small,256,1519,20,90
latency,sequential,1,burst_small,256,1520,20,90
latency,sequential,1,burst_small,256,1521,20,100
latency,sequential,1,burst_small,256,1522,20,90
latency,sequential,1,burst_small,256,1523,20,100
latency,sequential,1,burst_small,256,1524,20,90
latency,sequential,1,burst_small,256,1525,20,90
latency,sequential,1,burst_small,256,1526,20,100
latency,sequential,1,burst_small,256,1527,20,90
latency,sequential,1,burst_small,256,1528,20,101
latency,sequential,1,burst_small,256,1529,20,90
latency,sequential,1,burst_small,256,1530,20,90
latency,sequential,1,burst_small,256,1531,20,100
latency,sequential,1,burst_small,256,1532,20,91
latency,sequential,1,burst_small,256,1533,20,100
latency,sequential,1,burst_small,256,1534,20,90
latency,sequential,1,burst_small,256,1535,20,90
latency,sequential,1,burst_small,256,1536,20,90
latency,sequential,1,burst_small,256,1537,20,100
latency,sequential,1,burst_small,256,1538,21,91
latency,sequential,1,burst_small,256,1539,10,90
latency,sequential,1,burst_small,256,1540,20,100
latency,sequential,1,burst_small,256,1541,20,90
latency,sequential,1,burst_small,256,1542,20,100
latency,sequential,1,burst_small,256,1543,20,90
latency,sequential,1,burst_small,256,1544,20,100
latency,sequential,1,burst_small,256,1545,20,90
latency,sequential,1,burst_small,256,1546,20,90
latency,sequential,1,burst_small,256,1547,20,100
latency,sequential,1,burst_small,256,1548,20,90
latency,sequential,1,burst_small,256,1549,20,100
latency,sequential,1,burst_small,256,1550,20,90
latency,sequential,1,burst_small,256,1551,20,100
latency,sequential,1,burst_small,256,1552,20,90
latency,sequential,1,burst_small,256,1553,10,90
latency,sequential,1,burst_small,256,1554,20,90
latency,sequential,1,burst_small,256,1555,20,90
latency,sequential,1,burst_small,256,1556,20,100
latency,sequential,1,burst_small,256,1557,20,90
latency,sequential,1,burst_small,256,1558,21,101
latency,sequential,1,burst_small,256,1559,20,90
latency,sequential,1,burst_small,256,1560,10,90
latency,sequential,1,burst_small,256,1561,20,90
latency,sequential,1,burst_small,256,1562,20,91
latency,sequential,1,burst_small,256,1563,20,100
latency,sequential,1,burst_small,256,1564,20,90
latency,sequential,1,burst_small,256,1565,20,100
latency,sequential,1,burst_small,256,1566,20,91
latency,sequential,1,burst_small,256,1567,20,90
latency,sequential,1,burst_small,256,1568,20,100
latency,sequential,1,burst_small,256,1569,20,90
latency,sequential,1,burst_small,256,1570,20,101
latency,sequential,1,burst_small,256,1571,20,90
latency,sequential,1,burst_small,256,1572,10,90
latency,sequential,1,burst_small,256,1573,20,90
latency,sequential,1,burst_small,256,1574,20,91
latency,sequential,1,burst_small,256,1575,20,100
latency,sequential,1,burst_small,256,1576,20,90
latency,sequential,1,burst_small,256,1577,20,100
latency,sequential,1,burst_small,256,1578,20,90
latency,sequential,1,burst_small,256,1579,20,90
latency,sequential,1,burst_small,256,1580,20,100
latency,sequential,1,burst_small,256,1581,20,90
latency,sequential,1,burst_small,256,1582,20,100
latency,sequential,1,burst_small,256,1583,21,91
latency,sequential,1,burst_small,256,1584,20,90
latency,sequential,1,burst_small,256,1585,20,100
latency,sequential,1,burst_small,256,1586,20,90
latency,sequential,1,burst_small,256,1587,20,101
latency,sequential,1,burst_small,256,1588,20,90
latency,sequential,1,burst_small,256,1589,10,90
latency,sequential,1,burst_small,256,1590,20,90
latency,sequential,1,burst_small,256,1591,20,91
latency,sequential,1,burst_small,256,1592,20,100
latency,sequential,1,burst_small,256,1593,20,90
latency,sequential,1,burst_small,256,1594,10,90
latency,sequential,1,burst_small,256,1595,20,91
latency,sequential,1,burst_small,256,1596,20,90
latency,sequential,1,burst_small,256,1597,20,100
latency,sequential,1,burst_small,256,1598,20,90
latency,sequential,1,burst_small,256,1599,20,100
latency,sequential,1,burst_small,256,1600,20,90
latency,sequential,1,burst_small,256,1601,20,100
latency,sequential,1,burst_small,256,1602,20,90
latency,sequential,1,burst_small,256,1603,20,91
latency,sequential,1,burst_small,256,1604,20,100
latency,sequential,1,burst_small,256,1605,20,90
latency,sequential,1,burst_small,256,1606,20,100
latency,sequential,1,burst_small,256,1607,20,90
latency,sequential,1,burst_small,256,1608,20,90
latency,sequential,1,burst_small,256,1609,20,100
latency,sequential,1,burst_small,256,1610,20,90
latency,sequential,1,burst_small,256,1611,20,100
latency,sequential,1,burst_small,256,1612,20,90
latency,sequential,1,burst_small,256,1613,10,90
latency,sequential,1,burst_small,256,1614,20,90
latency,sequential,1,burst_small,256,1615,20,90
latency,sequential,1,burst_small,256,1616,21,101
latency,sequential,1,burst_small,256,1617,20,90
latency,sequential,1,burst_small,256,1618,20,100
latency,sequential,1,burst_small,256,1619,20,90
latency,sequential,1,burst_small,256,1620,20,91
latency,sequential,1,burst_small,256,1621,20,100
latency,sequential,1,burst_small,256,1622,20,90
latency,sequential,1,burst_small,256,1623,20,100
latency,sequential,1,burst_small,256,1624,20,91
latency,sequential,1,burst_small,256,1625,10,90
latency,sequential,1,burst_small,256,1626,20,90
latency,sequential,1,burst_small,256,1627,20,90
latency,sequential,1,burst_small,256,1628,20,101
latency,sequential,1,burst_small,256,1629,20,90
latency,sequential,1,burst_small,256,1630,20,100
latency,sequential,1,burst_small,256,1631,20,90
latency,sequential,1,burst_small,256,1632,20,90
latency,sequential,1,burst_small,256,1633,20,100
latency,sequential,1,burst_small,256,1634,20,90
latency,sequential,1,burst_small,256,1635,20,100
latency,sequential,1,burst_small,256,1636,20,90
latency,sequential,1,burst_small,256,1637,21,101
latency,sequential,1,burst_small,256,1638,20,90
latency,sequential,1,burst_small,256,1639,20,90
latency,sequential,1,burst_small,256,1640,20,90
latency,sequential,1,burst_small,256,1641,20,91
latency,sequential,1,burst_small,256,1642,20,100
latency,sequential,1,burst_small,256,1643,20,90
latency,sequential,1,burst_small,256,1644,10,90
latency,sequential,1,burst_small,256,1645,20,91
latency,sequential,1,burst_small,256,1646,20,90
latency,sequential,1,burst_small,256,1647,20,100
latency,sequential,1,burst_small,256,1648,20,90
latency,sequential,1,burst_small,256,1649,20,101
latency,sequential,1,burst_small,256,1650,20,90
latency,sequential,1,burst_small,256,1651,10,90
latency,sequential,1,burst_small,256,1652,20,90
latency,sequential,1,burst_small,256,1653,20,90
latency,sequential,1,burst_small,256,1654,20,100
latency,sequential,1,burst_small,256,1655,20,90
latency,sequential,1,burst_small,256,1656,20,90
latency,sequential,1,burst_small,256,1657,20,100
latency,sequential,1,burst_small,256,1658,21,91
latency,sequential,1,burst_small,256,1659,20,100
latency,sequential,1,burst_small,256,1660,20,90
latency,sequential,1,burst_small,256,1661,10,90
latency,sequential,1,burst_small,256,1662,20,91
latency,sequential,1,burst_small,256,1663,20,90
latency,sequential,1,burst_small,256,1664,20,100
latency,sequential,1,burst_small,256,1665,20,91
latency,sequential,1,burst_small,256,1666,20,100
latency,sequential,1,burst_small,256,1667,20,90
latency,sequential,1,burst_small,256,1668,20,100
latency,sequential,1,burst_small,256,1669,20,90
latency,sequential,1,burst_small,256,1670,10,90
latency,sequential,1,burst_small,256,1671,20,90
latency,sequential,1,burst_small,256,1672,20,90
latency,sequential,1,burst_small,256,1673,20,100
latency,sequential,1,burst_small,256,1674,21,91
latency,sequential,1,burst_small,256,1675,20,100
latency,sequential,1,burst_small,256,1676,20,90
latency,sequential,1,burst_small,256,1677,20,90
latency,sequential,1,burst_small,256,1678,20,101
latency,sequential,1,burst_small,256,1679,20,90
latency,sequential,1,burst_small,256,1680,20,100
latency,sequential,1,burst_small,256,1681,20,90
latency,sequential,1,burst_small,256,1682,10,91
latency,sequential,1,burst_small,256,1683,20,90
latency,sequential,1,burst_small,256,1684,20,90
latency,sequential,1,burst_small,256,1685,20,100
latency,sequential,1,burst_small,256,1686,20,91
latency,sequential,1,burst_small,256,1687,20,100
latency,sequential,1,burst_small,256,1688,20,90
latency,sequential,1,burst_small,256,1689,20,90
latency,sequential,1,burst_small,256,1690,20,100
latency,sequential,1,burst_small,256,1691,20,90
latency,sequential,1,burst_small,256,1692,20,100
latency,sequential,1,burst_small,256,1693,20,90
latency,sequential,1,burst_small,256,1694,10,90
latency,sequential,1,burst_small,256,1695,21,91
latency,sequential,1,burst_small,256,1696,20,90
latency,sequential,1,burst_small,256,1697,20,100
latency,sequential,1,burst_small,256,1698,20,90
latency,sequential,1,burst_small,256,1699,20,101
latency,sequential,1,burst_small,256,1700,20,90
latency,sequential,1,burst_small,256,1701,20,90
latency,sequential,1,burst_small,256,1702,20,100
latency,sequential,1,burst_small,256,1703,20,91
latency,sequential,1,burst_small,256,1704,20,100
latency,sequential,1,burst_small,256,1705,20,90
latency,sequential,1,burst_small,256,1706,10,90
latency,sequential,1,burst_small,256,1707,20,91
latency,sequential,1,burst_small,256,1708,20,90
latency,sequential,1,burst_small,256,1709,20,100
latency,sequential,1,burst_small,256,1710,20,90
latency,sequential,1,burst_small,256,1711,20,100
latency,sequential,1,burst_small,256,1712,20,90
latency,sequential,1,burst_small,256,1713,10,90
latency,sequential,1,burst_small,256,1714,20,90
latency,sequential,1,burst_small,256,1715,20,90
latency,sequential,1,burst_small,256,1716,21,101
latency,sequential,1,burst_small,256,1717,20,90
latency,sequential,1,burst_small,256,1718,20,100
latency,sequential,1,burst_small,256,1719,20,90
latency,sequential,1,burst_small,256,1720,10,91
latency,sequential,1,burst_small,256,1721,20,90
latency,sequential,1,burst_small,256,1722,20,90
latency,sequential,1,burst_small,256,1723,20,100
latency,sequential,1,burst_small,256,1724,20,91
latency,sequential,1,burst_small,256,1725,20,100
latency,sequential,1,burst_small,256,1726,20,90
latency,sequential,1,burst_small,256,1727,20,90
latency,sequential,1,burst_small,256,1728,20,101
latency,sequential,1,burst_small,256,1729,20,90
latency,sequential,1,burst_small,256,1730,20,100
latency,sequential,1,burst_small,256,1731,20,90
latency,sequential,1,burst_small,256,1732,20,100
latency,sequential,1,burst_small,256,1733,20,90
latency,sequential,1,burst_small,256,1734,20,90
latency,sequential,1,burst_small,256,1735,20,100
latency,sequential,1,burst_small,256,1736,20,90
latency,sequential,1,burst_small,256,1737,20,100
latency,sequential,1,burst_small,256,1738,20,90
latency,sequential,1,burst_small,256,1739,10,90
latency,sequential,1,burst_small,256,1740,20,90
latency,sequential,1,burst_small,256,1741,21,91
latency,sequential,1,burst_small,256,1742,20,100
latency,sequential,1,burst_small,256,1743,20,90
latency,sequential,1,burst_small,256,1744,20,100
latency,sequential,1,burst_small,256,1745,20,91
latency,sequential,1,burst_small,256,1746,20,90
latency,sequential,1,burst_small,256,1747,20,100
latency,sequential,1,burst_small,256,1748,20,90
latency,sequential,1,burst_small,256,1749,20,101
latency,sequential,1,burst_small,256,1750,20,90
latency,sequential,1,burst_small,256,1751,10,90
latency,sequential,1,burst_small,256,1752,20,100
latency,sequential,1,burst_small,256,1753,20,91
latency,sequential,1,burst_small,256,1754,20,100
latency,sequential,1,burst_small,256,1755,20,90
latency,sequential,1,burst_small,256,1756,20,100
latency,sequential,1,burst_small,256,1757,20,90
latency,sequential,1,burst_small,256,1758,20,90
latency,sequential,1,burst_small,256,1759,20,100
latency,sequential,1,burst_small,256,1760,20,90
latency,sequential,1,burst_small,256,1761,20,100
latency,sequential,1,burst_small,256,1762,21,91
latency,sequential,1,burst_small,256,1763,20,90
latency,sequential,1,burst_small,256,1764,20,100
latency,sequential,1,burst_small,256,1765,20,90
latency,sequential,1,burst_small,256,1766,20,101
latency,sequential,1,burst_small,256,1767,20,90
latency,sequential,1,burst_small,256,1768,10,90
latency,sequential,1,burst_small,256,1769,20,90
latency,sequential,1,burst_small,256,1770,20,91
latency,sequential,1,burst_small,256,1771,20,100
latency,sequential,1,burst_small,256,1772,20,90
latency,sequential,1,burst_small,256,1773,10,90
latency,sequential,1,burst_small,256,1774,20,101
latency,sequential,1,burst_small,256,1775,20,90
latency,sequential,1,burst_small,256,1776,20,100
latency,sequential,1,burst_small,256,1777,20,90
latency,sequential,1,burst_small,256,1778,10,90
latency,sequential,1,burst_small,256,1779,20,90
latency,sequential,1,burst_small,256,1780,20,90
latency,sequential,1,burst_small,256,1781,20,100
latency,sequential,1,burst_small,256,1782,20,90
latency,sequential,1,burst_small,256,1783,10,90
latency,sequential,1,burst_small,256,1784,20,90
latency,sequential,1,burst_small,256,1785,20,90
latency,sequential,1,burst_small,256,1786,20,100
latency,sequential,1,burst_small,256,1787,20,91
latency,sequential,1,burst_small,256,1788,10,90
latency,sequential,1,burst_small,256,1789,20,90
latency,sequential,1,burst_small,256,1790,20,90
latency,sequential,1,burst_small,256,1791,20,101
latency,sequential,1,burst_small,256,1792,50,160
latency,sequential,1,burst_small,256,1793,20,100
latency,sequential,1,burst_small,256,1794,20,90
latency,sequential,1,burst_small,256,1795,21,91
latency,sequential,1,burst_small,256,1796,20,100
latency,sequential,1,burst_small,256,1797,20,101
latency,sequential,1,burst_small,256,1798,20,90
latency,sequential,1,burst_small,256,1799,20,100
latency,sequential,1,burst_small,256,1800,20,90
latency,sequential,1,burst_small,256,1801,20,91
latency,sequential,1,burst_small,256,1802,20,100
latency,sequential,1,burst_small,256,1803,20,90
latency,sequential,1,burst_small,256,1804,20,100
latency,sequential,1,burst_small,256,1805,20,90
latency,sequential,1,burst_small,256,1806,10,90
latency,sequential,1,burst_small,256,1807,20,90
latency,sequential,1,burst_small,256,1808,20,90
latency,sequential,1,burst_small,256,1809,20,100
latency,sequential,1,burst_small,256,1810,20,90
latency,sequential,1,burst_small,256,1811,20,100
latency,sequential,1,burst_small,256,1812,20,90
latency,sequential,1,burst_small,256,1813,10,90
latency,sequential,1,burst_small,256,1814,21,91
latency,sequential,1,burst_small,256,1815,20,90
latency,sequential,1,burst_small,256,1816,20,100
latency,sequential,1,burst_small,256,1817,20,90
latency,sequential,1,burst_small,256,1818,10,91
latency,sequential,1,burst_small,256,1819,20,90
latency,sequential,1,burst_small,256,1820,20,90
latency,sequential,1,burst_small,256,1821,20,100
latency,sequential,1,burst_small,256,1822,20,91
latency,sequential,1,burst_small,256,1823,20,100
latency,sequential,1,burst_small,256,1824,20,90
latency,sequential,1,burst_small,256,1825,20,100
latency,sequential,1,burst_small,256,1826,20,91
latency,sequential,1,burst_small,256,1827,20,90
latency,sequential,1,burst_small,256,1828,20,100
latency,sequential,1,burst_small,256,1829,20,90
latency,sequential,1,burst_small,256,1830,20,101
latency,sequential,1,burst_small,256,1831,20,90
latency,sequential,1,burst_small,256,1832,20,90
latency,sequential,1,burst_small,256,1833,20,100
latency,sequential,1,burst_small,256,1834,20,90
latency,sequential,1,burst_small,256,1835,20,100
latency,sequential,1,burst_small,256,1836,20,90
latency,sequential,1,burst_small,256,1837,20,90
latency,sequential,1,burst_small,256,1838,20,100
latency,sequential,1,burst_small,256,1839,20,90
latency,sequential,1,burst_small,256,1840,20,100
latency,sequential,1,burst_small,256,1841,20,90
latency,sequential,1,burst_small,256,1842,20,90
latency,sequential,1,burst_small,256,1843,20,101
latency,sequential,1,burst_small,256,1844,20,90
latency,sequential,1,burst_small,256,1845,20,100
latency,sequential,1,burst_small,256,1846,20,90
latency,sequential,1,burst_small,256,1847,20,91
latency,sequential,1,burst_small,256,1848,20,100
latency,sequential,1,burst_small,256,1849,20,90
latency,sequential,1,burst_small,256,1850,20,100
latency,sequential,1,burst_small,256,1851,20,91
latency,sequential,1,burst_small,256,1852,20,90
latency,sequential,1,burst_small,256,1853,20,100
latency,sequential,1,burst_small,256,1854,20,90
latency,sequential,1,burst_small,256,1855,20,101
latency,sequential,1,burst_small,256,1856,20,90
latency,sequential,1,burst_small,256,1857,20,90
latency,sequential,1,burst_small,256,1858,20,101
latency,sequential,1,burst_small,256,1859,20,90
latency,sequential,1,burst_small,256,1860,10,90
latency,sequential,1,burst_small,256,1861,20,90
latency,sequential,1,burst_small,256,1862,20,91
latency,sequential,1,burst_small,256,1863,20,100
latency,sequential,1,burst_small,256,1864,20,90
latency,sequential,1,burst_small,256,1865,20,90
latency,sequential,1,burst_small,256,1866,20,101
latency,sequential,1,burst_small,256,1867,20,90
latency,sequential,1,burst_small,256,1868,20,100
latency,sequential,1,burst_small,256,1869,20,90
latency,sequential,1,burst_small,256,1870,20,90
latency,sequential,1,burst_small,256,1871,20,100
latency,sequential,1,burst_small,256,1872,20,90
latency,sequential,1,burst_small,256,1873,20,100
latency,sequential,1,burst_small,256,1874,20,90
latency,sequential,1,burst_small,256,1875,21,91
latency,sequential,1,burst_small,256,1876,20,100
latency,sequential,1,burst_small,256,1877,20,90
latency,sequential,1,burst_small,256,1878,10,90
latency,sequential,1,burst_small,256,1879,20,91
latency,sequential,1,burst_small,256,1880,20,90
latency,sequential,1,burst_small,256,1881,20,100
latency,sequential,1,burst_small,256,1882,20,90
latency,sequential,1,burst_small,256,1883,10,91
latency,sequential,1,burst_small,256,1884,20,90
latency,sequential,1,burst_small,256,1885,20,90
latency,sequential,1,burst_small,256,1886,20,100
latency,sequential,1,burst_small,256,1887,20,91
latency,sequential,1,burst_small,256,1888,20,90
latency,sequential,1,burst_small,256,1889,20,100
latency,sequential,1,burst_small,256,1890,20,90
latency,sequential,1,burst_small,256,1891,20,100
latency,sequential,1,burst_small,256,1892,20,90
latency,sequential,1,burst_small,256,1893,10,90
latency,sequential,1,burst_small,256,1894,20,90
latency,sequential,1,burst_small,256,1895,20,90
latency,sequential,1,burst_small,256,1896,20,100
latency,sequential,1,burst_small,256,1897,20,90
latency,sequential,1,burst_small,256,1898,10,90
latency,sequential,1,burst_small,256,1899,20,90
latency,sequential,1,burst_small,256,1900,21,91
latency,sequential,1,burst_small,256,1901,20,100
latency,sequential,1,burst_small,256,1902,20,90
latency,sequential,1,burst_small,256,1903,10,90
latency,sequential,1,burst_small,256,1904,20,91
latency,sequential,1,burst_small,256,1905,20,90
latency,sequential,1,burst_small,256,1906,20,100
latency,sequential,1,burst_small,256,1907,20,90
latency,sequential,1,burst_small,256,1908,10,91
latency,sequential,1,burst_small,256,1909,20,90
latency,sequential,1,burst_small,256,1910,20,90
latency,sequential,1,burst_small,256,1911,20,100
latency,sequential,1,burst_small,256,1912,20,91
latency,sequential,1,burst_small,256,1913,10,90
latency,sequential,1,burst_small,256,1914,20,90
latency,sequential,1,burst_small,256,1915,20,90
latency,sequential,1,burst_small,256,1916,20,100
latency,sequential,1,burst_small,256,1917,20,90
latency,sequential,1,burst_small,256,1918,10,90
latency,sequential,1,burst_small,256,1919,20,90
latency,sequential,1,burst_small,256,1920,20,90
latency,sequential,1,burst_small,256,1921,20,90
latency,sequential,1,burst_small,256,1922,20,90
latency,sequential,1,burst_small,256,1923,20,100
latency,sequential,1,burst_small,256,1924,20,90
latency,sequential,1,burst_small,256,1925,10,90
latency,sequential,1,burst_small,256,1926,20,90
latency,sequential,1,burst_small,256,1927,20,90
latency,sequential,1,burst_small,256,1928,21,101
latency,sequential,1,burst_small,256,1929,20,90
latency,sequential,1,burst_small,256,1930,20,100
latency,sequential,1,burst_small,256,1931,20,90
latency,sequential,1,burst_small,256,1932,20,91
latency,sequential,1,burst_small,256,1933,20,100
latency,sequential,1,burst_small,256,1934,20,90
latency,sequential,1,burst_small,256,1935,20,100
latency,sequential,1,burst_small,256,1936,20,91
latency,sequential,1,burst_small,256,1937,20,90
latency,sequential,1,burst_small,256,1938,20,100
latency,sequential,1,burst_small,256,1939,20,90
latency,sequential,1,burst_small,256,1940,20,101
latency,sequential,1,burst_small,256,1941,20,90
latency,sequential,1,burst_small,256,1942,20,90
latency,sequential,1,burst_small,256,1943,20,100
latency,sequential,1,burst_small,256,1944,20,90
latency,sequential,1,burst_small,256,1945,20,100
latency,sequential,1,burst_small,256,1946,20,90
latency,sequential,1,burst_small,256,1947,20,90
latency,sequential,1,burst_small,256,1948,20,100
latency,sequential,1,burst_small,256,1949,20,90
latency,sequential,1,burst_small,256,1950,20,100
latency,sequential,1,burst_small,256,1951,20,90
latency,sequential,1,burst_small,256,1952,20,90
latency,sequential,1,burst_small,256,1953,20,101
latency,sequential,1,burst_small,256,1954,20,90
latency,sequential,1,burst_small,256,1955,20,100
latency,sequential,1,burst_small,256,1956,20,90
latency,sequential,1,burst_small,256,1957,20,91
latency,sequential,1,burst_small,256,1958,20,100
latency,sequential,1,burst_small,256,1959,20,90
latency,sequential,1,burst_small,256,1960,20,100
latency,sequential,1,burst_small,256,1961,20,91
latency,sequential,1,burst_small,256,1962,20,90
latency,sequential,1,burst_small,256,1963,20,100
latency,sequential,1,burst_small,256,1964,20,90
latency,sequential,1,burst_small,256,1965,20,101
latency,sequential,1,burst_small,256,1966,20,90
latency,sequential,1,burst_small,256,1967,10,90
latency,sequential,1,burst_small,256,1968,20,90
latency,sequential,1,burst_small,256,1969,20,90
latency,sequential,1,burst_small,256,1970,20,100
latency,sequential,1,burst_small,256,1971,20,90
latency,sequential,1,burst_small,256,1972,10,90
latency,sequential,1,burst_small,256,1973,20,90
latency,sequential,1,burst_small,256,1974,21,91
latency,sequential,1,burst_small,256,1975,20,100
latency,sequential,1,burst_small,256,1976,20,90
latency,sequential,1,burst_small,256,1977,20,100
latency,sequential,1,burst_small,256,1978,20,91
latency,sequential,1,burst_small,256,1979,20,90
latency,sequential,1,burst_small,256,1980,20,100
latency,sequential,1,burst_small,256,1981,20,90
latency,sequential,1,burst_small,256,1982,20,101
latency,sequential,1,burst_small,256,1983,20,90
latency,sequential,1,burst_small,256,1984,20,90
latency,sequential,1,burst_small,256,1985,20,100
latency,sequential,1,burst_small,256,1986,20,91
latency,sequential,1,burst_small,256,1987,20,100
latency,sequential,1,burst_small,256,1988,20,90
latency,sequential,1,burst_small,256,1989,20,90
latency,sequential,1,burst_small,256,1990,20,90
latency,sequential,1,burst_small,256,1991,20,90
latency,sequential,1,burst_small,256,1992,20,100
latency,sequential,1,burst_small,256,1993,20,90
latency,sequential,1,burst_small,256,1994,10,90
latency,sequential,1,burst_small,256,1995,21,91
latency,sequential,1,burst_small,256,1996,20,90
latency,sequential,1,burst_small,256,1997,20,100
latency,sequential,1,burst_small,256,1998,20,90
latency,sequential,1,burst_small,256,1999,10,91
latency,sequential,1,burst_small,256,2000,20,90
latency,sequential,1,burst_small,256,2001,20,90
latency,sequential,1,burst_small,256,2002,20,100
latency,sequential,1,burst_small,256,2003,20,91
latency,sequential,1,burst_small,256,2004,20,100
latency,sequential,1,burst_small,256,2005,20,90
latency,sequential,1,burst_small,256,2006,20,90
latency,sequential,1,burst_small,256,2007,20,101
latency,sequential,1,burst_small,256,2008,20,90
latency,sequential,1,burst_small,256,2009,20,100
latency,sequential,1,burst_small,256,2010,20,90
latency,sequential,1,burst_small,256,2011,20,90
latency,sequential,1,burst_small,256,2012,20,100
latency,sequential,1,burst_small,256,2013,20,90
latency,sequential,1,burst_small,256,2014,20,100
latency,sequential,1,burst_small,256,2015,20,90
latency,sequential,1,burst_small,256,2016,20,90
latency,sequential,1,burst_small,256,2017,20,90
latency,sequential,1,burst_small,256,2018,20,90
latency,sequential,1,burst_small,256,2019,20,100
latency,sequential,1,burst_small,256,2020,21,91
latency,sequential,1,burst_small,256,2021,10,90
latency,sequential,1,burst_small,256,2022,20,90
latency,sequential,1,burst_small,256,2023,20,90
latency,sequential,1,burst_small,256,2024,20,101
latency,sequential,1,burst_small,256,2025,20,90
latency,sequential,1,burst_small,256,2026,20,100
latency,sequential,1,burst_small,256,2027,20,90
latency,sequential,1,burst_small,256,2028,20,91
latency,sequential,1,burst_small,256,2029,20,100
latency,sequential,1,burst_small,256,2030,20,90
latency,sequential,1,burst_small,256,2031,20,100
latency,sequential,1,burst_small,256,2032,20,91
latency,sequential,1,burst_small,256,2033,10,90
latency,sequential,1,burst_small,256,2034,20,90
latency,sequential,1,burst_small,256,2035,20,90
latency,sequential,1,burst_small,256,2036,20,100
latency,sequential,1,burst_small,256,2037,20,90
latency,sequential,1,burst_small,256,2038,20,100
latency,sequential,1,burst_small,256,2039,20,90
latency,sequential,1,burst_small,256,2040,20,90
latency,sequential,1,burst_small,256,2041,21,91
latency,sequential,1,burst_small,256,2042,20,90
latency,sequential,1,burst_small,256,2043,20,100
latency,sequential,1,burst_small,256,2044,20,90
latency,sequential,1,burst_small,256,2045,10,91
latency,sequential,1,burst_small,256,2046,20,90
latency,sequential,1,burst_small,256,2047,20,90
latency,sequential,1,burst_small,256,2048,61,161
latency,sequential,1,burst_small,256,2049,20,91
latency,sequential,1,burst_small,256,2050,20,90
latency,sequential,1,burst_small,256,2051,20,100
latency,sequential,1,burst_small,256,2052,20,90
latency,sequential,1,burst_small,256,2053,20,90
latency,sequential,1,burst_small,256,2054,20,90
latency,sequential,1,burst_small,256,2055,20,100
latency,sequential,1,burst_small,256,2056,20,90
latency,sequential,1,burst_small,256,2057,20,90
latency,sequential,1,burst_small,256,2058,20,90
latency,sequential,1,burst_small,256,2059,20,100
latency,sequential,1,burst_small,256,2060,20,90
latency,sequential,1,burst_small,256,2061,10,90
latency,sequential,1,burst_small,256,2062,20,90
latency,sequential,1,burst_small,256,2063,20,90
latency,sequential,1,burst_small,256,2064,21,101
latency,sequential,1,burst_small,256,2065,20,90
latency,sequential,1,burst_small,256,2066,20,100
latency,sequential,1,burst_small,256,2067,20,90
latency,sequential,1,burst_small,256,2068,11,91
latency,sequential,1,burst_small,256,2069,20,90
latency,sequential,1,burst_small,256,2070,20,90
latency,sequential,1,burst_small,256,2071,20,100
latency,sequential,1,burst_small,256,2072,20,91
latency,sequential,1,burst_small,256,2073,10,90
latency,sequential,1,burst_small,256,2074,20,100
latency,sequential,1,burst_small,256,2075,20,90
latency,sequential,1,burst_small,256,2076,20,101
latency,sequential,1,burst_small,256,2077,20,90
latency,sequential,1,burst_small,256,2078,10,90
latency,sequential,1,burst_small,256,2079,20,90
latency,sequential,1,burst_small,256,2080,20,91
latency,sequential,1,burst_small,256,2081,20,100
latency,sequential,1,burst_small,256,2082,20,90
latency,sequential,1,burst_small,256,2083,20,100
latency,sequential,1,burst_small,256,2084,20,91
latency,sequential,1,burst_small,256,2085,20,90
latency,sequential,1,burst_small,256,2086,20,100
latency,sequential,1,burst_small,256,2087,20,90
latency,sequential,1,burst_small,256,2088,20,100
latency,sequential,1,burst_small,256,2089,20,90
latency,sequential,1,burst_small,256,2090,20,90
latency,sequential,1,burst_small,256,2091,20,100
latency,sequential,1,burst_small,256,2092,20,90
latency,sequential,1,burst_small,256,2093,21,101
latency,sequential,1,burst_small,256,2094,20,90
latency,sequential,1,burst_small,256,2095,20,90
latency,sequential,1,burst_small,256,2096,20,100
latency,sequential,1,burst_small,256,2097,20,91
latency,sequential,1,burst_small,256,2098,20,100
latency,sequential,1,burst_small,256,2099,20,90
latency,sequential,1,burst_small,256,2100,20,90
latency,sequential,1,burst_small,256,2101,20,101
latency,sequential,1,burst_small,256,2102,20,90
latency,sequential,1,burst_small,256,2103,20,100
latency,sequential,1,burst_small,256,2104,20,90
latency,sequential,1,burst_small,256,2105,10,91
latency,sequential,1,burst_small,256,2106,20,100
latency,sequential,1,burst_small,256,2107,20,90
latency,sequential,1,burst_small,256,2108,20,100
latency,sequential,1,burst_small,256,2109,20,90
latency,sequential,1,burst_small,256,2110,10,90
latency,sequential,1,burst_small,256,2111,20,90
latency,sequential,1,burst_small,256,2112,20,90
latency,sequential,1,burst_small,256,2113,20,100
latency,sequential,1,burst_small,256,2114,20,90
latency,sequential,1,burst_small,256,2115,20,90
latency,sequential,1,burst_small,256,2116,20,101
latency,sequential,1,burst_small,256,2117,20,90
latency,sequential,1,burst_small,256,2118,20,100
latency,sequential,1,burst_small,256,2119,20,90
latency,sequential,1,burst_small,256,2120,10,91
latency,sequential,1,burst_small,256,2121,20,90
latency,sequential,1,burst_small,256,2122,20,90
latency,sequential,1,burst_small,256,2123,20,100
latency,sequential,1,burst_small,256,2124,20,90
latency,sequential,1,burst_small,256,2125,20,100
latency,sequential,1,burst_small,256,2126,20,90
latency,sequential,1,burst_small,256,2127,20,90
latency,sequential,1,burst_small,256,2128,20,100
latency,sequential,1,burst_small,256,2129,20,90
latency,sequential,1,burst_small,256,2130,20,100
latency,sequential,1,burst_small,256,2131,20,90
latency,sequential,1,burst_small,256,2132,20,90
latency,sequential,1,burst_small,256,2133,20,101
latency,sequential,1,burst_small,256,2134,20,90
latency,sequential,1,burst_small,256,2135,20,100
latency,sequential,1,burst_small,256,2136,20,90
latency,sequential,1,burst_small,256,2137,20,91
latency,sequential,1,burst_small,256,2138,20,100
latency,sequential,1,burst_small,256,2139,20,90
latency,sequential,1,burst_small,256,2140,20,100
latency,sequential,1,burst_small,256,2141,20,91
latency,sequential,1,burst_small,256,2142,10,90
latency,sequential,1,burst_small,256,2143,20,90
latency,sequential,1,burst_small,256,2144,20,90
latency,sequential,1,burst_small,256,2145,20,101
latency,sequential,1,burst_small,256,2146,20,90
latency,sequential,1,burst_small,256,2147,10,90
latency,sequential,1,burst_small,256,2148,20,90
latency,sequential,1,burst_small,256,2149,20,90
latency,sequential,1,burst_small,256,2150,20,100
latency,sequential,1,burst_small,256,2151,20,90
latency,sequential,1,burst_small,256,2152,10,90
latency,sequential,1,burst_small,256,2153,20,90
latency,sequential,1,burst_small,256,2154,21,91
latency,sequential,1,burst_small,256,2155,20,100
latency,sequential,1,burst_small,256,2156,20,90
latency,sequential,1,burst_small,256,2157,20,100
latency,sequential,1,burst_small,256,2158,20,91
latency,sequential,1,burst_small,256,2159,20,90
latency,sequential,1,burst_small,256,2160,20,100
latency,sequential,1,burst_small,256,2161,20,90
latency,sequential,1,burst_small,256,2162,20,101
latency,sequential,1,burst_small,256,2163,20,90
latency,sequential,1,burst_small,256,2164,10,90
latency,sequential,1,burst_small,256,2165,20,90
latency,sequential,1,burst_small,256,2166,20,91
latency,sequential,1,burst_small,256,2167,20,100
latency,sequential,1,burst_small,256,2168,20,90
latency,sequential,1,burst_small,256,2169,20,100
latency,sequential,1,burst_small,256,2170,20,90
latency,sequential,1,burst_small,256,2171,20,90
latency,sequential,1,burst_small,256,2172,20,100
latency,sequential,1,burst_small,256,2173,20,90
latency,sequential,1,burst_small,256,2174,20,100
latency,sequential,1,burst_small,256,2175,21,91
latency,sequential,1,burst_small,256,2176,10,90
latency,sequential,1,burst_small,256,2177,20,90
latency,sequential,1,burst_small,256,2178,20,100
latency,sequential,1,burst_small,256,2179,20,90
latency,sequential,1,burst_small,256,2180,20,90
latency,sequential,1,burst_small,256,2181,20,100
latency,sequential,1,burst_small,256,2182,20,90
latency,sequential,1,burst_small,256,2183,20,100
latency,sequential,1,burst_small,256,2184,20,90
latency,sequential,1,burst_small,256,2185,10,90
latency,sequential,1,burst_small,256,2186,21,91
latency,sequential,1,burst_small,256,2187,20,90
latency,sequential,1,burst_small,256,2188,20,100
latency,sequential,1,burst_small,256,2189,20,90
latency,sequential,1,burst_small,256,2190,20,101
latency,sequential,1,burst_small,256,2191,20,90
latency,sequential,1,burst_small,256,2192,20,90
latency,sequential,1,burst_small,256,2193,20,100
latency,sequential,1,burst_small,256,2194,20,91
latency,sequential,1,burst_small,256,2195,20,100
latency,sequential,1,burst_small,256,2196,20,90
latency,sequential,1,burst_small,256,2197,10,90
latency,sequential,1,burst_small,256,2198,20,91
latency,sequential,1,burst_small,256,2199,20,90
latency,sequential,1,burst_small,256,2200,20,100
latency,sequential,1,burst_small,256,2201,20,90
latency,sequential,1,burst_small,256,2202,20,100
latency,sequential,1,burst_small,256,2203,20,90
latency,sequential,1,burst_small,256,2204,20,90
latency,sequential,1,burst_small,256,2205,20,100
latency,sequential,1,burst_small,256,2206,20,90
latency,sequential,1,burst_small,256,2207,21,101
latency,sequential,1,burst_small,256,2208,20,90
latency,sequential,1,burst_small,256,2209,20,90
latency,sequential,1,burst_small,256,2210,20,100
latency,sequential,1,burst_small,256,2211,20,91
latency,sequential,1,burst_small,256,2212,20,100
latency,sequential,1,burst_small,256,2213,20,90
latency,sequential,1,burst_small,256,2214,10,90
latency,sequential,1,burst_small,256,2215,20,91
latency,sequential,1,burst_small,256,2216,20,90
latency,sequential,1,burst_small,256,2217,20,100
latency,sequential,1,burst_small,256,2218,20,90
latency,sequential,1,burst_small,256,2219,10,91
latency,sequential,1,burst_small,256,2220,20,90
latency,sequential,1,burst_small,256,2221,20,90
latency,sequential,1,burst_small,256,2222,20,100
latency,sequential,1,burst_small,256,2223,20,90
latency,sequential,1,burst_small,256,2224,10,90
latency,sequential,1,burst_small,256,2225,20,90
latency,sequential,1,burst_small,256,2226,20,90
latency,sequential,1,burst_small,256,2227,20,100
latency,sequential,1,burst_small,256,2228,20,90
latency,sequential,1,burst_small,256,2229,10,90
latency,sequential,1,burst_small,256,2230,20,90
latency,sequential,1,burst_small,256,2231,20,90
latency,sequential,1,burst_small,256,2232,20,101
latency,sequential,1,burst_small,256,2233,20,90
latency,sequential,1,burst_small,256,2234,10,90
latency,sequential,1,burst_small,256,2235,20,90
latency,sequential,1,burst_small,256,2236,20,91
latency,sequential,1,burst_small,256,2237,20,100
latency,sequential,1,burst_small,256,2238,20,90
latency,sequential,1,burst_small,256,2239,10,90
latency,sequential,1,burst_small,256,2240,20,91
latency,sequential,1,burst_small,256,2241,20,90
latency,sequential,1,burst_small,256,2242,20,100
latency,sequential,1,burst_small,256,2243,20,90
latency,sequential,1,burst_small,256,2244,10,91
latency,sequential,1,burst_small,256,2245,20,90
latency,sequential,1,burst_small,256,2246,20,90
latency,sequential,1,burst_small,256,2247,20,100
latency,sequential,1,burst_small,256,2248,20,90
latency,sequential,1,burst_small,256,2249,10,90
latency,sequential,1,burst_small,256,2250,20,90
latency,sequential,1,burst_small,256,2251,20,90
latency,sequential,1,burst_small,256,2252,20,100
latency,sequential,1,burst_small,256,2253,21,91
latency,sequential,1,burst_small,256,2254,20,90
latency,sequential,1,burst_small,256,2255,20,100
latency,sequential,1,burst_small,256,2256,20,90
latency,sequential,1,burst_small,256,2257,20,101
latency,sequential,1,burst_small,256,2258,20,90
latency,sequential,1,burst_small,256,2259,20,90
latency,sequential,1,burst_small,256,2260,20,100
latency,sequential,1,burst_small,256,2261,20,91
latency,sequential,1,burst_small,256,2262,20,100
latency,sequential,1,burst_small,256,2263,20,90
latency,sequential,1,burst_small,256,2264,20,90
latency,sequential,1,burst_small,256,2265,20,101
latency,sequential,1,burst_small,256,2266,20,90
latency,sequential,1,burst_small,256,2267,10,90
latency,sequential,1,burst_small,256,2268,20,90
latency,sequential,1,burst_small,256,2269,20,90
latency,sequential,1,burst_small,256,2270,20,100
latency,sequential,1,burst_small,256,2271,20,90
latency,sequential,1,burst_small,256,2272,20,90
latency,sequential,1,burst_small,256,2273,20,100
latency,sequential,1,burst_small,256,2274,20,90
latency,sequential,1,burst_small,256,2275,20,100
latency,sequential,1,burst_small,256,2276,20,90
latency,sequential,1,burst_small,256,2277,20,90
latency,sequential,1,burst_small,256,2278,20,101
latency,sequential,1,burst_small,256,2279,20,90
latency,sequential,1,burst_small,256,2280,10,90
latency,sequential,1,burst_small,256,2281,20,100
latency,sequential,1,burst_small,256,2282,20,91
latency,sequential,1,burst_small,256,2283,20,100
latency,sequential,1,burst_small,256,2284,20,90
latency,sequential,1,burst_small,256,2285,20,90
latency,sequential,1,burst_small,256,2286,20,101
latency,sequential,1,burst_small,256,2287,20,90
latency,sequential,1,burst_small,256,2288,20,100
latency,sequential,1,burst_small,256,2289,20,90
latency,sequential,1,burst_small,256,2290,20,91
latency,sequential,1,burst_small,256,2291,20,100
latency,sequential,1,burst_small,256,2292,20,90
latency,sequential,1,burst_small,256,2293,20,100
latency,sequential,1,burst_small,256,2294,20,90
latency,sequential,1,burst_small,256,2295,20,90
latency,sequential,1,burst_small,256,2296,20,100
latency,sequential,1,burst_small,256,2297,20,90
latency,sequential,1,burst_small,256,2298,20,100
latency,sequential,1,burst_small,256,2299,21,91
latency,sequential,1,burst_small,256,2300,20,90
latency,sequential,1,burst_small,256,2301,20,100
latency,sequential,1,burst_small,256,2302,20,90
latency,sequential,1,burst_small,256,2303,20,101
