mode,engine,workers,scenario,n,sample,dispatch_ns,completion_ns
latency,weave,4,burst_small,256,0,160373,160503
latency,weave,4,burst_small,256,1,72683,72824
latency,weave,4,burst_small,256,2,305164,305294
latency,weave,4,burst_small,256,3,138327,138407
latency,weave,4,burst_small,256,4,27709,27789
latency,weave,4,burst_small,256,5,27238,27308
latency,weave,4,burst_small,256,6,27467,27548
latency,weave,4,burst_small,256,7,27638,27708
latency,weave,4,burst_small,256,8,27798,27869
latency,weave,4,burst_small,256,9,28049,28119
latency,weave,4,burst_small,256,10,28200,28280
latency,weave,4,burst_small,256,11,28339,28409
latency,weave,4,burst_small,256,12,28500,28570
latency,weave,4,burst_small,256,13,28560,28630
latency,weave,4,burst_small,256,14,28721,28801
latency,weave,4,burst_small,256,15,28880,28960
latency,weave,4,burst_small,256,16,29051,29121
latency,weave,4,burst_small,256,17,29301,29371
latency,weave,4,burst_small,256,18,29462,29532
latency,weave,4,burst_small,256,19,48012,48152
latency,weave,4,burst_small,256,20,49173,49243
latency,weave,4,burst_small,256,21,49294,49364
latency,weave,4,burst_small,256,22,49484,49565
latency,weave,4,burst_small,256,23,49665,49745
latency,weave,4,burst_small,256,24,49834,49915
latency,weave,4,burst_small,256,25,50025,50095
latency,weave,4,burst_small,256,26,50195,50276
latency,weave,4,burst_small,256,27,50366,50446
latency,weave,4,burst_small,256,28,50527,50597
latency,weave,4,burst_small,256,29,50586,50666
latency,weave,4,burst_small,256,30,50767,50847
latency,weave,4,burst_small,256,31,50937,51007
latency,weave,4,burst_small,256,32,51078,51158
latency,weave,4,burst_small,256,33,51548,51628
latency,weave,4,burst_small,256,34,51838,51909
latency,weave,4,burst_small,256,35,69217,69337
latency,weave,4,burst_small,256,36,69793,69923
latency,weave,4,burst_small,256,37,69918,69988
latency,weave,4,burst_small,256,38,70293,70363
latency,weave,4,burst_small,256,39,70309,70389
latency,weave,4,burst_small,256,40,70394,70464
latency,weave,4,burst_small,256,41,70440,70510
latency,weave,4,burst_small,256,42,70473,70554
latency,weave,4,burst_small,256,43,70549,70619
latency,weave,4,burst_small,256,44,70594,70664
latency,weave,4,burst_small,256,45,70489,70569
latency,weave,4,burst_small,256,46,70514,70594
latency,weave,4,burst_small,256,47,70619,70720
latency,weave,4,burst_small,256,48,70604,70684
latency,weave,4,burst_small,256,49,70860,70930
latency,weave,4,burst_small,256,50,70874,70944
latency,weave,4,burst_small,256,51,71020,71090
latency,weave,4,burst_small,256,52,149689,149809
latency,weave,4,burst_small,256,53,10927,10997
latency,weave,4,burst_small,256,54,10375,10446
latency,weave,4,burst_small,256,55,10516,10596
latency,weave,4,burst_small,256,56,10996,11076
latency,weave,4,burst_small,256,57,14077,14217
latency,weave,4,burst_small,256,58,15009,15079
latency,weave,4,burst_small,256,59,15315,15455
latency,weave,4,burst_small,256,60,15169,15249
latency,weave,4,burst_small,256,61,15260,15330
latency,weave,4,burst_small,256,62,15805,15875
latency,weave,4,burst_small,256,63,15830,15910
latency,weave,4,burst_small,256,64,15966,16036
latency,weave,4,burst_small,256,65,15961,16041
latency,weave,4,burst_small,256,66,16692,16763
latency,weave,4,burst_small,256,67,16737,16807
latency,weave,4,burst_small,256,68,16792,16872
latency,weave,4,burst_small,256,69,16647,16728
latency,weave,4,burst_small,256,70,16692,16762
latency,weave,4,burst_small,256,71,16757,16827
latency,weave,4,burst_small,256,72,16842,16912
latency,weave,4,burst_small,256,73,16878,16958
latency,weave,4,burst_small,256,74,16933,17003
latency,weave,4,burst_small,256,75,16977,17047
latency,weave,4,burst_small,256,76,17022,17093
latency,weave,4,burst_small,256,77,16938,17008
latency,weave,4,burst_small,256,78,17569,17639
latency,weave,4,burst_small,256,79,17729,17799
latency,weave,4,burst_small,256,80,17890,17960
latency,weave,4,burst_small,256,81,18100,18180
latency,weave,4,burst_small,256,82,18260,18340
latency,weave,4,burst_small,256,83,18410,18490
latency,weave,4,burst_small,256,84,18511,18581
latency,weave,4,burst_small,256,85,18701,18781
latency,weave,4,burst_small,256,86,18861,18931
latency,weave,4,burst_small,256,87,19041,19121
latency,weave,4,burst_small,256,88,19222,19292
latency,weave,4,burst_small,256,89,19382,19463
latency,weave,4,burst_small,256,90,19563,19643
latency,weave,4,burst_small,256,91,19742,19813
latency,weave,4,burst_small,256,92,19823,19903
latency,weave,4,burst_small,256,93,20003,20074
latency,weave,4,burst_small,256,94,20184,20254
latency,weave,4,burst_small,256,95,20324,20405
latency,weave,4,burst_small,256,96,20484,20564
latency,weave,4,burst_small,256,97,20644,20725
latency,weave,4,burst_small,256,98,20795,20865
latency,weave,4,burst_small,256,99,20945,21026
latency,weave,4,burst_small,256,100,21005,21075
latency,weave,4,burst_small,256,101,21165,21236
latency,weave,4,burst_small,256,102,21316,21396
latency,weave,4,burst_small,256,103,21486,21567
latency,weave,4,burst_small,256,104,21657,21737
latency,weave,4,burst_small,256,105,21887,21967
latency,weave,4,burst_small,256,106,22047,22117
latency,weave,4,burst_small,256,107,22218,22298
latency,weave,4,burst_small,256,108,22187,22257
latency,weave,4,burst_small,256,109,22348,22428
latency,weave,4,burst_small,256,110,22508,22578
latency,weave,4,burst_small,256,111,22639,22709
latency,weave,4,burst_small,256,112,22638,22718
latency,weave,4,burst_small,256,113,22779,22849
latency,weave,4,burst_small,256,114,22929,22999
latency,weave,4,burst_small,256,115,23060,23130
latency,weave,4,burst_small,256,116,20815,20885
latency,weave,4,burst_small,256,117,20926,20996
latency,weave,4,burst_small,256,118,20985,21065
latency,weave,4,burst_small,256,119,20835,20915
latency,weave,4,burst_small,256,120,34656,34786
latency,weave,4,burst_small,256,121,249327,249468
latency,weave,4,burst_small,256,122,169421,169561
latency,weave,4,burst_small,256,123,79800,79931
latency,weave,4,burst_small,256,124,75308,75448
latency,weave,4,burst_small,256,125,19713,19793
latency,weave,4,burst_small,256,126,19041,19111
latency,weave,4,burst_small,256,127,19182,19262
latency,weave,4,burst_small,256,128,19322,19393
latency,weave,4,burst_small,256,129,19763,19844
latency,weave,4,burst_small,256,130,19943,20023
latency,weave,4,burst_small,256,131,20264,20334
latency,weave,4,burst_small,256,132,20434,20505
latency,weave,4,burst_small,256,133,20304,20384
latency,weave,4,burst_small,256,134,20454,20535
latency,weave,4,burst_small,256,135,20605,20685
latency,weave,4,burst_small,256,136,20785,20856
latency,weave,4,burst_small,256,137,21066,21136
latency,weave,4,burst_small,256,138,21206,21276
latency,weave,4,burst_small,256,139,21356,21426
latency,weave,4,burst_small,256,140,21527,21597
latency,weave,4,burst_small,256,141,21596,21666
latency,weave,4,burst_small,256,142,21877,21957
latency,weave,4,burst_small,256,143,37527,37657
latency,weave,4,burst_small,256,144,41224,41364
latency,weave,4,burst_small,256,145,42471,42611
latency,weave,4,burst_small,256,146,49524,49664
latency,weave,4,burst_small,256,147,70519,70639
latency,weave,4,burst_small,256,148,70870,70950
latency,weave,4,burst_small,256,149,70920,70991
latency,weave,4,burst_small,256,150,71090,71160
latency,weave,4,burst_small,256,151,71261,71331
latency,weave,4,burst_small,256,152,71421,71501
latency,weave,4,burst_small,256,153,71571,71642
latency,weave,4,burst_small,256,154,71712,71782
latency,weave,4,burst_small,256,155,71881,71952
latency,weave,4,burst_small,256,156,72022,72092
latency,weave,4,burst_small,256,157,72082,72153
latency,weave,4,burst_small,256,158,72213,72293
latency,weave,4,burst_small,256,159,72382,72453
latency,weave,4,burst_small,256,160,72543,72613
latency,weave,4,burst_small,256,161,72693,72764
latency,weave,4,burst_small,256,162,72844,72924
latency,weave,4,burst_small,256,163,73004,73075
latency,weave,4,burst_small,256,164,73164,73244
latency,weave,4,burst_small,256,165,73234,73305
latency,weave,4,burst_small,256,166,73375,73445
latency,weave,4,burst_small,256,167,73525,73605
latency,weave,4,burst_small,256,168,73675,73745
latency,weave,4,burst_small,256,169,73815,73895
latency,weave,4,burst_small,256,170,73966,74036
latency,weave,4,burst_small,256,171,74166,74237
latency,weave,4,burst_small,256,172,74317,74397
latency,weave,4,burst_small,256,173,74396,74467
latency,weave,4,burst_small,256,174,74577,74647
latency,weave,4,burst_small,256,175,74757,74828
latency,weave,4,burst_small,256,176,75489,75559
latency,weave,4,burst_small,256,177,75629,75699
latency,weave,4,burst_small,256,178,75769,75839
latency,weave,4,burst_small,256,179,75909,75980
latency,weave,4,burst_small,256,180,76070,76140
latency,weave,4,burst_small,256,181,76300,76370
latency,weave,4,burst_small,256,182,76430,76500
latency,weave,4,burst_small,256,183,76581,76661
latency,weave,4,burst_small,256,184,76731,76811
latency,weave,4,burst_small,256,185,76882,76952
latency,weave,4,burst_small,256,186,77141,77222
latency,weave,4,burst_small,256,187,77292,77362
latency,weave,4,burst_small,256,188,77422,77503
latency,weave,4,burst_small,256,189,77493,77573
latency,weave,4,burst_small,256,190,77662,77743
latency,weave,4,burst_small,256,191,77933,78013
latency,weave,4,burst_small,256,192,78104,78174
latency,weave,4,burst_small,256,193,78244,78314
latency,weave,4,burst_small,256,194,78405,78475
latency,weave,4,burst_small,256,195,78584,78654
latency,weave,4,burst_small,256,196,78845,78915
latency,weave,4,burst_small,256,197,78805,78876
latency,weave,4,burst_small,256,198,78945,79015
latency,weave,4,burst_small,256,199,79085,79165
latency,weave,4,burst_small,256,200,79256,79336
latency,weave,4,burst_small,256,201,79517,79597
latency,weave,4,burst_small,256,202,79667,79737
latency,weave,4,burst_small,256,203,79807,79887
latency,weave,4,burst_small,256,204,79967,80037
latency,weave,4,burst_small,256,205,79807,79877
latency,weave,4,burst_small,256,206,79937,80017
latency,weave,4,burst_small,256,207,80098,80168
latency,weave,4,burst_small,256,208,80278,80348
latency,weave,4,burst_small,256,209,80418,80488
latency,weave,4,burst_small,256,210,80568,80648
latency,weave,4,burst_small,256,211,80709,80789
latency,weave,4,burst_small,256,212,80879,80959
latency,weave,4,burst_small,256,213,80789,80869
latency,weave,4,burst_small,256,214,80959,81029
latency,weave,4,burst_small,256,215,81130,81200
latency,weave,4,burst_small,256,216,81270,81350
latency,weave,4,burst_small,256,217,81440,81510
latency,weave,4,burst_small,256,218,81580,81660
latency,weave,4,burst_small,256,219,81751,81831
latency,weave,4,burst_small,256,220,81911,81981
latency,weave,4,burst_small,256,221,81970,82051
latency,weave,4,burst_small,256,222,82121,82201
latency,weave,4,burst_small,256,223,82271,82342
latency,weave,4,burst_small,256,224,82422,82502
latency,weave,4,burst_small,256,225,82572,82653
latency,weave,4,burst_small,256,226,82722,82792
latency,weave,4,burst_small,256,227,82872,82953
latency,weave,4,burst_small,256,228,83033,83103
latency,weave,4,burst_small,256,229,83093,83163
latency,weave,4,burst_small,256,230,83234,83314
latency,weave,4,burst_small,256,231,83393,83463
latency,weave,4,burst_small,256,232,83544,83614
latency,weave,4,burst_small,256,233,83684,83764
latency,weave,4,burst_small,256,234,83845,83915
latency,weave,4,burst_small,256,235,83995,84075
latency,weave,4,burst_small,256,236,84155,84225
latency,weave,4,burst_small,256,237,84215,84285
latency,weave,4,burst_small,256,238,84356,84436
latency,weave,4,burst_small,256,239,84516,84596
latency,weave,4,burst_small,256,240,84666,84736
latency,weave,4,burst_small,256,241,84806,84876
latency,weave,4,burst_small,256,242,84967,85037
latency,weave,4,burst_small,256,243,85107,85177
latency,weave,4,burst_small,256,244,85258,85328
latency,weave,4,burst_small,256,245,85297,85367
latency,weave,4,burst_small,256,246,85438,85518
latency,weave,4,burst_small,256,247,85598,85668
latency,weave,4,burst_small,256,248,85749,85829
latency,weave,4,burst_small,256,249,85908,85978
latency,weave,4,burst_small,256,250,86059,86129
latency,weave,4,burst_small,256,251,86209,86289
latency,weave,4,burst_small,256,252,86369,86450
latency,weave,4,burst_small,256,253,86409,86479
latency,weave,4,burst_small,256,254,86559,86640
latency,weave,4,burst_small,256,255,86710,86780
latency,weave,4,burst_small,256,256,35497,35637
latency,weave,4,burst_small,256,257,46448,46588
latency,weave,4,burst_small,256,258,57123,57263
latency,weave,4,burst_small,256,259,159988,160129
latency,weave,4,burst_small,256,260,57124,57254
latency,weave,4,burst_small,256,261,445940,446080
latency,weave,4,burst_small,256,262,173003,173103
latency,weave,4,burst_small,256,263,31806,31886
latency,weave,4,burst_small,256,264,31506,31576
latency,weave,4,burst_small,256,265,32056,32136
latency,weave,4,burst_small,256,266,32317,32397
latency,weave,4,burst_small,256,267,32547,32628
latency,weave,4,burst_small,256,268,32848,32918
latency,weave,4,burst_small,256,269,32918,32988
latency,weave,4,burst_small,256,270,33129,33209
latency,weave,4,burst_small,256,271,33389,33459
latency,weave,4,burst_small,256,272,33599,33669
latency,weave,4,burst_small,256,273,33930,34000
latency,weave,4,burst_small,256,274,34681,34761
latency,weave,4,burst_small,256,275,34822,34902
latency,weave,4,burst_small,256,276,34982,35062
latency,weave,4,burst_small,256,277,35082,35152
latency,weave,4,burst_small,256,278,35222,35302
latency,weave,4,burst_small,256,279,35373,35443
latency,weave,4,burst_small,256,280,35513,35583
latency,weave,4,burst_small,256,281,35653,35733
latency,weave,4,burst_small,256,282,35813,35893
latency,weave,4,burst_small,256,283,35974,36054
latency,weave,4,burst_small,256,284,36134,36204
latency,weave,4,burst_small,256,285,36194,36274
latency,weave,4,burst_small,256,286,36354,36424
latency,weave,4,burst_small,256,287,38804,38944
latency,weave,4,burst_small,256,288,39285,39425
latency,weave,4,burst_small,256,289,39756,39826
latency,weave,4,burst_small,256,290,39995,40076
latency,weave,4,burst_small,256,291,40407,40477
latency,weave,4,burst_small,256,292,40717,40828
latency,weave,4,burst_small,256,293,40603,40683
latency,weave,4,burst_small,256,294,40787,40867
latency,weave,4,burst_small,256,295,40797,40868
latency,weave,4,burst_small,256,296,40763,40833
latency,weave,4,burst_small,256,297,40868,40948
latency,weave,4,burst_small,256,298,40958,41038
latency,weave,4,burst_small,256,299,41033,41103
latency,weave,4,burst_small,256,300,41078,41148
latency,weave,4,burst_small,256,301,41048,41118
latency,weave,4,burst_small,256,302,41144,41214
latency,weave,4,burst_small,256,303,41198,41268
latency,weave,4,burst_small,256,304,41238,41308
latency,weave,4,burst_small,256,305,41184,41254
latency,weave,4,burst_small,256,306,41198,41269
latency,weave,4,burst_small,256,307,41359,41449
latency,weave,4,burst_small,256,308,41388,41468
latency,weave,4,burst_small,256,309,41224,41294
latency,weave,4,burst_small,256,310,41599,41670
latency,weave,4,burst_small,256,311,41860,41950
latency,weave,4,burst_small,256,312,41925,41995
latency,weave,4,burst_small,256,313,41930,42010
latency,weave,4,burst_small,256,314,42116,42196
latency,weave,4,burst_small,256,315,42230,42311
latency,weave,4,burst_small,256,316,42437,42507
latency,weave,4,burst_small,256,317,42361,42441
latency,weave,4,burst_small,256,318,42401,42471
latency,weave,4,burst_small,256,319,42366,42436
latency,weave,4,burst_small,256,320,42380,42450
latency,weave,4,burst_small,256,321,42440,42510
latency,weave,4,burst_small,256,322,42446,42516
latency,weave,4,burst_small,256,323,42847,42927
latency,weave,4,burst_small,256,324,42922,42992
latency,weave,4,burst_small,256,325,42911,42981
latency,weave,4,burst_small,256,326,42977,43047
latency,weave,4,burst_small,256,327,43022,43092
latency,weave,4,burst_small,256,328,43052,43132
latency,weave,4,burst_small,256,329,43057,43127
latency,weave,4,burst_small,256,330,43062,43142
latency,weave,4,burst_small,256,331,43162,43242
latency,weave,4,burst_small,256,332,43268,43338
latency,weave,4,burst_small,256,333,43282,43362
latency,weave,4,burst_small,256,334,43312,43382
latency,weave,4,burst_small,256,335,43338,43408
latency,weave,4,burst_small,256,336,43393,43463
latency,weave,4,burst_small,256,337,43383,43463
latency,weave,4,burst_small,256,338,43378,43478
latency,weave,4,burst_small,256,339,43663,43743
latency,weave,4,burst_small,256,340,45356,45426
latency,weave,4,burst_small,256,341,45327,45407
latency,weave,4,burst_small,256,342,45456,45556
latency,weave,4,burst_small,256,343,28564,28644
latency,weave,4,burst_small,256,344,28334,28404
latency,weave,4,burst_small,256,345,28304,28374
latency,weave,4,burst_small,256,346,28484,28565
latency,weave,4,burst_small,256,347,28465,28535
latency,weave,4,burst_small,256,348,28574,28654
latency,weave,4,burst_small,256,349,28374,28445
latency,weave,4,burst_small,256,350,28674,28744
latency,weave,4,burst_small,256,351,29035,29105
latency,weave,4,burst_small,256,352,29095,29165
latency,weave,4,burst_small,256,353,29296,29366
latency,weave,4,burst_small,256,354,29436,29506
latency,weave,4,burst_small,256,355,29506,29586
latency,weave,4,burst_small,256,356,29772,29842
latency,weave,4,burst_small,256,357,29983,30053
latency,weave,4,burst_small,256,358,30193,30263
latency,weave,4,burst_small,256,359,30343,30413
latency,weave,4,burst_small,256,360,30483,30553
latency,weave,4,burst_small,256,361,30614,30684
latency,weave,4,burst_small,256,362,30754,30824
latency,weave,4,burst_small,256,363,30904,30974
latency,weave,4,burst_small,256,364,30785,30865
latency,weave,4,burst_small,256,365,30794,30895
latency,weave,4,burst_small,256,366,30954,31024
latency,weave,4,burst_small,256,367,31005,31085
latency,weave,4,burst_small,256,368,31134,31215
latency,weave,4,burst_small,256,369,31325,31405
latency,weave,4,burst_small,256,370,31586,31686
latency,weave,4,burst_small,256,371,31826,31906
latency,weave,4,burst_small,256,372,31736,31806
latency,weave,4,burst_small,256,373,32026,32106
latency,weave,4,burst_small,256,374,32127,32217
latency,weave,4,burst_small,256,375,32588,32668
latency,weave,4,burst_small,256,376,32718,32788
latency,weave,4,burst_small,256,377,32988,33069
latency,weave,4,burst_small,256,378,33228,33308
latency,weave,4,burst_small,256,379,34536,34676
latency,weave,4,burst_small,256,380,35202,35272
latency,weave,4,burst_small,256,381,35397,35467
latency,weave,4,burst_small,256,382,35794,35864
latency,weave,4,burst_small,256,383,35717,35798
latency,weave,4,burst_small,256,384,35753,35823
latency,weave,4,burst_small,256,385,35828,35929
latency,weave,4,burst_small,256,386,35814,35884
latency,weave,4,burst_small,256,387,36058,36138
latency,weave,4,burst_small,256,388,35774,35844
latency,weave,4,burst_small,256,389,19627,19697
latency,weave,4,burst_small,256,390,19067,19147
latency,weave,4,burst_small,256,391,16311,16391
latency,weave,4,burst_small,256,392,16341,16421
latency,weave,4,burst_small,256,393,16351,16422
latency,weave,4,burst_small,256,394,16231,16311
latency,weave,4,burst_small,256,395,16351,16431
latency,weave,4,burst_small,256,396,13747,13817
latency,weave,4,burst_small,256,397,13716,13796
latency,weave,4,burst_small,256,398,13767,13877
latency,weave,4,burst_small,256,399,13601,13681
latency,weave,4,burst_small,256,400,13887,13967
latency,weave,4,burst_small,256,401,13201,13281
latency,weave,4,burst_small,256,402,13245,13315
latency,weave,4,burst_small,256,403,13356,13436
latency,weave,4,burst_small,256,404,13295,13365
latency,weave,4,burst_small,256,405,13356,13426
latency,weave,4,burst_small,256,406,13525,13606
latency,weave,4,burst_small,256,407,13746,13846
latency,weave,4,burst_small,256,408,14117,14207
latency,weave,4,burst_small,256,409,14102,14212
latency,weave,4,burst_small,256,410,14217,14307
latency,weave,4,burst_small,256,411,14488,14568
latency,weave,4,burst_small,256,412,14438,14508
latency,weave,4,burst_small,256,413,14538,14618
latency,weave,4,burst_small,256,414,14598,14668
latency,weave,4,burst_small,256,415,14688,14768
latency,weave,4,burst_small,256,416,14638,14708
latency,weave,4,burst_small,256,417,49364,49494
latency,weave,4,burst_small,256,418,14819,14889
latency,weave,4,burst_small,256,419,14864,14934
latency,weave,4,burst_small,256,420,15119,15219
latency,weave,4,burst_small,256,421,8616,8687
latency,weave,4,burst_small,256,422,9274,9344
latency,weave,4,burst_small,256,423,9594,9664
latency,weave,4,burst_small,256,424,10135,10205
latency,weave,4,burst_small,256,425,10255,10325
latency,weave,4,burst_small,256,426,7430,7510
latency,weave,4,burst_small,256,427,7540,7620
latency,weave,4,burst_small,256,428,7594,7664
latency,weave,4,burst_small,256,429,7755,7835
latency,weave,4,burst_small,256,430,6027,6097
latency,weave,4,burst_small,256,431,6549,6619
latency,weave,4,burst_small,256,432,8586,8667
latency,weave,4,burst_small,256,433,8877,8948
latency,weave,4,burst_small,256,434,8743,8823
latency,weave,4,burst_small,256,435,7771,7841
latency,weave,4,burst_small,256,436,7850,7921
latency,weave,4,burst_small,256,437,7494,7575
latency,weave,4,burst_small,256,438,7360,7440
latency,weave,4,burst_small,256,439,7544,7665
latency,weave,4,burst_small,256,440,7925,8006
latency,weave,4,burst_small,256,441,8186,8267
latency,weave,4,burst_small,256,442,8075,8145
latency,weave,4,burst_small,256,443,8546,8627
latency,weave,4,burst_small,256,444,8877,8947
latency,weave,4,burst_small,256,445,8176,8256
latency,weave,4,burst_small,256,446,8026,8096
latency,weave,4,burst_small,256,447,7815,7895
latency,weave,4,burst_small,256,448,7645,7725
latency,weave,4,burst_small,256,449,7445,7515
latency,weave,4,burst_small,256,450,7184,7264
latency,weave,4,burst_small,256,451,6293,6363
latency,weave,4,burst_small,256,452,6383,6483
latency,weave,4,burst_small,256,453,6057,6138
latency,weave,4,burst_small,256,454,3877,3947
latency,weave,4,burst_small,256,455,7811,7881
latency,weave,4,burst_small,256,456,27763,27893
latency,weave,4,burst_small,256,457,127687,127828
latency,weave,4,burst_small,256,458,88478,88618
latency,weave,4,burst_small,256,459,68409,68550
latency,weave,4,burst_small,256,460,96403,96543
latency,weave,4,burst_small,256,461,120779,120919
latency,weave,4,burst_small,256,462,48272,48402
latency,weave,4,burst_small,256,463,48152,48222
latency,weave,4,burst_small,256,464,48322,48402
latency,weave,4,burst_small,256,465,48483,48553
latency,weave,4,burst_small,256,466,48662,48732
latency,weave,4,burst_small,256,467,48803,48883
latency,weave,4,burst_small,256,468,48612,48692
latency,weave,4,burst_small,256,469,48773,48843
latency,weave,4,burst_small,256,470,48913,48983
latency,weave,4,burst_small,256,471,49064,49144
latency,weave,4,burst_small,256,472,49244,49314
latency,weave,4,burst_small,256,473,49414,49484
latency,weave,4,burst_small,256,474,49564,49644
latency,weave,4,burst_small,256,475,49735,49805
latency,weave,4,burst_small,256,476,49775,49845
latency,weave,4,burst_small,256,477,49925,49995
latency,weave,4,burst_small,256,478,50095,50165
latency,weave,4,burst_small,256,479,50276,50346
latency,weave,4,burst_small,256,480,50416,50496
latency,weave,4,burst_small,256,481,50577,50647
latency,weave,4,burst_small,256,482,50726,50806
latency,weave,4,burst_small,256,483,50887,50957
latency,weave,4,burst_small,256,484,50917,50987
latency,weave,4,burst_small,256,485,51068,51138
latency,weave,4,burst_small,256,486,51207,51287
latency,weave,4,burst_small,256,487,51368,51438
latency,weave,4,burst_small,256,488,51528,51608
latency,weave,4,burst_small,256,489,51678,51759
latency,weave,4,burst_small,256,490,51829,51899
latency,weave,4,burst_small,256,491,51998,52069
latency,weave,4,burst_small,256,492,52029,52109
latency,weave,4,burst_small,256,493,52189,52260
latency,weave,4,burst_small,256,494,52340,52410
latency,weave,4,burst_small,256,495,52509,52580
latency,weave,4,burst_small,256,496,52670,52740
latency,weave,4,burst_small,256,497,126896,127037
latency,weave,4,burst_small,256,498,52820,52891
latency,weave,4,burst_small,256,499,53091,53161
latency,weave,4,burst_small,256,500,53818,53888
latency,weave,4,burst_small,256,501,53712,53792
latency,weave,4,burst_small,256,502,53888,53958
latency,weave,4,burst_small,256,503,53903,53973
latency,weave,4,burst_small,256,504,54048,54119
latency,weave,4,burst_small,256,505,54032,54102
latency,weave,4,burst_small,256,506,54178,54278
latency,weave,4,burst_small,256,507,54213,54283
latency,weave,4,burst_small,256,508,54349,54449
latency,weave,4,burst_small,256,509,54213,54283
latency,weave,4,burst_small,256,510,54338,54419
latency,weave,4,burst_small,256,511,54424,54504
latency,weave,4,burst_small,256,512,71486,71616
latency,weave,4,burst_small,256,513,52174,52305
latency,weave,4,burst_small,256,514,89450,89590
latency,weave,4,burst_small,256,515,112453,112594
latency,weave,4,burst_small,256,516,83277,83418
latency,weave,4,burst_small,256,517,65935,66076
latency,weave,4,burst_small,256,518,76505,76635
latency,weave,4,burst_small,256,519,70614,70744
latency,weave,4,burst_small,256,520,66231,66372
latency,weave,4,burst_small,256,521,71326,71446
latency,weave,4,burst_small,256,522,71827,71957
latency,weave,4,burst_small,256,523,72903,73033
latency,weave,4,burst_small,256,524,74671,74802
latency,weave,4,burst_small,256,525,22628,22759
latency,weave,4,burst_small,256,526,22528,22648
latency,weave,4,burst_small,256,527,32141,32281
latency,weave,4,burst_small,256,528,2986,3056
latency,weave,4,burst_small,256,529,1703,1774
latency,weave,4,burst_small,256,530,10570,10710
latency,weave,4,burst_small,256,531,11522,11602
latency,weave,4,burst_small,256,532,11331,11411
latency,weave,4,burst_small,256,533,11432,11502
latency,weave,4,burst_small,256,534,11592,11662
latency,weave,4,burst_small,256,535,11752,11832
latency,weave,4,burst_small,256,536,11872,11942
latency,weave,4,burst_small,256,537,11773,11843
latency,weave,4,burst_small,256,538,19848,19978
latency,weave,4,burst_small,256,539,25689,25829
latency,weave,4,burst_small,256,540,22884,23014
latency,weave,4,burst_small,256,541,23891,24031
latency,weave,4,burst_small,256,542,7801,7871
latency,weave,4,burst_small,256,543,7990,8060
latency,weave,4,burst_small,256,544,8151,8221
latency,weave,4,burst_small,256,545,8542,8622
latency,weave,4,burst_small,256,546,8692,8772
latency,weave,4,burst_small,256,547,8853,8923
latency,weave,4,burst_small,256,548,8752,8832
latency,weave,4,burst_small,256,549,8903,8973
latency,weave,4,burst_small,256,550,9062,9132
latency,weave,4,burst_small,256,551,9203,9273
latency,weave,4,burst_small,256,552,9343,9413
latency,weave,4,burst_small,256,553,9494,9574
latency,weave,4,burst_small,256,554,9654,9724
latency,weave,4,burst_small,256,555,9834,9914
latency,weave,4,burst_small,256,556,9854,9924
latency,weave,4,burst_small,256,557,10005,10075
latency,weave,4,burst_small,256,558,10144,10214
latency,weave,4,burst_small,256,559,10295,10375
latency,weave,4,burst_small,256,560,10455,10525
latency,weave,4,burst_small,256,561,10616,10686
latency,weave,4,burst_small,256,562,10766,10836
latency,weave,4,burst_small,256,563,10916,10996
latency,weave,4,burst_small,256,564,10956,11036
latency,weave,4,burst_small,256,565,11097,11177
latency,weave,4,burst_small,256,566,11257,11327
latency,weave,4,burst_small,256,567,11417,11487
latency,weave,4,burst_small,256,568,11577,11647
latency,weave,4,burst_small,256,569,11718,11788
latency,weave,4,burst_small,256,570,11868,11948
latency,weave,4,burst_small,256,571,12028,12098
latency,weave,4,burst_small,256,572,12048,12118
latency,weave,4,burst_small,256,573,12179,12259
latency,weave,4,burst_small,256,574,12319,12399
latency,weave,4,burst_small,256,575,12499,12569
latency,weave,4,burst_small,256,576,12639,12719
latency,weave,4,burst_small,256,577,12850,12920
latency,weave,4,burst_small,256,578,12980,13060
latency,weave,4,burst_small,256,579,13161,13231
latency,weave,4,burst_small,256,580,13220,13291
latency,weave,4,burst_small,256,581,13381,13451
latency,weave,4,burst_small,256,582,13521,13591
latency,weave,4,burst_small,256,583,13682,13752
latency,weave,4,burst_small,256,584,13841,13912
latency,weave,4,burst_small,256,585,14002,14072
latency,weave,4,burst_small,256,586,14112,14182
latency,weave,4,burst_small,256,587,13812,13892
latency,weave,4,burst_small,256,588,13891,13961
latency,weave,4,burst_small,256,589,25689,25829
latency,weave,4,burst_small,256,590,151292,151432
latency,weave,4,burst_small,256,591,97335,97475
latency,weave,4,burst_small,256,592,78845,78986
latency,weave,4,burst_small,256,593,87135,87256
latency,weave,4,burst_small,256,594,70674,70814
latency,weave,4,burst_small,256,595,85863,85993
latency,weave,4,burst_small,256,596,80688,80818
latency,weave,4,burst_small,256,597,96703,96843
latency,weave,4,burst_small,256,598,63059,63189
latency,weave,4,burst_small,256,599,77401,77531
latency,weave,4,burst_small,256,600,82321,82451
latency,weave,4,burst_small,256,601,109217,109357
latency,weave,4,burst_small,256,602,23515,23645
latency,weave,4,burst_small,256,603,21932,22062
latency,weave,4,burst_small,256,604,26326,26466
latency,weave,4,burst_small,256,605,22388,22518
latency,weave,4,burst_small,256,606,44239,44369
latency,weave,4,burst_small,256,607,3783,3853
latency,weave,4,burst_small,256,608,3873,3943
latency,weave,4,burst_small,256,609,4284,4354
latency,weave,4,burst_small,256,610,4555,4635
latency,weave,4,burst_small,256,611,6307,6447
latency,weave,4,burst_small,256,612,7279,7349
latency,weave,4,burst_small,256,613,7168,7239
latency,weave,4,burst_small,256,614,7349,7419
latency,weave,4,burst_small,256,615,7510,7580
latency,weave,4,burst_small,256,616,7700,7770
latency,weave,4,burst_small,256,617,7871,7941
latency,weave,4,burst_small,256,618,8040,8110
latency,weave,4,burst_small,256,619,8191,8271
latency,weave,4,burst_small,256,620,8341,8411
latency,weave,4,burst_small,256,621,8382,8462
latency,weave,4,burst_small,256,622,8551,8631
latency,weave,4,burst_small,256,623,8722,8792
latency,weave,4,burst_small,256,624,8882,8962
latency,weave,4,burst_small,256,625,8862,8942
latency,weave,4,burst_small,256,626,9002,9082
latency,weave,4,burst_small,256,627,9083,9163
latency,weave,4,burst_small,256,628,9233,9313
latency,weave,4,burst_small,256,629,8842,8922
latency,weave,4,burst_small,256,630,8912,8992
latency,weave,4,burst_small,256,631,8873,8943
latency,weave,4,burst_small,256,632,8872,8942
latency,weave,4,burst_small,256,633,8832,8912
latency,weave,4,burst_small,256,634,8962,9042
latency,weave,4,burst_small,256,635,9023,9093
latency,weave,4,burst_small,256,636,23019,23149
latency,weave,4,burst_small,256,637,25048,25188
latency,weave,4,burst_small,256,638,26881,27012
latency,weave,4,burst_small,256,639,24612,24752
latency,weave,4,burst_small,256,640,8973,9053
latency,weave,4,burst_small,256,641,9113,9193
latency,weave,4,burst_small,256,642,9363,9443
latency,weave,4,burst_small,256,643,9634,9744
latency,weave,4,burst_small,256,644,9944,10015
latency,weave,4,burst_small,256,645,10054,10125
latency,weave,4,burst_small,256,646,10325,10425
latency,weave,4,burst_small,256,647,10586,10656
latency,weave,4,burst_small,256,648,11117,11197
latency,weave,4,burst_small,256,649,11437,11517
latency,weave,4,burst_small,256,650,11688,11758
latency,weave,4,burst_small,256,651,11898,11988
latency,weave,4,burst_small,256,652,12279,12359
latency,weave,4,burst_small,256,653,12539,12609
latency,weave,4,burst_small,256,654,12720,12800
latency,weave,4,burst_small,256,655,13040,13110
latency,weave,4,burst_small,256,656,13331,13401
latency,weave,4,burst_small,256,657,13521,13591
latency,weave,4,burst_small,256,658,13791,13872
latency,weave,4,burst_small,256,659,14092,14162
latency,weave,4,burst_small,256,660,14293,14383
latency,weave,4,burst_small,256,661,14483,14563
latency,weave,4,burst_small,256,662,14683,14753
latency,weave,4,burst_small,256,663,15034,15104
latency,weave,4,burst_small,256,664,15255,15325
latency,weave,4,burst_small,256,665,15555,15656
latency,weave,4,burst_small,256,666,15885,15965
latency,weave,4,burst_small,256,667,16146,16216
latency,weave,4,burst_small,256,668,16437,16507
latency,weave,4,burst_small,256,669,16527,16607
latency,weave,4,burst_small,256,670,16687,16767
latency,weave,4,burst_small,256,671,16847,16917
latency,weave,4,burst_small,256,672,17018,17098
latency,weave,4,burst_small,256,673,17178,17258
latency,weave,4,burst_small,256,674,17329,17399
latency,weave,4,burst_small,256,675,17468,17538
latency,weave,4,burst_small,256,676,17619,17699
latency,weave,4,burst_small,256,677,17659,17739
latency,weave,4,burst_small,256,678,17799,17879
latency,weave,4,burst_small,256,679,17979,18049
latency,weave,4,burst_small,256,680,18140,18210
latency,weave,4,burst_small,256,681,18310,18380
latency,weave,4,burst_small,256,682,18461,18531
latency,weave,4,burst_small,256,683,18610,18690
latency,weave,4,burst_small,256,684,18771,18851
latency,weave,4,burst_small,256,685,18821,18891
latency,weave,4,burst_small,256,686,18972,19042
latency,weave,4,burst_small,256,687,19111,19181
latency,weave,4,burst_small,256,688,19262,19332
latency,weave,4,burst_small,256,689,19382,19452
latency,weave,4,burst_small,256,690,19082,19162
latency,weave,4,burst_small,256,691,19242,19322
latency,weave,4,burst_small,256,692,19402,19472
latency,weave,4,burst_small,256,693,19432,19502
latency,weave,4,burst_small,256,694,19543,19613
latency,weave,4,burst_small,256,695,19652,19722
latency,weave,4,burst_small,256,696,19823,19893
latency,weave,4,burst_small,256,697,19893,19973
latency,weave,4,burst_small,256,698,19753,19823
latency,weave,4,burst_small,256,699,19572,19652
latency,weave,4,burst_small,256,700,19723,19793
latency,weave,4,burst_small,256,701,19502,19572
latency,weave,4,burst_small,256,702,19623,19703
latency,weave,4,burst_small,256,703,19612,19682
latency,weave,4,burst_small,256,704,19693,19763
latency,weave,4,burst_small,256,705,19723,19803
latency,weave,4,burst_small,256,706,19813,19883
latency,weave,4,burst_small,256,707,19803,19873
latency,weave,4,burst_small,256,708,19853,19933
latency,weave,4,burst_small,256,709,19833,19903
latency,weave,4,burst_small,256,710,19743,19813
latency,weave,4,burst_small,256,711,19873,19943
latency,weave,4,burst_small,256,712,19874,19954
latency,weave,4,burst_small,256,713,19913,19983
latency,weave,4,burst_small,256,714,19984,20064
latency,weave,4,burst_small,256,715,20023,20093
latency,weave,4,burst_small,256,716,20124,20194
latency,weave,4,burst_small,256,717,19733,19813
latency,weave,4,burst_small,256,718,19844,19924
latency,weave,4,burst_small,256,719,19893,19973
latency,weave,4,burst_small,256,720,19954,20024
latency,weave,4,burst_small,256,721,19943,20023
latency,weave,4,burst_small,256,722,20014,20084
latency,weave,4,burst_small,256,723,20013,20093
latency,weave,4,burst_small,256,724,20133,20214
latency,weave,4,burst_small,256,725,19753,19823
latency,weave,4,burst_small,256,726,19853,19934
latency,weave,4,burst_small,256,727,19913,19983
latency,weave,4,burst_small,256,728,20053,20124
latency,weave,4,burst_small,256,729,20104,20184
latency,weave,4,burst_small,256,730,20203,20274
latency,weave,4,burst_small,256,731,20224,20294
latency,weave,4,burst_small,256,732,20294,20375
latency,weave,4,burst_small,256,733,20064,20144
latency,weave,4,burst_small,256,734,20584,20654
latency,weave,4,burst_small,256,735,20655,20725
latency,weave,4,burst_small,256,736,20835,20915
latency,weave,4,burst_small,256,737,21035,21126
latency,weave,4,burst_small,256,738,21085,21155
latency,weave,4,burst_small,256,739,21256,21336
latency,weave,4,burst_small,256,740,21276,21346
latency,weave,4,burst_small,256,741,21316,21396
latency,weave,4,burst_small,256,742,21516,21587
latency,weave,4,burst_small,256,743,21786,21866
latency,weave,4,burst_small,256,744,22067,22137
latency,weave,4,burst_small,256,745,5446,5516
latency,weave,4,burst_small,256,746,5326,5406
latency,weave,4,burst_small,256,747,5547,5617
latency,weave,4,burst_small,256,748,5666,5736
latency,weave,4,burst_small,256,749,5226,5306
latency,weave,4,burst_small,256,750,5967,6037
latency,weave,4,burst_small,256,751,6789,6859
latency,weave,4,burst_small,256,752,6828,6898
latency,weave,4,burst_small,256,753,6839,6909
latency,weave,4,burst_small,256,754,6838,6918
latency,weave,4,burst_small,256,755,7039,7109
latency,weave,4,burst_small,256,756,6859,6929
latency,weave,4,burst_small,256,757,6878,6958
latency,weave,4,burst_small,256,758,6849,6919
latency,weave,4,burst_small,256,759,6979,7049
latency,weave,4,burst_small,256,760,7109,7189
latency,weave,4,burst_small,256,761,7210,7280
latency,weave,4,burst_small,256,762,7219,7299
latency,weave,4,burst_small,256,763,7200,7270
latency,weave,4,burst_small,256,764,6999,7079
latency,weave,4,burst_small,256,765,7189,7269
latency,weave,4,burst_small,256,766,7219,7299
latency,weave,4,burst_small,256,767,24096,24226
latency,weave,4,burst_small,256,768,41338,41479
latency,weave,4,burst_small,256,769,65960,66101
latency,weave,4,burst_small,256,770,85692,85823
latency,weave,4,burst_small,256,771,22983,23124
latency,weave,4,burst_small,256,772,12985,13115
latency,weave,4,burst_small,256,773,13566,13636
latency,weave,4,burst_small,256,774,13756,13826
latency,weave,4,burst_small,256,775,13917,13997
latency,weave,4,burst_small,256,776,14097,14167
latency,weave,4,burst_small,256,777,14347,14427
latency,weave,4,burst_small,256,778,14498,14568
latency,weave,4,burst_small,256,779,14658,14728
latency,weave,4,burst_small,256,780,14578,14658
latency,weave,4,burst_small,256,781,14708,14788
latency,weave,4,burst_small,256,782,14849,14929
latency,weave,4,burst_small,256,783,15009,15079
latency,weave,4,burst_small,256,784,15159,15229
latency,weave,4,burst_small,256,785,23344,23424
latency,weave,4,burst_small,256,786,23495,23565
latency,weave,4,burst_small,256,787,23655,23725
latency,weave,4,burst_small,256,788,23695,23775
latency,weave,4,burst_small,256,789,43933,44063
latency,weave,4,burst_small,256,790,23855,23935
latency,weave,4,burst_small,256,791,24216,24286
latency,weave,4,burst_small,256,792,24857,24957
latency,weave,4,burst_small,256,793,24868,24938
latency,weave,4,burst_small,256,794,25037,25107
latency,weave,4,burst_small,256,795,25007,25088
latency,weave,4,burst_small,256,796,25218,25298
latency,weave,4,burst_small,256,797,25118,25198
latency,weave,4,burst_small,256,798,25267,25337
latency,weave,4,burst_small,256,799,25248,25328
latency,weave,4,burst_small,256,800,25458,25528
latency,weave,4,burst_small,256,801,25449,25519
latency,weave,4,burst_small,256,802,25930,26000
latency,weave,4,burst_small,256,803,25959,26039
latency,weave,4,burst_small,256,804,26029,26099
latency,weave,4,burst_small,256,805,25959,26029
latency,weave,4,burst_small,256,806,26020,26090
latency,weave,4,burst_small,256,807,26069,26139
latency,weave,4,burst_small,256,808,26110,26190
latency,weave,4,burst_small,256,809,26179,26260
latency,weave,4,burst_small,256,810,26230,26300
latency,weave,4,burst_small,256,811,26290,26360
latency,weave,4,burst_small,256,812,26320,26390
latency,weave,4,burst_small,256,813,26350,26420
latency,weave,4,burst_small,256,814,26350,26420
latency,weave,4,burst_small,256,815,26510,26581
latency,weave,4,burst_small,256,816,26520,26600
latency,weave,4,burst_small,256,817,26640,26750
latency,weave,4,burst_small,256,818,26651,26721
latency,weave,4,burst_small,256,819,26791,26861
latency,weave,4,burst_small,256,820,26801,26871
latency,weave,4,burst_small,256,821,26840,26910
latency,weave,4,burst_small,256,822,26851,26921
latency,weave,4,burst_small,256,823,26951,27051
latency,weave,4,burst_small,256,824,26942,27012
latency,weave,4,burst_small,256,825,45506,45636
latency,weave,4,burst_small,256,826,45857,45987
latency,weave,4,burst_small,256,827,46188,46258
latency,weave,4,burst_small,256,828,73660,73790
latency,weave,4,burst_small,256,829,28459,28599
latency,weave,4,burst_small,256,830,125217,125357
latency,weave,4,burst_small,256,831,82597,82727
latency,weave,4,burst_small,256,832,79150,79281
latency,weave,4,burst_small,256,833,24301,24442
latency,weave,4,burst_small,256,834,22759,22899
latency,weave,4,burst_small,256,835,29005,29135
latency,weave,4,burst_small,256,836,13075,13146
latency,weave,4,burst_small,256,837,23906,24046
latency,weave,4,burst_small,256,838,140817,140957
latency,weave,4,burst_small,256,839,99027,99167
latency,weave,4,burst_small,256,840,100426,100556
latency,weave,4,burst_small,256,841,89024,89164
latency,weave,4,burst_small,256,842,77302,77442
latency,weave,4,burst_small,256,843,64097,64237
latency,weave,4,burst_small,256,844,96338,96468
latency,weave,4,burst_small,256,845,33258,33328
latency,weave,4,burst_small,256,846,4644,4714
latency,weave,4,burst_small,256,847,2540,2610
latency,weave,4,burst_small,256,848,2901,2971
latency,weave,4,burst_small,256,849,3311,3411
latency,weave,4,burst_small,256,850,3722,3792
latency,weave,4,burst_small,256,851,3973,4053
latency,weave,4,burst_small,256,852,4253,4324
latency,weave,4,burst_small,256,853,4123,4233
latency,weave,4,burst_small,256,854,4534,4604
latency,weave,4,burst_small,256,855,4785,4855
latency,weave,4,burst_small,256,856,22963,23103
latency,weave,4,burst_small,256,857,24356,24426
latency,weave,4,burst_small,256,858,24787,24857
latency,weave,4,burst_small,256,859,25098,25168
latency,weave,4,burst_small,256,860,25428,25529
latency,weave,4,burst_small,256,861,25558,25638
latency,weave,4,burst_small,256,862,25688,25768
latency,weave,4,burst_small,256,863,25729,25829
latency,weave,4,burst_small,256,864,25729,25809
latency,weave,4,burst_small,256,865,28580,28700
latency,weave,4,burst_small,256,866,28970,29050
latency,weave,4,burst_small,256,867,29090,29190
latency,weave,4,burst_small,256,868,29240,29311
latency,weave,4,burst_small,256,869,29766,29846
latency,weave,4,burst_small,256,870,29762,29832
latency,weave,4,burst_small,256,871,30703,30773
latency,weave,4,burst_small,256,872,30688,30768
latency,weave,4,burst_small,256,873,14904,14974
latency,weave,4,burst_small,256,874,14618,14688
latency,weave,4,burst_small,256,875,14763,14833
latency,weave,4,burst_small,256,876,14958,15028
latency,weave,4,burst_small,256,877,14773,14873
latency,weave,4,burst_small,256,878,14888,14978
latency,weave,4,burst_small,256,879,15104,15174
latency,weave,4,burst_small,256,880,15119,15199
latency,weave,4,burst_small,256,881,15645,15725
latency,weave,4,burst_small,256,882,15759,15829
latency,weave,4,burst_small,256,883,16035,16105
latency,weave,4,burst_small,256,884,16411,16481
latency,weave,4,burst_small,256,885,16642,16722
latency,weave,4,burst_small,256,886,16867,16947
latency,weave,4,burst_small,256,887,17052,17122
latency,weave,4,burst_small,256,888,17178,17248
latency,weave,4,burst_small,256,889,17663,17764
latency,weave,4,burst_small,256,890,17809,17879
latency,weave,4,burst_small,256,891,17943,18013
latency,weave,4,burst_small,256,892,18149,18219
latency,weave,4,burst_small,256,893,18084,18154
latency,weave,4,burst_small,256,894,18330,18410
latency,weave,4,burst_small,256,895,18374,18474
latency,weave,4,burst_small,256,896,18580,18670
latency,weave,4,burst_small,256,897,30207,30347
latency,weave,4,burst_small,256,898,31836,31976
latency,weave,4,burst_small,256,899,31580,31650
latency,weave,4,burst_small,256,900,31760,31830
latency,weave,4,burst_small,256,901,31975,32056
latency,weave,4,burst_small,256,902,31850,31950
latency,weave,4,burst_small,256,903,31655,31735
latency,weave,4,burst_small,256,904,31680,31750
latency,weave,4,burst_small,256,905,31605,31675
latency,weave,4,burst_small,256,906,31630,31710
latency,weave,4,burst_small,256,907,31525,31595
latency,weave,4,burst_small,256,908,31480,31550
latency,weave,4,burst_small,256,909,31675,31745
latency,weave,4,burst_small,256,910,31539,31610
latency,weave,4,burst_small,256,911,31990,32060
latency,weave,4,burst_small,256,912,31946,32016
latency,weave,4,burst_small,256,913,31429,31509
latency,weave,4,burst_small,256,914,31906,31976
latency,weave,4,burst_small,256,915,32050,32120
latency,weave,4,burst_small,256,916,32066,32136
latency,weave,4,burst_small,256,917,32431,32511
latency,weave,4,burst_small,256,918,33308,33379
latency,weave,4,burst_small,256,919,33323,33403
latency,weave,4,burst_small,256,920,33479,33549
latency,weave,4,burst_small,256,921,33513,33583
latency,weave,4,burst_small,256,922,33619,33689
latency,weave,4,burst_small,256,923,33653,33733
latency,weave,4,burst_small,256,924,33568,33649
latency,weave,4,burst_small,256,925,33603,33673
latency,weave,4,burst_small,256,926,33699,33779
latency,weave,4,burst_small,256,927,33704,33774
latency,weave,4,burst_small,256,928,33709,33779
latency,weave,4,burst_small,256,929,33934,34004
latency,weave,4,burst_small,256,930,34080,34150
latency,weave,4,burst_small,256,931,34691,34821
latency,weave,4,burst_small,256,932,35442,35512
latency,weave,4,burst_small,256,933,35663,35743
latency,weave,4,burst_small,256,934,35833,35903
latency,weave,4,burst_small,256,935,35993,36073
latency,weave,4,burst_small,256,936,18705,18775
latency,weave,4,burst_small,256,937,36024,36094
latency,weave,4,burst_small,256,938,36213,36294
latency,weave,4,burst_small,256,939,36254,36324
latency,weave,4,burst_small,256,940,36209,36339
latency,weave,4,burst_small,256,941,35472,35542
latency,weave,4,burst_small,256,942,35948,36048
latency,weave,4,burst_small,256,943,35923,36004
latency,weave,4,burst_small,256,944,35998,36068
latency,weave,4,burst_small,256,945,36294,36364
latency,weave,4,burst_small,256,946,36459,36539
latency,weave,4,burst_small,256,947,36113,36183
latency,weave,4,burst_small,256,948,36068,36149
latency,weave,4,burst_small,256,949,34931,35001
latency,weave,4,burst_small,256,950,34495,34565
latency,weave,4,burst_small,256,951,34310,34380
latency,weave,4,burst_small,256,952,34495,34575
latency,weave,4,burst_small,256,953,34430,34500
latency,weave,4,burst_small,256,954,34034,34114
latency,weave,4,burst_small,256,955,34000,34070
latency,weave,4,burst_small,256,956,33734,33804
latency,weave,4,burst_small,256,957,32637,32717
latency,weave,4,burst_small,256,958,32972,33053
latency,weave,4,burst_small,256,959,32807,32877
latency,weave,4,burst_small,256,960,33163,33253
latency,weave,4,burst_small,256,961,33168,33238
latency,weave,4,burst_small,256,962,33293,33373
latency,weave,4,burst_small,256,963,33268,33338
latency,weave,4,burst_small,256,964,33403,33483
latency,weave,4,burst_small,256,965,33158,33239
latency,weave,4,burst_small,256,966,33333,33403
latency,weave,4,burst_small,256,967,33669,33749
latency,weave,4,burst_small,256,968,33834,33914
latency,weave,4,burst_small,256,969,34030,34110
latency,weave,4,burst_small,256,970,34455,34556
latency,weave,4,burst_small,256,971,34480,34550
latency,weave,4,burst_small,256,972,34735,34816
latency,weave,4,burst_small,256,973,34551,34631
latency,weave,4,burst_small,256,974,34665,34765
latency,weave,4,burst_small,256,975,34681,34761
latency,weave,4,burst_small,256,976,35146,35237
latency,weave,4,burst_small,256,977,35182,35252
latency,weave,4,burst_small,256,978,35357,35447
latency,weave,4,burst_small,256,979,35362,35442
latency,weave,4,burst_small,256,980,35557,35637
latency,weave,4,burst_small,256,981,35021,35102
latency,weave,4,burst_small,256,982,35477,35577
latency,weave,4,burst_small,256,983,35503,35573
latency,weave,4,burst_small,256,984,35667,35747
latency,weave,4,burst_small,256,985,35723,35793
latency,weave,4,burst_small,256,986,35798,35868
latency,weave,4,burst_small,256,987,35863,35933
latency,weave,4,burst_small,256,988,36189,36269
latency,weave,4,burst_small,256,989,36244,36324
latency,weave,4,burst_small,256,990,36258,36328
latency,weave,4,burst_small,256,991,36484,36554
latency,weave,4,burst_small,256,992,36429,36509
latency,weave,4,burst_small,256,993,36695,36765
latency,weave,4,burst_small,256,994,36690,36760
latency,weave,4,burst_small,256,995,37055,37195
latency,weave,4,burst_small,256,996,37115,37195
latency,weave,4,burst_small,256,997,36850,36920
latency,weave,4,burst_small,256,998,37035,37105
latency,weave,4,burst_small,256,999,37616,37697
latency,weave,4,burst_small,256,1000,37707,37777
latency,weave,4,burst_small,256,1001,37772,37842
latency,weave,4,burst_small,256,1002,38203,38273
latency,weave,4,burst_small,256,1003,38518,38588
latency,weave,4,burst_small,256,1004,38768,38838
latency,weave,4,burst_small,256,1005,38663,38743
latency,weave,4,burst_small,256,1006,39084,39154
latency,weave,4,burst_small,256,1007,39129,39210
latency,weave,4,burst_small,256,1008,39200,39280
latency,weave,4,burst_small,256,1009,39465,39545
latency,weave,4,burst_small,256,1010,40326,40406
latency,weave,4,burst_small,256,1011,40646,40737
latency,weave,4,burst_small,256,1012,40847,40927
latency,weave,4,burst_small,256,1013,40908,40978
latency,weave,4,burst_small,256,1014,41043,41123
latency,weave,4,burst_small,256,1015,41077,41147
latency,weave,4,burst_small,256,1016,41273,41354
latency,weave,4,burst_small,256,1017,41669,41749
latency,weave,4,burst_small,256,1018,42200,42270
latency,weave,4,burst_small,256,1019,42165,42235
latency,weave,4,burst_small,256,1020,37531,37601
latency,weave,4,burst_small,256,1021,37567,37647
latency,weave,4,burst_small,256,1022,37591,37671
latency,weave,4,burst_small,256,1023,37286,37357
latency,weave,4,burst_small,256,1024,100976,101117
latency,weave,4,burst_small,256,1025,76345,76475
latency,weave,4,burst_small,256,1026,27868,28008
latency,weave,4,burst_small,256,1027,27863,27994
latency,weave,4,burst_small,256,1028,26361,26501
latency,weave,4,burst_small,256,1029,24656,24797
latency,weave,4,burst_small,256,1030,24887,25018
latency,weave,4,burst_small,256,1031,22844,22964
latency,weave,4,burst_small,256,1032,23926,24056
latency,weave,4,burst_small,256,1033,23555,23685
latency,weave,4,burst_small,256,1034,22733,22863
latency,weave,4,burst_small,256,1035,22603,22733
latency,weave,4,burst_small,256,1036,22994,23124
latency,weave,4,burst_small,256,1037,22182,22312
latency,weave,4,burst_small,256,1038,27392,27532
latency,weave,4,burst_small,256,1039,22312,22442
latency,weave,4,burst_small,256,1040,22232,22363
latency,weave,4,burst_small,256,1041,24247,24387
latency,weave,4,burst_small,256,1042,22743,22873
latency,weave,4,burst_small,256,1043,24116,24246
latency,weave,4,burst_small,256,1044,30929,31069
latency,weave,4,burst_small,256,1045,24687,24817
latency,weave,4,burst_small,256,1046,22333,22463
latency,weave,4,burst_small,256,1047,22453,22584
latency,weave,4,burst_small,256,1048,22764,22844
latency,weave,4,burst_small,256,1049,57354,57495
latency,weave,4,burst_small,256,1050,22914,22994
latency,weave,4,burst_small,256,1051,23174,23244
latency,weave,4,burst_small,256,1052,23415,23485
latency,weave,4,burst_small,256,1053,23761,23841
latency,weave,4,burst_small,256,1054,23805,23886
latency,weave,4,burst_small,256,1055,23921,23991
latency,weave,4,burst_small,256,1056,23986,24056
latency,weave,4,burst_small,256,1057,24061,24141
latency,weave,4,burst_small,256,1058,24472,24572
latency,weave,4,burst_small,256,1059,24477,24547
latency,weave,4,burst_small,256,1060,24633,24713
latency,weave,4,burst_small,256,1061,24517,24597
latency,weave,4,burst_small,256,1062,24602,24682
latency,weave,4,burst_small,256,1063,24617,24697
latency,weave,4,burst_small,256,1064,24753,24823
latency,weave,4,burst_small,256,1065,24767,24837
latency,weave,4,burst_small,256,1066,24863,24943
latency,weave,4,burst_small,256,1067,24888,24958
latency,weave,4,burst_small,256,1068,24983,25083
latency,weave,4,burst_small,256,1069,24827,24907
latency,weave,4,burst_small,256,1070,24953,25043
latency,weave,4,burst_small,256,1071,24958,25038
latency,weave,4,burst_small,256,1072,25134,25214
latency,weave,4,burst_small,256,1073,25087,25168
latency,weave,4,burst_small,256,1074,25303,25394
latency,weave,4,burst_small,256,1075,25338,25408
latency,weave,4,burst_small,256,1076,25414,25484
latency,weave,4,burst_small,256,1077,25328,25408
latency,weave,4,burst_small,256,1078,25404,25474
latency,weave,4,burst_small,256,1079,25449,25529
latency,weave,4,burst_small,256,1080,25514,25584
latency,weave,4,burst_small,256,1081,25559,25629
latency,weave,4,burst_small,256,1082,25614,25684
latency,weave,4,burst_small,256,1083,92481,92611
latency,weave,4,burst_small,256,1084,67112,67253
latency,weave,4,burst_small,256,1085,69758,69888
latency,weave,4,burst_small,256,1086,18034,18164
latency,weave,4,burst_small,256,1087,26510,26651
latency,weave,4,burst_small,256,1088,21221,21341
latency,weave,4,burst_small,256,1089,80704,80834
latency,weave,4,burst_small,256,1090,22483,22614
latency,weave,4,burst_small,256,1091,67103,67243
latency,weave,4,burst_small,256,1092,32071,32211
latency,weave,4,burst_small,256,1093,188788,188928
latency,weave,4,burst_small,256,1094,29606,29686
latency,weave,4,burst_small,256,1095,29286,29356
latency,weave,4,burst_small,256,1096,29456,29536
latency,weave,4,burst_small,256,1097,29636,29706
latency,weave,4,burst_small,256,1098,29806,29886
latency,weave,4,burst_small,256,1099,29967,30047
latency,weave,4,burst_small,256,1100,30147,30218
latency,weave,4,burst_small,256,1101,30047,30127
latency,weave,4,burst_small,256,1102,30197,30278
latency,weave,4,burst_small,256,1103,30368,30448
latency,weave,4,burst_small,256,1104,30547,30628
latency,weave,4,burst_small,256,1105,30718,30798
latency,weave,4,burst_small,256,1106,30858,30929
latency,weave,4,burst_small,256,1107,30999,31069
latency,weave,4,burst_small,256,1108,31170,31240
latency,weave,4,burst_small,256,1109,31249,31319
latency,weave,4,burst_small,256,1110,31420,31490
latency,weave,4,burst_small,256,1111,31600,31670
latency,weave,4,burst_small,256,1112,31741,31811
latency,weave,4,burst_small,256,1113,31880,31960
latency,weave,4,burst_small,256,1114,32061,32131
latency,weave,4,burst_small,256,1115,32271,32341
latency,weave,4,burst_small,256,1116,32462,32532
latency,weave,4,burst_small,256,1117,32511,32581
latency,weave,4,burst_small,256,1118,32652,32732
latency,weave,4,burst_small,256,1119,32802,32872
latency,weave,4,burst_small,256,1120,32973,33043
latency,weave,4,burst_small,256,1121,33152,33223
latency,weave,4,burst_small,256,1122,52460,52600
latency,weave,4,burst_small,256,1123,53612,53692
latency,weave,4,burst_small,256,1124,53762,53833
latency,weave,4,burst_small,256,1125,53872,53942
latency,weave,4,burst_small,256,1126,54043,54123
latency,weave,4,burst_small,256,1127,54223,54293
latency,weave,4,burst_small,256,1128,54384,54454
latency,weave,4,burst_small,256,1129,54534,54604
latency,weave,4,burst_small,256,1130,54674,54754
latency,weave,4,burst_small,256,1131,54834,54904
latency,weave,4,burst_small,256,1132,55015,55085
latency,weave,4,burst_small,256,1133,54944,55024
latency,weave,4,burst_small,256,1134,55085,55155
latency,weave,4,burst_small,256,1135,55235,55315
latency,weave,4,burst_small,256,1136,55386,55466
latency,weave,4,burst_small,256,1137,55545,55615
latency,weave,4,burst_small,256,1138,55716,55786
latency,weave,4,burst_small,256,1139,55866,55946
latency,weave,4,burst_small,256,1140,56017,56087
latency,weave,4,burst_small,256,1141,56036,56106
latency,weave,4,burst_small,256,1142,56187,56267
latency,weave,4,burst_small,256,1143,56297,56367
latency,weave,4,burst_small,256,1144,56458,56528
latency,weave,4,burst_small,256,1145,56608,56678
latency,weave,4,burst_small,256,1146,56748,56818
latency,weave,4,burst_small,256,1147,56898,56978
latency,weave,4,burst_small,256,1148,57059,57139
latency,weave,4,burst_small,256,1149,56888,56958
latency,weave,4,burst_small,256,1150,57029,57099
latency,weave,4,burst_small,256,1151,57169,57239
latency,weave,4,burst_small,256,1152,57309,57389
latency,weave,4,burst_small,256,1153,57649,57730
latency,weave,4,burst_small,256,1154,57790,57860
latency,weave,4,burst_small,256,1155,76951,77082
latency,weave,4,burst_small,256,1156,146598,146738
latency,weave,4,burst_small,256,1157,132557,132697
latency,weave,4,burst_small,256,1158,278713,278853
latency,weave,4,burst_small,256,1159,90362,90502
latency,weave,4,burst_small,256,1160,70985,71115
latency,weave,4,burst_small,256,1161,73900,74031
latency,weave,4,burst_small,256,1162,63039,63179
latency,weave,4,burst_small,256,1163,76380,76520
latency,weave,4,burst_small,256,1164,96057,96197
latency,weave,4,burst_small,256,1165,80046,80177
latency,weave,4,burst_small,256,1166,95121,95261
latency,weave,4,burst_small,256,1167,87129,87269
latency,weave,4,burst_small,256,1168,92520,92660
latency,weave,4,burst_small,256,1169,72753,72883
latency,weave,4,burst_small,256,1170,81159,81299
latency,weave,4,burst_small,256,1171,106607,106737
latency,weave,4,burst_small,256,1172,23801,23881
latency,weave,4,burst_small,256,1173,23685,23815
latency,weave,4,burst_small,256,1174,22333,22463
latency,weave,4,burst_small,256,1175,34214,34355
latency,weave,4,burst_small,256,1176,2164,2244
latency,weave,4,burst_small,256,1177,2164,2244
latency,weave,4,burst_small,256,1178,2515,2585
latency,weave,4,burst_small,256,1179,2725,2795
latency,weave,4,burst_small,256,1180,3155,3226
latency,weave,4,burst_small,256,1181,3055,3135
latency,weave,4,burst_small,256,1182,3256,3336
latency,weave,4,burst_small,256,1183,3186,3256
latency,weave,4,burst_small,256,1184,3266,3346
latency,weave,4,burst_small,256,1185,3276,3346
latency,weave,4,burst_small,256,1186,3517,3587
latency,weave,4,burst_small,256,1187,3697,3767
latency,weave,4,burst_small,256,1188,3847,3927
latency,weave,4,burst_small,256,1189,3797,3877
latency,weave,4,burst_small,256,1190,3928,3998
latency,weave,4,burst_small,256,1191,4147,4228
latency,weave,4,burst_small,256,1192,4348,4428
latency,weave,4,burst_small,256,1193,4558,4638
latency,weave,4,burst_small,256,1194,4749,4819
latency,weave,4,burst_small,256,1195,4829,4909
latency,weave,4,burst_small,256,1196,4909,4979
latency,weave,4,burst_small,256,1197,4849,4949
latency,weave,4,burst_small,256,1198,5040,5110
latency,weave,4,burst_small,256,1199,5169,5240
latency,weave,4,burst_small,256,1200,5420,5500
latency,weave,4,burst_small,256,1201,5560,5640
latency,weave,4,burst_small,256,1202,5691,5791
latency,weave,4,burst_small,256,1203,5931,6001
latency,weave,4,burst_small,256,1204,6121,6191
latency,weave,4,burst_small,256,1205,6002,6082
latency,weave,4,burst_small,256,1206,6121,6191
latency,weave,4,burst_small,256,1207,6212,6282
latency,weave,4,burst_small,256,1208,24436,24577
latency,weave,4,burst_small,256,1209,25469,25569
latency,weave,4,burst_small,256,1210,25668,25739
latency,weave,4,burst_small,256,1211,25779,25849
latency,weave,4,burst_small,256,1212,26100,26170
latency,weave,4,burst_small,256,1213,26120,26200
latency,weave,4,burst_small,256,1214,26240,26310
latency,weave,4,burst_small,256,1215,26471,26551
latency,weave,4,burst_small,256,1216,26620,26710
latency,weave,4,burst_small,256,1217,26911,26981
latency,weave,4,burst_small,256,1218,30959,31099
latency,weave,4,burst_small,256,1219,31991,32071
latency,weave,4,burst_small,256,1220,31811,31881
latency,weave,4,burst_small,256,1221,31900,31980
latency,weave,4,burst_small,256,1222,32071,32141
latency,weave,4,burst_small,256,1223,32051,32121
latency,weave,4,burst_small,256,1224,32211,32281
latency,weave,4,burst_small,256,1225,32672,32752
latency,weave,4,burst_small,256,1226,32883,32963
latency,weave,4,burst_small,256,1227,32862,32942
latency,weave,4,burst_small,256,1228,32753,32833
latency,weave,4,burst_small,256,1229,32762,32832
latency,weave,4,burst_small,256,1230,15500,15580
latency,weave,4,burst_small,256,1231,15219,15289
latency,weave,4,burst_small,256,1232,15410,15490
latency,weave,4,burst_small,256,1233,15599,15669
latency,weave,4,burst_small,256,1234,15760,15830
latency,weave,4,burst_small,256,1235,15930,16001
latency,weave,4,burst_small,256,1236,15800,15870
latency,weave,4,burst_small,256,1237,15930,16011
latency,weave,4,burst_small,256,1238,16081,16161
latency,weave,4,burst_small,256,1239,16251,16332
latency,weave,4,burst_small,256,1240,16411,16481
latency,weave,4,burst_small,256,1241,16531,16611
latency,weave,4,burst_small,256,1242,16692,16772
latency,weave,4,burst_small,256,1243,16852,16923
latency,weave,4,burst_small,256,1244,16441,16511
latency,weave,4,burst_small,256,1245,16581,16662
latency,weave,4,burst_small,256,1246,16592,16662
latency,weave,4,burst_small,256,1247,16742,16823
latency,weave,4,burst_small,256,1248,16752,16822
latency,weave,4,burst_small,256,1249,16772,16853
latency,weave,4,burst_small,256,1250,16722,16792
latency,weave,4,burst_small,256,1251,16762,16843
latency,weave,4,burst_small,256,1252,16592,16662
latency,weave,4,burst_small,256,1253,16601,16672
latency,weave,4,burst_small,256,1254,16722,16802
latency,weave,4,burst_small,256,1255,16711,16782
latency,weave,4,burst_small,256,1256,16812,16882
latency,weave,4,burst_small,256,1257,16852,16933
latency,weave,4,burst_small,256,1258,16982,17052
latency,weave,4,burst_small,256,1259,46223,46364
latency,weave,4,burst_small,256,1260,73720,73850
latency,weave,4,burst_small,256,1261,26881,27012
latency,weave,4,burst_small,256,1262,6693,6824
latency,weave,4,burst_small,256,1263,36449,36579
latency,weave,4,burst_small,256,1264,22133,22253
latency,weave,4,burst_small,256,1265,26210,26340
latency,weave,4,burst_small,256,1266,22162,22293
latency,weave,4,burst_small,256,1267,21931,22062
latency,weave,4,burst_small,256,1268,26149,26290
latency,weave,4,burst_small,256,1269,24937,25067
latency,weave,4,burst_small,256,1270,26651,26781
latency,weave,4,burst_small,256,1271,29952,30092
latency,weave,4,burst_small,256,1272,26877,27017
latency,weave,4,burst_small,256,1273,328127,328268
latency,weave,4,burst_small,256,1274,45111,45231
latency,weave,4,burst_small,256,1275,44901,44981
latency,weave,4,burst_small,256,1276,45001,45081
latency,weave,4,burst_small,256,1277,44841,44911
latency,weave,4,burst_small,256,1278,44850,44920
latency,weave,4,burst_small,256,1279,45001,45081
latency,weave,4,burst_small,256,1280,40326,40456
latency,weave,4,burst_small,256,1281,67628,67768
latency,weave,4,burst_small,256,1282,87866,87997
latency,weave,4,burst_small,256,1283,74317,74457
latency,weave,4,burst_small,256,1284,85251,85382
latency,weave,4,burst_small,256,1285,74787,74927
latency,weave,4,burst_small,256,1286,53400,53540
latency,weave,4,burst_small,256,1287,68335,68465
latency,weave,4,burst_small,256,1288,81644,81784
latency,weave,4,burst_small,256,1289,77968,78108
latency,weave,4,burst_small,256,1290,79551,79691
latency,weave,4,burst_small,256,1291,22443,22583
latency,weave,4,burst_small,256,1292,26556,26696
latency,weave,4,burst_small,256,1293,71010,71130
latency,weave,4,burst_small,256,1294,71406,71546
latency,weave,4,burst_small,256,1295,65740,65870
latency,weave,4,burst_small,256,1296,75524,75664
latency,weave,4,burst_small,256,1297,91419,91549
latency,weave,4,burst_small,256,1298,64097,64237
latency,weave,4,burst_small,256,1299,96623,96753
latency,weave,4,burst_small,256,1300,96122,96263
latency,weave,4,burst_small,256,1301,82692,82832
latency,weave,4,burst_small,256,1302,83679,83809
latency,weave,4,burst_small,256,1303,85853,85983
latency,weave,4,burst_small,256,1304,97494,97635
latency,weave,4,burst_small,256,1305,99820,99950
latency,weave,4,burst_small,256,1306,80177,80307
latency,weave,4,burst_small,256,1307,56888,57028
latency,weave,4,burst_small,256,1308,86790,86930
latency,weave,4,burst_small,256,1309,94584,94704
latency,weave,4,burst_small,256,1310,77296,77436
latency,weave,4,burst_small,256,1311,90347,90477
latency,weave,4,burst_small,256,1312,98402,98542
latency,weave,4,burst_small,256,1313,56437,56577
latency,weave,4,burst_small,256,1314,98997,99138
latency,weave,4,burst_small,256,1315,92049,92190
latency,weave,4,burst_small,256,1316,76561,76691
latency,weave,4,burst_small,256,1317,88968,89108
latency,weave,4,burst_small,256,1318,86634,86774
latency,weave,4,burst_small,256,1319,93692,93832
latency,weave,4,burst_small,256,1320,79411,79551
latency,weave,4,burst_small,256,1321,4359,4489
latency,weave,4,burst_small,256,1322,2885,2965
latency,weave,4,burst_small,256,1323,3176,3256
latency,weave,4,burst_small,256,1324,3497,3567
latency,weave,4,burst_small,256,1325,3507,3577
latency,weave,4,burst_small,256,1326,3743,3883
latency,weave,4,burst_small,256,1327,3808,3888
latency,weave,4,burst_small,256,1328,4378,4458
latency,weave,4,burst_small,256,1329,19447,19577
latency,weave,4,burst_small,256,1330,19918,19998
latency,weave,4,burst_small,256,1331,20109,20179
latency,weave,4,burst_small,256,1332,19878,19958
latency,weave,4,burst_small,256,1333,20098,20178
latency,weave,4,burst_small,256,1334,20278,20359
latency,weave,4,burst_small,256,1335,20384,20505
latency,weave,4,burst_small,256,1336,19868,19938
latency,weave,4,burst_small,256,1337,20198,20268
latency,weave,4,burst_small,256,1338,20384,20455
latency,weave,4,burst_small,256,1339,20339,20419
latency,weave,4,burst_small,256,1340,19703,19783
latency,weave,4,burst_small,256,1341,19698,19768
latency,weave,4,burst_small,256,1342,19583,19663
latency,weave,4,burst_small,256,1343,19628,19738
latency,weave,4,burst_small,256,1344,18861,18941
latency,weave,4,burst_small,256,1345,16411,16482
latency,weave,4,burst_small,256,1346,16873,16943
latency,weave,4,burst_small,256,1347,16877,16947
latency,weave,4,burst_small,256,1348,16702,16772
latency,weave,4,burst_small,256,1349,16758,16838
latency,weave,4,burst_small,256,1350,16802,16872
latency,weave,4,burst_small,256,1351,16888,16988
latency,weave,4,burst_small,256,1352,16862,16943
latency,weave,4,burst_small,256,1353,16968,17068
latency,weave,4,burst_small,256,1354,16992,17062
latency,weave,4,burst_small,256,1355,17178,17268
latency,weave,4,burst_small,256,1356,16832,16902
latency,weave,4,burst_small,256,1357,17008,17108
latency,weave,4,burst_small,256,1358,17022,17103
latency,weave,4,burst_small,256,1359,17148,17219
latency,weave,4,burst_small,256,1360,17173,17243
latency,weave,4,burst_small,256,1361,17288,17378
latency,weave,4,burst_small,256,1362,17293,17373
latency,weave,4,burst_small,256,1363,17439,17539
latency,weave,4,burst_small,256,1364,17102,17173
latency,weave,4,burst_small,256,1365,17258,17339
latency,weave,4,burst_small,256,1366,17253,17333
latency,weave,4,burst_small,256,1367,17489,17579
latency,weave,4,burst_small,256,1368,17513,17583
latency,weave,4,burst_small,256,1369,17669,17739
latency,weave,4,burst_small,256,1370,17714,17784
latency,weave,4,burst_small,256,1371,17810,17880
latency,weave,4,burst_small,256,1372,16942,17012
latency,weave,4,burst_small,256,1373,17038,17138
latency,weave,4,burst_small,256,1374,17053,17133
latency,weave,4,burst_small,256,1375,17118,17228
latency,weave,4,burst_small,256,1376,17133,17213
latency,weave,4,burst_small,256,1377,17309,17379
latency,weave,4,burst_small,256,1378,17293,17373
latency,weave,4,burst_small,256,1379,17448,17548
latency,weave,4,burst_small,256,1380,16962,17032
latency,weave,4,burst_small,256,1381,17118,17218
latency,weave,4,burst_small,256,1382,17143,17233
latency,weave,4,burst_small,256,1383,17269,17349
latency,weave,4,burst_small,256,1384,17122,17192
latency,weave,4,burst_small,256,1385,17218,17308
latency,weave,4,burst_small,256,1386,17223,17293
latency,weave,4,burst_small,256,1387,32341,32482
latency,weave,4,burst_small,256,1388,128519,128650
latency,weave,4,burst_small,256,1389,100637,100767
latency,weave,4,burst_small,256,1390,28018,28158
latency,weave,4,burst_small,256,1391,23610,23740
latency,weave,4,burst_small,256,1392,22588,22718
latency,weave,4,burst_small,256,1393,23350,23470
latency,weave,4,burst_small,256,1394,21235,21356
latency,weave,4,burst_small,256,1395,22568,22698
latency,weave,4,burst_small,256,1396,22899,23029
latency,weave,4,burst_small,256,1397,26816,26936
latency,weave,4,burst_small,256,1398,26496,26616
latency,weave,4,burst_small,256,1399,26556,26686
latency,weave,4,burst_small,256,1400,24020,24151
latency,weave,4,burst_small,256,1401,25478,25608
latency,weave,4,burst_small,256,1402,25253,25393
latency,weave,4,burst_small,256,1403,28954,29094
latency,weave,4,burst_small,256,1404,27552,27682
latency,weave,4,burst_small,256,1405,25143,25273
latency,weave,4,burst_small,256,1406,24813,24933
latency,weave,4,burst_small,256,1407,29767,29907
latency,weave,4,burst_small,256,1408,27582,27712
latency,weave,4,burst_small,256,1409,28394,28534
latency,weave,4,burst_small,256,1410,39019,39149
latency,weave,4,burst_small,256,1411,2721,2801
latency,weave,4,burst_small,256,1412,2690,2761
latency,weave,4,burst_small,256,1413,2660,2731
latency,weave,4,burst_small,256,1414,2861,2931
latency,weave,4,burst_small,256,1415,3071,3141
latency,weave,4,burst_small,256,1416,3422,3492
latency,weave,4,burst_small,256,1417,3633,3713
latency,weave,4,burst_small,256,1418,4023,4093
latency,weave,4,burst_small,256,1419,4163,4263
latency,weave,4,burst_small,256,1420,4283,4383
latency,weave,4,burst_small,256,1421,11061,11192
latency,weave,4,burst_small,256,1422,11742,11822
latency,weave,4,burst_small,256,1423,11703,11773
latency,weave,4,burst_small,256,1424,11842,11922
latency,weave,4,burst_small,256,1425,11793,11863
latency,weave,4,burst_small,256,1426,11922,12002
latency,weave,4,burst_small,256,1427,11953,12023
latency,weave,4,burst_small,256,1428,12053,12123
latency,weave,4,burst_small,256,1429,11923,11993
latency,weave,4,burst_small,256,1430,11942,12022
latency,weave,4,burst_small,256,1431,12063,12133
latency,weave,4,burst_small,256,1432,12073,12153
latency,weave,4,burst_small,256,1433,12093,12173
latency,weave,4,burst_small,256,1434,12143,12223
latency,weave,4,burst_small,256,1435,12293,12373
latency,weave,4,burst_small,256,1436,12353,12434
latency,weave,4,burst_small,256,1437,12153,12233
latency,weave,4,burst_small,256,1438,12273,12344
latency,weave,4,burst_small,256,1439,28224,28364
latency,weave,4,burst_small,256,1440,28248,28378
latency,weave,4,burst_small,256,1441,57558,57689
latency,weave,4,burst_small,256,1442,25147,25227
latency,weave,4,burst_small,256,1443,24936,25006
latency,weave,4,burst_small,256,1444,25077,25157
latency,weave,4,burst_small,256,1445,24977,25047
latency,weave,4,burst_small,256,1446,25117,25187
latency,weave,4,burst_small,256,1447,25267,25347
latency,weave,4,burst_small,256,1448,25458,25528
latency,weave,4,burst_small,256,1449,25608,25689
latency,weave,4,burst_small,256,1450,25768,25838
latency,weave,4,burst_small,256,1451,26049,26119
latency,weave,4,burst_small,256,1452,26299,26440
latency,weave,4,burst_small,256,1453,26058,26139
latency,weave,4,burst_small,256,1454,26419,26499
latency,weave,4,burst_small,256,1455,26941,27011
latency,weave,4,burst_small,256,1456,26951,27021
latency,weave,4,burst_small,256,1457,27092,27162
latency,weave,4,burst_small,256,1458,27080,27161
latency,weave,4,burst_small,256,1459,27231,27311
latency,weave,4,burst_small,256,1460,27231,27311
latency,weave,4,burst_small,256,1461,27231,27311
latency,weave,4,burst_small,256,1462,27241,27321
latency,weave,4,burst_small,256,1463,27382,27462
latency,weave,4,burst_small,256,1464,27382,27462
latency,weave,4,burst_small,256,1465,27512,27592
latency,weave,4,burst_small,256,1466,27521,27601
latency,weave,4,burst_small,256,1467,27642,27732
latency,weave,4,burst_small,256,1468,27612,27692
latency,weave,4,burst_small,256,1469,27743,27813
latency,weave,4,burst_small,256,1470,27732,27812
latency,weave,4,burst_small,256,1471,27872,27943
latency,weave,4,burst_small,256,1472,27892,27973
latency,weave,4,burst_small,256,1473,27993,28063
latency,weave,4,burst_small,256,1474,28013,28093
latency,weave,4,burst_small,256,1475,28293,28363
latency,weave,4,burst_small,256,1476,28333,28413
latency,weave,4,burst_small,256,1477,28234,28314
latency,weave,4,burst_small,256,1478,28323,28393
latency,weave,4,burst_small,256,1479,28363,28433
latency,weave,4,burst_small,256,1480,28413,28493
latency,weave,4,burst_small,256,1481,28454,28524
latency,weave,4,burst_small,256,1482,28524,28594
latency,weave,4,burst_small,256,1483,28553,28634
latency,weave,4,burst_small,256,1484,28624,28694
latency,weave,4,burst_small,256,1485,28544,28624
latency,weave,4,burst_small,256,1486,28644,28714
latency,weave,4,burst_small,256,1487,28634,28714
latency,weave,4,burst_small,256,1488,28784,28854
latency,weave,4,burst_small,256,1489,28834,28905
latency,weave,4,burst_small,256,1490,28875,28945
latency,weave,4,burst_small,256,1491,28945,29015
latency,weave,4,burst_small,256,1492,28984,29064
latency,weave,4,burst_small,256,1493,28875,28945
latency,weave,4,burst_small,256,1494,28915,28985
latency,weave,4,burst_small,256,1495,29054,29135
latency,weave,4,burst_small,256,1496,29034,29104
latency,weave,4,burst_small,256,1497,29215,29305
latency,weave,4,burst_small,256,1498,29245,29315
latency,weave,4,burst_small,256,1499,29456,29526
latency,weave,4,burst_small,256,1500,29475,29545
latency,weave,4,burst_small,256,1501,29386,29486
latency,weave,4,burst_small,256,1502,29406,29476
latency,weave,4,burst_small,256,1503,29535,29635
latency,weave,4,burst_small,256,1504,29515,29585
latency,weave,4,burst_small,256,1505,29716,29786
latency,weave,4,burst_small,256,1506,29696,29766
latency,weave,4,burst_small,256,1507,29867,29947
latency,weave,4,burst_small,256,1508,134193,134333
latency,weave,4,burst_small,256,1509,65369,65500
latency,weave,4,burst_small,256,1510,69066,69197
latency,weave,4,burst_small,256,1511,74892,75032
latency,weave,4,burst_small,256,1512,42376,42516
latency,weave,4,burst_small,256,1513,46884,47014
latency,weave,4,burst_small,256,1514,77111,77241
latency,weave,4,burst_small,256,1515,74336,74457
latency,weave,4,burst_small,256,1516,56362,56483
latency,weave,4,burst_small,256,1517,80472,80613
latency,weave,4,burst_small,256,1518,78518,78648
latency,weave,4,burst_small,256,1519,63165,63305
latency,weave,4,burst_small,256,1520,68105,68235
latency,weave,4,burst_small,256,1521,80122,80262
latency,weave,4,burst_small,256,1522,70824,70964
latency,weave,4,burst_small,256,1523,78874,79005
latency,weave,4,burst_small,256,1524,83754,83894
latency,weave,4,burst_small,256,1525,72908,73048
latency,weave,4,burst_small,256,1526,87376,87506
latency,weave,4,burst_small,256,1527,101347,101487
latency,weave,4,burst_small,256,1528,97790,97930
latency,weave,4,burst_small,256,1529,89249,89389
latency,weave,4,burst_small,256,1530,204678,204818
latency,weave,4,burst_small,256,1531,93012,93152
latency,weave,4,burst_small,256,1532,84886,85026
latency,weave,4,burst_small,256,1533,87932,88062
latency,weave,4,burst_small,256,1534,88698,88828
latency,weave,4,burst_small,256,1535,58867,59007
latency,weave,4,burst_small,256,1536,57809,57949
latency,weave,4,burst_small,256,1537,49609,49750
latency,weave,4,burst_small,256,1538,84369,84509
latency,weave,4,burst_small,256,1539,146999,147139
latency,weave,4,burst_small,256,1540,73695,73826
latency,weave,4,burst_small,256,1541,77507,77648
latency,weave,4,burst_small,256,1542,68626,68756
latency,weave,4,burst_small,256,1543,52990,53131
latency,weave,4,burst_small,256,1544,73790,73910
latency,weave,4,burst_small,256,1545,100290,100431
latency,weave,4,burst_small,256,1546,82376,82516
latency,weave,4,burst_small,256,1547,102208,102348
latency,weave,4,burst_small,256,1548,26039,26179
latency,weave,4,burst_small,256,1549,83283,83423
latency,weave,4,burst_small,256,1550,74105,74235
latency,weave,4,burst_small,256,1551,114412,114553
latency,weave,4,burst_small,256,1552,70894,71034
latency,weave,4,burst_small,256,1553,78338,78478
latency,weave,4,burst_small,256,1554,80888,81028
latency,weave,4,burst_small,256,1555,77422,77553
latency,weave,4,burst_small,256,1556,87917,88057
latency,weave,4,burst_small,256,1557,80747,80887
latency,weave,4,burst_small,256,1558,100941,101081
latency,weave,4,burst_small,256,1559,67804,67945
latency,weave,4,burst_small,256,1560,82913,83043
latency,weave,4,burst_small,256,1561,294097,294237
latency,weave,4,burst_small,256,1562,51673,51813
latency,weave,4,burst_small,256,1563,281950,282090
latency,weave,4,burst_small,256,1564,122522,122652
latency,weave,4,burst_small,256,1565,92370,92511
latency,weave,4,burst_small,256,1566,84150,84290
latency,weave,4,burst_small,256,1567,99538,99679
latency,weave,4,burst_small,256,1568,79290,79431
latency,weave,4,burst_small,256,1569,99838,99969
latency,weave,4,burst_small,256,1570,91357,91487
latency,weave,4,burst_small,256,1571,174044,174174
latency,weave,4,burst_small,256,1572,57895,58035
latency,weave,4,burst_small,256,1573,101132,101262
latency,weave,4,burst_small,256,1574,83658,83788
latency,weave,4,burst_small,256,1575,91128,91268
latency,weave,4,burst_small,256,1576,119947,120077
latency,weave,4,burst_small,256,1577,19797,19877
latency,weave,4,burst_small,256,1578,25298,25438
latency,weave,4,burst_small,256,1579,85181,85321
latency,weave,4,burst_small,256,1580,66546,66686
latency,weave,4,burst_small,256,1581,82426,82566
latency,weave,4,burst_small,256,1582,100461,100591
latency,weave,4,burst_small,256,1583,88322,88463
latency,weave,4,burst_small,256,1584,105890,106031
latency,weave,4,burst_small,256,1585,217698,217838
latency,weave,4,burst_small,256,1586,69036,69157
latency,weave,4,burst_small,256,1587,80689,80829
latency,weave,4,burst_small,256,1588,4990,5131
latency,weave,4,burst_small,256,1589,5421,5491
latency,weave,4,burst_small,256,1590,5681,5751
latency,weave,4,burst_small,256,1591,6272,6342
latency,weave,4,burst_small,256,1592,6563,6643
latency,weave,4,burst_small,256,1593,6964,7034
latency,weave,4,burst_small,256,1594,7215,7285
latency,weave,4,burst_small,256,1595,7444,7544
latency,weave,4,burst_small,256,1596,7685,7765
latency,weave,4,burst_small,256,1597,7504,7585
latency,weave,4,burst_small,256,1598,7745,7835
latency,weave,4,burst_small,256,1599,7996,8066
latency,weave,4,burst_small,256,1600,8447,8527
latency,weave,4,burst_small,256,1601,9037,9117
latency,weave,4,burst_small,256,1602,9488,9558
latency,weave,4,burst_small,256,1603,9669,9759
latency,weave,4,burst_small,256,1604,9930,10000
latency,weave,4,burst_small,256,1605,9679,9759
latency,weave,4,burst_small,256,1606,9909,9979
latency,weave,4,burst_small,256,1607,10190,10260
latency,weave,4,burst_small,256,1608,10530,10601
latency,weave,4,burst_small,256,1609,10370,10450
latency,weave,4,burst_small,256,1610,10691,10781
latency,weave,4,burst_small,256,1611,10941,11021
latency,weave,4,burst_small,256,1612,11277,11407
latency,weave,4,burst_small,256,1613,10691,10771
latency,weave,4,burst_small,256,1614,11077,11147
latency,weave,4,burst_small,256,1615,11061,11131
latency,weave,4,burst_small,256,1616,11237,11307
latency,weave,4,burst_small,256,1617,11251,11332
latency,weave,4,burst_small,256,1618,11277,11357
latency,weave,4,burst_small,256,1619,11141,11231
latency,weave,4,burst_small,256,1620,11217,11287
latency,weave,4,burst_small,256,1621,10550,10620
latency,weave,4,burst_small,256,1622,10586,10656
latency,weave,4,burst_small,256,1623,10821,10891
latency,weave,4,burst_small,256,1624,11047,11127
latency,weave,4,burst_small,256,1625,11071,11141
latency,weave,4,burst_small,256,1626,11087,11167
latency,weave,4,burst_small,256,1627,11151,11241
latency,weave,4,burst_small,256,1628,11327,11407
latency,weave,4,burst_small,256,1629,10931,11011
latency,weave,4,burst_small,256,1630,11057,11137
latency,weave,4,burst_small,256,1631,11161,11231
latency,weave,4,burst_small,256,1632,11893,11973
latency,weave,4,burst_small,256,1633,12053,12133
latency,weave,4,burst_small,256,1634,12224,12294
latency,weave,4,burst_small,256,1635,12284,12354
latency,weave,4,burst_small,256,1636,12044,12114
latency,weave,4,burst_small,256,1637,12049,12129
latency,weave,4,burst_small,256,1638,11862,11943
latency,weave,4,burst_small,256,1639,12008,12088
latency,weave,4,burst_small,256,1640,11933,12003
latency,weave,4,burst_small,256,1641,12008,12108
latency,weave,4,burst_small,256,1642,11933,12013
latency,weave,4,burst_small,256,1643,12099,12169
latency,weave,4,burst_small,256,1644,11773,11853
latency,weave,4,burst_small,256,1645,11778,11869
latency,weave,4,burst_small,256,1646,11672,11742
latency,weave,4,burst_small,256,1647,11788,11858
latency,weave,4,burst_small,256,1648,11949,12019
latency,weave,4,burst_small,256,1649,11968,12038
latency,weave,4,burst_small,256,1650,12039,12109
latency,weave,4,burst_small,256,1651,12068,12139
latency,weave,4,burst_small,256,1652,11377,11447
latency,weave,4,burst_small,256,1653,11457,11538
latency,weave,4,burst_small,256,1654,11057,11127
latency,weave,4,burst_small,256,1655,11277,11357
latency,weave,4,burst_small,256,1656,11307,11407
latency,weave,4,burst_small,256,1657,11222,11292
latency,weave,4,burst_small,256,1658,11097,11167
latency,weave,4,burst_small,256,1659,11182,11292
latency,weave,4,burst_small,256,1660,10596,10666
latency,weave,4,burst_small,256,1661,10110,10190
latency,weave,4,burst_small,256,1662,10305,10375
latency,weave,4,burst_small,256,1663,10250,10320
latency,weave,4,burst_small,256,1664,11077,11157
latency,weave,4,burst_small,256,1665,4865,4946
latency,weave,4,burst_small,256,1666,4890,4970
latency,weave,4,burst_small,256,1667,4724,4794
latency,weave,4,burst_small,256,1668,4289,4369
latency,weave,4,burst_small,256,1669,4264,4334
latency,weave,4,burst_small,256,1670,4339,4419
latency,weave,4,burst_small,256,1671,4314,4384
latency,weave,4,burst_small,256,1672,3878,3948
latency,weave,4,burst_small,256,1673,3643,3713
latency,weave,4,burst_small,256,1674,3658,3738
latency,weave,4,burst_small,256,1675,4038,4118
latency,weave,4,burst_small,256,1676,4024,4094
latency,weave,4,burst_small,256,1677,4188,4268
latency,weave,4,burst_small,256,1678,3773,3843
latency,weave,4,burst_small,256,1679,3587,3657
latency,weave,4,burst_small,256,1680,3603,3683
latency,weave,4,burst_small,256,1681,3537,3617
latency,weave,4,burst_small,256,1682,3232,3312
latency,weave,4,burst_small,256,1683,3196,3276
latency,weave,4,burst_small,256,1684,2470,2550
latency,weave,4,burst_small,256,1685,2325,2395
latency,weave,4,burst_small,256,1686,1809,1909
latency,weave,4,burst_small,256,1687,1653,1723
latency,weave,4,burst_small,256,1688,1719,1799
latency,weave,4,burst_small,256,1689,1833,1904
latency,weave,4,burst_small,256,1690,29436,29567
latency,weave,4,burst_small,256,1691,2030,2100
latency,weave,4,burst_small,256,1692,2074,2174
latency,weave,4,burst_small,256,1693,2706,2786
latency,weave,4,burst_small,256,1694,2845,2926
latency,weave,4,burst_small,256,1695,2826,2896
latency,weave,4,burst_small,256,1696,3086,3197
latency,weave,4,burst_small,256,1697,3236,3326
latency,weave,4,burst_small,256,1698,2355,2435
latency,weave,4,burst_small,256,1699,2465,2535
latency,weave,4,burst_small,256,1700,2285,2355
latency,weave,4,burst_small,256,1701,1544,1624
latency,weave,4,burst_small,256,1702,3898,3968
latency,weave,4,burst_small,256,1703,3928,3998
latency,weave,4,burst_small,256,1704,2455,2536
latency,weave,4,burst_small,256,1705,4338,4408
latency,weave,4,burst_small,256,1706,4509,4579
latency,weave,4,burst_small,256,1707,4659,4729
latency,weave,4,burst_small,256,1708,4519,4599
latency,weave,4,burst_small,256,1709,4669,4739
latency,weave,4,burst_small,256,1710,4830,4910
latency,weave,4,burst_small,256,1711,4960,5040
latency,weave,4,burst_small,256,1712,5120,5190
latency,weave,4,burst_small,256,1713,5270,5350
latency,weave,4,burst_small,256,1714,5461,5531
latency,weave,4,burst_small,256,1715,5672,5752
latency,weave,4,burst_small,256,1716,5551,5631
latency,weave,4,burst_small,256,1717,5801,5871
latency,weave,4,burst_small,256,1718,5992,6072
latency,weave,4,burst_small,256,1719,1834,1914
latency,weave,4,burst_small,256,1720,2135,2205
latency,weave,4,burst_small,256,1721,2485,2575
latency,weave,4,burst_small,256,1722,2615,2686
latency,weave,4,burst_small,256,1723,2856,2926
latency,weave,4,burst_small,256,1724,2806,2876
latency,weave,4,burst_small,256,1725,2986,3056
latency,weave,4,burst_small,256,1726,3156,3237
latency,weave,4,burst_small,256,1727,3387,3457
latency,weave,4,burst_small,256,1728,3497,3567
latency,weave,4,burst_small,256,1729,6097,6227
latency,weave,4,burst_small,256,1730,6428,6498
latency,weave,4,burst_small,256,1731,6529,6609
latency,weave,4,burst_small,256,1732,6298,6378
latency,weave,4,burst_small,256,1733,19673,19814
latency,weave,4,burst_small,256,1734,6308,6388
latency,weave,4,burst_small,256,1735,6367,6448
latency,weave,4,burst_small,256,1736,6869,6969
latency,weave,4,burst_small,256,1737,6708,6778
latency,weave,4,burst_small,256,1738,6668,6749
latency,weave,4,burst_small,256,1739,6568,6638
latency,weave,4,burst_small,256,1740,6558,6638
latency,weave,4,burst_small,256,1741,128934,129065
latency,weave,4,burst_small,256,1742,82326,82456
latency,weave,4,burst_small,256,1743,99062,99193
latency,weave,4,burst_small,256,1744,83858,83999
latency,weave,4,burst_small,256,1745,92229,92359
latency,weave,4,burst_small,256,1746,123865,124005
latency,weave,4,burst_small,256,1747,94599,94739
latency,weave,4,burst_small,256,1748,83137,83278
latency,weave,4,burst_small,256,1749,74451,74591
latency,weave,4,burst_small,256,1750,63550,63691
latency,weave,4,burst_small,256,1751,68586,68726
latency,weave,4,burst_small,256,1752,89128,89268
latency,weave,4,burst_small,256,1753,75899,76039
latency,weave,4,burst_small,256,1754,94609,94749
latency,weave,4,burst_small,256,1755,91504,91624
latency,weave,4,burst_small,256,1756,124601,124741
latency,weave,4,burst_small,256,1757,53782,53922
latency,weave,4,burst_small,256,1758,97163,97284
latency,weave,4,burst_small,256,1759,75102,75242
latency,weave,4,burst_small,256,1760,20084,20214
latency,weave,4,burst_small,256,1761,22287,22418
latency,weave,4,burst_small,256,1762,22989,23119
latency,weave,4,burst_small,256,1763,22809,22929
latency,weave,4,burst_small,256,1764,21196,21326
latency,weave,4,burst_small,256,1765,22659,22779
latency,weave,4,burst_small,256,1766,22388,22518
latency,weave,4,burst_small,256,1767,27622,27763
latency,weave,4,burst_small,256,1768,73069,73199
latency,weave,4,burst_small,256,1769,25749,25819
latency,weave,4,burst_small,256,1770,28314,28444
latency,weave,4,burst_small,256,1771,29041,29171
latency,weave,4,burst_small,256,1772,29176,29256
latency,weave,4,burst_small,256,1773,29466,29536
latency,weave,4,burst_small,256,1774,29727,29797
latency,weave,4,burst_small,256,1775,29952,30032
latency,weave,4,burst_small,256,1776,30147,30217
latency,weave,4,burst_small,256,1777,30333,30403
latency,weave,4,burst_small,256,1778,30448,30528
latency,weave,4,burst_small,256,1779,30554,30624
latency,weave,4,burst_small,256,1780,30869,30939
latency,weave,4,burst_small,256,1781,30834,30904
latency,weave,4,burst_small,256,1782,31079,31179
latency,weave,4,burst_small,256,1783,30939,31009
latency,weave,4,burst_small,256,1784,30944,31024
latency,weave,4,burst_small,256,1785,31109,31189
latency,weave,4,burst_small,256,1786,31200,31300
latency,weave,4,burst_small,256,1787,31224,31294
latency,weave,4,burst_small,256,1788,16111,16191
latency,weave,4,burst_small,256,1789,15820,15900
latency,weave,4,burst_small,256,1790,16030,16110
latency,weave,4,burst_small,256,1791,16036,16106
latency,weave,4,burst_small,256,1792,43538,43679
latency,weave,4,burst_small,256,1793,74081,74211
latency,weave,4,burst_small,256,1794,92776,92916
latency,weave,4,burst_small,256,1795,24792,24993
latency,weave,4,burst_small,256,1796,31380,31510
latency,weave,4,burst_small,256,1797,28323,28454
latency,weave,4,burst_small,256,1798,22202,22343
latency,weave,4,burst_small,256,1799,26596,26726
latency,weave,4,burst_small,256,1800,127432,127572
latency,weave,4,burst_small,256,1801,93753,93893
latency,weave,4,burst_small,256,1802,78739,78880
latency,weave,4,burst_small,256,1803,88683,88824
latency,weave,4,burst_small,256,1804,72603,72733
latency,weave,4,burst_small,256,1805,89570,89710
latency,weave,4,burst_small,256,1806,84565,84705
latency,weave,4,burst_small,256,1807,96203,96333
latency,weave,4,burst_small,256,1808,78518,78639
latency,weave,4,burst_small,256,1809,85121,85261
latency,weave,4,burst_small,256,1810,71796,71926
latency,weave,4,burst_small,256,1811,83243,83384
latency,weave,4,burst_small,256,1812,72733,72863
latency,weave,4,burst_small,256,1813,98893,99023
latency,weave,4,burst_small,256,1814,101598,101728
latency,weave,4,burst_small,256,1815,70219,70359
latency,weave,4,burst_small,256,1816,63841,63981
latency,weave,4,burst_small,256,1817,72273,72403
latency,weave,4,burst_small,256,1818,80948,81088
latency,weave,4,burst_small,256,1819,68119,68259
latency,weave,4,burst_small,256,1820,74390,74530
latency,weave,4,burst_small,256,1821,80818,80938
latency,weave,4,burst_small,256,1822,74035,74166
latency,weave,4,burst_small,256,1823,94925,95065
latency,weave,4,burst_small,256,1824,68705,68835
latency,weave,4,burst_small,256,1825,65844,65985
latency,weave,4,burst_small,256,1826,87225,87365
latency,weave,4,burst_small,256,1827,97474,97615
latency,weave,4,burst_small,256,1828,74912,75053
latency,weave,4,burst_small,256,1829,54383,54524
latency,weave,4,burst_small,256,1830,68555,68696
latency,weave,4,burst_small,256,1831,86439,86559
latency,weave,4,burst_small,256,1832,76785,76925
latency,weave,4,burst_small,256,1833,83053,83183
latency,weave,4,burst_small,256,1834,63937,64067
latency,weave,4,burst_small,256,1835,82055,82186
latency,weave,4,burst_small,256,1836,77697,77837
latency,weave,4,burst_small,256,1837,92641,92781
latency,weave,4,burst_small,256,1838,75513,75644
latency,weave,4,burst_small,256,1839,95486,95627
latency,weave,4,burst_small,256,1840,72547,72687
latency,weave,4,burst_small,256,1841,78574,78705
latency,weave,4,burst_small,256,1842,78468,78598
latency,weave,4,burst_small,256,1843,332469,332599
latency,weave,4,burst_small,256,1844,37851,37931
latency,weave,4,burst_small,256,1845,21861,21931
latency,weave,4,burst_small,256,1846,22983,23113
latency,weave,4,burst_small,256,1847,26850,26991
latency,weave,4,burst_small,256,1848,57675,57815
latency,weave,4,burst_small,256,1849,79000,79140
latency,weave,4,burst_small,256,1850,74096,74236
latency,weave,4,burst_small,256,1851,103797,113074
latency,weave,4,burst_small,256,1852,23314,23454
latency,weave,4,burst_small,256,1853,85848,85988
latency,weave,4,burst_small,256,1854,79161,79291
latency,weave,4,burst_small,256,1855,87360,87501
latency,weave,4,burst_small,256,1856,84159,84299
latency,weave,4,burst_small,256,1857,88137,88278
latency,weave,4,burst_small,256,1858,136769,136909
latency,weave,4,burst_small,256,1859,121891,122032
latency,weave,4,burst_small,256,1860,116134,116264
latency,weave,4,burst_small,256,1861,122608,122748
latency,weave,4,burst_small,256,1862,120408,120538
latency,weave,4,burst_small,256,1863,77302,77442
latency,weave,4,burst_small,256,1864,103652,103782
latency,weave,4,burst_small,256,1865,87240,87380
latency,weave,4,burst_small,256,1866,65204,65344
latency,weave,4,burst_small,256,1867,275131,275261
latency,weave,4,burst_small,256,1868,31330,31400
latency,weave,4,burst_small,256,1869,40873,41004
latency,weave,4,burst_small,256,1870,8322,8392
latency,weave,4,burst_small,256,1871,8262,8332
latency,weave,4,burst_small,256,1872,8702,8802
latency,weave,4,burst_small,256,1873,9023,9103
latency,weave,4,burst_small,256,1874,9404,9474
latency,weave,4,burst_small,256,1875,9654,9724
latency,weave,4,burst_small,256,1876,9925,10005
latency,weave,4,burst_small,256,1877,9484,9554
latency,weave,4,burst_small,256,1878,27653,27793
latency,weave,4,burst_small,256,1879,27998,28129
latency,weave,4,burst_small,256,1880,28664,28735
latency,weave,4,burst_small,256,1881,28961,29041
latency,weave,4,burst_small,256,1882,28966,29036
latency,weave,4,burst_small,256,1883,29080,29151
latency,weave,4,burst_small,256,1884,29145,29225
latency,weave,4,burst_small,256,1885,28580,28650
latency,weave,4,burst_small,256,1886,28665,28745
latency,weave,4,burst_small,256,1887,28690,28760
latency,weave,4,burst_small,256,1888,28795,28865
latency,weave,4,burst_small,256,1889,28810,28880
latency,weave,4,burst_small,256,1890,28825,28895
latency,weave,4,burst_small,256,1891,28810,28890
latency,weave,4,burst_small,256,1892,29075,29175
latency,weave,4,burst_small,256,1893,28570,28650
latency,weave,4,burst_small,256,1894,28785,28865
latency,weave,4,burst_small,256,1895,28811,28881
latency,weave,4,burst_small,256,1896,28825,28905
latency,weave,4,burst_small,256,1897,28820,28900
latency,weave,4,burst_small,256,1898,28614,28725
latency,weave,4,burst_small,256,1899,28580,28650
latency,weave,4,burst_small,256,1900,28885,28966
latency,weave,4,burst_small,256,1901,27888,27968
latency,weave,4,burst_small,256,1902,27803,27883
latency,weave,4,burst_small,256,1903,27839,27909
latency,weave,4,burst_small,256,1904,27853,27933
latency,weave,4,burst_small,256,1905,27718,27798
latency,weave,4,burst_small,256,1906,27693,27773
latency,weave,4,burst_small,256,1907,27608,27688
latency,weave,4,burst_small,256,1908,27643,27723
latency,weave,4,burst_small,256,1909,27077,27158
latency,weave,4,burst_small,256,1910,27061,27152
latency,weave,4,burst_small,256,1911,27017,27087
latency,weave,4,burst_small,256,1912,27051,27121
latency,weave,4,burst_small,256,1913,27027,27097
latency,weave,4,burst_small,256,1914,26992,27092
latency,weave,4,burst_small,256,1915,99183,99313
latency,weave,4,burst_small,256,1916,75723,75864
latency,weave,4,burst_small,256,1917,135316,135457
latency,weave,4,burst_small,256,1918,49714,49855
latency,weave,4,burst_small,256,1919,22388,22519
latency,weave,4,burst_small,256,1920,31520,31660
latency,weave,4,burst_small,256,1921,24477,24607
latency,weave,4,burst_small,256,1922,24913,25043
latency,weave,4,burst_small,256,1923,28333,28463
latency,weave,4,burst_small,256,1924,27793,27913
latency,weave,4,burst_small,256,1925,30347,30478
latency,weave,4,burst_small,256,1926,29165,29295
latency,weave,4,burst_small,256,1927,22493,22613
latency,weave,4,burst_small,256,1928,30593,30724
latency,weave,4,burst_small,256,1929,28264,28394
latency,weave,4,burst_small,256,1930,26701,26831
latency,weave,4,burst_small,256,1931,24502,24642
latency,weave,4,burst_small,256,1932,23280,23410
latency,weave,4,burst_small,256,1933,22418,22548
latency,weave,4,burst_small,256,1934,22338,22468
latency,weave,4,burst_small,256,1935,22388,22518
latency,weave,4,burst_small,256,1936,22358,22488
latency,weave,4,burst_small,256,1937,21697,21827
latency,weave,4,burst_small,256,1938,26240,26371
latency,weave,4,burst_small,256,1939,21561,21692
latency,weave,4,burst_small,256,1940,22773,22913
latency,weave,4,burst_small,256,1941,24121,24262
latency,weave,4,burst_small,256,1942,22448,22569
latency,weave,4,burst_small,256,1943,22489,22619
latency,weave,4,burst_small,256,1944,22608,22728
latency,weave,4,burst_small,256,1945,29345,29475
latency,weave,4,burst_small,256,1946,23254,23394
latency,weave,4,burst_small,256,1947,24382,24522
latency,weave,4,burst_small,256,1948,34957,35097
latency,weave,4,burst_small,256,1949,2244,2345
latency,weave,4,burst_small,256,1950,2205,2275
latency,weave,4,burst_small,256,1951,2384,2455
latency,weave,4,burst_small,256,1952,2605,2685
latency,weave,4,burst_small,256,1953,3006,3076
latency,weave,4,burst_small,256,1954,3357,3427
latency,weave,4,burst_small,256,1955,3597,3677
latency,weave,4,burst_small,256,1956,3958,4038
latency,weave,4,burst_small,256,1957,4047,4148
latency,weave,4,burst_small,256,1958,3948,4028
latency,weave,4,burst_small,256,1959,4128,4218
latency,weave,4,burst_small,256,1960,4188,4269
latency,weave,4,burst_small,256,1961,4508,4589
latency,weave,4,burst_small,256,1962,4939,5020
latency,weave,4,burst_small,256,1963,5060,5140
latency,weave,4,burst_small,256,1964,5340,5410
latency,weave,4,burst_small,256,1965,5261,5331
latency,weave,4,burst_small,256,1966,23841,23971
latency,weave,4,burst_small,256,1967,24953,25053
latency,weave,4,burst_small,256,1968,25173,25243
latency,weave,4,burst_small,256,1969,25484,25554
latency,weave,4,burst_small,256,1970,25704,25774
latency,weave,4,burst_small,256,1971,26025,26105
latency,weave,4,burst_small,256,1972,26175,26245
latency,weave,4,burst_small,256,1973,26165,26256
latency,weave,4,burst_small,256,1974,26445,26525
latency,weave,4,burst_small,256,1975,26426,26506
latency,weave,4,burst_small,256,1976,26565,26636
latency,weave,4,burst_small,256,1977,26776,26856
latency,weave,4,burst_small,256,1978,26947,27017
latency,weave,4,burst_small,256,1979,27147,27218
latency,weave,4,burst_small,256,1980,27217,27317
latency,weave,4,burst_small,256,1981,27197,27277
latency,weave,4,burst_small,256,1982,27378,27448
latency,weave,4,burst_small,256,1983,27497,27577
latency,weave,4,burst_small,256,1984,27628,27698
latency,weave,4,burst_small,256,1985,27909,27979
latency,weave,4,burst_small,256,1986,28089,28159
latency,weave,4,burst_small,256,1987,28409,28479
latency,weave,4,burst_small,256,1988,13521,13601
latency,weave,4,burst_small,256,1989,13321,13391
latency,weave,4,burst_small,256,1990,13461,13541
latency,weave,4,burst_small,256,1991,13712,13792
latency,weave,4,burst_small,256,1992,13942,14012
latency,weave,4,burst_small,256,1993,46989,47119
latency,weave,4,burst_small,256,1994,32401,32532
latency,weave,4,burst_small,256,1995,36900,37030
latency,weave,4,burst_small,256,1996,40011,40152
latency,weave,4,burst_small,256,1997,63090,63220
latency,weave,4,burst_small,256,1998,82376,82507
latency,weave,4,burst_small,256,1999,82456,82526
latency,weave,4,burst_small,256,2000,82336,82406
latency,weave,4,burst_small,256,2001,82456,82537
latency,weave,4,burst_small,256,2002,82446,82526
latency,weave,4,burst_small,256,2003,82567,82637
latency,weave,4,burst_small,256,2004,82536,82606
latency,weave,4,burst_small,256,2005,82246,82316
latency,weave,4,burst_small,256,2006,82306,82386
latency,weave,4,burst_small,256,2007,82447,82517
latency,weave,4,burst_small,256,2008,82476,82556
latency,weave,4,burst_small,256,2009,82457,82537
latency,weave,4,burst_small,256,2010,82546,82626
latency,weave,4,burst_small,256,2011,82587,82657
latency,weave,4,burst_small,256,2012,82667,82747
latency,weave,4,burst_small,256,2013,82296,82366
latency,weave,4,burst_small,256,2014,82366,82436
latency,weave,4,burst_small,256,2015,82507,82587
latency,weave,4,burst_small,256,2016,82516,82586
latency,weave,4,burst_small,256,2017,82637,82707
latency,weave,4,burst_small,256,2018,82677,82757
latency,weave,4,burst_small,256,2019,82817,82887
latency,weave,4,burst_small,256,2020,82887,82967
latency,weave,4,burst_small,256,2021,82697,82777
latency,weave,4,burst_small,256,2022,82787,82857
latency,weave,4,burst_small,256,2023,82897,82967
latency,weave,4,burst_small,256,2024,82937,83007
latency,weave,4,burst_small,256,2025,83018,83098
latency,weave,4,burst_small,256,2026,83167,83237
latency,weave,4,burst_small,256,2027,83228,83308
latency,weave,4,burst_small,256,2028,83348,83428
latency,weave,4,burst_small,256,2029,83188,83258
latency,weave,4,burst_small,256,2030,83218,83288
latency,weave,4,burst_small,256,2031,83278,83348
latency,weave,4,burst_small,256,2032,83338,83418
latency,weave,4,burst_small,256,2033,83378,83458
latency,weave,4,burst_small,256,2034,83418,83488
latency,weave,4,burst_small,256,2035,78179,78259
latency,weave,4,burst_small,256,2036,78318,78388
latency,weave,4,burst_small,256,2037,78179,78259
latency,weave,4,burst_small,256,2038,78348,78418
latency,weave,4,burst_small,256,2039,78519,78589
latency,weave,4,burst_small,256,2040,78669,78749
latency,weave,4,burst_small,256,2041,78940,79020
latency,weave,4,burst_small,256,2042,79110,79180
latency,weave,4,burst_small,256,2043,79261,79341
latency,weave,4,burst_small,256,2044,79470,79551
latency,weave,4,burst_small,256,2045,80202,80282
latency,weave,4,burst_small,256,2046,80352,80432
latency,weave,4,burst_small,256,2047,80523,80593
latency,weave,4,burst_small,256,2048,22879,23019
latency,weave,4,burst_small,256,2049,78715,78845
latency,weave,4,burst_small,256,2050,130557,130697
latency,weave,4,burst_small,256,2051,119306,119436
latency,weave,4,burst_small,256,2052,79255,79385
latency,weave,4,burst_small,256,2053,110610,110750
latency,weave,4,burst_small,256,2054,100830,100970
latency,weave,4,burst_small,256,2055,21992,22062
latency,weave,4,burst_small,256,2056,21451,21591
latency,weave,4,burst_small,256,2057,79256,79396
latency,weave,4,burst_small,256,2058,92696,92826
latency,weave,4,burst_small,256,2059,74266,74406
latency,weave,4,burst_small,256,2060,25404,25544
latency,weave,4,burst_small,256,2061,83328,83469
latency,weave,4,burst_small,256,2062,94750,94890
latency,weave,4,burst_small,256,2063,79130,79260
latency,weave,4,burst_small,256,2064,93021,93161
latency,weave,4,burst_small,256,2065,86749,86890
latency,weave,4,burst_small,256,2066,105389,105530
latency,weave,4,burst_small,256,2067,63445,63576
latency,weave,4,burst_small,256,2068,78569,78709
latency,weave,4,burst_small,256,2069,83073,83214
latency,weave,4,burst_small,256,2070,77567,77707
latency,weave,4,burst_small,256,2071,103376,103506
latency,weave,4,burst_small,256,2072,82776,82907
latency,weave,4,burst_small,256,2073,56797,56928
latency,weave,4,burst_small,256,2074,70950,71091
latency,weave,4,burst_small,256,2075,77888,78028
latency,weave,4,burst_small,256,2076,182200,182341
latency,weave,4,burst_small,256,2077,78699,78839
latency,weave,4,burst_small,256,2078,66135,66276
latency,weave,4,burst_small,256,2079,83468,83598
latency,weave,4,burst_small,256,2080,75814,75944
latency,weave,4,burst_small,256,2081,69332,69462
latency,weave,4,burst_small,256,2082,79992,80122
latency,weave,4,burst_small,256,2083,149974,150114
latency,weave,4,burst_small,256,2084,65975,66115
latency,weave,4,burst_small,256,2085,72167,72307
latency,weave,4,burst_small,256,2086,62238,62368
latency,weave,4,burst_small,256,2087,74121,74261
latency,weave,4,burst_small,256,2088,81891,82021
latency,weave,4,burst_small,256,2089,71685,71826
latency,weave,4,burst_small,256,2090,92325,92465
latency,weave,4,burst_small,256,2091,67858,67999
latency,weave,4,burst_small,256,2092,74340,74471
latency,weave,4,burst_small,256,2093,94454,94584
latency,weave,4,burst_small,256,2094,82452,82572
latency,weave,4,burst_small,256,2095,84755,84886
latency,weave,4,burst_small,256,2096,117873,118013
latency,weave,4,burst_small,256,2097,71881,72022
latency,weave,4,burst_small,256,2098,75644,75784
latency,weave,4,burst_small,256,2099,75483,75613
latency,weave,4,burst_small,256,2100,89109,89249
latency,weave,4,burst_small,256,2101,72783,72924
latency,weave,4,burst_small,256,2102,80012,80152
latency,weave,4,burst_small,256,2103,72973,73104
latency,weave,4,burst_small,256,2104,97344,97484
latency,weave,4,burst_small,256,2105,87576,87706
latency,weave,4,burst_small,256,2106,355322,355463
latency,weave,4,burst_small,256,2107,51673,51814
latency,weave,4,burst_small,256,2108,88664,88784
latency,weave,4,burst_small,256,2109,75128,75269
latency,weave,4,burst_small,256,2110,81991,82121
latency,weave,4,burst_small,256,2111,24928,25068
latency,weave,4,burst_small,256,2112,71852,71992
latency,weave,4,burst_small,256,2113,20885,21015
latency,weave,4,burst_small,256,2114,21381,21511
latency,weave,4,burst_small,256,2115,22413,22543
latency,weave,4,burst_small,256,2116,23851,23981
latency,weave,4,burst_small,256,2117,40182,40322
latency,weave,4,burst_small,256,2118,26110,26250
latency,weave,4,burst_small,256,2119,25023,25154
latency,weave,4,burst_small,256,2120,116521,116661
latency,weave,4,burst_small,256,2121,74066,74207
latency,weave,4,burst_small,256,2122,102500,102710
latency,weave,4,burst_small,256,2123,63876,64017
latency,weave,4,burst_small,256,2124,74767,74887
latency,weave,4,burst_small,256,2125,82983,83113
latency,weave,4,burst_small,256,2126,64752,64893
latency,weave,4,burst_small,256,2127,76214,76354
latency,weave,4,burst_small,256,2128,98296,98437
latency,weave,4,burst_small,256,2129,108696,108836
latency,weave,4,burst_small,256,2130,107744,107884
latency,weave,4,burst_small,256,2131,83378,83508
latency,weave,4,burst_small,256,2132,69111,69331
latency,weave,4,burst_small,256,2133,68610,68730
latency,weave,4,burst_small,256,2134,84195,84335
latency,weave,4,burst_small,256,2135,81224,81364
latency,weave,4,burst_small,256,2136,95982,96122
latency,weave,4,burst_small,256,2137,79099,79240
latency,weave,4,burst_small,256,2138,79015,79156
latency,weave,4,burst_small,256,2139,69327,69457
latency,weave,4,burst_small,256,2140,81700,81830
latency,weave,4,burst_small,256,2141,72107,72247
latency,weave,4,burst_small,256,2142,51427,51568
latency,weave,4,burst_small,256,2143,92616,92746
latency,weave,4,burst_small,256,2144,99093,99233
latency,weave,4,burst_small,256,2145,44069,44210
latency,weave,4,burst_small,256,2146,25939,26080
latency,weave,4,burst_small,256,2147,89940,90081
latency,weave,4,burst_small,256,2148,27017,27157
latency,weave,4,burst_small,256,2149,22629,22759
latency,weave,4,burst_small,256,2150,22488,22618
latency,weave,4,burst_small,256,2151,146112,146253
latency,weave,4,burst_small,256,2152,75919,76049
latency,weave,4,burst_small,256,2153,82341,82461
latency,weave,4,burst_small,256,2154,90406,90527
latency,weave,4,burst_small,256,2155,191237,191377
latency,weave,4,burst_small,256,2156,36279,36349
latency,weave,4,burst_small,256,2157,1954,2024
latency,weave,4,burst_small,256,2158,1874,1944
latency,weave,4,burst_small,256,2159,1984,2054
latency,weave,4,burst_small,256,2160,1993,2063
latency,weave,4,burst_small,256,2161,1833,1913
latency,weave,4,burst_small,256,2162,1944,2034
latency,weave,4,burst_small,256,2163,2174,2254
latency,weave,4,burst_small,256,2164,2335,2405
latency,weave,4,burst_small,256,2165,1693,1764
latency,weave,4,burst_small,256,2166,1893,1963
latency,weave,4,burst_small,256,2167,2344,2425
latency,weave,4,burst_small,256,2168,2515,2585
latency,weave,4,burst_small,256,2169,2575,2645
latency,weave,4,burst_small,256,2170,20909,21040
latency,weave,4,burst_small,256,2171,22011,22111
latency,weave,4,burst_small,256,2172,22432,22522
latency,weave,4,burst_small,256,2173,22352,22422
latency,weave,4,burst_small,256,2174,22562,22632
latency,weave,4,burst_small,256,2175,22622,22693
latency,weave,4,burst_small,256,2176,5881,5951
latency,weave,4,burst_small,256,2177,24262,24392
latency,weave,4,burst_small,256,2178,25223,25293
latency,weave,4,burst_small,256,2179,25414,25484
latency,weave,4,burst_small,256,2180,25043,25113
latency,weave,4,burst_small,256,2181,25193,25263
latency,weave,4,burst_small,256,2182,26400,26530
latency,weave,4,burst_small,256,2183,25353,25423
latency,weave,4,burst_small,256,2184,25614,25694
latency,weave,4,burst_small,256,2185,26180,26250
latency,weave,4,burst_small,256,2186,26194,26265
latency,weave,4,burst_small,256,2187,26290,26370
latency,weave,4,burst_small,256,2188,26285,26355
latency,weave,4,burst_small,256,2189,26049,26119
latency,weave,4,burst_small,256,2190,26025,26105
latency,weave,4,burst_small,256,2191,25508,25608
latency,weave,4,burst_small,256,2192,25423,25503
latency,weave,4,burst_small,256,2193,25629,25709
latency,weave,4,burst_small,256,2194,25393,25473
latency,weave,4,burst_small,256,2195,25478,25569
latency,weave,4,burst_small,256,2196,25343,25413
latency,weave,4,burst_small,256,2197,24937,25017
latency,weave,4,burst_small,256,2198,24943,25013
latency,weave,4,burst_small,256,2199,24857,24937
latency,weave,4,burst_small,256,2200,24882,24962
latency,weave,4,burst_small,256,2201,24977,25047
latency,weave,4,burst_small,256,2202,24973,25043
latency,weave,4,burst_small,256,2203,32617,32688
latency,weave,4,burst_small,256,2204,204859,204999
latency,weave,4,burst_small,256,2205,81114,81244
latency,weave,4,burst_small,256,2206,75493,75623
latency,weave,4,burst_small,256,2207,89765,89906
latency,weave,4,burst_small,256,2208,68385,68525
latency,weave,4,burst_small,256,2209,140706,140836
latency,weave,4,burst_small,256,2210,77366,77506
latency,weave,4,burst_small,256,2211,70533,70664
latency,weave,4,burst_small,256,2212,77146,77277
latency,weave,4,burst_small,256,2213,65043,65184
latency,weave,4,burst_small,256,2214,78669,78809
latency,weave,4,burst_small,256,2215,82040,82181
latency,weave,4,burst_small,256,2216,70740,70870
latency,weave,4,burst_small,256,2217,140676,140806
latency,weave,4,burst_small,256,2218,26099,26180
latency,weave,4,burst_small,256,2219,23134,23264
latency,weave,4,burst_small,256,2220,22844,22964
latency,weave,4,burst_small,256,2221,20850,20970
latency,weave,4,burst_small,256,2222,24963,25103
latency,weave,4,burst_small,256,2223,26410,26540
latency,weave,4,burst_small,256,2224,24171,24292
latency,weave,4,burst_small,256,2225,22178,22308
latency,weave,4,burst_small,256,2226,31189,31329
latency,weave,4,burst_small,256,2227,24376,24506
latency,weave,4,burst_small,256,2228,23595,23725
latency,weave,4,burst_small,256,2229,11021,11151
latency,weave,4,burst_small,256,2230,11292,11372
latency,weave,4,burst_small,256,2231,11491,11572
latency,weave,4,burst_small,256,2232,11662,11732
latency,weave,4,burst_small,256,2233,11843,11913
latency,weave,4,burst_small,256,2234,12033,12103
latency,weave,4,burst_small,256,2235,12204,12274
latency,weave,4,burst_small,256,2236,12113,12183
latency,weave,4,burst_small,256,2237,12274,12344
latency,weave,4,burst_small,256,2238,12393,12463
latency,weave,4,burst_small,256,2239,37751,37881
latency,weave,4,burst_small,256,2240,22522,22652
latency,weave,4,burst_small,256,2241,26199,26330
latency,weave,4,burst_small,256,2242,26190,26320
latency,weave,4,burst_small,256,2243,27551,27682
latency,weave,4,burst_small,256,2244,26840,26970
latency,weave,4,burst_small,256,2245,25098,25238
latency,weave,4,burst_small,256,2246,31054,31194
latency,weave,4,burst_small,256,2247,29101,29231
latency,weave,4,burst_small,256,2248,25658,25788
latency,weave,4,burst_small,256,2249,25815,25945
latency,weave,4,burst_small,256,2250,26425,26555
latency,weave,4,burst_small,256,2251,22588,22718
latency,weave,4,burst_small,256,2252,25734,25874
latency,weave,4,burst_small,256,2253,22187,22317
latency,weave,4,burst_small,256,2254,24156,24296
latency,weave,4,burst_small,256,2255,22934,23074
latency,weave,4,burst_small,256,2256,27287,27427
latency,weave,4,burst_small,256,2257,22668,22798
latency,weave,4,burst_small,256,2258,20014,20144
latency,weave,4,burst_small,256,2259,28153,28284
latency,weave,4,burst_small,256,2260,24266,24407
latency,weave,4,burst_small,256,2261,28359,28490
latency,weave,4,burst_small,256,2262,27307,27427
latency,weave,4,burst_small,256,2263,25914,26044
latency,weave,4,burst_small,256,2264,26145,26265
latency,weave,4,burst_small,256,2265,25828,25969
latency,weave,4,burst_small,256,2266,26901,27031
latency,weave,4,burst_small,256,2267,28038,28168
latency,weave,4,burst_small,256,2268,29646,29786
latency,weave,4,burst_small,256,2269,25638,25768
latency,weave,4,burst_small,256,2270,61456,61576
latency,weave,4,burst_small,256,2271,2965,3035
latency,weave,4,burst_small,256,2272,2905,2975
latency,weave,4,burst_small,256,2273,3146,3226
latency,weave,4,burst_small,256,2274,3667,3747
latency,weave,4,burst_small,256,2275,4028,4098
latency,weave,4,burst_small,256,2276,4277,4347
latency,weave,4,burst_small,256,2277,4268,4348
latency,weave,4,burst_small,256,2278,4528,4608
latency,weave,4,burst_small,256,2279,4738,4808
latency,weave,4,burst_small,256,2280,4979,5049
latency,weave,4,burst_small,256,2281,4989,5069
latency,weave,4,burst_small,256,2282,5349,5420
latency,weave,4,burst_small,256,2283,5500,5570
latency,weave,4,burst_small,256,2284,5781,5861
latency,weave,4,burst_small,256,2285,5009,5080
latency,weave,4,burst_small,256,2286,5229,5309
latency,weave,4,burst_small,256,2287,5981,6051
latency,weave,4,burst_small,256,2288,6072,6152
latency,weave,4,burst_small,256,2289,6131,6201
latency,weave,4,burst_small,256,2290,6152,6232
latency,weave,4,burst_small,256,2291,6201,6281
latency,weave,4,burst_small,256,2292,6332,6412
latency,weave,4,burst_small,256,2293,6342,6412
latency,weave,4,burst_small,256,2294,6512,6582
latency,weave,4,burst_small,256,2295,6552,6622
latency,weave,4,burst_small,256,2296,6502,6572
latency,weave,4,burst_small,256,2297,6663,6743
latency,weave,4,burst_small,256,2298,6872,6953
latency,weave,4,burst_small,256,2299,7043,7113
latency,weave,4,burst_small,256,2300,7053,7134
latency,weave,4,burst_small,256,2301,6773,6843
latency,weave,4,burst_small,256,2302,6802,6873
latency,weave,4,burst_small,256,2303,7083,7153
latency,weave,4,priority_mix_high,256,0,83518,83659
latency,weave,4,priority_mix_normal,256,1,77924,78044
latency,weave,4,priority_mix_high,256,2,24772,24913
latency,weave,4,priority_mix_low,256,3,120337,120478
latency,weave,4,priority_mix_normal,256,4,75282,75413
latency,weave,4,priority_mix_low,256,5,91769,91899
latency,weave,4,priority_mix_high,256,6,89365,89495
latency,weave,4,priority_mix_normal,256,7,82061,82181
latency,weave,4,priority_mix_low,256,8,103962,104093
latency,weave,4,priority_mix_high,256,9,84791,84931
latency,weave,4,priority_mix_normal,256,10,79791,79931
latency,weave,4,priority_mix_low,256,11,49930,50070
latency,weave,4,priority_mix_high,256,12,53827,53967
latency,weave,4,priority_mix_normal,256,13,70904,71034
latency,weave,4,priority_mix_low,256,14,130066,130206
latency,weave,4,priority_mix_high,256,15,143998,144138
latency,weave,4,priority_mix_normal,256,16,27373,27503
latency,weave,4,priority_mix_low,256,17,26740,26870
latency,weave,4,priority_mix_high,256,18,22032,22162
latency,weave,4,priority_mix_normal,256,19,32743,32883
latency,weave,4,priority_mix_low,256,20,23053,23194
latency,weave,4,priority_mix_high,256,21,58166,58306
latency,weave,4,priority_mix_normal,256,22,75799,75940
latency,weave,4,priority_mix_low,256,23,96913,97043
latency,weave,4,priority_mix_high,256,24,75714,75854
latency,weave,4,priority_mix_normal,256,25,211826,211966
latency,weave,4,priority_mix_low,256,26,55291,55421
latency,weave,4,priority_mix_high,256,27,53037,53167
latency,weave,4,priority_mix_normal,256,28,52950,53090
latency,weave,4,priority_mix_low,256,29,30007,30148
latency,weave,4,priority_mix_high,256,30,66892,67033
latency,weave,4,priority_mix_normal,256,31,30815,30945
latency,weave,4,priority_mix_low,256,32,31164,31295
latency,weave,4,priority_mix_high,256,33,24613,24743
latency,weave,4,priority_mix_normal,256,34,24702,24832
latency,weave,4,priority_mix_high,256,35,10786,10916
latency,weave,4,priority_mix_high,256,36,11096,11167
latency,weave,4,priority_mix_normal,256,37,12369,12439
latency,weave,4,priority_mix_normal,256,38,12179,12249
latency,weave,4,priority_mix_normal,256,39,11888,11968
latency,weave,4,priority_mix_low,256,40,31325,31405
latency,weave,4,priority_mix_low,256,41,13381,13452
latency,weave,4,priority_mix_low,256,42,13111,13181
latency,weave,4,priority_mix_high,256,43,21811,21951
latency,weave,4,priority_mix_low,256,44,125954,126095
latency,weave,4,priority_mix_high,256,45,71000,71131
latency,weave,4,priority_mix_normal,256,46,25274,25404
latency,weave,4,priority_mix_low,256,47,29011,29141
latency,weave,4,priority_mix_high,256,48,30468,30598
latency,weave,4,priority_mix_normal,256,49,28269,28389
latency,weave,4,priority_mix_high,256,50,12510,12630
latency,weave,4,priority_mix_low,256,51,36098,36238
latency,weave,4,priority_mix_normal,256,52,23770,23900
latency,weave,4,priority_mix_low,256,53,28791,28921
latency,weave,4,priority_mix_high,256,54,32677,32817
latency,weave,4,priority_mix_normal,256,55,27528,27648
latency,weave,4,priority_mix_low,256,56,25434,25564
latency,weave,4,priority_mix_high,256,57,28434,28574
latency,weave,4,priority_mix_normal,256,58,25529,25659
latency,weave,4,priority_mix_low,256,59,26345,26486
latency,weave,4,priority_mix_normal,256,60,12504,12644
latency,weave,4,priority_mix_high,256,61,36429,36569
latency,weave,4,priority_mix_low,256,62,31179,31309
latency,weave,4,priority_mix_high,256,63,28443,28574
latency,weave,4,priority_mix_normal,256,64,31249,31379
latency,weave,4,priority_mix_high,256,65,5200,5280
latency,weave,4,priority_mix_high,256,66,23580,23711
latency,weave,4,priority_mix_high,256,67,24452,24522
latency,weave,4,priority_mix_high,256,68,24311,24381
latency,weave,4,priority_mix_high,256,69,24041,24111
latency,weave,4,priority_mix_high,256,70,23461,23531
latency,weave,4,priority_mix_high,256,71,23400,23480
latency,weave,4,priority_mix_high,256,72,23010,23080
latency,weave,4,priority_mix_high,256,73,22598,22668
latency,weave,4,priority_mix_high,256,74,22348,22428
latency,weave,4,priority_mix_normal,256,75,27558,27638
latency,weave,4,priority_mix_normal,256,76,27318,27388
latency,weave,4,priority_mix_normal,256,77,27137,27207
latency,weave,4,priority_mix_normal,256,78,27107,27177
latency,weave,4,priority_mix_normal,256,79,26796,26876
latency,weave,4,priority_mix_normal,256,80,26095,26175
latency,weave,4,priority_mix_normal,256,81,25704,25774
latency,weave,4,priority_mix_normal,256,82,25665,25735
latency,weave,4,priority_mix_normal,256,83,25263,25333
latency,weave,4,priority_mix_normal,256,84,24843,24913
latency,weave,4,priority_mix_low,256,85,33188,33259
latency,weave,4,priority_mix_low,256,86,30413,30483
latency,weave,4,priority_mix_low,256,87,30192,30263
latency,weave,4,priority_mix_low,256,88,30033,30113
latency,weave,4,priority_mix_low,256,89,29742,29823
latency,weave,4,priority_mix_low,256,90,29682,29762
latency,weave,4,priority_mix_low,256,91,28980,29051
latency,weave,4,priority_mix_low,256,92,28560,28640
latency,weave,4,priority_mix_low,256,93,28159,28230
latency,weave,4,priority_mix_low,256,94,28109,28189
latency,weave,4,priority_mix_low,256,95,219166,219296
latency,weave,4,priority_mix_high,256,96,86574,86715
latency,weave,4,priority_mix_normal,256,97,77091,77221
latency,weave,4,priority_mix_high,256,98,28975,29115
latency,weave,4,priority_mix_low,256,99,129224,129365
latency,weave,4,priority_mix_normal,256,100,88858,88988
latency,weave,4,priority_mix_low,256,101,97269,97409
latency,weave,4,priority_mix_high,256,102,103491,103632
latency,weave,4,priority_mix_normal,256,103,76335,76465
latency,weave,4,priority_mix_high,256,104,26660,26801
latency,weave,4,priority_mix_low,256,105,73609,73749
latency,weave,4,priority_mix_normal,256,106,90236,90376
latency,weave,4,priority_mix_high,256,107,24737,24877
latency,weave,4,priority_mix_low,256,108,109648,109718
latency,weave,4,priority_mix_normal,256,109,26831,26971
latency,weave,4,priority_mix_low,256,110,24507,24637
latency,weave,4,priority_mix_high,256,111,30278,30418
latency,weave,4,priority_mix_normal,256,112,28524,28654
latency,weave,4,priority_mix_low,256,113,28144,28284
latency,weave,4,priority_mix_high,256,114,5331,5461
latency,weave,4,priority_mix_high,256,115,5841,5922
latency,weave,4,priority_mix_high,256,116,6001,6072
latency,weave,4,priority_mix_high,256,117,5961,6041
latency,weave,4,priority_mix_high,256,118,6061,6131
latency,weave,4,priority_mix_high,256,119,6152,6222
latency,weave,4,priority_mix_high,256,120,6212,6282
latency,weave,4,priority_mix_high,256,121,6232,6302
latency,weave,4,priority_mix_high,256,122,6192,6263
latency,weave,4,priority_mix_high,256,123,6342,6423
latency,weave,4,priority_mix_high,256,124,6242,6312
latency,weave,4,priority_mix_high,256,125,5942,6022
latency,weave,4,priority_mix_high,256,126,5080,5150
latency,weave,4,priority_mix_high,256,127,5019,5100
latency,weave,4,priority_mix_high,256,128,4860,4940
latency,weave,4,priority_mix_high,256,129,4729,4829
latency,weave,4,priority_mix_high,256,130,4058,4128
latency,weave,4,priority_mix_high,256,131,3848,3918
latency,weave,4,priority_mix_high,256,132,2826,2906
latency,weave,4,priority_mix_high,256,133,2535,2605
latency,weave,4,priority_mix_high,256,134,2134,2215
latency,weave,4,priority_mix_high,256,135,2094,2175
latency,weave,4,priority_mix_high,256,136,1833,1913
latency,weave,4,priority_mix_high,256,137,942,1012
latency,weave,4,priority_mix_normal,256,138,16792,16863
latency,weave,4,priority_mix_normal,256,139,16542,16612
latency,weave,4,priority_mix_normal,256,140,16341,16412
latency,weave,4,priority_mix_normal,256,141,16371,16451
latency,weave,4,priority_mix_normal,256,142,16241,16311
latency,weave,4,priority_mix_normal,256,143,18692,18832
latency,weave,4,priority_mix_normal,256,144,19293,19373
latency,weave,4,priority_mix_normal,256,145,19292,19372
latency,weave,4,priority_mix_normal,256,146,19242,19312
latency,weave,4,priority_mix_normal,256,147,19132,19202
latency,weave,4,priority_mix_normal,256,148,18631,18711
latency,weave,4,priority_mix_normal,256,149,18591,18661
latency,weave,4,priority_mix_normal,256,150,18280,18350
latency,weave,4,priority_mix_normal,256,151,17950,18020
latency,weave,4,priority_mix_normal,256,152,17223,17303
latency,weave,4,priority_mix_normal,256,153,16777,16877
latency,weave,4,priority_mix_normal,256,154,16141,16221
latency,weave,4,priority_mix_normal,256,155,15235,15305
latency,weave,4,priority_mix_normal,256,156,14428,14508
latency,weave,4,priority_mix_normal,256,157,13516,13616
latency,weave,4,priority_mix_normal,256,158,12870,12950
latency,weave,4,priority_mix_normal,256,159,12243,12323
latency,weave,4,priority_mix_normal,256,160,11778,11848
latency,weave,4,priority_mix_normal,256,161,11222,11292
latency,weave,4,priority_mix_normal,256,162,10155,10236
latency,weave,4,priority_mix_low,256,163,26179,26260
latency,weave,4,priority_mix_low,256,164,25975,26045
latency,weave,4,priority_mix_low,256,165,25558,25628
latency,weave,4,priority_mix_low,256,166,25579,25649
latency,weave,4,priority_mix_low,256,167,25354,25424
latency,weave,4,priority_mix_low,256,168,25198,25308
latency,weave,4,priority_mix_low,256,169,24923,25004
latency,weave,4,priority_mix_low,256,170,24707,24777
latency,weave,4,priority_mix_high,256,171,22674,22804
latency,weave,4,priority_mix_low,256,172,24572,24672
latency,weave,4,priority_mix_low,256,173,24286,24366
latency,weave,4,priority_mix_low,256,174,23951,24021
latency,weave,4,priority_mix_low,256,175,24286,24366
latency,weave,4,priority_mix_low,256,176,24101,24171
latency,weave,4,priority_mix_low,256,177,23535,23605
latency,weave,4,priority_mix_low,256,178,23039,23109
latency,weave,4,priority_mix_low,256,179,50346,50476
latency,weave,4,priority_mix_high,256,180,10280,10400
latency,weave,4,priority_mix_high,256,181,9648,9729
latency,weave,4,priority_mix_high,256,182,9468,9538
latency,weave,4,priority_mix_high,256,183,9068,9148
latency,weave,4,priority_mix_high,256,184,8757,8827
latency,weave,4,priority_mix_high,256,185,8526,8606
latency,weave,4,priority_mix_high,256,186,8336,8407
latency,weave,4,priority_mix_high,256,187,8006,8086
latency,weave,4,priority_mix_high,256,188,7745,7845
latency,weave,4,priority_mix_high,256,189,7504,7585
latency,weave,4,priority_mix_high,256,190,7364,7464
latency,weave,4,priority_mix_high,256,191,7074,7144
latency,weave,4,priority_mix_high,256,192,6974,7054
latency,weave,4,priority_mix_high,256,193,6723,6793
latency,weave,4,priority_mix_high,256,194,6552,6633
latency,weave,4,priority_mix_high,256,195,6252,6332
latency,weave,4,priority_mix_high,256,196,5911,5991
latency,weave,4,priority_mix_high,256,197,5802,5872
latency,weave,4,priority_mix_high,256,198,5431,5501
latency,weave,4,priority_mix_high,256,199,5320,5390
latency,weave,4,priority_mix_normal,256,200,13706,13777
latency,weave,4,priority_mix_normal,256,201,13316,13386
latency,weave,4,priority_mix_normal,256,202,13025,13095
latency,weave,4,priority_mix_normal,256,203,12755,12825
latency,weave,4,priority_mix_normal,256,204,12354,12424
latency,weave,4,priority_mix_normal,256,205,12163,12264
latency,weave,4,priority_mix_normal,256,206,11892,11973
latency,weave,4,priority_mix_normal,256,207,11773,11853
latency,weave,4,priority_mix_normal,256,208,11372,11442
latency,weave,4,priority_mix_normal,256,209,11242,11312
latency,weave,4,priority_mix_normal,256,210,10981,11051
latency,weave,4,priority_mix_normal,256,211,10820,10901
latency,weave,4,priority_mix_normal,256,212,10501,10571
latency,weave,4,priority_mix_normal,256,213,10290,10370
latency,weave,4,priority_mix_normal,256,214,10039,10109
latency,weave,4,priority_mix_normal,256,215,9749,9819
latency,weave,4,priority_mix_normal,256,216,9438,9508
latency,weave,4,priority_mix_normal,256,217,9067,9147
latency,weave,4,priority_mix_normal,256,218,9008,9098
latency,weave,4,priority_mix_normal,256,219,8697,8767
latency,weave,4,priority_mix_low,256,220,58871,58942
latency,weave,4,priority_mix_low,256,221,58040,58110
latency,weave,4,priority_mix_low,256,222,56587,56667
latency,weave,4,priority_mix_low,256,223,56017,56087
latency,weave,4,priority_mix_low,256,224,55686,55756
latency,weave,4,priority_mix_low,256,225,54994,55075
latency,weave,4,priority_mix_low,256,226,54493,54564
latency,weave,4,priority_mix_low,256,227,53512,53592
latency,weave,4,priority_mix_low,256,228,52840,52910
latency,weave,4,priority_mix_low,256,229,18906,18976
latency,weave,4,priority_mix_low,256,230,18335,18415
latency,weave,4,priority_mix_low,256,231,18155,18235
latency,weave,4,priority_mix_low,256,232,17915,17985
latency,weave,4,priority_mix_low,256,233,17644,17744
latency,weave,4,priority_mix_low,256,234,17303,17383
latency,weave,4,priority_mix_low,256,235,17143,17223
latency,weave,4,priority_mix_low,256,236,16922,16992
latency,weave,4,priority_mix_low,256,237,16631,16712
latency,weave,4,priority_mix_low,256,238,16332,16412
latency,weave,4,priority_mix_low,256,239,16131,16231
latency,weave,4,priority_mix_low,256,240,15950,16020
latency,weave,4,priority_mix_low,256,241,18510,18641
latency,weave,4,priority_mix_low,256,242,18861,18931
latency,weave,4,priority_mix_low,256,243,18722,18792
latency,weave,4,priority_mix_low,256,244,19092,19172
latency,weave,4,priority_mix_low,256,245,19002,19082
latency,weave,4,priority_mix_low,256,246,19042,19122
latency,weave,4,priority_mix_high,256,247,566,637
latency,weave,4,priority_mix_normal,256,248,647,757
latency,weave,4,priority_mix_high,256,249,737,807
latency,weave,4,priority_mix_low,256,250,20314,20394
latency,weave,4,priority_mix_normal,256,251,1097,1178
latency,weave,4,priority_mix_high,256,252,497,567
latency,weave,4,priority_mix_low,256,253,3933,4003
latency,weave,4,priority_mix_low,256,254,2781,2861
latency,weave,4,priority_mix_low,256,255,1659,1729
latency,weave,4,priority_mix_high,256,256,25714,25844
latency,weave,4,priority_mix_normal,256,257,86530,86670
latency,weave,4,priority_mix_high,256,258,22913,23044
latency,weave,4,priority_mix_low,256,259,97240,97370
latency,weave,4,priority_mix_normal,256,260,95441,95581
latency,weave,4,priority_mix_low,256,261,85247,85377
latency,weave,4,priority_mix_high,256,262,85132,85272
latency,weave,4,priority_mix_normal,256,263,93081,93222
latency,weave,4,priority_mix_low,256,264,85902,86033
latency,weave,4,priority_mix_high,256,265,239724,239854
latency,weave,4,priority_mix_high,256,266,3612,3753
latency,weave,4,priority_mix_high,256,267,4383,4453
latency,weave,4,priority_mix_high,256,268,4293,4373
latency,weave,4,priority_mix_high,256,269,4253,4324
latency,weave,4,priority_mix_high,256,270,4183,4253
latency,weave,4,priority_mix_high,256,271,4073,4143
latency,weave,4,priority_mix_high,256,272,3912,3992
latency,weave,4,priority_mix_high,256,273,3692,3762
latency,weave,4,priority_mix_high,256,274,3492,3632
latency,weave,4,priority_mix_high,256,275,3231,3311
latency,weave,4,priority_mix_normal,256,276,70458,70529
latency,weave,4,priority_mix_normal,256,277,8051,8151
latency,weave,4,priority_mix_normal,256,278,7830,7910
latency,weave,4,priority_mix_normal,256,279,7620,7720
latency,weave,4,priority_mix_normal,256,280,7400,7470
latency,weave,4,priority_mix_normal,256,281,7259,7329
latency,weave,4,priority_mix_normal,256,282,7048,7129
latency,weave,4,priority_mix_normal,256,283,6788,6868
latency,weave,4,priority_mix_normal,256,284,6187,6257
latency,weave,4,priority_mix_normal,256,285,5937,6027
latency,weave,4,priority_mix_low,256,286,11016,11086
latency,weave,4,priority_mix_low,256,287,9824,9905
latency,weave,4,priority_mix_low,256,288,9483,9554
latency,weave,4,priority_mix_low,256,289,9413,9483
latency,weave,4,priority_mix_low,256,290,9172,9242
latency,weave,4,priority_mix_low,256,291,8902,8982
latency,weave,4,priority_mix_low,256,292,8662,8742
latency,weave,4,priority_mix_low,256,293,8100,8180
latency,weave,4,priority_mix_low,256,294,7870,7941
latency,weave,4,priority_mix_low,256,295,7500,7580
latency,weave,4,priority_mix_normal,256,296,139905,140045
latency,weave,4,priority_mix_low,256,297,33604,33674
latency,weave,4,priority_mix_high,256,298,103656,103797
latency,weave,4,priority_mix_normal,256,299,28679,28759
latency,weave,4,priority_mix_low,256,300,28088,28218
latency,weave,4,priority_mix_high,256,301,25584,25714
latency,weave,4,priority_mix_normal,256,302,31519,31660
latency,weave,4,priority_mix_high,256,303,2945,3015
latency,weave,4,priority_mix_high,256,304,2605,2675
latency,weave,4,priority_mix_high,256,305,2675,2755
latency,weave,4,priority_mix_high,256,306,2645,2725
latency,weave,4,priority_mix_high,256,307,2644,2725
latency,weave,4,priority_mix_high,256,308,2634,2704
latency,weave,4,priority_mix_high,256,309,2444,2514
latency,weave,4,priority_mix_high,256,310,1833,1903
latency,weave,4,priority_mix_high,256,311,1883,1983
latency,weave,4,priority_mix_high,256,312,1231,1312
latency,weave,4,priority_mix_high,256,313,891,971
latency,weave,4,priority_mix_high,256,314,671,751
latency,weave,4,priority_mix_normal,256,315,7694,7764
latency,weave,4,priority_mix_high,256,316,921,1021
latency,weave,4,priority_mix_high,256,317,370,450
latency,weave,4,priority_mix_normal,256,318,12383,12503
latency,weave,4,priority_mix_normal,256,319,12835,12915
latency,weave,4,priority_mix_normal,256,320,12734,12804
latency,weave,4,priority_mix_normal,256,321,13065,13145
latency,weave,4,priority_mix_normal,256,322,12694,12764
latency,weave,4,priority_mix_normal,256,323,12013,12083
latency,weave,4,priority_mix_normal,256,324,11562,11632
latency,weave,4,priority_mix_normal,256,325,11011,11081
latency,weave,4,priority_mix_normal,256,326,10510,10580
latency,weave,4,priority_mix_normal,256,327,10039,10109
latency,weave,4,priority_mix_normal,256,328,9277,9347
latency,weave,4,priority_mix_normal,256,329,8897,8977
latency,weave,4,priority_mix_low,256,330,20899,20970
latency,weave,4,priority_mix_low,256,331,17844,17914
latency,weave,4,priority_mix_low,256,332,17624,17694
latency,weave,4,priority_mix_low,256,333,17563,17633
latency,weave,4,priority_mix_low,256,334,17413,17483
latency,weave,4,priority_mix_low,256,335,17303,17373
latency,weave,4,priority_mix_low,256,336,17113,17183
latency,weave,4,priority_mix_low,256,337,16691,16771
latency,weave,4,priority_mix_low,256,338,16061,16131
latency,weave,4,priority_mix_low,256,339,15549,15629
latency,weave,4,priority_mix_low,256,340,14999,15069
latency,weave,4,priority_mix_low,256,341,14587,14657
latency,weave,4,priority_mix_low,256,342,14137,14207
latency,weave,4,priority_mix_low,256,343,13325,13405
latency,weave,4,priority_mix_low,256,344,12825,12895
latency,weave,4,priority_mix_normal,256,345,26189,26309
latency,weave,4,priority_mix_high,256,346,188241,188381
latency,weave,4,priority_mix_high,256,347,90091,90221
latency,weave,4,priority_mix_high,256,348,90131,90211
latency,weave,4,priority_mix_high,256,349,90020,90090
latency,weave,4,priority_mix_high,256,350,89911,89981
latency,weave,4,priority_mix_high,256,351,89840,89920
latency,weave,4,priority_mix_high,256,352,89740,89820
latency,weave,4,priority_mix_high,256,353,89609,89679
latency,weave,4,priority_mix_high,256,354,89470,89540
latency,weave,4,priority_mix_high,256,355,89419,89489
latency,weave,4,priority_mix_high,256,356,89329,89399
latency,weave,4,priority_mix_high,256,357,89219,89289
latency,weave,4,priority_mix_high,256,358,89079,89159
latency,weave,4,priority_mix_high,256,359,89008,89088
latency,weave,4,priority_mix_high,256,360,88889,88969
latency,weave,4,priority_mix_high,256,361,88768,88848
latency,weave,4,priority_mix_high,256,362,88658,88728
latency,weave,4,priority_mix_high,256,363,88597,88677
latency,weave,4,priority_mix_high,256,364,88498,88568
latency,weave,4,priority_mix_high,256,365,88417,88487
latency,weave,4,priority_mix_high,256,366,88287,88367
latency,weave,4,priority_mix_high,256,367,88247,88327
latency,weave,4,priority_mix_high,256,368,88147,88217
latency,weave,4,priority_mix_high,256,369,87936,88016
latency,weave,4,priority_mix_high,256,370,87826,87896
latency,weave,4,priority_mix_high,256,371,87766,87836
latency,weave,4,priority_mix_high,256,372,87646,87716
latency,weave,4,priority_mix_high,256,373,87515,87595
latency,weave,4,priority_mix_high,256,374,87406,87476
latency,weave,4,priority_mix_high,256,375,87355,87425
latency,weave,4,priority_mix_high,256,376,87245,87315
latency,weave,4,priority_mix_high,256,377,87115,87185
latency,weave,4,priority_mix_high,256,378,61457,61527
latency,weave,4,priority_mix_high,256,379,61356,61426
latency,weave,4,priority_mix_high,256,380,60855,60925
latency,weave,4,priority_mix_high,256,381,60614,60694
latency,weave,4,priority_mix_high,256,382,60505,60585
latency,weave,4,priority_mix_high,256,383,60334,60404
latency,weave,4,priority_mix_high,256,384,60184,60254
latency,weave,4,priority_mix_high,256,385,60404,60474
latency,weave,4,priority_mix_high,256,386,60194,60264
latency,weave,4,priority_mix_high,256,387,59903,59973
latency,weave,4,priority_mix_high,256,388,59573,59653
latency,weave,4,priority_mix_high,256,389,59463,59533
latency,weave,4,priority_mix_high,256,390,102384,102514
latency,weave,4,priority_mix_high,256,391,59353,59423
latency,weave,4,priority_mix_high,256,392,59212,59292
latency,weave,4,priority_mix_high,256,393,59502,59583
latency,weave,4,priority_mix_high,256,394,59192,59262
latency,weave,4,priority_mix_high,256,395,58841,58911
latency,weave,4,priority_mix_high,256,396,58681,58782
latency,weave,4,priority_mix_high,256,397,58391,58471
latency,weave,4,priority_mix_high,256,398,58280,58350
latency,weave,4,priority_mix_high,256,399,58049,58130
latency,weave,4,priority_mix_high,256,400,57850,57930
latency,weave,4,priority_mix_high,256,401,57619,57689
latency,weave,4,priority_mix_normal,256,402,155966,156046
latency,weave,4,priority_mix_normal,256,403,105299,105399
latency,weave,4,priority_mix_normal,256,404,104989,105059
latency,weave,4,priority_mix_normal,256,405,104919,104999
latency,weave,4,priority_mix_normal,256,406,104618,104698
latency,weave,4,priority_mix_normal,256,407,104497,104568
latency,weave,4,priority_mix_normal,256,408,104178,104258
latency,weave,4,priority_mix_normal,256,409,104237,104318
latency,weave,4,priority_mix_normal,256,410,103967,104047
latency,weave,4,priority_mix_normal,256,411,103776,103846
latency,weave,4,priority_mix_normal,256,412,103516,103596
latency,weave,4,priority_mix_normal,256,413,103416,103486
latency,weave,4,priority_mix_normal,256,414,103155,103225
latency,weave,4,priority_mix_normal,256,415,102975,103075
latency,weave,4,priority_mix_normal,256,416,102714,102785
latency,weave,4,priority_mix_normal,256,417,102674,102774
latency,weave,4,priority_mix_normal,256,418,102394,102474
latency,weave,4,priority_mix_normal,256,419,102294,102374
latency,weave,4,priority_mix_normal,256,420,102023,102093
latency,weave,4,priority_mix_normal,256,421,101913,102014
latency,weave,4,priority_mix_normal,256,422,101893,101963
latency,weave,4,priority_mix_normal,256,423,101783,101863
latency,weave,4,priority_mix_normal,256,424,104433,104573
latency,weave,4,priority_mix_normal,256,425,105225,105295
latency,weave,4,priority_mix_normal,256,426,105044,105124
latency,weave,4,priority_mix_normal,256,427,105024,105104
latency,weave,4,priority_mix_normal,256,428,104975,105045
latency,weave,4,priority_mix_normal,256,429,104944,105014
latency,weave,4,priority_mix_normal,256,430,104854,104924
latency,weave,4,priority_mix_normal,256,431,104733,104803
latency,weave,4,priority_mix_normal,256,432,104674,104754
latency,weave,4,priority_mix_normal,256,433,104643,104723
latency,weave,4,priority_mix_normal,256,434,79746,79816
latency,weave,4,priority_mix_normal,256,435,78894,78964
latency,weave,4,priority_mix_normal,256,436,78524,78604
latency,weave,4,priority_mix_normal,256,437,78664,78734
latency,weave,4,priority_mix_normal,256,438,79130,79200
latency,weave,4,priority_mix_normal,256,439,78674,78754
latency,weave,4,priority_mix_normal,256,440,78499,78589
latency,weave,4,priority_mix_normal,256,441,78183,78264
latency,weave,4,priority_mix_normal,256,442,78068,78138
latency,weave,4,priority_mix_normal,256,443,77592,77672
latency,weave,4,priority_mix_normal,256,444,77396,77467
latency,weave,4,priority_mix_normal,256,445,76941,77011
latency,weave,4,priority_mix_normal,256,446,76765,76845
latency,weave,4,priority_mix_normal,256,447,76521,76591
latency,weave,4,priority_mix_normal,256,448,76315,76385
latency,weave,4,priority_mix_normal,256,449,76019,76099
latency,weave,4,priority_mix_normal,256,450,75603,75673
latency,weave,4,priority_mix_normal,256,451,75348,75428
latency,weave,4,priority_mix_normal,256,452,75142,75212
latency,weave,4,priority_mix_normal,256,453,74907,74988
latency,weave,4,priority_mix_normal,256,454,74701,74772
latency,weave,4,priority_mix_normal,256,455,74486,74556
latency,weave,4,priority_mix_normal,256,456,74251,74331
latency,weave,4,priority_mix_low,256,457,122347,122427
latency,weave,4,priority_mix_low,256,458,121530,121600
latency,weave,4,priority_mix_low,256,459,121194,121265
latency,weave,4,priority_mix_low,256,460,121020,121110
latency,weave,4,priority_mix_low,256,461,120784,120854
latency,weave,4,priority_mix_low,256,462,120638,120718
latency,weave,4,priority_mix_low,256,463,120363,120443
latency,weave,4,priority_mix_low,256,464,120168,120248
latency,weave,4,priority_mix_low,256,465,119942,120023
latency,weave,4,priority_mix_low,256,466,119776,119857
latency,weave,4,priority_mix_low,256,467,119502,119572
latency,weave,4,priority_mix_low,256,468,119346,119426
latency,weave,4,priority_mix_low,256,469,119121,119201
latency,weave,4,priority_mix_low,256,470,118965,119065
latency,weave,4,priority_mix_low,256,471,118680,118760
latency,weave,4,priority_mix_low,256,472,118514,118594
latency,weave,4,priority_mix_low,256,473,118299,118379
latency,weave,4,priority_mix_low,256,474,118144,118234
latency,weave,4,priority_mix_low,256,475,117838,117919
latency,weave,4,priority_mix_low,256,476,117703,117793
latency,weave,4,priority_mix_low,256,477,117478,117548
latency,weave,4,priority_mix_low,256,478,117492,117623
latency,weave,4,priority_mix_low,256,479,117232,117312
latency,weave,4,priority_mix_low,256,480,116846,116916
latency,weave,4,priority_mix_low,256,481,116821,116902
latency,weave,4,priority_mix_low,256,482,116861,116931
latency,weave,4,priority_mix_low,256,483,116620,116691
latency,weave,4,priority_mix_low,256,484,116406,116476
latency,weave,4,priority_mix_low,256,485,116410,116511
latency,weave,4,priority_mix_low,256,486,116110,116200
latency,weave,4,priority_mix_low,256,487,115825,115905
latency,weave,4,priority_mix_low,256,488,115709,115779
latency,weave,4,priority_mix_low,256,489,90000,90091
latency,weave,4,priority_mix_low,256,490,89735,89815
latency,weave,4,priority_mix_low,256,491,89189,89279
latency,weave,4,priority_mix_low,256,492,89009,89089
latency,weave,4,priority_mix_low,256,493,88718,88788
latency,weave,4,priority_mix_low,256,494,88392,88493
latency,weave,4,priority_mix_low,256,495,88146,88217
latency,weave,4,priority_mix_low,256,496,87807,87907
latency,weave,4,priority_mix_low,256,497,87411,87511
latency,weave,4,priority_mix_low,256,498,87025,87115
latency,weave,4,priority_mix_low,256,499,86624,86704
latency,weave,4,priority_mix_low,256,500,86584,86664
latency,weave,4,priority_mix_low,256,501,86279,86369
latency,weave,4,priority_mix_low,256,502,86053,86123
latency,weave,4,priority_mix_low,256,503,85833,85913
latency,weave,4,priority_mix_low,256,504,85598,85678
latency,weave,4,priority_mix_low,256,505,85272,85342
latency,weave,4,priority_mix_low,256,506,85031,85101
latency,weave,4,priority_mix_low,256,507,84876,84946
latency,weave,4,priority_mix_low,256,508,84700,84770
latency,weave,4,priority_mix_low,256,509,84506,84576
latency,weave,4,priority_mix_low,256,510,85011,85081
latency,weave,4,priority_mix_low,256,511,84981,85051
latency,weave,4,priority_mix_high,256,512,97364,97494
latency,weave,4,priority_mix_normal,256,513,115003,115133
latency,weave,4,priority_mix_low,256,514,66938,67068
latency,weave,4,priority_mix_high,256,515,103301,103431
latency,weave,4,priority_mix_normal,256,516,45336,45466
latency,weave,4,priority_mix_low,256,517,61011,61141
latency,weave,4,priority_mix_high,256,518,238852,239052
latency,weave,4,priority_mix_normal,256,519,32722,32792
latency,weave,4,priority_mix_high,256,520,13276,13406
latency,weave,4,priority_mix_low,256,521,35698,35839
latency,weave,4,priority_mix_normal,256,522,27121,27261
latency,weave,4,priority_mix_low,256,523,32411,32552
latency,weave,4,priority_mix_high,256,524,87325,87465
latency,weave,4,priority_mix_high,256,525,30267,30407
latency,weave,4,priority_mix_normal,256,526,183903,184043
latency,weave,4,priority_mix_low,256,527,111400,111471
latency,weave,4,priority_mix_normal,256,528,104232,104373
latency,weave,4,priority_mix_low,256,529,77116,77256
latency,weave,4,priority_mix_high,256,530,86794,86924
latency,weave,4,priority_mix_normal,256,531,77998,78128
latency,weave,4,priority_mix_low,256,532,84300,84430
latency,weave,4,priority_mix_high,256,533,104072,104212
latency,weave,4,priority_mix_normal,256,534,82612,82742
latency,weave,4,priority_mix_low,256,535,112243,112383
latency,weave,4,priority_mix_high,256,536,91147,91267
latency,weave,4,priority_mix_high,256,537,30318,30458
latency,weave,4,priority_mix_normal,256,538,156502,156642
latency,weave,4,priority_mix_low,256,539,98342,98422
latency,weave,4,priority_mix_normal,256,540,100400,100540
latency,weave,4,priority_mix_low,256,541,71040,71181
latency,weave,4,priority_mix_high,256,542,128564,128694
latency,weave,4,priority_mix_high,256,543,28083,28163
latency,weave,4,priority_mix_normal,256,544,66215,66285
latency,weave,4,priority_mix_low,256,545,48762,48842
latency,weave,4,priority_mix_normal,256,546,26741,26881
latency,weave,4,priority_mix_high,256,547,24381,24522
latency,weave,4,priority_mix_low,256,548,122782,122922
latency,weave,4,priority_mix_normal,256,549,49133,49274
latency,weave,4,priority_mix_high,256,550,48632,48752
latency,weave,4,priority_mix_low,256,551,134936,135076
latency,weave,4,priority_mix_normal,256,552,68590,68730
latency,weave,4,priority_mix_low,256,553,192365,192505
latency,weave,4,priority_mix_high,256,554,79451,79591
latency,weave,4,priority_mix_normal,256,555,94664,94794
latency,weave,4,priority_mix_low,256,556,82000,82140
latency,weave,4,priority_mix_high,256,557,2445,2586
latency,weave,4,priority_mix_high,256,558,2636,2706
latency,weave,4,priority_mix_high,256,559,2445,2515
latency,weave,4,priority_mix_high,256,560,2174,2255
latency,weave,4,priority_mix_high,256,561,2014,2114
latency,weave,4,priority_mix_high,256,562,1353,1433
latency,weave,4,priority_mix_high,256,563,652,732
latency,weave,4,priority_mix_normal,256,564,5511,5581
latency,weave,4,priority_mix_high,256,565,591,661
latency,weave,4,priority_mix_normal,256,566,5561,5641
latency,weave,4,priority_mix_high,256,567,702,782
latency,weave,4,priority_mix_normal,256,568,5772,5842
latency,weave,4,priority_mix_high,256,569,862,932
latency,weave,4,priority_mix_high,256,570,361,441
latency,weave,4,priority_mix_normal,256,571,6753,6853
latency,weave,4,priority_mix_high,256,572,641,711
latency,weave,4,priority_mix_normal,256,573,7074,7144
latency,weave,4,priority_mix_high,256,574,371,451
latency,weave,4,priority_mix_normal,256,575,6994,7064
latency,weave,4,priority_mix_high,256,576,531,611
latency,weave,4,priority_mix_high,256,577,316,446
latency,weave,4,priority_mix_normal,256,578,7284,7364
latency,weave,4,priority_mix_normal,256,579,6809,6909
latency,weave,4,priority_mix_normal,256,580,6432,6523
latency,weave,4,priority_mix_high,256,581,657,727
latency,weave,4,priority_mix_normal,256,582,6202,6272
latency,weave,4,priority_mix_normal,256,583,5626,5696
latency,weave,4,priority_mix_normal,256,584,5451,5521
latency,weave,4,priority_mix_normal,256,585,4534,4605
latency,weave,4,priority_mix_normal,256,586,3968,4038
latency,weave,4,priority_mix_high,256,587,517,587
latency,weave,4,priority_mix_normal,256,588,4068,4138
latency,weave,4,priority_mix_normal,256,589,2736,2816
latency,weave,4,priority_mix_normal,256,590,1292,1363
latency,weave,4,priority_mix_low,256,591,16281,16351
latency,weave,4,priority_mix_high,256,592,912,982
latency,weave,4,priority_mix_normal,256,593,722,812
latency,weave,4,priority_mix_high,256,594,792,872
latency,weave,4,priority_mix_normal,256,595,842,912
latency,weave,4,priority_mix_high,256,596,781,872
latency,weave,4,priority_mix_normal,256,597,742,842
latency,weave,4,priority_mix_high,256,598,371,441
latency,weave,4,priority_mix_normal,256,599,632,702
latency,weave,4,priority_mix_high,256,600,4214,4354
latency,weave,4,priority_mix_high,256,601,4454,4524
latency,weave,4,priority_mix_normal,256,602,5385,5465
latency,weave,4,priority_mix_normal,256,603,5225,5306
latency,weave,4,priority_mix_low,256,604,25484,25554
latency,weave,4,priority_mix_low,256,605,25073,25153
latency,weave,4,priority_mix_low,256,606,25053,25123
latency,weave,4,priority_mix_low,256,607,24162,24232
latency,weave,4,priority_mix_low,256,608,23550,23620
latency,weave,4,priority_mix_low,256,609,22719,22789
latency,weave,4,priority_mix_low,256,610,22087,22167
latency,weave,4,priority_mix_low,256,611,21687,21757
latency,weave,4,priority_mix_low,256,612,20975,21045
latency,weave,4,priority_mix_low,256,613,20635,20705
latency,weave,4,priority_mix_low,256,614,20294,20375
latency,weave,4,priority_mix_low,256,615,19362,19442
latency,weave,4,priority_mix_low,256,616,18851,18922
latency,weave,4,priority_mix_low,256,617,18110,18190
latency,weave,4,priority_mix_low,256,618,16406,16477
latency,weave,4,priority_mix_low,256,619,15445,15525
latency,weave,4,priority_mix_low,256,620,14093,14163
latency,weave,4,priority_mix_low,256,621,13431,13501
latency,weave,4,priority_mix_low,256,622,12830,12900
latency,weave,4,priority_mix_low,256,623,12008,12078
latency,weave,4,priority_mix_low,256,624,11598,11668
latency,weave,4,priority_mix_low,256,625,26355,26486
latency,weave,4,priority_mix_high,256,626,58661,58791
latency,weave,4,priority_mix_normal,256,627,91173,91313
latency,weave,4,priority_mix_low,256,628,98877,99008
latency,weave,4,priority_mix_high,256,629,86263,86404
latency,weave,4,priority_mix_normal,256,630,99493,99624
latency,weave,4,priority_mix_low,256,631,97431,97571
latency,weave,4,priority_mix_high,256,632,63000,63140
latency,weave,4,priority_mix_normal,256,633,71241,71381
latency,weave,4,priority_mix_high,256,634,26190,26320
latency,weave,4,priority_mix_low,256,635,130487,130628
latency,weave,4,priority_mix_normal,256,636,73800,73920
latency,weave,4,priority_mix_low,256,637,89525,89666
latency,weave,4,priority_mix_high,256,638,85949,86089
latency,weave,4,priority_mix_normal,256,639,86920,87050
latency,weave,4,priority_mix_low,256,640,86083,86223
latency,weave,4,priority_mix_high,256,641,110218,110359
latency,weave,4,priority_mix_normal,256,642,31048,31179
latency,weave,4,priority_mix_high,256,643,27121,27261
latency,weave,4,priority_mix_low,256,644,170683,170813
latency,weave,4,priority_mix_normal,256,645,172376,172517
latency,weave,4,priority_mix_low,256,646,69858,69998
latency,weave,4,priority_mix_high,256,647,306951,307091
latency,weave,4,priority_mix_normal,256,648,78344,78474
latency,weave,4,priority_mix_low,256,649,86439,86579
latency,weave,4,priority_mix_high,256,650,104893,105024
latency,weave,4,priority_mix_normal,256,651,82241,82371
latency,weave,4,priority_mix_low,256,652,100245,100375
latency,weave,4,priority_mix_high,256,653,85588,85718
latency,weave,4,priority_mix_normal,256,654,88498,88639
latency,weave,4,priority_mix_low,256,655,73520,73650
latency,weave,4,priority_mix_high,256,656,90256,90376
latency,weave,4,priority_mix_normal,256,657,68780,68911
latency,weave,4,priority_mix_high,256,658,30272,30412
latency,weave,4,priority_mix_low,256,659,147124,147265
latency,weave,4,priority_mix_normal,256,660,91443,91573
latency,weave,4,priority_mix_low,256,661,106436,106577
latency,weave,4,priority_mix_high,256,662,86134,86274
latency,weave,4,priority_mix_normal,256,663,59508,59648
latency,weave,4,priority_mix_low,256,664,83844,83975
latency,weave,4,priority_mix_high,256,665,127517,127657
latency,weave,4,priority_mix_normal,256,666,65384,65524
latency,weave,4,priority_mix_high,256,667,26496,26636
latency,weave,4,priority_mix_low,256,668,206571,206712
latency,weave,4,priority_mix_normal,256,669,76190,76310
latency,weave,4,priority_mix_high,256,670,27578,27718
latency,weave,4,priority_mix_low,256,671,306927,306997
latency,weave,4,priority_mix_low,256,672,13141,13261
latency,weave,4,priority_mix_normal,256,673,36599,36739
latency,weave,4,priority_mix_high,256,674,31195,31325
latency,weave,4,priority_mix_normal,256,675,29742,29882
latency,weave,4,priority_mix_high,256,676,14353,14483
latency,weave,4,priority_mix_high,256,677,14563,14643
latency,weave,4,priority_mix_high,256,678,14543,14623
latency,weave,4,priority_mix_high,256,679,13821,13901
latency,weave,4,priority_mix_high,256,680,14062,14132
latency,weave,4,priority_mix_high,256,681,13992,14072
latency,weave,4,priority_mix_high,256,682,13411,13491
latency,weave,4,priority_mix_high,256,683,13371,13451
latency,weave,4,priority_mix_high,256,684,13331,13411
latency,weave,4,priority_mix_high,256,685,12860,12930
latency,weave,4,priority_mix_high,256,686,13812,13882
latency,weave,4,priority_mix_high,256,687,13150,13230
latency,weave,4,priority_mix_high,256,688,13061,13141
latency,weave,4,priority_mix_high,256,689,13020,13090
latency,weave,4,priority_mix_high,256,690,12399,12479
latency,weave,4,priority_mix_high,256,691,12208,12288
latency,weave,4,priority_mix_high,256,692,12109,12179
latency,weave,4,priority_mix_high,256,693,11768,11848
latency,weave,4,priority_mix_high,256,694,11738,11818
latency,weave,4,priority_mix_high,256,695,11347,11427
latency,weave,4,priority_mix_high,256,696,11397,11467
latency,weave,4,priority_mix_high,256,697,11407,11477
latency,weave,4,priority_mix_high,256,698,11007,11087
latency,weave,4,priority_mix_high,256,699,10966,11036
latency,weave,4,priority_mix_high,256,700,10917,10997
latency,weave,4,priority_mix_high,256,701,10475,10545
latency,weave,4,priority_mix_high,256,702,10406,10476
latency,weave,4,priority_mix_high,256,703,9543,9613
latency,weave,4,priority_mix_high,256,704,9023,9103
latency,weave,4,priority_mix_high,256,705,8492,8562
latency,weave,4,priority_mix_normal,256,706,25935,26005
latency,weave,4,priority_mix_normal,256,707,25454,25524
latency,weave,4,priority_mix_normal,256,708,25233,25313
latency,weave,4,priority_mix_high,256,709,26761,26901
latency,weave,4,priority_mix_normal,256,710,25173,25253
latency,weave,4,priority_mix_normal,256,711,24492,24572
latency,weave,4,priority_mix_normal,256,712,24908,25008
latency,weave,4,priority_mix_normal,256,713,24742,24813
latency,weave,4,priority_mix_normal,256,714,24777,24847
latency,weave,4,priority_mix_normal,256,715,24623,24693
latency,weave,4,priority_mix_normal,256,716,24116,24186
latency,weave,4,priority_mix_normal,256,717,23930,24011
latency,weave,4,priority_mix_normal,256,718,23926,23996
latency,weave,4,priority_mix_normal,256,719,23189,23270
latency,weave,4,priority_mix_normal,256,720,23124,23204
latency,weave,4,priority_mix_normal,256,721,23009,23079
latency,weave,4,priority_mix_normal,256,722,22273,22343
latency,weave,4,priority_mix_normal,256,723,21977,22057
latency,weave,4,priority_mix_normal,256,724,21582,21662
latency,weave,4,priority_mix_normal,256,725,21697,21777
latency,weave,4,priority_mix_normal,256,726,21531,21611
latency,weave,4,priority_mix_normal,256,727,21286,21366
latency,weave,4,priority_mix_normal,256,728,21181,21261
latency,weave,4,priority_mix_normal,256,729,21446,21516
latency,weave,4,priority_mix_normal,256,730,21061,21141
latency,weave,4,priority_mix_normal,256,731,21216,21286
latency,weave,4,priority_mix_normal,256,732,20996,21076
latency,weave,4,priority_mix_normal,256,733,20820,20890
latency,weave,4,priority_mix_normal,256,734,20694,20775
latency,weave,4,priority_mix_normal,256,735,19438,19518
latency,weave,4,priority_mix_normal,256,736,18811,18891
latency,weave,4,priority_mix_low,256,737,38914,38984
latency,weave,4,priority_mix_low,256,738,35683,35763
latency,weave,4,priority_mix_low,256,739,35002,35072
latency,weave,4,priority_mix_low,256,740,35092,35162
latency,weave,4,priority_mix_low,256,741,34175,34245
latency,weave,4,priority_mix_low,256,742,34200,34270
latency,weave,4,priority_mix_low,256,743,33374,33454
latency,weave,4,priority_mix_low,256,744,33239,33319
latency,weave,4,priority_mix_low,256,745,33113,33183
latency,weave,4,priority_mix_low,256,746,32567,32637
latency,weave,4,priority_mix_low,256,747,32862,32933
latency,weave,4,priority_mix_low,256,748,32628,32698
latency,weave,4,priority_mix_low,256,749,32232,32312
latency,weave,4,priority_mix_low,256,750,31986,32056
latency,weave,4,priority_mix_low,256,751,31470,31551
latency,weave,4,priority_mix_low,256,752,31215,31285
latency,weave,4,priority_mix_low,256,753,30949,31029
latency,weave,4,priority_mix_low,256,754,30322,30393
latency,weave,4,priority_mix_low,256,755,30338,30408
latency,weave,4,priority_mix_low,256,756,30313,30393
latency,weave,4,priority_mix_low,256,757,29867,29947
latency,weave,4,priority_mix_low,256,758,29982,30062
latency,weave,4,priority_mix_low,256,759,29386,29456
latency,weave,4,priority_mix_low,256,760,29451,29531
latency,weave,4,priority_mix_low,256,761,29406,29486
latency,weave,4,priority_mix_low,256,762,28990,29060
latency,weave,4,priority_mix_low,256,763,28986,29066
latency,weave,4,priority_mix_low,256,764,28600,28670
latency,weave,4,priority_mix_low,256,765,27392,27463
latency,weave,4,priority_mix_low,256,766,27127,27197
latency,weave,4,priority_mix_low,256,767,52175,52305
latency,weave,4,priority_mix_high,256,768,47440,47570
latency,weave,4,priority_mix_normal,256,769,76044,76184
latency,weave,4,priority_mix_low,256,770,83258,83388
latency,weave,4,priority_mix_high,256,771,85738,85878
latency,weave,4,priority_mix_normal,256,772,75359,75489
latency,weave,4,priority_mix_high,256,773,29756,29897
latency,weave,4,priority_mix_low,256,774,160720,160851
latency,weave,4,priority_mix_normal,256,775,159231,159371
latency,weave,4,priority_mix_low,256,776,86785,86925
latency,weave,4,priority_mix_high,256,777,77331,77471
latency,weave,4,priority_mix_normal,256,778,24221,24361
latency,weave,4,priority_mix_low,256,779,20569,20709
latency,weave,4,priority_mix_high,256,780,24246,24386
latency,weave,4,priority_mix_normal,256,781,104729,104869
latency,weave,4,priority_mix_low,256,782,59789,59929
latency,weave,4,priority_mix_high,256,783,74788,74908
latency,weave,4,priority_mix_normal,256,784,94599,94729
latency,weave,4,priority_mix_low,256,785,85206,85346
latency,weave,4,priority_mix_high,256,786,91433,91563
latency,weave,4,priority_mix_normal,256,787,71545,71676
latency,weave,4,priority_mix_high,256,788,2110,2240
latency,weave,4,priority_mix_high,256,789,12499,12629
latency,weave,4,priority_mix_high,256,790,12183,12304
latency,weave,4,priority_mix_high,256,791,11538,11618
latency,weave,4,priority_mix_normal,256,792,14153,14233
latency,weave,4,priority_mix_normal,256,793,13947,14027
latency,weave,4,priority_mix_normal,256,794,13622,13702
latency,weave,4,priority_mix_normal,256,795,13205,13275
latency,weave,4,priority_mix_normal,256,796,12820,12900
latency,weave,4,priority_mix_low,256,797,28795,28865
latency,weave,4,priority_mix_low,256,798,15485,15565
latency,weave,4,priority_mix_low,256,799,14819,14899
latency,weave,4,priority_mix_low,256,800,14743,14823
latency,weave,4,priority_mix_low,256,801,14237,14307
latency,weave,4,priority_mix_low,256,802,4549,4650
latency,weave,4,priority_mix_high,256,803,30709,30839
latency,weave,4,priority_mix_high,256,804,111401,111531
latency,weave,4,priority_mix_normal,256,805,82270,82400
latency,weave,4,priority_mix_low,256,806,66877,67017
latency,weave,4,priority_mix_high,256,807,74987,75127
latency,weave,4,priority_mix_normal,256,808,72417,72557
latency,weave,4,priority_mix_high,256,809,24897,25037
latency,weave,4,priority_mix_low,256,810,153480,153621
latency,weave,4,priority_mix_normal,256,811,78328,78459
latency,weave,4,priority_mix_high,256,812,24060,24201
latency,weave,4,priority_mix_low,256,813,134340,134480
latency,weave,4,priority_mix_normal,256,814,73338,73478
latency,weave,4,priority_mix_low,256,815,68209,68340
latency,weave,4,priority_mix_high,256,816,72898,73028
latency,weave,4,priority_mix_normal,256,817,28269,28409
latency,weave,4,priority_mix_low,256,818,23460,23590
latency,weave,4,priority_mix_high,256,819,25909,26049
latency,weave,4,priority_mix_normal,256,820,23544,23674
latency,weave,4,priority_mix_low,256,821,23324,23445
latency,weave,4,priority_mix_high,256,822,24492,24622
latency,weave,4,priority_mix_normal,256,823,22468,22588
latency,weave,4,priority_mix_low,256,824,27096,27236
latency,weave,4,priority_mix_high,256,825,23514,23645
latency,weave,4,priority_mix_normal,256,826,24847,24967
latency,weave,4,priority_mix_low,256,827,22963,23093
latency,weave,4,priority_mix_high,256,828,24381,24522
latency,weave,4,priority_mix_normal,256,829,22508,22638
latency,weave,4,priority_mix_low,256,830,22518,22648
latency,weave,4,priority_mix_high,256,831,21877,22007
latency,weave,4,priority_mix_normal,256,832,31760,31900
latency,weave,4,priority_mix_high,256,833,1032,1132
latency,weave,4,priority_mix_high,256,834,1052,1132
latency,weave,4,priority_mix_high,256,835,841,921
latency,weave,4,priority_mix_normal,256,836,2264,2334
latency,weave,4,priority_mix_high,256,837,691,771
latency,weave,4,priority_mix_high,256,838,531,601
latency,weave,4,priority_mix_normal,256,839,3476,3546
latency,weave,4,priority_mix_normal,256,840,2694,2765
latency,weave,4,priority_mix_high,256,841,571,651
latency,weave,4,priority_mix_normal,256,842,2735,2815
latency,weave,4,priority_mix_high,256,843,521,591
latency,weave,4,priority_mix_high,256,844,381,451
latency,weave,4,priority_mix_normal,256,845,3045,3115
latency,weave,4,priority_mix_high,256,846,370,440
latency,weave,4,priority_mix_high,256,847,360,441
latency,weave,4,priority_mix_normal,256,848,3466,3536
latency,weave,4,priority_mix_normal,256,849,3065,3145
latency,weave,4,priority_mix_high,256,850,912,992
latency,weave,4,priority_mix_normal,256,851,3276,3356
latency,weave,4,priority_mix_high,256,852,761,841
latency,weave,4,priority_mix_normal,256,853,4253,4393
latency,weave,4,priority_mix_normal,256,854,4293,4373
latency,weave,4,priority_mix_normal,256,855,3712,3782
latency,weave,4,priority_mix_low,256,856,14813,14883
latency,weave,4,priority_mix_low,256,857,13401,13471
latency,weave,4,priority_mix_low,256,858,13270,13340
latency,weave,4,priority_mix_low,256,859,12299,12369
latency,weave,4,priority_mix_low,256,860,11817,11897
latency,weave,4,priority_mix_low,256,861,11247,11317
latency,weave,4,priority_mix_low,256,862,10314,10394
latency,weave,4,priority_mix_low,256,863,10004,10084
latency,weave,4,priority_mix_low,256,864,9423,9494
latency,weave,4,priority_mix_low,256,865,9002,9072
latency,weave,4,priority_mix_low,256,866,8631,8712
latency,weave,4,priority_mix_low,256,867,7940,8010
latency,weave,4,priority_mix_low,256,868,7128,7209
latency,weave,4,priority_mix_normal,256,869,22142,22272
latency,weave,4,priority_mix_high,256,870,26926,27066
latency,weave,4,priority_mix_normal,256,871,23400,23530
latency,weave,4,priority_mix_low,256,872,32156,32286
latency,weave,4,priority_mix_high,256,873,4364,4434
latency,weave,4,priority_mix_high,256,874,3232,3312
latency,weave,4,priority_mix_high,256,875,22598,22728
latency,weave,4,priority_mix_high,256,876,21942,22082
latency,weave,4,priority_mix_high,256,877,22979,23049
latency,weave,4,priority_mix_high,256,878,23153,23223
latency,weave,4,priority_mix_high,256,879,22949,23019
latency,weave,4,priority_mix_high,256,880,22833,22903
latency,weave,4,priority_mix_high,256,881,3181,3251
latency,weave,4,priority_mix_high,256,882,2966,3036
latency,weave,4,priority_mix_high,256,883,1839,1919
latency,weave,4,priority_mix_normal,256,884,27071,27141
latency,weave,4,priority_mix_normal,256,885,26916,26986
latency,weave,4,priority_mix_high,256,886,901,981
latency,weave,4,priority_mix_normal,256,887,27137,27207
latency,weave,4,priority_mix_normal,256,888,26741,26821
latency,weave,4,priority_mix_normal,256,889,26686,26766
latency,weave,4,priority_mix_normal,256,890,26460,26540
latency,weave,4,priority_mix_normal,256,891,26450,26530
latency,weave,4,priority_mix_normal,256,892,26380,26460
latency,weave,4,priority_mix_normal,256,893,6412,6492
latency,weave,4,priority_mix_normal,256,894,6157,6227
latency,weave,4,priority_mix_normal,256,895,4708,4778
latency,weave,4,priority_mix_normal,256,896,2871,2941
latency,weave,4,priority_mix_low,256,897,30398,30478
latency,weave,4,priority_mix_high,256,898,641,712
latency,weave,4,priority_mix_low,256,899,34365,34505
latency,weave,4,priority_mix_low,256,900,34726,34796
latency,weave,4,priority_mix_low,256,901,34675,34746
latency,weave,4,priority_mix_low,256,902,34636,34706
latency,weave,4,priority_mix_low,256,903,34435,34506
latency,weave,4,priority_mix_low,256,904,34375,34445
latency,weave,4,priority_mix_low,256,905,34124,34195
latency,weave,4,priority_mix_low,256,906,14267,14337
latency,weave,4,priority_mix_low,256,907,13977,14047
latency,weave,4,priority_mix_low,256,908,11983,12063
latency,weave,4,priority_mix_low,256,909,10160,10230
latency,weave,4,priority_mix_normal,256,910,20488,20628
latency,weave,4,priority_mix_low,256,911,43748,43888
latency,weave,4,priority_mix_high,256,912,1859,1929
latency,weave,4,priority_mix_normal,256,913,857,937
latency,weave,4,priority_mix_low,256,914,727,797
latency,weave,4,priority_mix_high,256,915,747,827
latency,weave,4,priority_mix_normal,256,916,827,957
latency,weave,4,priority_mix_high,256,917,556,626
latency,weave,4,priority_mix_high,256,918,506,577
latency,weave,4,priority_mix_normal,256,919,1829,1919
latency,weave,4,priority_mix_normal,256,920,757,857
latency,weave,4,priority_mix_low,256,921,3201,3271
latency,weave,4,priority_mix_low,256,922,2390,2460
latency,weave,4,priority_mix_low,256,923,1358,1438
latency,weave,4,priority_mix_high,256,924,1157,1237
latency,weave,4,priority_mix_normal,256,925,2204,2334
latency,weave,4,priority_mix_high,256,926,32210,32351
latency,weave,4,priority_mix_low,256,927,127972,128102
latency,weave,4,priority_mix_normal,256,928,87491,87621
latency,weave,4,priority_mix_low,256,929,90341,90481
latency,weave,4,priority_mix_high,256,930,2755,2886
latency,weave,4,priority_mix_high,256,931,3247,3327
latency,weave,4,priority_mix_high,256,932,7189,7320
latency,weave,4,priority_mix_normal,256,933,4349,4419
latency,weave,4,priority_mix_normal,256,934,4258,4328
latency,weave,4,priority_mix_low,256,935,4685,4765
latency,weave,4,priority_mix_low,256,936,5126,5256
latency,weave,4,priority_mix_normal,256,937,5106,5186
latency,weave,4,priority_mix_high,256,938,547,617
latency,weave,4,priority_mix_high,256,939,657,727
latency,weave,4,priority_mix_normal,256,940,1478,1568
latency,weave,4,priority_mix_high,256,941,547,617
latency,weave,4,priority_mix_normal,256,942,1578,1659
latency,weave,4,priority_mix_normal,256,943,877,947
latency,weave,4,priority_mix_low,256,944,3592,3662
latency,weave,4,priority_mix_low,256,945,2921,2991
latency,weave,4,priority_mix_low,256,946,2741,2831
latency,weave,4,priority_mix_low,256,947,1719,1789
latency,weave,4,priority_mix_high,256,948,512,592
latency,weave,4,priority_mix_normal,256,949,672,752
latency,weave,4,priority_mix_high,256,950,517,597
latency,weave,4,priority_mix_low,256,951,933,1003
latency,weave,4,priority_mix_normal,256,952,3402,3472
latency,weave,4,priority_mix_low,256,953,706,777
latency,weave,4,priority_mix_high,256,954,69838,69968
latency,weave,4,priority_mix_normal,256,955,68039,68179
latency,weave,4,priority_mix_high,256,956,25588,25728
latency,weave,4,priority_mix_low,256,957,110770,110840
latency,weave,4,priority_mix_normal,256,958,23439,23570
latency,weave,4,priority_mix_low,256,959,21916,22046
latency,weave,4,priority_mix_high,256,960,24311,24441
latency,weave,4,priority_mix_normal,256,961,26721,26861
latency,weave,4,priority_mix_low,256,962,22432,22563
latency,weave,4,priority_mix_high,256,963,20008,20138
latency,weave,4,priority_mix_low,256,964,13695,13835
latency,weave,4,priority_mix_normal,256,965,34280,34410
latency,weave,4,priority_mix_high,256,966,30057,30187
latency,weave,4,priority_mix_normal,256,967,27593,27713
latency,weave,4,priority_mix_low,256,968,27412,27543
latency,weave,4,priority_mix_high,256,969,21811,21951
latency,weave,4,priority_mix_normal,256,970,28269,28409
latency,weave,4,priority_mix_low,256,971,12319,12389
latency,weave,4,priority_mix_high,256,972,44725,44855
latency,weave,4,priority_mix_normal,256,973,28253,28384
latency,weave,4,priority_mix_low,256,974,30076,30216
latency,weave,4,priority_mix_high,256,975,30948,31079
latency,weave,4,priority_mix_normal,256,976,31509,31640
latency,weave,4,priority_mix_high,256,977,1702,1803
latency,weave,4,priority_mix_high,256,978,1752,1833
latency,weave,4,priority_mix_high,256,979,1562,1632
latency,weave,4,priority_mix_high,256,980,1302,1372
latency,weave,4,priority_mix_high,256,981,650,721
latency,weave,4,priority_mix_normal,256,982,3446,3516
latency,weave,4,priority_mix_high,256,983,651,721
latency,weave,4,priority_mix_high,256,984,400,480
latency,weave,4,priority_mix_normal,256,985,4778,4849
latency,weave,4,priority_mix_normal,256,986,4448,4548
latency,weave,4,priority_mix_high,256,987,701,771
latency,weave,4,priority_mix_normal,256,988,4789,4869
latency,weave,4,priority_mix_high,256,989,410,490
latency,weave,4,priority_mix_normal,256,990,4849,4919
latency,weave,4,priority_mix_high,256,991,320,400
latency,weave,4,priority_mix_normal,256,992,4608,4688
latency,weave,4,priority_mix_high,256,993,621,701
latency,weave,4,priority_mix_high,256,994,350,440
latency,weave,4,priority_mix_normal,256,995,5580,5650
latency,weave,4,priority_mix_high,256,996,551,641
latency,weave,4,priority_mix_normal,256,997,4859,4939
latency,weave,4,priority_mix_normal,256,998,4107,4187
latency,weave,4,priority_mix_high,256,999,611,681
latency,weave,4,priority_mix_normal,256,1000,4068,4138
latency,weave,4,priority_mix_high,256,1001,521,591
latency,weave,4,priority_mix_normal,256,1002,4168,4258
latency,weave,4,priority_mix_high,256,1003,570,641
latency,weave,4,priority_mix_normal,256,1004,4218,4298
latency,weave,4,priority_mix_normal,256,1005,3746,3817
latency,weave,4,priority_mix_normal,256,1006,2895,2965
latency,weave,4,priority_mix_normal,256,1007,2364,2444
latency,weave,4,priority_mix_low,256,1008,15479,15549
latency,weave,4,priority_mix_low,256,1009,15309,15389
latency,weave,4,priority_mix_low,256,1010,14958,15038
latency,weave,4,priority_mix_low,256,1011,14327,14407
latency,weave,4,priority_mix_low,256,1012,13976,14046
latency,weave,4,priority_mix_low,256,1013,13255,13335
latency,weave,4,priority_mix_low,256,1014,12964,13034
latency,weave,4,priority_mix_low,256,1015,11421,11491
latency,weave,4,priority_mix_low,256,1016,10931,11001
latency,weave,4,priority_mix_low,256,1017,10399,10479
latency,weave,4,priority_mix_low,256,1018,9908,9988
latency,weave,4,priority_mix_low,256,1019,9708,9778
latency,weave,4,priority_mix_low,256,1020,9097,9167
latency,weave,4,priority_mix_low,256,1021,8215,8285
latency,weave,4,priority_mix_low,256,1022,7584,7654
latency,weave,4,priority_mix_low,256,1023,33794,33924
latency,weave,4,priority_mix_high,256,1024,32953,33093
latency,weave,4,priority_mix_normal,256,1025,29355,29486
latency,weave,4,priority_mix_low,256,1026,62919,63060
latency,weave,4,priority_mix_high,256,1027,75048,75178
latency,weave,4,priority_mix_normal,256,1028,24286,24416
latency,weave,4,priority_mix_low,256,1029,91734,91864
latency,weave,4,priority_mix_high,256,1030,80568,80708
latency,weave,4,priority_mix_normal,256,1031,90617,90757
latency,weave,4,priority_mix_low,256,1032,89911,90051
latency,weave,4,priority_mix_high,256,1033,105700,105840
latency,weave,4,priority_mix_normal,256,1034,81350,81480
latency,weave,4,priority_mix_low,256,1035,96358,96498
latency,weave,4,priority_mix_high,256,1036,76490,76630
latency,weave,4,priority_mix_normal,256,1037,94234,94374
latency,weave,4,priority_mix_low,256,1038,34476,34616
latency,weave,4,priority_mix_high,256,1039,93177,93317
latency,weave,4,priority_mix_normal,256,1040,29125,29206
latency,weave,4,priority_mix_low,256,1041,24918,25048
latency,weave,4,priority_mix_high,256,1042,26390,26520
latency,weave,4,priority_mix_normal,256,1043,63460,63591
latency,weave,4,priority_mix_high,256,1044,3427,3507
latency,weave,4,priority_mix_high,256,1045,3207,3287
latency,weave,4,priority_mix_high,256,1046,3126,3197
latency,weave,4,priority_mix_high,256,1047,2816,2896
latency,weave,4,priority_mix_high,256,1048,2775,2846
latency,weave,4,priority_mix_high,256,1049,2725,2795
latency,weave,4,priority_mix_normal,256,1050,5490,5561
latency,weave,4,priority_mix_normal,256,1051,5130,5200
latency,weave,4,priority_mix_normal,256,1052,5049,5120
latency,weave,4,priority_mix_normal,256,1053,4920,5000
latency,weave,4,priority_mix_normal,256,1054,4628,4699
latency,weave,4,priority_mix_normal,256,1055,4579,4649
latency,weave,4,priority_mix_normal,256,1056,4529,4609
latency,weave,4,priority_mix_low,256,1057,9188,9268
latency,weave,4,priority_mix_low,256,1058,7785,7855
latency,weave,4,priority_mix_low,256,1059,7455,7535
latency,weave,4,priority_mix_low,256,1060,7314,7384
latency,weave,4,priority_mix_low,256,1061,7184,7254
latency,weave,4,priority_mix_low,256,1062,6963,7033
latency,weave,4,priority_mix_low,256,1063,6914,6984
latency,weave,4,priority_mix_high,256,1064,23115,23245
latency,weave,4,priority_mix_low,256,1065,29532,29672
latency,weave,4,priority_mix_high,256,1066,25594,25725
latency,weave,4,priority_mix_normal,256,1067,25624,25754
latency,weave,4,priority_mix_low,256,1068,28570,28711
latency,weave,4,priority_mix_high,256,1069,26556,26686
latency,weave,4,priority_mix_normal,256,1070,30168,30308
latency,weave,4,priority_mix_low,256,1071,62629,62759
latency,weave,4,priority_mix_high,256,1072,46053,46193
latency,weave,4,priority_mix_high,256,1073,8893,8963
latency,weave,4,priority_mix_high,256,1074,9053,9133
latency,weave,4,priority_mix_high,256,1075,8963,9033
latency,weave,4,priority_mix_high,256,1076,9083,9153
latency,weave,4,priority_mix_high,256,1077,9033,9113
latency,weave,4,priority_mix_high,256,1078,8923,9023
latency,weave,4,priority_mix_high,256,1079,8972,9053
latency,weave,4,priority_mix_high,256,1080,9003,9083
latency,weave,4,priority_mix_high,256,1081,8923,8993
latency,weave,4,priority_mix_high,256,1082,8973,9043
latency,weave,4,priority_mix_high,256,1083,8873,8943
latency,weave,4,priority_mix_high,256,1084,8963,9033
latency,weave,4,priority_mix_high,256,1085,9103,9173
latency,weave,4,priority_mix_high,256,1086,8962,9043
latency,weave,4,priority_mix_high,256,1087,9003,9073
latency,weave,4,priority_mix_high,256,1088,27572,27702
latency,weave,4,priority_mix_high,256,1089,121876,122017
latency,weave,4,priority_mix_high,256,1090,138879,139009
latency,weave,4,priority_mix_high,256,1091,138588,138658
latency,weave,4,priority_mix_high,256,1092,138087,138158
latency,weave,4,priority_mix_high,256,1093,137296,137376
latency,weave,4,priority_mix_high,256,1094,137115,137186
latency,weave,4,priority_mix_high,256,1095,136534,136614
latency,weave,4,priority_mix_high,256,1096,135522,135593
latency,weave,4,priority_mix_high,256,1097,135092,135162
latency,weave,4,priority_mix_high,256,1098,133258,133329
latency,weave,4,priority_mix_high,256,1099,133158,133228
latency,weave,4,priority_mix_high,256,1100,133087,133168
latency,weave,4,priority_mix_high,256,1101,132306,132376
latency,weave,4,priority_mix_high,256,1102,132206,132277
latency,weave,4,priority_mix_high,256,1103,132146,132226
latency,weave,4,priority_mix_high,256,1104,131785,131855
latency,weave,4,priority_mix_high,256,1105,131715,131785
latency,weave,4,priority_mix_high,256,1106,131434,131504
latency,weave,4,priority_mix_high,256,1107,131385,131455
latency,weave,4,priority_mix_high,256,1108,131324,131404
latency,weave,4,priority_mix_high,256,1109,130954,131024
latency,weave,4,priority_mix_high,256,1110,130893,130973
latency,weave,4,priority_mix_high,256,1111,130844,130924
latency,weave,4,priority_mix_high,256,1112,130422,130502
latency,weave,4,priority_mix_high,256,1113,130373,130453
latency,weave,4,priority_mix_high,256,1114,130142,130212
latency,weave,4,priority_mix_high,256,1115,130092,130162
latency,weave,4,priority_mix_high,256,1116,130042,130122
latency,weave,4,priority_mix_high,256,1117,129852,129922
latency,weave,4,priority_mix_high,256,1118,129791,129871
latency,weave,4,priority_mix_high,256,1119,129742,129822
latency,weave,4,priority_mix_high,256,1120,129461,129531
latency,weave,4,priority_mix_high,256,1121,129391,129471
latency,weave,4,priority_mix_high,256,1122,129280,129361
latency,weave,4,priority_mix_high,256,1123,129260,129330
latency,weave,4,priority_mix_high,256,1124,129221,129291
latency,weave,4,priority_mix_high,256,1125,129060,129130
latency,weave,4,priority_mix_high,256,1126,129021,129091
latency,weave,4,priority_mix_high,256,1127,149703,149844
latency,weave,4,priority_mix_high,256,1128,129150,129220
latency,weave,4,priority_mix_high,256,1129,129300,129381
latency,weave,4,priority_mix_high,256,1130,129797,129867
latency,weave,4,priority_mix_high,256,1131,129160,129240
latency,weave,4,priority_mix_high,256,1132,130688,130768
latency,weave,4,priority_mix_high,256,1133,130132,130202
latency,weave,4,priority_mix_high,256,1134,129676,129776
latency,weave,4,priority_mix_high,256,1135,129451,129531
latency,weave,4,priority_mix_high,256,1136,129265,129335
latency,weave,4,priority_mix_high,256,1137,60290,60370
latency,weave,4,priority_mix_high,256,1138,59353,59423
latency,weave,4,priority_mix_high,256,1139,59478,59548
latency,weave,4,priority_mix_high,256,1140,59554,59624
latency,weave,4,priority_mix_high,256,1141,59689,59789
latency,weave,4,priority_mix_normal,256,1142,164552,164632
latency,weave,4,priority_mix_normal,256,1143,164226,164306
latency,weave,4,priority_mix_normal,256,1144,164041,164121
latency,weave,4,priority_mix_normal,256,1145,163906,163986
latency,weave,4,priority_mix_normal,256,1146,163740,163810
latency,weave,4,priority_mix_normal,256,1147,163856,163927
latency,weave,4,priority_mix_normal,256,1148,163801,163871
latency,weave,4,priority_mix_normal,256,1149,163766,163836
latency,weave,4,priority_mix_normal,256,1150,163680,163760
latency,weave,4,priority_mix_normal,256,1151,163535,163615
latency,weave,4,priority_mix_normal,256,1152,163540,163620
latency,weave,4,priority_mix_normal,256,1153,162904,162984
latency,weave,4,priority_mix_normal,256,1154,165273,165354
latency,weave,4,priority_mix_normal,256,1155,165078,165158
latency,weave,4,priority_mix_normal,256,1156,164782,164853
latency,weave,4,priority_mix_normal,256,1157,164577,164647
latency,weave,4,priority_mix_normal,256,1158,164161,164261
latency,weave,4,priority_mix_normal,256,1159,163536,163616
latency,weave,4,priority_mix_normal,256,1160,163490,163560
latency,weave,4,priority_mix_normal,256,1161,162624,162694
latency,weave,4,priority_mix_normal,256,1162,162027,162128
latency,weave,4,priority_mix_normal,256,1163,161431,161501
latency,weave,4,priority_mix_normal,256,1164,160735,160825
latency,weave,4,priority_mix_normal,256,1165,160219,160289
latency,weave,4,priority_mix_normal,256,1166,159312,159392
latency,weave,4,priority_mix_normal,256,1167,158516,158586
latency,weave,4,priority_mix_normal,256,1168,158009,158100
latency,weave,4,priority_mix_normal,256,1169,156101,156181
latency,weave,4,priority_mix_normal,256,1170,156036,156126
latency,weave,4,priority_mix_normal,256,1171,155821,155891
latency,weave,4,priority_mix_normal,256,1172,155054,155124
latency,weave,4,priority_mix_normal,256,1173,154769,154849
latency,weave,4,priority_mix_normal,256,1174,154432,154523
latency,weave,4,priority_mix_normal,256,1175,154158,154238
latency,weave,4,priority_mix_normal,256,1176,154122,154192
latency,weave,4,priority_mix_normal,256,1177,153657,153737
latency,weave,4,priority_mix_normal,256,1178,153602,153672
latency,weave,4,priority_mix_normal,256,1179,153496,153567
latency,weave,4,priority_mix_normal,256,1180,152950,153020
latency,weave,4,priority_mix_normal,256,1181,152945,153045
latency,weave,4,priority_mix_normal,256,1182,152389,152469
latency,weave,4,priority_mix_normal,256,1183,152374,152454
latency,weave,4,priority_mix_normal,256,1184,152179,152259
latency,weave,4,priority_mix_normal,256,1185,151894,151964
latency,weave,4,priority_mix_normal,256,1186,151728,151808
latency,weave,4,priority_mix_normal,256,1187,151573,151653
latency,weave,4,priority_mix_normal,256,1188,151297,151367
latency,weave,4,priority_mix_normal,256,1189,151122,151192
latency,weave,4,priority_mix_normal,256,1190,150786,150866
latency,weave,4,priority_mix_normal,256,1191,150570,150640
latency,weave,4,priority_mix_normal,256,1192,150606,150676
latency,weave,4,priority_mix_normal,256,1193,150140,150210
latency,weave,4,priority_mix_normal,256,1194,150124,150195
latency,weave,4,priority_mix_normal,256,1195,149930,150000
latency,weave,4,priority_mix_normal,256,1196,149784,149874
latency,weave,4,priority_mix_normal,256,1197,149569,149639
latency,weave,4,priority_mix_normal,256,1198,149414,149484
latency,weave,4,priority_mix_normal,256,1199,149198,149268
latency,weave,4,priority_mix_normal,256,1200,148912,148983
latency,weave,4,priority_mix_normal,256,1201,148507,148577
latency,weave,4,priority_mix_normal,256,1202,148511,148581
latency,weave,4,priority_mix_normal,256,1203,147716,147786
latency,weave,4,priority_mix_normal,256,1204,147390,147470
latency,weave,4,priority_mix_normal,256,1205,147124,147205
latency,weave,4,priority_mix_normal,256,1206,146968,147039
latency,weave,4,priority_mix_normal,256,1207,77292,77362
latency,weave,4,priority_mix_normal,256,1208,76876,76976
latency,weave,4,priority_mix_normal,256,1209,76601,76671
latency,weave,4,priority_mix_normal,256,1210,76365,76435
latency,weave,4,priority_mix_low,256,1211,180467,180548
latency,weave,4,priority_mix_low,256,1212,180292,180372
latency,weave,4,priority_mix_low,256,1213,180067,180147
latency,weave,4,priority_mix_low,256,1214,179741,179831
latency,weave,4,priority_mix_low,256,1215,179506,179586
latency,weave,4,priority_mix_low,256,1216,179280,179370
latency,weave,4,priority_mix_low,256,1217,179084,179155
latency,weave,4,priority_mix_low,256,1218,178959,179030
latency,weave,4,priority_mix_low,256,1219,178574,178654
latency,weave,4,priority_mix_low,256,1220,178658,178729
latency,weave,4,priority_mix_low,256,1221,178594,178664
latency,weave,4,priority_mix_low,256,1222,177937,178017
latency,weave,4,priority_mix_low,256,1223,177903,177983
latency,weave,4,priority_mix_low,256,1224,177396,177466
latency,weave,4,priority_mix_low,256,1225,177372,177442
latency,weave,4,priority_mix_low,256,1226,177236,177306
latency,weave,4,priority_mix_low,256,1227,176871,176941
latency,weave,4,priority_mix_low,256,1228,176535,176605
latency,weave,4,priority_mix_low,256,1229,176370,176440
latency,weave,4,priority_mix_low,256,1230,175383,175453
latency,weave,4,priority_mix_low,256,1231,174887,174957
latency,weave,4,priority_mix_low,256,1232,174000,174070
latency,weave,4,priority_mix_low,256,1233,173554,173634
latency,weave,4,priority_mix_low,256,1234,173279,173359
latency,weave,4,priority_mix_low,256,1235,173078,173149
latency,weave,4,priority_mix_low,256,1236,172683,172753
latency,weave,4,priority_mix_low,256,1237,172422,172492
latency,weave,4,priority_mix_low,256,1238,170699,170769
latency,weave,4,priority_mix_low,256,1239,170629,170719
latency,weave,4,priority_mix_low,256,1240,169717,169787
latency,weave,4,priority_mix_low,256,1241,169637,169707
latency,weave,4,priority_mix_low,256,1242,170419,170559
latency,weave,4,priority_mix_low,256,1243,169346,169416
latency,weave,4,priority_mix_low,256,1244,169497,169577
latency,weave,4,priority_mix_low,256,1245,169967,170048
latency,weave,4,priority_mix_low,256,1246,169517,169597
latency,weave,4,priority_mix_low,256,1247,174325,174395
latency,weave,4,priority_mix_low,256,1248,173829,173899
latency,weave,4,priority_mix_low,256,1249,173795,173865
latency,weave,4,priority_mix_low,256,1250,173579,173649
latency,weave,4,priority_mix_low,256,1251,173184,173254
latency,weave,4,priority_mix_low,256,1252,173008,173078
latency,weave,4,priority_mix_low,256,1253,172872,172943
latency,weave,4,priority_mix_low,256,1254,172518,172598
latency,weave,4,priority_mix_low,256,1255,172392,172462
latency,weave,4,priority_mix_low,256,1256,172066,172136
latency,weave,4,priority_mix_low,256,1257,171942,172022
latency,weave,4,priority_mix_low,256,1258,171756,171866
latency,weave,4,priority_mix_low,256,1259,174230,174370
latency,weave,4,priority_mix_low,256,1260,175051,175121
latency,weave,4,priority_mix_low,256,1261,175072,175142
latency,weave,4,priority_mix_low,256,1262,174832,174902
latency,weave,4,priority_mix_low,256,1263,174801,174881
latency,weave,4,priority_mix_low,256,1264,174681,174761
latency,weave,4,priority_mix_low,256,1265,174661,174741
latency,weave,4,priority_mix_low,256,1266,174651,174721
latency,weave,4,priority_mix_low,256,1267,174510,174580
latency,weave,4,priority_mix_low,256,1268,174461,174541
latency,weave,4,priority_mix_low,256,1269,174200,174280
latency,weave,4,priority_mix_low,256,1270,174020,174100
latency,weave,4,priority_mix_low,256,1271,173855,173925
latency,weave,4,priority_mix_low,256,1272,172987,173058
latency,weave,4,priority_mix_low,256,1273,172712,172823
latency,weave,4,priority_mix_low,256,1274,172457,172527
latency,weave,4,priority_mix_low,256,1275,172312,172402
latency,weave,4,priority_mix_low,256,1276,102414,102494
latency,weave,4,priority_mix_low,256,1277,102260,102330
latency,weave,4,priority_mix_low,256,1278,102154,102254
latency,weave,4,priority_mix_low,256,1279,101849,101929
latency,weave,4,priority_mix_high,256,1280,80548,80688
latency,weave,4,priority_mix_normal,256,1281,96322,96462
latency,weave,4,priority_mix_low,256,1282,63640,63710
latency,weave,4,priority_mix_high,256,1283,107363,107503
latency,weave,4,priority_mix_high,256,1284,26701,26832
latency,weave,4,priority_mix_low,256,1285,211787,211927
latency,weave,4,priority_mix_normal,256,1286,324114,324254
latency,weave,4,priority_mix_normal,256,1287,112959,113100
latency,weave,4,priority_mix_high,256,1288,22468,22609
latency,weave,4,priority_mix_normal,256,1289,2520,2651
latency,weave,4,priority_mix_high,256,1290,867,937
latency,weave,4,priority_mix_high,256,1291,787,867
latency,weave,4,priority_mix_normal,256,1292,1829,1899
latency,weave,4,priority_mix_high,256,1293,436,506
latency,weave,4,priority_mix_normal,256,1294,1989,2059
latency,weave,4,priority_mix_high,256,1295,426,496
latency,weave,4,priority_mix_normal,256,1296,1609,1679
latency,weave,4,priority_mix_high,256,1297,797,867
latency,weave,4,priority_mix_high,256,1298,577,677
latency,weave,4,priority_mix_high,256,1299,377,447
latency,weave,4,priority_mix_normal,256,1300,2531,2601
latency,weave,4,priority_mix_normal,256,1301,33719,33839
latency,weave,4,priority_mix_normal,256,1302,33920,34000
latency,weave,4,priority_mix_normal,256,1303,33629,33709
latency,weave,4,priority_mix_low,256,1304,182261,182341
latency,weave,4,priority_mix_low,256,1305,39952,40022
latency,weave,4,priority_mix_low,256,1306,39611,39681
latency,weave,4,priority_mix_low,256,1307,38379,38449
latency,weave,4,priority_mix_low,256,1308,37757,37827
latency,weave,4,priority_mix_low,256,1309,37046,37126
latency,weave,4,priority_mix_low,256,1310,36685,36765
latency,weave,4,priority_mix_low,256,1311,36335,36405
latency,weave,4,priority_mix_low,256,1312,35934,36004
latency,weave,4,priority_mix_high,256,1313,88709,88839
latency,weave,4,priority_mix_normal,256,1314,80252,80393
latency,weave,4,priority_mix_low,256,1315,71565,71705
latency,weave,4,priority_mix_high,256,1316,75031,75172
latency,weave,4,priority_mix_normal,256,1317,127016,127156
latency,weave,4,priority_mix_low,256,1318,75819,75949
latency,weave,4,priority_mix_high,256,1319,114963,115103
latency,weave,4,priority_mix_normal,256,1320,108186,108326
latency,weave,4,priority_mix_low,256,1321,25218,25298
latency,weave,4,priority_mix_high,256,1322,22493,22623
latency,weave,4,priority_mix_normal,256,1323,28103,28243
latency,weave,4,priority_mix_low,256,1324,22673,22803
latency,weave,4,priority_mix_high,256,1325,23675,23815
latency,weave,4,priority_mix_normal,256,1326,27036,27176
latency,weave,4,priority_mix_low,256,1327,22348,22478
latency,weave,4,priority_mix_high,256,1328,8531,8661
latency,weave,4,priority_mix_high,256,1329,8922,8992
latency,weave,4,priority_mix_normal,256,1330,10495,10566
latency,weave,4,priority_mix_normal,256,1331,9834,9914
latency,weave,4,priority_mix_normal,256,1332,9693,9764
latency,weave,4,priority_mix_low,256,1333,10786,10866
latency,weave,4,priority_mix_low,256,1334,10576,10646
latency,weave,4,priority_mix_low,256,1335,10355,10425
latency,weave,4,priority_mix_high,256,1336,38482,38613
latency,weave,4,priority_mix_high,256,1337,26475,26606
latency,weave,4,priority_mix_normal,256,1338,30528,30669
latency,weave,4,priority_mix_low,256,1339,30638,30778
latency,weave,4,priority_mix_high,256,1340,21812,21942
latency,weave,4,priority_mix_normal,256,1341,32882,33022
latency,weave,4,priority_mix_low,256,1342,17062,17133
latency,weave,4,priority_mix_high,256,1343,3256,3406
latency,weave,4,priority_mix_high,256,1344,1243,1313
latency,weave,4,priority_mix_high,256,1345,1042,1132
latency,weave,4,priority_mix_high,256,1346,1423,1503
latency,weave,4,priority_mix_high,256,1347,861,942
latency,weave,4,priority_mix_normal,256,1348,3627,3697
latency,weave,4,priority_mix_normal,256,1349,3205,3286
latency,weave,4,priority_mix_high,256,1350,651,721
latency,weave,4,priority_mix_normal,256,1351,3928,4008
latency,weave,4,priority_mix_normal,256,1352,3247,3327
latency,weave,4,priority_mix_normal,256,1353,3066,3136
latency,weave,4,priority_mix_low,256,1354,5601,5671
latency,weave,4,priority_mix_low,256,1355,5390,5461
latency,weave,4,priority_mix_low,256,1356,5280,5350
latency,weave,4,priority_mix_low,256,1357,4488,4569
latency,weave,4,priority_mix_low,256,1358,3467,3547
latency,weave,4,priority_mix_normal,256,1359,31510,31640
latency,weave,4,priority_mix_high,256,1360,26275,26405
latency,weave,4,priority_mix_low,256,1361,232846,232987
latency,weave,4,priority_mix_normal,256,1362,87330,87451
latency,weave,4,priority_mix_low,256,1363,100175,100315
latency,weave,4,priority_mix_high,256,1364,90632,90762
latency,weave,4,priority_mix_normal,256,1365,90106,90246
latency,weave,4,priority_mix_low,256,1366,79079,79220
latency,weave,4,priority_mix_high,256,1367,86684,86814
latency,weave,4,priority_mix_normal,256,1368,101152,101272
latency,weave,4,priority_mix_low,256,1369,83578,83718
latency,weave,4,priority_mix_high,256,1370,102614,102745
latency,weave,4,priority_mix_normal,256,1371,85643,85773
latency,weave,4,priority_mix_low,256,1372,133553,133693
latency,weave,4,priority_mix_high,256,1373,78855,78995
latency,weave,4,priority_mix_normal,256,1374,98627,98767
latency,weave,4,priority_mix_high,256,1375,30082,30222
latency,weave,4,priority_mix_low,256,1376,375671,375751
latency,weave,4,priority_mix_normal,256,1377,30077,30218
latency,weave,4,priority_mix_high,256,1378,13221,13351
latency,weave,4,priority_mix_low,256,1379,36358,36499
latency,weave,4,priority_mix_normal,256,1380,29697,29827
latency,weave,4,priority_mix_high,256,1381,12875,13005
latency,weave,4,priority_mix_low,256,1382,30899,30969
latency,weave,4,priority_mix_normal,256,1383,24286,24417
latency,weave,4,priority_mix_low,256,1384,33123,33263
latency,weave,4,priority_mix_high,256,1385,7365,7435
latency,weave,4,priority_mix_high,256,1386,4900,4970
latency,weave,4,priority_mix_high,256,1387,4939,5010
latency,weave,4,priority_mix_high,256,1388,4760,4850
latency,weave,4,priority_mix_high,256,1389,4820,4890
latency,weave,4,priority_mix_high,256,1390,5000,5070
latency,weave,4,priority_mix_high,256,1391,4669,4749
latency,weave,4,priority_mix_high,256,1392,4799,4869
latency,weave,4,priority_mix_high,256,1393,4569,4639
latency,weave,4,priority_mix_high,256,1394,10510,10651
latency,weave,4,priority_mix_high,256,1395,10390,10461
latency,weave,4,priority_mix_high,256,1396,10029,10099
latency,weave,4,priority_mix_high,256,1397,9599,9679
latency,weave,4,priority_mix_high,256,1398,8827,8897
latency,weave,4,priority_mix_high,256,1399,8557,8637
latency,weave,4,priority_mix_normal,256,1400,17634,17714
latency,weave,4,priority_mix_normal,256,1401,17374,17454
latency,weave,4,priority_mix_normal,256,1402,17213,17283
latency,weave,4,priority_mix_normal,256,1403,16812,16892
latency,weave,4,priority_mix_normal,256,1404,16601,16682
latency,weave,4,priority_mix_normal,256,1405,16261,16331
latency,weave,4,priority_mix_normal,256,1406,16211,16282
latency,weave,4,priority_mix_normal,256,1407,16181,16251
latency,weave,4,priority_mix_normal,256,1408,15811,15881
latency,weave,4,priority_mix_normal,256,1409,16121,16201
latency,weave,4,priority_mix_normal,256,1410,15980,16050
latency,weave,4,priority_mix_normal,256,1411,15209,15279
latency,weave,4,priority_mix_normal,256,1412,14678,14748
latency,weave,4,priority_mix_normal,256,1413,13887,13967
latency,weave,4,priority_mix_normal,256,1414,13516,13587
latency,weave,4,priority_mix_low,256,1415,21952,22022
latency,weave,4,priority_mix_low,256,1416,21902,21972
latency,weave,4,priority_mix_low,256,1417,21391,21471
latency,weave,4,priority_mix_low,256,1418,21241,21311
latency,weave,4,priority_mix_low,256,1419,21120,21190
latency,weave,4,priority_mix_low,256,1420,20730,20800
latency,weave,4,priority_mix_low,256,1421,20669,20749
latency,weave,4,priority_mix_low,256,1422,20630,20700
latency,weave,4,priority_mix_low,256,1423,20259,20329
latency,weave,4,priority_mix_low,256,1424,20219,20299
latency,weave,4,priority_mix_low,256,1425,19487,19567
latency,weave,4,priority_mix_low,256,1426,19157,19237
latency,weave,4,priority_mix_low,256,1427,18525,18595
latency,weave,4,priority_mix_low,256,1428,17834,17914
latency,weave,4,priority_mix_normal,256,1429,752,832
latency,weave,4,priority_mix_low,256,1430,18094,18165
latency,weave,4,priority_mix_high,256,1431,22462,22593
latency,weave,4,priority_mix_low,256,1432,1032,1102
latency,weave,4,priority_mix_high,256,1433,842,912
latency,weave,4,priority_mix_normal,256,1434,1283,1353
latency,weave,4,priority_mix_low,256,1435,451,521
latency,weave,4,priority_mix_high,256,1436,32852,32993
latency,weave,4,priority_mix_normal,256,1437,24046,24177
latency,weave,4,priority_mix_high,256,1438,33794,33934
latency,weave,4,priority_mix_high,256,1439,68209,68340
latency,weave,4,priority_mix_high,256,1440,68460,68590
latency,weave,4,priority_mix_high,256,1441,78003,78143
latency,weave,4,priority_mix_high,256,1442,82036,82166
latency,weave,4,priority_mix_high,256,1443,101953,102083
latency,weave,4,priority_mix_high,256,1444,118985,119115
latency,weave,4,priority_mix_high,256,1445,119085,119165
latency,weave,4,priority_mix_high,256,1446,119086,119166
latency,weave,4,priority_mix_high,256,1447,118855,118935
latency,weave,4,priority_mix_high,256,1448,118795,118865
latency,weave,4,priority_mix_high,256,1449,118725,118795
latency,weave,4,priority_mix_high,256,1450,118415,118495
latency,weave,4,priority_mix_high,256,1451,118364,118434
latency,weave,4,priority_mix_high,256,1452,118053,118124
latency,weave,4,priority_mix_high,256,1453,117973,118053
latency,weave,4,priority_mix_high,256,1454,117913,117994
latency,weave,4,priority_mix_high,256,1455,117312,117382
latency,weave,4,priority_mix_high,256,1456,117242,117313
latency,weave,4,priority_mix_high,256,1457,117202,117272
latency,weave,4,priority_mix_high,256,1458,116921,116992
latency,weave,4,priority_mix_high,256,1459,116881,116951
latency,weave,4,priority_mix_high,256,1460,116630,116711
latency,weave,4,priority_mix_high,256,1461,116561,116631
latency,weave,4,priority_mix_high,256,1462,116480,116561
latency,weave,4,priority_mix_high,256,1463,116180,116250
latency,weave,4,priority_mix_high,256,1464,116120,116200
latency,weave,4,priority_mix_high,256,1465,116070,116140
latency,weave,4,priority_mix_high,256,1466,115829,115909
latency,weave,4,priority_mix_high,256,1467,115779,115849
latency,weave,4,priority_mix_high,256,1468,115458,115528
latency,weave,4,priority_mix_high,256,1469,115379,115459
latency,weave,4,priority_mix_high,256,1470,115358,115428
latency,weave,4,priority_mix_normal,256,1471,128814,128884
latency,weave,4,priority_mix_normal,256,1472,128353,128424
latency,weave,4,priority_mix_normal,256,1473,128263,128333
latency,weave,4,priority_mix_normal,256,1474,128052,128123
latency,weave,4,priority_mix_normal,256,1475,127992,128062
latency,weave,4,priority_mix_normal,256,1476,127932,128003
latency,weave,4,priority_mix_normal,256,1477,127702,127782
latency,weave,4,priority_mix_normal,256,1478,127641,127712
latency,weave,4,priority_mix_normal,256,1479,127572,127642
latency,weave,4,priority_mix_normal,256,1480,127311,127381
latency,weave,4,priority_mix_normal,256,1481,127261,127331
latency,weave,4,priority_mix_normal,256,1482,126960,127030
latency,weave,4,priority_mix_normal,256,1483,126900,126980
latency,weave,4,priority_mix_normal,256,1484,126910,126981
latency,weave,4,priority_mix_normal,256,1485,126590,126660
latency,weave,4,priority_mix_normal,256,1486,126519,126599
latency,weave,4,priority_mix_normal,256,1487,126480,126560
latency,weave,4,priority_mix_normal,256,1488,126540,126610
latency,weave,4,priority_mix_normal,256,1489,126509,126579
latency,weave,4,priority_mix_normal,256,1490,126309,126379
latency,weave,4,priority_mix_normal,256,1491,126249,126329
latency,weave,4,priority_mix_normal,256,1492,126439,126509
latency,weave,4,priority_mix_normal,256,1493,126379,126459
latency,weave,4,priority_mix_normal,256,1494,126320,126400
latency,weave,4,priority_mix_normal,256,1495,126249,126319
latency,weave,4,priority_mix_normal,256,1496,125939,126019
latency,weave,4,priority_mix_normal,256,1497,125918,125998
latency,weave,4,priority_mix_normal,256,1498,125848,125918
latency,weave,4,priority_mix_normal,256,1499,125798,125879
latency,weave,4,priority_mix_normal,256,1500,125738,125808
latency,weave,4,priority_mix_normal,256,1501,125417,125487
latency,weave,4,priority_mix_normal,256,1502,125368,125448
latency,weave,4,priority_mix_low,256,1503,311450,311520
latency,weave,4,priority_mix_low,256,1504,138542,138612
latency,weave,4,priority_mix_low,256,1505,138402,138472
latency,weave,4,priority_mix_low,256,1506,138322,138402
latency,weave,4,priority_mix_low,256,1507,138763,138833
latency,weave,4,priority_mix_low,256,1508,138643,138723
latency,weave,4,priority_mix_low,256,1509,139003,139133
latency,weave,4,priority_mix_low,256,1510,138432,138503
latency,weave,4,priority_mix_low,256,1511,138452,138532
latency,weave,4,priority_mix_low,256,1512,138081,138151
latency,weave,4,priority_mix_low,256,1513,138112,138192
latency,weave,4,priority_mix_low,256,1514,138021,138092
latency,weave,4,priority_mix_low,256,1515,137621,137701
latency,weave,4,priority_mix_low,256,1516,137680,137751
latency,weave,4,priority_mix_low,256,1517,137501,137571
latency,weave,4,priority_mix_low,256,1518,137170,137250
latency,weave,4,priority_mix_low,256,1519,136960,137030
latency,weave,4,priority_mix_low,256,1520,136328,136398
latency,weave,4,priority_mix_low,256,1521,136088,136168
latency,weave,4,priority_mix_low,256,1522,136027,136108
latency,weave,4,priority_mix_low,256,1523,135567,135637
latency,weave,4,priority_mix_low,256,1524,135697,135767
latency,weave,4,priority_mix_low,256,1525,135787,135857
latency,weave,4,priority_mix_low,256,1526,135587,135677
latency,weave,4,priority_mix_low,256,1527,135346,135416
latency,weave,4,priority_mix_low,256,1528,135055,135136
latency,weave,4,priority_mix_low,256,1529,134906,134976
latency,weave,4,priority_mix_low,256,1530,134745,134815
latency,weave,4,priority_mix_low,256,1531,134455,134555
latency,weave,4,priority_mix_low,256,1532,134255,134325
latency,weave,4,priority_mix_low,256,1533,135537,135607
latency,weave,4,priority_mix_low,256,1534,136008,136078
latency,weave,4,priority_mix_low,256,1535,136193,136314
latency,weave,4,priority_mix_high,256,1536,63735,63875
latency,weave,4,priority_mix_normal,256,1537,75948,76078
latency,weave,4,priority_mix_low,256,1538,58795,58866
latency,weave,4,priority_mix_high,256,1539,95060,95191
latency,weave,4,priority_mix_normal,256,1540,80423,80553
latency,weave,4,priority_mix_low,256,1541,91709,91850
latency,weave,4,priority_mix_high,256,1542,11993,12133
latency,weave,4,priority_mix_high,256,1543,12724,12804
latency,weave,4,priority_mix_high,256,1544,14297,14438
latency,weave,4,priority_mix_high,256,1545,12674,12754
latency,weave,4,priority_mix_high,256,1546,12785,12855
latency,weave,4,priority_mix_high,256,1547,13025,13095
latency,weave,4,priority_mix_high,256,1548,12904,12974
latency,weave,4,priority_mix_high,256,1549,12835,12905
latency,weave,4,priority_mix_high,256,1550,12794,12865
latency,weave,4,priority_mix_high,256,1551,12700,12830
latency,weave,4,priority_mix_high,256,1552,12443,12513
latency,weave,4,priority_mix_high,256,1553,13041,13121
latency,weave,4,priority_mix_high,256,1554,12764,12834
latency,weave,4,priority_mix_high,256,1555,12904,12985
latency,weave,4,priority_mix_high,256,1556,12921,12991
latency,weave,4,priority_mix_high,256,1557,12940,13021
latency,weave,4,priority_mix_high,256,1558,12970,13040
latency,weave,4,priority_mix_high,256,1559,13000,13100
latency,weave,4,priority_mix_high,256,1560,13161,13241
latency,weave,4,priority_mix_high,256,1561,13075,13155
latency,weave,4,priority_mix_high,256,1562,12820,12900
latency,weave,4,priority_mix_high,256,1563,13126,13206
latency,weave,4,priority_mix_high,256,1564,13010,13090
latency,weave,4,priority_mix_high,256,1565,12980,13050
latency,weave,4,priority_mix_high,256,1566,12925,13005
latency,weave,4,priority_mix_high,256,1567,12640,12720
latency,weave,4,priority_mix_high,256,1568,12604,12684
latency,weave,4,priority_mix_high,256,1569,12178,12259
latency,weave,4,priority_mix_high,256,1570,5616,5687
latency,weave,4,priority_mix_high,256,1571,4228,4309
latency,weave,4,priority_mix_high,256,1572,3633,3703
latency,weave,4,priority_mix_normal,256,1573,23555,23625
latency,weave,4,priority_mix_normal,256,1574,23180,23250
latency,weave,4,priority_mix_normal,256,1575,24342,24422
latency,weave,4,priority_mix_normal,256,1576,24171,24241
latency,weave,4,priority_mix_normal,256,1577,25038,25178
latency,weave,4,priority_mix_normal,256,1578,24142,24212
latency,weave,4,priority_mix_normal,256,1579,24051,24131
latency,weave,4,priority_mix_normal,256,1580,24396,24466
latency,weave,4,priority_mix_normal,256,1581,24202,24272
latency,weave,4,priority_mix_normal,256,1582,24006,24076
latency,weave,4,priority_mix_normal,256,1583,23750,23821
latency,weave,4,priority_mix_normal,256,1584,23716,23796
latency,weave,4,priority_mix_normal,256,1585,23475,23545
latency,weave,4,priority_mix_normal,256,1586,23230,23310
latency,weave,4,priority_mix_normal,256,1587,22984,23064
latency,weave,4,priority_mix_normal,256,1588,22884,22954
latency,weave,4,priority_mix_normal,256,1589,22974,23054
latency,weave,4,priority_mix_normal,256,1590,22303,22373
latency,weave,4,priority_mix_normal,256,1591,22102,22182
latency,weave,4,priority_mix_normal,256,1592,22960,23030
latency,weave,4,priority_mix_normal,256,1593,22113,22183
latency,weave,4,priority_mix_normal,256,1594,21817,21898
latency,weave,4,priority_mix_normal,256,1595,21691,21762
latency,weave,4,priority_mix_normal,256,1596,21516,21586
latency,weave,4,priority_mix_normal,256,1597,21311,21421
latency,weave,4,priority_mix_normal,256,1598,21116,21186
latency,weave,4,priority_mix_normal,256,1599,20890,20980
latency,weave,4,priority_mix_normal,256,1600,13762,13842
latency,weave,4,priority_mix_normal,256,1601,12423,12494
latency,weave,4,priority_mix_normal,256,1602,24717,24797
latency,weave,4,priority_mix_normal,256,1603,11918,11998
latency,weave,4,priority_mix_low,256,1604,32593,32673
latency,weave,4,priority_mix_low,256,1605,32191,32261
latency,weave,4,priority_mix_low,256,1606,32077,32157
latency,weave,4,priority_mix_low,256,1607,31861,31941
latency,weave,4,priority_mix_low,256,1608,31820,31890
latency,weave,4,priority_mix_low,256,1609,31706,31786
latency,weave,4,priority_mix_low,256,1610,31580,31671
latency,weave,4,priority_mix_low,256,1611,31525,31595
latency,weave,4,priority_mix_low,256,1612,31686,31766
latency,weave,4,priority_mix_low,256,1613,31566,31636
latency,weave,4,priority_mix_low,256,1614,31430,31500
latency,weave,4,priority_mix_high,256,1615,15730,15810
latency,weave,4,priority_mix_low,256,1616,32481,32552
latency,weave,4,priority_mix_low,256,1617,32362,32442
latency,weave,4,priority_mix_low,256,1618,32332,32402
latency,weave,4,priority_mix_low,256,1619,32151,32231
latency,weave,4,priority_mix_normal,256,1620,802,872
latency,weave,4,priority_mix_high,256,1621,712,782
latency,weave,4,priority_mix_normal,256,1622,942,1022
latency,weave,4,priority_mix_low,256,1623,34005,34105
latency,weave,4,priority_mix_low,256,1624,34405,34485
latency,weave,4,priority_mix_low,256,1625,33995,34065
latency,weave,4,priority_mix_low,256,1626,33904,33974
latency,weave,4,priority_mix_low,256,1627,33544,33614
latency,weave,4,priority_mix_low,256,1628,33724,33804
latency,weave,4,priority_mix_high,256,1629,902,1002
latency,weave,4,priority_mix_low,256,1630,34040,34110
latency,weave,4,priority_mix_low,256,1631,33904,33984
latency,weave,4,priority_mix_low,256,1632,33800,33870
latency,weave,4,priority_mix_high,256,1633,782,862
latency,weave,4,priority_mix_high,256,1634,762,842
latency,weave,4,priority_mix_normal,256,1635,2786,2866
latency,weave,4,priority_mix_normal,256,1636,1403,1493
latency,weave,4,priority_mix_normal,256,1637,1013,1083
latency,weave,4,priority_mix_high,256,1638,451,531
latency,weave,4,priority_mix_normal,256,1639,531,611
latency,weave,4,priority_mix_low,256,1640,37030,37110
latency,weave,4,priority_mix_low,256,1641,37000,37080
latency,weave,4,priority_mix_low,256,1642,36610,36690
latency,weave,4,priority_mix_low,256,1643,36350,36420
latency,weave,4,priority_mix_low,256,1644,29146,29216
latency,weave,4,priority_mix_low,256,1645,27989,28059
latency,weave,4,priority_mix_low,256,1646,27012,27092
latency,weave,4,priority_mix_low,256,1647,9378,9448
latency,weave,4,priority_mix_low,256,1648,8767,8837
latency,weave,4,priority_mix_low,256,1649,4629,4709
latency,weave,4,priority_mix_low,256,1650,4399,4479
latency,weave,4,priority_mix_low,256,1651,3366,3447
latency,weave,4,priority_mix_low,256,1652,52309,52430
latency,weave,4,priority_mix_high,256,1653,26376,26506
latency,weave,4,priority_mix_normal,256,1654,75870,76000
latency,weave,4,priority_mix_low,256,1655,85858,85998
latency,weave,4,priority_mix_high,256,1656,71511,71651
latency,weave,4,priority_mix_normal,256,1657,98417,98557
latency,weave,4,priority_mix_low,256,1658,67944,68084
latency,weave,4,priority_mix_high,256,1659,104974,105105
latency,weave,4,priority_mix_normal,256,1660,90677,90817
latency,weave,4,priority_mix_low,256,1661,88954,89084
latency,weave,4,priority_mix_high,256,1662,96462,96603
latency,weave,4,priority_mix_normal,256,1663,81244,81374
latency,weave,4,priority_mix_low,256,1664,84039,84170
latency,weave,4,priority_mix_high,256,1665,97074,97204
latency,weave,4,priority_mix_normal,256,1666,73714,73855
latency,weave,4,priority_mix_low,256,1667,162337,162478
latency,weave,4,priority_mix_high,256,1668,10230,10370
latency,weave,4,priority_mix_high,256,1669,11171,11241
latency,weave,4,priority_mix_high,256,1670,11302,11402
latency,weave,4,priority_mix_high,256,1671,11362,11432
latency,weave,4,priority_mix_high,256,1672,11913,11994
latency,weave,4,priority_mix_high,256,1673,11703,11783
latency,weave,4,priority_mix_high,256,1674,11793,11873
latency,weave,4,priority_mix_high,256,1675,11752,11823
latency,weave,4,priority_mix_high,256,1676,11522,11592
latency,weave,4,priority_mix_high,256,1677,11482,11563
latency,weave,4,priority_mix_high,256,1678,11452,11532
latency,weave,4,priority_mix_high,256,1679,11261,11332
latency,weave,4,priority_mix_high,256,1680,14453,14593
latency,weave,4,priority_mix_high,256,1681,11212,11292
latency,weave,4,priority_mix_high,256,1682,11192,11262
latency,weave,4,priority_mix_high,256,1683,11547,11627
latency,weave,4,priority_mix_high,256,1684,11362,11432
latency,weave,4,priority_mix_high,256,1685,11157,11237
latency,weave,4,priority_mix_high,256,1686,11217,11297
latency,weave,4,priority_mix_high,256,1687,10972,11042
latency,weave,4,priority_mix_high,256,1688,11082,11182
latency,weave,4,priority_mix_high,256,1689,11482,11562
latency,weave,4,priority_mix_high,256,1690,11337,11417
latency,weave,4,priority_mix_high,256,1691,11062,11162
latency,weave,4,priority_mix_high,256,1692,11187,11257
latency,weave,4,priority_mix_high,256,1693,10957,11027
latency,weave,4,priority_mix_high,256,1694,10801,10871
latency,weave,4,priority_mix_high,256,1695,10730,10801
latency,weave,4,priority_mix_high,256,1696,9759,9839
latency,weave,4,priority_mix_high,256,1697,9464,9544
latency,weave,4,priority_mix_high,256,1698,2796,2876
latency,weave,4,priority_mix_normal,256,1699,23270,23350
latency,weave,4,priority_mix_normal,256,1700,22633,22713
latency,weave,4,priority_mix_normal,256,1701,22067,22138
latency,weave,4,priority_mix_high,256,1702,2550,2620
latency,weave,4,priority_mix_normal,256,1703,22428,22498
latency,weave,4,priority_mix_normal,256,1704,22208,22288
latency,weave,4,priority_mix_normal,256,1705,22168,22248
latency,weave,4,priority_mix_normal,256,1706,22167,22258
latency,weave,4,priority_mix_normal,256,1707,21967,22037
latency,weave,4,priority_mix_normal,256,1708,21908,21988
latency,weave,4,priority_mix_normal,256,1709,21967,22047
latency,weave,4,priority_mix_high,256,1710,326,426
latency,weave,4,priority_mix_normal,256,1711,22298,22368
latency,weave,4,priority_mix_normal,256,1712,22674,22744
latency,weave,4,priority_mix_high,256,1713,507,587
latency,weave,4,priority_mix_normal,256,1714,22694,22764
latency,weave,4,priority_mix_normal,256,1715,22753,22834
latency,weave,4,priority_mix_normal,256,1716,22734,22804
latency,weave,4,priority_mix_normal,256,1717,22563,22634
latency,weave,4,priority_mix_normal,256,1718,22523,22593
latency,weave,4,priority_mix_normal,256,1719,22462,22533
latency,weave,4,priority_mix_normal,256,1720,22253,22323
latency,weave,4,priority_mix_normal,256,1721,22939,23019
latency,weave,4,priority_mix_normal,256,1722,22919,22989
latency,weave,4,priority_mix_normal,256,1723,22869,22939
latency,weave,4,priority_mix_normal,256,1724,22679,22749
latency,weave,4,priority_mix_normal,256,1725,22668,22738
latency,weave,4,priority_mix_normal,256,1726,22629,22699
latency,weave,4,priority_mix_normal,256,1727,22237,22318
latency,weave,4,priority_mix_normal,256,1728,22188,22268
latency,weave,4,priority_mix_normal,256,1729,21747,21818
latency,weave,4,priority_mix_normal,256,1730,20996,21066
latency,weave,4,priority_mix_normal,256,1731,20534,20614
latency,weave,4,priority_mix_normal,256,1732,13997,14067
latency,weave,4,priority_mix_normal,256,1733,8712,8782
latency,weave,4,priority_mix_normal,256,1734,8306,8386
latency,weave,4,priority_mix_normal,256,1735,7090,7170
latency,weave,4,priority_mix_low,256,1736,34656,34736
latency,weave,4,priority_mix_low,256,1737,34051,34131
latency,weave,4,priority_mix_low,256,1738,33885,33955
latency,weave,4,priority_mix_low,256,1739,33739,33820
latency,weave,4,priority_mix_low,256,1740,33373,33443
latency,weave,4,priority_mix_low,256,1741,33329,33429
latency,weave,4,priority_mix_low,256,1742,33133,33213
latency,weave,4,priority_mix_low,256,1743,32868,32948
latency,weave,4,priority_mix_low,256,1744,32652,32732
latency,weave,4,priority_mix_low,256,1745,32347,32438
latency,weave,4,priority_mix_low,256,1746,32151,32221
latency,weave,4,priority_mix_low,256,1747,32136,32226
latency,weave,4,priority_mix_low,256,1748,31791,31871
latency,weave,4,priority_mix_low,256,1749,31726,31796
latency,weave,4,priority_mix_low,256,1750,31500,31580
latency,weave,4,priority_mix_low,256,1751,31284,31375
latency,weave,4,priority_mix_low,256,1752,31059,31139
latency,weave,4,priority_mix_low,256,1753,30794,30864
latency,weave,4,priority_mix_low,256,1754,30638,30708
latency,weave,4,priority_mix_low,256,1755,30454,30524
latency,weave,4,priority_mix_low,256,1756,30148,30218
latency,weave,4,priority_mix_low,256,1757,29942,30022
latency,weave,4,priority_mix_low,256,1758,29847,29928
latency,weave,4,priority_mix_low,256,1759,29502,29582
latency,weave,4,priority_mix_low,256,1760,29406,29496
latency,weave,4,priority_mix_low,256,1761,28840,28911
latency,weave,4,priority_mix_low,256,1762,28805,28895
latency,weave,4,priority_mix_low,256,1763,28530,28600
latency,weave,4,priority_mix_low,256,1764,27833,27904
latency,weave,4,priority_mix_low,256,1765,27067,27147
latency,weave,4,priority_mix_low,256,1766,21030,21130
latency,weave,4,priority_mix_low,256,1767,19673,19743
latency,weave,4,priority_mix_low,256,1768,14839,14919
latency,weave,4,priority_mix_low,256,1769,13772,13852
latency,weave,4,priority_mix_normal,256,1770,41639,41779
latency,weave,4,priority_mix_high,256,1771,73590,73730
latency,weave,4,priority_mix_low,256,1772,208504,208635
latency,weave,4,priority_mix_high,256,1773,32693,32823
latency,weave,4,priority_mix_high,256,1774,2876,2946
latency,weave,4,priority_mix_high,256,1775,3217,3287
latency,weave,4,priority_mix_high,256,1776,3156,3237
latency,weave,4,priority_mix_high,256,1777,2946,3026
latency,weave,4,priority_mix_high,256,1778,2885,2956
latency,weave,4,priority_mix_high,256,1779,2826,2906
latency,weave,4,priority_mix_normal,256,1780,6894,6964
latency,weave,4,priority_mix_normal,256,1781,5270,5350
latency,weave,4,priority_mix_normal,256,1782,5340,5410
latency,weave,4,priority_mix_normal,256,1783,5291,5361
latency,weave,4,priority_mix_normal,256,1784,5080,5160
latency,weave,4,priority_mix_normal,256,1785,5020,5100
latency,weave,4,priority_mix_low,256,1786,7504,7584
latency,weave,4,priority_mix_low,256,1787,7134,7204
latency,weave,4,priority_mix_low,256,1788,7094,7164
latency,weave,4,priority_mix_low,256,1789,7034,7114
latency,weave,4,priority_mix_low,256,1790,6834,6904
latency,weave,4,priority_mix_low,256,1791,6914,6984
latency,weave,4,priority_mix_high,256,1792,44360,44500
latency,weave,4,priority_mix_normal,256,1793,71841,71982
latency,weave,4,priority_mix_low,256,1794,83127,83268
latency,weave,4,priority_mix_high,256,1795,103366,103506
latency,weave,4,priority_mix_normal,256,1796,86063,86203
latency,weave,4,priority_mix_high,256,1797,26736,26866
latency,weave,4,priority_mix_low,256,1798,250104,250184
latency,weave,4,priority_mix_normal,256,1799,22608,22738
latency,weave,4,priority_mix_low,256,1800,23309,23439
latency,weave,4,priority_mix_high,256,1801,21976,22107
latency,weave,4,priority_mix_normal,256,1802,33864,34004
latency,weave,4,priority_mix_low,256,1803,1172,1252
latency,weave,4,priority_mix_high,256,1804,1042,1142
latency,weave,4,priority_mix_normal,256,1805,802,902
latency,weave,4,priority_mix_high,256,1806,660,751
latency,weave,4,priority_mix_normal,256,1807,721,791
latency,weave,4,priority_mix_low,256,1808,1693,1763
latency,weave,4,priority_mix_high,256,1809,1051,1121
latency,weave,4,priority_mix_high,256,1810,911,981
latency,weave,4,priority_mix_high,256,1811,511,581
latency,weave,4,priority_mix_normal,256,1812,1893,1963
latency,weave,4,priority_mix_normal,256,1813,1854,1924
latency,weave,4,priority_mix_high,256,1814,661,741
latency,weave,4,priority_mix_normal,256,1815,1843,1923
latency,weave,4,priority_mix_high,256,1816,681,761
latency,weave,4,priority_mix_normal,256,1817,1643,1723
latency,weave,4,priority_mix_high,256,1818,521,591
latency,weave,4,priority_mix_normal,256,1819,1592,1672
latency,weave,4,priority_mix_high,256,1820,571,651
latency,weave,4,priority_mix_normal,256,1821,1462,1532
latency,weave,4,priority_mix_high,256,1822,591,661
latency,weave,4,priority_mix_normal,256,1823,1422,1502
latency,weave,4,priority_mix_high,256,1824,500,570
latency,weave,4,priority_mix_normal,256,1825,1603,1673
latency,weave,4,priority_mix_high,256,1826,601,671
latency,weave,4,priority_mix_normal,256,1827,1403,1483
latency,weave,4,priority_mix_normal,256,1828,1131,1202
latency,weave,4,priority_mix_high,256,1829,981,1051
latency,weave,4,priority_mix_high,256,1830,420,490
latency,weave,4,priority_mix_normal,256,1831,1202,1282
latency,weave,4,priority_mix_high,256,1832,381,461
latency,weave,4,priority_mix_normal,256,1833,1362,1463
latency,weave,4,priority_mix_normal,256,1834,911,981
latency,weave,4,priority_mix_high,256,1835,721,791
latency,weave,4,priority_mix_high,256,1836,430,500
latency,weave,4,priority_mix_normal,256,1837,1302,1402
latency,weave,4,priority_mix_high,256,1838,530,621
latency,weave,4,priority_mix_normal,256,1839,1352,1442
latency,weave,4,priority_mix_high,256,1840,631,721
latency,weave,4,priority_mix_normal,256,1841,1523,1593
latency,weave,4,priority_mix_normal,256,1842,971,1042
latency,weave,4,priority_mix_low,256,1843,33544,33684
latency,weave,4,priority_mix_high,256,1844,3687,3757
latency,weave,4,priority_mix_high,256,1845,3266,3337
latency,weave,4,priority_mix_high,256,1846,3075,3145
latency,weave,4,priority_mix_high,256,1847,3096,3186
latency,weave,4,priority_mix_high,256,1848,3096,3166
latency,weave,4,priority_mix_high,256,1849,2946,3036
latency,weave,4,priority_mix_high,256,1850,2354,2424
latency,weave,4,priority_mix_high,256,1851,1894,1964
latency,weave,4,priority_mix_high,256,1852,1793,1863
latency,weave,4,priority_mix_high,256,1853,1693,1763
latency,weave,4,priority_mix_high,256,1854,1202,1282
latency,weave,4,priority_mix_high,256,1855,762,832
latency,weave,4,priority_mix_normal,256,1856,8306,8386
latency,weave,4,priority_mix_high,256,1857,1002,1072
latency,weave,4,priority_mix_high,256,1858,872,942
latency,weave,4,priority_mix_high,256,1859,692,762
latency,weave,4,priority_mix_normal,256,1860,9728,9799
latency,weave,4,priority_mix_high,256,1861,711,782
latency,weave,4,priority_mix_high,256,1862,541,611
latency,weave,4,priority_mix_normal,256,1863,10860,10930
latency,weave,4,priority_mix_high,256,1864,571,651
latency,weave,4,priority_mix_normal,256,1865,11482,11552
latency,weave,4,priority_mix_high,256,1866,621,691
latency,weave,4,priority_mix_normal,256,1867,30618,30758
latency,weave,4,priority_mix_normal,256,1868,30448,30528
latency,weave,4,priority_mix_normal,256,1869,29856,29926
latency,weave,4,priority_mix_normal,256,1870,29496,29576
latency,weave,4,priority_mix_normal,256,1871,28904,28974
latency,weave,4,priority_mix_normal,256,1872,28484,28554
latency,weave,4,priority_mix_normal,256,1873,28012,28082
latency,weave,4,priority_mix_normal,256,1874,27111,27191
latency,weave,4,priority_mix_normal,256,1875,26930,27011
latency,weave,4,priority_mix_normal,256,1876,33583,33714
latency,weave,4,priority_mix_normal,256,1877,26470,26540
latency,weave,4,priority_mix_normal,256,1878,26069,26149
latency,weave,4,priority_mix_normal,256,1879,25899,25999
latency,weave,4,priority_mix_normal,256,1880,25097,25167
latency,weave,4,priority_mix_normal,256,1881,24707,24777
latency,weave,4,priority_mix_low,256,1882,69040,69110
latency,weave,4,priority_mix_low,256,1883,68599,68680
latency,weave,4,priority_mix_low,256,1884,67898,67978
latency,weave,4,priority_mix_low,256,1885,67016,67086
latency,weave,4,priority_mix_low,256,1886,66406,66476
latency,weave,4,priority_mix_low,256,1887,65644,65744
latency,weave,4,priority_mix_low,256,1888,64972,65053
latency,weave,4,priority_mix_low,256,1889,64312,64402
latency,weave,4,priority_mix_low,256,1890,63600,63680
latency,weave,4,priority_mix_low,256,1891,63079,63150
latency,weave,4,priority_mix_low,256,1892,62148,62218
latency,weave,4,priority_mix_low,256,1893,61656,61746
latency,weave,4,priority_mix_low,256,1894,60946,61016
latency,weave,4,priority_mix_low,256,1895,60224,60314
latency,weave,4,priority_mix_low,256,1896,59572,59652
latency,weave,4,priority_mix_low,256,1897,59062,59162
latency,weave,4,priority_mix_low,256,1898,58511,58581
latency,weave,4,priority_mix_low,256,1899,40947,41017
latency,weave,4,priority_mix_low,256,1900,40407,40487
latency,weave,4,priority_mix_low,256,1901,40286,40366
latency,weave,4,priority_mix_low,256,1902,40055,40125
latency,weave,4,priority_mix_low,256,1903,39714,39785
latency,weave,4,priority_mix_low,256,1904,39134,39204
latency,weave,4,priority_mix_low,256,1905,38292,38362
latency,weave,4,priority_mix_low,256,1906,37792,37872
latency,weave,4,priority_mix_low,256,1907,37371,37451
latency,weave,4,priority_mix_low,256,1908,36499,36579
latency,weave,4,priority_mix_low,256,1909,35967,36037
latency,weave,4,priority_mix_low,256,1910,35317,35387
latency,weave,4,priority_mix_low,256,1911,34475,43762
latency,weave,4,priority_mix_low,256,1912,43492,43612
latency,weave,4,priority_mix_low,256,1913,43261,43331
latency,weave,4,priority_mix_low,256,1914,43111,43212
latency,weave,4,priority_mix_low,256,1915,42420,42500
latency,weave,4,priority_mix_low,256,1916,41859,41939
latency,weave,4,priority_mix_low,256,1917,41277,41347
latency,weave,4,priority_mix_high,256,1918,127537,127667
latency,weave,4,priority_mix_normal,256,1919,67142,67282
latency,weave,4,priority_mix_low,256,1920,79756,79887
latency,weave,4,priority_mix_high,256,1921,93943,94073
latency,weave,4,priority_mix_normal,256,1922,74346,74466
latency,weave,4,priority_mix_high,256,1923,27608,27748
latency,weave,4,priority_mix_low,256,1924,109818,109958
latency,weave,4,priority_mix_normal,256,1925,61822,61963
latency,weave,4,priority_mix_low,256,1926,59829,59959
latency,weave,4,priority_mix_high,256,1927,71010,71140
latency,weave,4,priority_mix_normal,256,1928,46178,46318
latency,weave,4,priority_mix_low,256,1929,59348,59478
latency,weave,4,priority_mix_high,256,1930,92295,92435
latency,weave,4,priority_mix_normal,256,1931,71410,71541
latency,weave,4,priority_mix_low,256,1932,90096,90226
latency,weave,4,priority_mix_high,256,1933,207693,207833
latency,weave,4,priority_mix_normal,256,1934,91884,92014
latency,weave,4,priority_mix_low,256,1935,130953,131093
latency,weave,4,priority_mix_high,256,1936,91734,91874
latency,weave,4,priority_mix_normal,256,1937,149539,149669
latency,weave,4,priority_mix_low,256,1938,61747,61877
latency,weave,4,priority_mix_high,256,1939,124911,125042
latency,weave,4,priority_mix_normal,256,1940,139925,140055
latency,weave,4,priority_mix_low,256,1941,34054,34134
latency,weave,4,priority_mix_high,256,1942,8045,8125
latency,weave,4,priority_mix_high,256,1943,5229,5299
latency,weave,4,priority_mix_high,256,1944,5320,5400
latency,weave,4,priority_mix_high,256,1945,5430,5500
latency,weave,4,priority_mix_high,256,1946,5330,5410
latency,weave,4,priority_mix_high,256,1947,5379,5459
latency,weave,4,priority_mix_high,256,1948,8646,8787
latency,weave,4,priority_mix_high,256,1949,9368,9448
latency,weave,4,priority_mix_high,256,1950,9147,9217
latency,weave,4,priority_mix_high,256,1951,9098,9168
latency,weave,4,priority_mix_high,256,1952,9057,9137
latency,weave,4,priority_mix_high,256,1953,8677,8747
latency,weave,4,priority_mix_high,256,1954,8105,8175
latency,weave,4,priority_mix_high,256,1955,7495,7575
latency,weave,4,priority_mix_high,256,1956,6893,6963
latency,weave,4,priority_mix_normal,256,1957,15039,15109
latency,weave,4,priority_mix_normal,256,1958,14437,14518
latency,weave,4,priority_mix_normal,256,1959,14397,14467
latency,weave,4,priority_mix_normal,256,1960,14317,14388
latency,weave,4,priority_mix_normal,256,1961,14117,14197
latency,weave,4,priority_mix_normal,256,1962,14066,14137
latency,weave,4,priority_mix_normal,256,1963,13866,13946
latency,weave,4,priority_mix_normal,256,1964,13756,13827
latency,weave,4,priority_mix_normal,256,1965,13676,13746
latency,weave,4,priority_mix_normal,256,1966,13415,13496
latency,weave,4,priority_mix_normal,256,1967,13385,13455
latency,weave,4,priority_mix_normal,256,1968,13345,13426
latency,weave,4,priority_mix_normal,256,1969,12784,12864
latency,weave,4,priority_mix_normal,256,1970,12283,12354
latency,weave,4,priority_mix_normal,256,1971,11402,11482
latency,weave,4,priority_mix_low,256,1972,18836,18916
latency,weave,4,priority_mix_low,256,1973,18425,18495
latency,weave,4,priority_mix_low,256,1974,18345,18425
latency,weave,4,priority_mix_low,256,1975,18154,18224
latency,weave,4,priority_mix_low,256,1976,18075,18155
latency,weave,4,priority_mix_low,256,1977,18004,18074
latency,weave,4,priority_mix_low,256,1978,17794,17874
latency,weave,4,priority_mix_low,256,1979,17683,17753
latency,weave,4,priority_mix_low,256,1980,17624,17694
latency,weave,4,priority_mix_low,256,1981,17373,17443
latency,weave,4,priority_mix_low,256,1982,17323,17393
latency,weave,4,priority_mix_low,256,1983,16942,17022
latency,weave,4,priority_mix_low,256,1984,16602,16672
latency,weave,4,priority_mix_low,256,1985,16020,16090
latency,weave,4,priority_mix_low,256,1986,15129,15199
latency,weave,4,priority_mix_high,256,1987,23043,23164
latency,weave,4,priority_mix_normal,256,1988,2143,2244
latency,weave,4,priority_mix_high,256,1989,1171,1242
latency,weave,4,priority_mix_normal,256,1990,841,911
latency,weave,4,priority_mix_high,256,1991,340,450
latency,weave,4,priority_mix_normal,256,1992,631,731
latency,weave,4,priority_mix_low,256,1993,2916,2986
latency,weave,4,priority_mix_high,256,1994,791,871
latency,weave,4,priority_mix_normal,256,1995,581,661
latency,weave,4,priority_mix_low,256,1996,2886,2956
latency,weave,4,priority_mix_low,256,1997,2063,2134
latency,weave,4,priority_mix_low,256,1998,1251,1332
latency,weave,4,priority_mix_high,256,1999,390,460
latency,weave,4,priority_mix_high,256,2000,741,811
latency,weave,4,priority_mix_high,256,2001,812,882
latency,weave,4,priority_mix_high,256,2002,982,1062
latency,weave,4,priority_mix_normal,256,2003,6692,6762
latency,weave,4,priority_mix_high,256,2004,3286,3357
latency,weave,4,priority_mix_high,256,2005,941,1011
latency,weave,4,priority_mix_high,256,2006,481,551
latency,weave,4,priority_mix_normal,256,2007,23118,23259
latency,weave,4,priority_mix_normal,256,2008,23845,23985
latency,weave,4,priority_mix_normal,256,2009,23680,23750
latency,weave,4,priority_mix_normal,256,2010,22893,22973
latency,weave,4,priority_mix_normal,256,2011,22097,22167
latency,weave,4,priority_mix_low,256,2012,27602,27672
latency,weave,4,priority_mix_low,256,2013,26165,26235
latency,weave,4,priority_mix_low,256,2014,25919,25989
latency,weave,4,priority_mix_low,256,2015,25062,25133
latency,weave,4,priority_mix_low,256,2016,23815,23885
latency,weave,4,priority_mix_low,256,2017,23099,23169
latency,weave,4,priority_mix_normal,256,2018,228759,228899
latency,weave,4,priority_mix_low,256,2019,42957,43077
latency,weave,4,priority_mix_high,256,2020,113982,114122
latency,weave,4,priority_mix_high,256,2021,3502,3572
latency,weave,4,priority_mix_high,256,2022,3232,3302
latency,weave,4,priority_mix_high,256,2023,3161,3242
latency,weave,4,priority_mix_high,256,2024,3122,3192
latency,weave,4,priority_mix_high,256,2025,2922,2992
latency,weave,4,priority_mix_high,256,2026,3402,3472
latency,weave,4,priority_mix_high,256,2027,5175,5245
latency,weave,4,priority_mix_high,256,2028,4875,4955
latency,weave,4,priority_mix_normal,256,2029,12249,12319
latency,weave,4,priority_mix_normal,256,2030,8993,9063
latency,weave,4,priority_mix_normal,256,2031,8582,8652
latency,weave,4,priority_mix_normal,256,2032,8542,8612
latency,weave,4,priority_mix_normal,256,2033,8351,8421
latency,weave,4,priority_mix_normal,256,2034,8211,8291
latency,weave,4,priority_mix_normal,256,2035,8212,8282
latency,weave,4,priority_mix_normal,256,2036,8582,8662
latency,weave,4,priority_mix_normal,256,2037,8542,8612
latency,weave,4,priority_mix_low,256,2038,12299,12369
latency,weave,4,priority_mix_low,256,2039,11758,11828
latency,weave,4,priority_mix_low,256,2040,11678,11748
latency,weave,4,priority_mix_low,256,2041,11618,11688
latency,weave,4,priority_mix_low,256,2042,11357,11438
latency,weave,4,priority_mix_low,256,2043,11207,11287
latency,weave,4,priority_mix_low,256,2044,11147,11217
latency,weave,4,priority_mix_low,256,2045,10947,11017
latency,weave,4,priority_mix_low,256,2046,10866,10936
latency,weave,4,priority_mix_high,256,2047,21261,21401
latency,weave,4,priority_mix_high,256,2048,34685,34815
latency,weave,4,priority_mix_high,256,2049,31250,31390
latency,weave,4,priority_mix_normal,256,2050,103596,103666
latency,weave,4,priority_mix_low,256,2051,87055,87125
latency,weave,4,priority_mix_high,256,2052,30111,30252
latency,weave,4,priority_mix_high,256,2053,30623,30703
latency,weave,4,priority_mix_high,256,2054,30573,30643
latency,weave,4,priority_mix_high,256,2055,30523,30593
latency,weave,4,priority_mix_high,256,2056,30303,30383
latency,weave,4,priority_mix_high,256,2057,30272,30342
latency,weave,4,priority_mix_high,256,2058,30222,30302
latency,weave,4,priority_mix_high,256,2059,30012,30082
latency,weave,4,priority_mix_high,256,2060,29952,30022
latency,weave,4,priority_mix_high,256,2061,29781,29861
latency,weave,4,priority_mix_high,256,2062,29701,29781
latency,weave,4,priority_mix_high,256,2063,29661,29731
latency,weave,4,priority_mix_high,256,2064,29411,29491
latency,weave,4,priority_mix_high,256,2065,29390,29460
latency,weave,4,priority_mix_high,256,2066,47871,48001
latency,weave,4,priority_mix_high,256,2067,48652,48723
latency,weave,4,priority_mix_high,256,2068,48662,48742
latency,weave,4,priority_mix_high,256,2069,48542,48622
latency,weave,4,priority_mix_high,256,2070,48492,48562
latency,weave,4,priority_mix_high,256,2071,48452,48532
latency,weave,4,priority_mix_high,256,2072,48011,48091
latency,weave,4,priority_mix_high,256,2073,47961,48041
latency,weave,4,priority_mix_high,256,2074,47911,47981
latency,weave,4,priority_mix_high,256,2075,47681,47751
latency,weave,4,priority_mix_high,256,2076,47640,47711
latency,weave,4,priority_mix_high,256,2077,47420,47490
latency,weave,4,priority_mix_high,256,2078,47369,47440
latency,weave,4,priority_mix_high,256,2079,47320,47390
latency,weave,4,priority_mix_high,256,2080,47069,47140
latency,weave,4,priority_mix_high,256,2081,47249,47329
latency,weave,4,priority_mix_normal,256,2082,114252,114332
latency,weave,4,priority_mix_normal,256,2083,59433,59503
latency,weave,4,priority_mix_normal,256,2084,58932,59012
latency,weave,4,priority_mix_normal,256,2085,58872,58942
latency,weave,4,priority_mix_normal,256,2086,58791,58871
latency,weave,4,priority_mix_normal,256,2087,58592,58662
latency,weave,4,priority_mix_normal,256,2088,58511,58591
latency,weave,4,priority_mix_normal,256,2089,58301,58381
latency,weave,4,priority_mix_normal,256,2090,74166,74286
latency,weave,4,priority_mix_normal,256,2091,75122,75252
latency,weave,4,priority_mix_normal,256,2092,74827,74907
latency,weave,4,priority_mix_normal,256,2093,75002,75072
latency,weave,4,priority_mix_normal,256,2094,74827,74897
latency,weave,4,priority_mix_normal,256,2095,74481,74552
latency,weave,4,priority_mix_normal,256,2096,74396,74466
latency,weave,4,priority_mix_normal,256,2097,73990,74070
latency,weave,4,priority_mix_normal,256,2098,73915,73985
latency,weave,4,priority_mix_normal,256,2099,73770,73840
latency,weave,4,priority_mix_normal,256,2100,73454,73534
latency,weave,4,priority_mix_normal,256,2101,73319,73390
latency,weave,4,priority_mix_normal,256,2102,73123,73194
latency,weave,4,priority_mix_normal,256,2103,72598,72668
latency,weave,4,priority_mix_normal,256,2104,72412,72482
latency,weave,4,priority_mix_normal,256,2105,72067,72147
latency,weave,4,priority_mix_normal,256,2106,71891,71971
latency,weave,4,priority_mix_normal,256,2107,71766,71836
latency,weave,4,priority_mix_normal,256,2108,71380,71460
latency,weave,4,priority_mix_normal,256,2109,71275,71355
latency,weave,4,priority_mix_normal,256,2110,71060,71140
latency,weave,4,priority_mix_normal,256,2111,70855,70925
latency,weave,4,priority_mix_low,256,2112,83423,83503
latency,weave,4,priority_mix_low,256,2113,82436,82507
latency,weave,4,priority_mix_low,256,2114,82300,82370
latency,weave,4,priority_mix_low,256,2115,82076,82156
latency,weave,4,priority_mix_low,256,2116,81800,81880
latency,weave,4,priority_mix_low,256,2117,81574,81644
latency,weave,4,priority_mix_low,256,2118,81459,81540
latency,weave,4,priority_mix_low,256,2119,81074,81144
latency,weave,4,priority_mix_low,256,2120,80968,81068
latency,weave,4,priority_mix_low,256,2121,80734,80804
latency,weave,4,priority_mix_low,256,2122,80628,80698
latency,weave,4,priority_mix_low,256,2123,80372,80452
latency,weave,4,priority_mix_low,256,2124,80096,80187
latency,weave,4,priority_mix_low,256,2125,79892,79972
latency,weave,4,priority_mix_low,256,2126,79786,79866
latency,weave,4,priority_mix_low,256,2127,79411,79491
latency,weave,4,priority_mix_low,256,2128,79295,79365
latency,weave,4,priority_mix_low,256,2129,79070,79140
latency,weave,4,priority_mix_low,256,2130,78874,78974
latency,weave,4,priority_mix_low,256,2131,78659,78739
latency,weave,4,priority_mix_low,256,2132,78213,78283
latency,weave,4,priority_mix_low,256,2133,77977,78048
latency,weave,4,priority_mix_low,256,2134,77883,77953
latency,weave,4,priority_mix_low,256,2135,77507,77587
latency,weave,4,priority_mix_low,256,2136,77361,77431
latency,weave,4,priority_mix_low,256,2137,77167,77237
latency,weave,4,priority_mix_low,256,2138,76851,76941
latency,weave,4,priority_mix_low,256,2139,76635,76705
latency,weave,4,priority_mix_low,256,2140,122065,122206
latency,weave,4,priority_mix_low,256,2141,123118,123188
latency,weave,4,priority_mix_normal,256,2142,319540,319680
latency,weave,4,priority_mix_low,256,2143,19637,19778
latency,weave,4,priority_mix_high,256,2144,29922,30052
latency,weave,4,priority_mix_high,256,2145,28288,28418
latency,weave,4,priority_mix_high,256,2146,29069,29140
latency,weave,4,priority_mix_high,256,2147,28699,28779
latency,weave,4,priority_mix_high,256,2148,28628,28709
latency,weave,4,priority_mix_high,256,2149,28549,28619
latency,weave,4,priority_mix_high,256,2150,28369,28439
latency,weave,4,priority_mix_high,256,2151,28298,28378
latency,weave,4,priority_mix_high,256,2152,28148,28218
latency,weave,4,priority_mix_high,256,2153,27928,28008
latency,weave,4,priority_mix_high,256,2154,27868,27938
latency,weave,4,priority_mix_high,256,2155,27647,27717
latency,weave,4,priority_mix_high,256,2156,27567,27637
latency,weave,4,priority_mix_high,256,2157,27527,27597
latency,weave,4,priority_mix_high,256,2158,27297,27367
latency,weave,4,priority_mix_high,256,2159,27246,27316
latency,weave,4,priority_mix_high,256,2160,27187,27257
latency,weave,4,priority_mix_high,256,2161,27026,27096
latency,weave,4,priority_mix_high,256,2162,26976,27056
latency,weave,4,priority_mix_high,256,2163,26805,26875
latency,weave,4,priority_mix_high,256,2164,26746,26816
latency,weave,4,priority_mix_high,256,2165,26695,26775
latency,weave,4,priority_mix_high,256,2166,26515,26585
latency,weave,4,priority_mix_high,256,2167,26455,26555
latency,weave,4,priority_mix_normal,256,2168,39004,39145
latency,weave,4,priority_mix_normal,256,2169,39555,39635
latency,weave,4,priority_mix_normal,256,2170,39235,39315
latency,weave,4,priority_mix_normal,256,2171,39234,39314
latency,weave,4,priority_mix_normal,256,2172,39134,39204
latency,weave,4,priority_mix_normal,256,2173,38964,39045
latency,weave,4,priority_mix_normal,256,2174,38924,38994
latency,weave,4,priority_mix_normal,256,2175,38593,38674
latency,weave,4,priority_mix_normal,256,2176,38563,38633
latency,weave,4,priority_mix_normal,256,2177,38724,38794
latency,weave,4,priority_mix_normal,256,2178,38543,38614
latency,weave,4,priority_mix_normal,256,2179,38523,38593
latency,weave,4,priority_mix_normal,256,2180,38317,38387
latency,weave,4,priority_mix_normal,256,2181,38003,38083
latency,weave,4,priority_mix_normal,256,2182,37936,38017
latency,weave,4,priority_mix_normal,256,2183,37581,37661
latency,weave,4,priority_mix_normal,256,2184,37556,37626
latency,weave,4,priority_mix_normal,256,2185,37341,37421
latency,weave,4,priority_mix_normal,256,2186,37125,37205
latency,weave,4,priority_mix_normal,256,2187,36911,36981
latency,weave,4,priority_mix_normal,256,2188,36814,36895
latency,weave,4,priority_mix_normal,256,2189,36459,36529
latency,weave,4,priority_mix_normal,256,2190,36373,36473
latency,weave,4,priority_mix_low,256,2191,46168,46238
latency,weave,4,priority_mix_low,256,2192,45250,45320
latency,weave,4,priority_mix_low,256,2193,45026,45106
latency,weave,4,priority_mix_low,256,2194,44670,44740
latency,weave,4,priority_mix_low,256,2195,44374,44444
latency,weave,4,priority_mix_low,256,2196,44208,44278
latency,weave,4,priority_mix_low,256,2197,43913,43983
latency,weave,4,priority_mix_low,256,2198,43908,44018
latency,weave,4,priority_mix_low,256,2199,43523,43593
latency,weave,4,priority_mix_low,256,2200,43557,43637
latency,weave,4,priority_mix_low,256,2201,43412,43482
latency,weave,4,priority_mix_low,256,2202,43047,43127
latency,weave,4,priority_mix_low,256,2203,42922,42992
latency,weave,4,priority_mix_low,256,2204,42535,42605
latency,weave,4,priority_mix_low,256,2205,42450,42520
latency,weave,4,priority_mix_low,256,2206,42245,42325
latency,weave,4,priority_mix_low,256,2207,42040,42120
latency,weave,4,priority_mix_low,256,2208,41854,41924
latency,weave,4,priority_mix_low,256,2209,41729,41810
latency,weave,4,priority_mix_low,256,2210,41383,41463
latency,weave,4,priority_mix_low,256,2211,41288,41368
latency,weave,4,priority_mix_low,256,2212,40992,41072
latency,weave,4,priority_mix_low,256,2213,40828,40898
latency,weave,4,priority_mix_normal,256,2214,223693,223833
latency,weave,4,priority_mix_low,256,2215,103531,103661
latency,weave,4,priority_mix_high,256,2216,106441,106572
latency,weave,4,priority_mix_normal,256,2217,117823,117963
latency,weave,4,priority_mix_low,256,2218,112638,112778
latency,weave,4,priority_mix_high,256,2219,42952,43092
latency,weave,4,priority_mix_normal,256,2220,24136,24206
latency,weave,4,priority_mix_low,256,2221,33298,33428
latency,weave,4,priority_mix_high,256,2222,83017,83147
latency,weave,4,priority_mix_high,256,2223,27978,28048
latency,weave,4,priority_mix_high,256,2224,27857,27937
latency,weave,4,priority_mix_high,256,2225,27797,27867
latency,weave,4,priority_mix_high,256,2226,27607,27678
latency,weave,4,priority_mix_high,256,2227,27537,27607
latency,weave,4,priority_mix_high,256,2228,27456,27537
latency,weave,4,priority_mix_high,256,2229,27186,27256
latency,weave,4,priority_mix_high,256,2230,27126,27207
latency,weave,4,priority_mix_high,256,2231,26926,26996
latency,weave,4,priority_mix_high,256,2232,26875,26946
latency,weave,4,priority_mix_high,256,2233,26805,26885
latency,weave,4,priority_mix_high,256,2234,26585,26656
latency,weave,4,priority_mix_high,256,2235,26505,26585
latency,weave,4,priority_mix_high,256,2236,26495,26575
latency,weave,4,priority_mix_high,256,2237,26214,26294
latency,weave,4,priority_mix_high,256,2238,26175,26245
latency,weave,4,priority_mix_high,256,2239,25974,26054
latency,weave,4,priority_mix_high,256,2240,25944,26014
latency,weave,4,priority_mix_high,256,2241,25884,25964
latency,weave,4,priority_mix_high,256,2242,25744,25824
latency,weave,4,priority_mix_high,256,2243,25713,25783
latency,weave,4,priority_mix_high,256,2244,25654,25734
latency,weave,4,priority_mix_high,256,2245,25413,25483
latency,weave,4,priority_mix_high,256,2246,7870,7940
latency,weave,4,priority_mix_normal,256,2247,35942,36012
latency,weave,4,priority_mix_normal,256,2248,34630,34700
latency,weave,4,priority_mix_normal,256,2249,34560,34640
latency,weave,4,priority_mix_normal,256,2250,34490,34560
latency,weave,4,priority_mix_normal,256,2251,34279,34349
latency,weave,4,priority_mix_normal,256,2252,34210,34290
latency,weave,4,priority_mix_normal,256,2253,33939,34019
latency,weave,4,priority_mix_normal,256,2254,33869,33939
latency,weave,4,priority_mix_normal,256,2255,52694,52824
latency,weave,4,priority_mix_normal,256,2256,53285,53356
latency,weave,4,priority_mix_normal,256,2257,53215,53295
latency,weave,4,priority_mix_normal,256,2258,53065,53135
latency,weave,4,priority_mix_normal,256,2259,53015,53085
latency,weave,4,priority_mix_normal,256,2260,52745,52815
latency,weave,4,priority_mix_normal,256,2261,52714,52784
latency,weave,4,priority_mix_normal,256,2262,52664,52744
latency,weave,4,priority_mix_normal,256,2263,55370,55500
latency,weave,4,priority_mix_normal,256,2264,52494,52574
latency,weave,4,priority_mix_normal,256,2265,52474,52554
latency,weave,4,priority_mix_normal,256,2266,53075,53145
latency,weave,4,priority_mix_normal,256,2267,52815,52885
latency,weave,4,priority_mix_normal,256,2268,52765,52835
latency,weave,4,priority_mix_normal,256,2269,52333,52414
latency,weave,4,priority_mix_normal,256,2270,52283,52363
latency,weave,4,priority_mix_normal,256,2271,34580,34650
latency,weave,4,priority_mix_low,256,2272,61832,61902
latency,weave,4,priority_mix_low,256,2273,61250,61330
latency,weave,4,priority_mix_low,256,2274,61031,61111
latency,weave,4,priority_mix_low,256,2275,60850,60920
latency,weave,4,priority_mix_low,256,2276,60559,60629
latency,weave,4,priority_mix_low,256,2277,60609,60709
latency,weave,4,priority_mix_low,256,2278,60188,60268
latency,weave,4,priority_mix_low,256,2279,60118,60189
latency,weave,4,priority_mix_low,256,2280,59898,59968
latency,weave,4,priority_mix_low,256,2281,59647,59727
latency,weave,4,priority_mix_low,256,2282,59407,59478
latency,weave,4,priority_mix_low,256,2283,59187,59257
latency,weave,4,priority_mix_low,256,2284,58966,59046
latency,weave,4,priority_mix_low,256,2285,58826,58896
latency,weave,4,priority_mix_low,256,2286,58486,58586
latency,weave,4,priority_mix_low,256,2287,58275,58345
latency,weave,4,priority_mix_low,256,2288,58345,58415
latency,weave,4,priority_mix_low,256,2289,58054,58134
latency,weave,4,priority_mix_low,256,2290,57884,57955
latency,weave,4,priority_mix_low,256,2291,57654,57724
latency,weave,4,priority_mix_low,256,2292,57473,57553
latency,weave,4,priority_mix_low,256,2293,57363,57453
latency,weave,4,priority_mix_low,256,2294,56953,57023
latency,weave,4,priority_mix_low,256,2295,42801,42941
latency,weave,4,priority_mix_low,256,2296,153871,154011
latency,weave,4,priority_mix_high,256,2297,125387,125527
latency,weave,4,priority_mix_high,256,2298,46779,46899
latency,weave,4,priority_mix_normal,256,2299,48832,48912
latency,weave,4,priority_mix_normal,256,2300,47850,47930
latency,weave,4,priority_mix_low,256,2301,48542,48612
latency,weave,4,priority_mix_low,256,2302,48321,48391
latency,weave,4,priority_mix_high,256,2303,60304,60444
latency,rayon,4,burst_small,256,0,27207,27347
latency,rayon,4,burst_small,256,1,397,467
latency,rayon,4,burst_small,256,2,546,616
latency,rayon,4,burst_small,256,3,737,807
latency,rayon,4,burst_small,256,4,947,1017
latency,rayon,4,burst_small,256,5,1258,1358
latency,rayon,4,burst_small,256,6,1018,1118
latency,rayon,4,burst_small,256,7,1368,1479
latency,rayon,4,burst_small,256,8,1598,1668
latency,rayon,4,burst_small,256,9,1739,1819
latency,rayon,4,burst_small,256,10,1899,1979
latency,rayon,4,burst_small,256,11,1879,1950
latency,rayon,4,burst_small,256,12,1990,2070
latency,rayon,4,burst_small,256,13,2109,2189
latency,rayon,4,burst_small,256,14,2269,2340
latency,rayon,4,burst_small,256,15,2320,2390
latency,rayon,4,burst_small,256,16,2350,2420
latency,rayon,4,burst_small,256,17,2490,2571
latency,rayon,4,burst_small,256,18,2651,2721
latency,rayon,4,burst_small,256,19,2721,2791
latency,rayon,4,burst_small,256,20,2850,2931
latency,rayon,4,burst_small,256,21,2951,3021
latency,rayon,4,burst_small,256,22,2981,3051
latency,rayon,4,burst_small,256,23,3101,3182
latency,rayon,4,burst_small,256,24,3232,3312
latency,rayon,4,burst_small,256,25,3362,3432
latency,rayon,4,burst_small,256,26,3432,3503
latency,rayon,4,burst_small,256,27,3512,3592
latency,rayon,4,burst_small,256,28,3782,3862
latency,rayon,4,burst_small,256,29,4093,4163
latency,rayon,4,burst_small,256,30,4514,4594
latency,rayon,4,burst_small,256,31,4684,4754
latency,rayon,4,burst_small,256,32,4845,4925
latency,rayon,4,burst_small,256,33,5125,5226
latency,rayon,4,burst_small,256,34,2039,2149
latency,rayon,4,burst_small,256,35,2139,2220
latency,rayon,4,burst_small,256,36,2410,2490
latency,rayon,4,burst_small,256,37,2581,2681
latency,rayon,4,burst_small,256,38,2871,2951
latency,rayon,4,burst_small,256,39,3032,3132
latency,rayon,4,burst_small,256,40,3242,3312
latency,rayon,4,burst_small,256,41,3513,3593
latency,rayon,4,burst_small,256,42,3762,3832
latency,rayon,4,burst_small,256,43,3713,3783
latency,rayon,4,burst_small,256,44,3953,4033
latency,rayon,4,burst_small,256,45,4164,4234
latency,rayon,4,burst_small,256,46,4414,4484
latency,rayon,4,burst_small,256,47,4705,4775
latency,rayon,4,burst_small,256,48,4844,4924
latency,rayon,4,burst_small,256,49,5025,5115
latency,rayon,4,burst_small,256,50,5205,5285
latency,rayon,4,burst_small,256,51,5235,5316
latency,rayon,4,burst_small,256,52,5396,5476
latency,rayon,4,burst_small,256,53,5536,5606
latency,rayon,4,burst_small,256,54,5757,5827
latency,rayon,4,burst_small,256,55,5927,6007
latency,rayon,4,burst_small,256,56,6188,6268
latency,rayon,4,burst_small,256,57,6287,6357
latency,rayon,4,burst_small,256,58,6498,6578
latency,rayon,4,burst_small,256,59,6738,6808
latency,rayon,4,burst_small,256,60,6919,7019
latency,rayon,4,burst_small,256,61,7239,7309
latency,rayon,4,burst_small,256,62,7971,8051
latency,rayon,4,burst_small,256,63,8212,8292
latency,rayon,4,burst_small,256,64,8431,8501
latency,rayon,4,burst_small,256,65,8832,8902
latency,rayon,4,burst_small,256,66,8992,9063
latency,rayon,4,burst_small,256,67,9183,9263
latency,rayon,4,burst_small,256,68,9443,9514
latency,rayon,4,burst_small,256,69,9704,9784
latency,rayon,4,burst_small,256,70,9885,9955
latency,rayon,4,burst_small,256,71,10045,10115
latency,rayon,4,burst_small,256,72,10134,10214
latency,rayon,4,burst_small,256,73,10255,10325
latency,rayon,4,burst_small,256,74,10395,10475
latency,rayon,4,burst_small,256,75,10586,10666
latency,rayon,4,burst_small,256,76,10846,10916
latency,rayon,4,burst_small,256,77,11157,11237
latency,rayon,4,burst_small,256,78,11337,11407
latency,rayon,4,burst_small,256,79,11568,11648
latency,rayon,4,burst_small,256,80,11747,11827
latency,rayon,4,burst_small,256,81,11958,12028
latency,rayon,4,burst_small,256,82,12279,12349
latency,rayon,4,burst_small,256,83,12419,12499
latency,rayon,4,burst_small,256,84,12529,12609
latency,rayon,4,burst_small,256,85,12680,12750
latency,rayon,4,burst_small,256,86,12840,12920
latency,rayon,4,burst_small,256,87,13131,13211
latency,rayon,4,burst_small,256,88,13340,13410
latency,rayon,4,burst_small,256,89,13581,13661
latency,rayon,4,burst_small,256,90,13871,13942
latency,rayon,4,burst_small,256,91,14012,14082
latency,rayon,4,burst_small,256,92,14243,14313
latency,rayon,4,burst_small,256,93,14423,14493
latency,rayon,4,burst_small,256,94,14623,14694
latency,rayon,4,burst_small,256,95,14924,14994
latency,rayon,4,burst_small,256,96,15985,16065
latency,rayon,4,burst_small,256,97,16206,16286
latency,rayon,4,burst_small,256,98,16466,16547
latency,rayon,4,burst_small,256,99,16687,16757
latency,rayon,4,burst_small,256,100,291,401
latency,rayon,4,burst_small,256,101,16777,16857
latency,rayon,4,burst_small,256,102,78724,78865
latency,rayon,4,burst_small,256,103,821,901
latency,rayon,4,burst_small,256,104,17108,17188
latency,rayon,4,burst_small,256,105,1173,1253
latency,rayon,4,burst_small,256,106,17298,17379
latency,rayon,4,burst_small,256,107,1373,1443
latency,rayon,4,burst_small,256,108,17559,17639
latency,rayon,4,burst_small,256,109,1753,1824
latency,rayon,4,burst_small,256,110,2124,2204
latency,rayon,4,burst_small,256,111,17760,17830
latency,rayon,4,burst_small,256,112,17659,17729
latency,rayon,4,burst_small,256,113,2454,2535
latency,rayon,4,burst_small,256,114,17999,18079
latency,rayon,4,burst_small,256,115,2876,2956
latency,rayon,4,burst_small,256,116,18140,18220
latency,rayon,4,burst_small,256,117,18160,18240
latency,rayon,4,burst_small,256,118,3777,3847
latency,rayon,4,burst_small,256,119,4268,4368
latency,rayon,4,burst_small,256,120,18501,18571
latency,rayon,4,burst_small,256,121,18561,18641
latency,rayon,4,burst_small,256,122,4638,4739
latency,rayon,4,burst_small,256,123,16628,16708
latency,rayon,4,burst_small,256,124,4959,5029
latency,rayon,4,burst_small,256,125,16326,16397
latency,rayon,4,burst_small,256,126,16657,16728
latency,rayon,4,burst_small,256,127,5420,5490
latency,rayon,4,burst_small,256,128,16657,16727
latency,rayon,4,burst_small,256,129,5852,5932
latency,rayon,4,burst_small,256,130,6092,6162
latency,rayon,4,burst_small,256,131,17208,17289
latency,rayon,4,burst_small,256,132,17239,17339
latency,rayon,4,burst_small,256,133,6402,6472
latency,rayon,4,burst_small,256,134,17479,17549
latency,rayon,4,burst_small,256,135,6663,6753
latency,rayon,4,burst_small,256,136,17538,17619
latency,rayon,4,burst_small,256,137,17579,17659
latency,rayon,4,burst_small,256,138,7023,7093
latency,rayon,4,burst_small,256,139,17729,17809
latency,rayon,4,burst_small,256,140,7264,7354
latency,rayon,4,burst_small,256,141,17719,17799
latency,rayon,4,burst_small,256,142,17820,17890
latency,rayon,4,burst_small,256,143,7794,7884
latency,rayon,4,burst_small,256,144,17789,17869
latency,rayon,4,burst_small,256,145,17859,17929
latency,rayon,4,burst_small,256,146,8176,8256
latency,rayon,4,burst_small,256,147,8416,8486
latency,rayon,4,burst_small,256,148,18180,18260
latency,rayon,4,burst_small,256,149,18130,18210
latency,rayon,4,burst_small,256,150,8967,9047
latency,rayon,4,burst_small,256,151,18421,18501
latency,rayon,4,burst_small,256,152,18441,18531
latency,rayon,4,burst_small,256,153,9187,9268
latency,rayon,4,burst_small,256,154,18681,18751
latency,rayon,4,burst_small,256,155,9588,9678
latency,rayon,4,burst_small,256,156,18641,18711
latency,rayon,4,burst_small,256,157,18811,18881
latency,rayon,4,burst_small,256,158,18871,18952
latency,rayon,4,burst_small,256,159,10049,10119
latency,rayon,4,burst_small,256,160,18872,18942
latency,rayon,4,burst_small,256,161,10479,10570
latency,rayon,4,burst_small,256,162,19071,19141
latency,rayon,4,burst_small,256,163,19042,19142
latency,rayon,4,burst_small,256,164,10890,10970
latency,rayon,4,burst_small,256,165,19412,19492
latency,rayon,4,burst_small,256,166,11131,11202
latency,rayon,4,burst_small,256,167,19362,19442
latency,rayon,4,burst_small,256,168,19743,19813
latency,rayon,4,burst_small,256,169,11572,11662
latency,rayon,4,burst_small,256,170,19773,19853
latency,rayon,4,burst_small,256,171,86575,86695
latency,rayon,4,burst_small,256,172,20053,20124
latency,rayon,4,burst_small,256,173,12043,12113
latency,rayon,4,burst_small,256,174,20114,20194
latency,rayon,4,burst_small,256,175,12484,12574
latency,rayon,4,burst_small,256,176,20445,20525
latency,rayon,4,burst_small,256,177,12774,12844
latency,rayon,4,burst_small,256,178,20434,20515
latency,rayon,4,burst_small,256,179,20775,20846
latency,rayon,4,burst_small,256,180,13326,13396
latency,rayon,4,burst_small,256,181,20896,20976
latency,rayon,4,burst_small,256,182,20900,20970
latency,rayon,4,burst_small,256,183,20965,21045
latency,rayon,4,burst_small,256,184,13706,13776
latency,rayon,4,burst_small,256,185,21025,21125
latency,rayon,4,burst_small,256,186,14067,14137
latency,rayon,4,burst_small,256,187,21200,21281
latency,rayon,4,burst_small,256,188,21206,21286
latency,rayon,4,burst_small,256,189,14337,14407
latency,rayon,4,burst_small,256,190,21256,21326
latency,rayon,4,burst_small,256,191,21241,21321
latency,rayon,4,burst_small,256,192,21266,21336
latency,rayon,4,burst_small,256,193,21326,21396
latency,rayon,4,burst_small,256,194,21386,21456
latency,rayon,4,burst_small,256,195,21316,21396
latency,rayon,4,burst_small,256,196,21391,21501
latency,rayon,4,burst_small,256,197,21467,21537
latency,rayon,4,burst_small,256,198,21536,21606
latency,rayon,4,burst_small,256,199,21581,21681
latency,rayon,4,burst_small,256,200,21566,21637
latency,rayon,4,burst_small,256,201,21526,21606
latency,rayon,4,burst_small,256,202,21611,21692
latency,rayon,4,burst_small,256,203,21687,21757
latency,rayon,4,burst_small,256,204,21732,21812
latency,rayon,4,burst_small,256,205,21726,21806
latency,rayon,4,burst_small,256,206,21646,21727
latency,rayon,4,burst_small,256,207,21877,21947
latency,rayon,4,burst_small,256,208,21797,21867
latency,rayon,4,burst_small,256,209,21822,21902
latency,rayon,4,burst_small,256,210,22103,22173
latency,rayon,4,burst_small,256,211,22017,22097
latency,rayon,4,burst_small,256,212,22057,22157
latency,rayon,4,burst_small,256,213,22252,22322
latency,rayon,4,burst_small,256,214,22188,22268
latency,rayon,4,burst_small,256,215,22188,22268
latency,rayon,4,burst_small,256,216,17673,17754
latency,rayon,4,burst_small,256,217,22593,22663
latency,rayon,4,burst_small,256,218,18004,18074
latency,rayon,4,burst_small,256,219,21938,22008
latency,rayon,4,burst_small,256,220,22002,22102
latency,rayon,4,burst_small,256,221,22588,22659
latency,rayon,4,burst_small,256,222,22018,22088
latency,rayon,4,burst_small,256,223,22193,22263
latency,rayon,4,burst_small,256,224,22438,22518
latency,rayon,4,burst_small,256,225,22533,22603
latency,rayon,4,burst_small,256,226,22569,22649
latency,rayon,4,burst_small,256,227,22743,22823
latency,rayon,4,burst_small,256,228,22808,22879
latency,rayon,4,burst_small,256,229,23044,23154
latency,rayon,4,burst_small,256,230,22959,23039
latency,rayon,4,burst_small,256,231,20248,20338
latency,rayon,4,burst_small,256,232,23300,23370
latency,rayon,4,burst_small,256,233,23335,23415
latency,rayon,4,burst_small,256,234,20629,20720
latency,rayon,4,burst_small,256,235,23410,23500
latency,rayon,4,burst_small,256,236,21040,21110
latency,rayon,4,burst_small,256,237,23626,23696
latency,rayon,4,burst_small,256,238,23490,23570
latency,rayon,4,burst_small,256,239,22633,22703
latency,rayon,4,burst_small,256,240,23033,23103
latency,rayon,4,burst_small,256,241,24131,24231
latency,rayon,4,burst_small,256,242,23335,23425
latency,rayon,4,burst_small,256,243,24206,24286
latency,rayon,4,burst_small,256,244,24402,24472
latency,rayon,4,burst_small,256,245,23695,23785
latency,rayon,4,burst_small,256,246,24387,24467
latency,rayon,4,burst_small,256,247,24096,24176
latency,rayon,4,burst_small,256,248,24758,24828
latency,rayon,4,burst_small,256,249,24773,24853
latency,rayon,4,burst_small,256,250,24366,24436
latency,rayon,4,burst_small,256,251,24918,25018
latency,rayon,4,burst_small,256,252,24847,24937
latency,rayon,4,burst_small,256,253,25123,25203
latency,rayon,4,burst_small,256,254,25128,25218
latency,rayon,4,burst_small,256,255,25188,25258
latency,rayon,4,burst_small,256,256,24291,24431
latency,rayon,4,burst_small,256,257,37991,38142
latency,rayon,4,burst_small,256,258,4829,4909
latency,rayon,4,burst_small,256,259,4869,4939
latency,rayon,4,burst_small,256,260,5179,5249
latency,rayon,4,burst_small,256,261,5710,5800
latency,rayon,4,burst_small,256,262,5811,5881
latency,rayon,4,burst_small,256,263,6041,6122
latency,rayon,4,burst_small,256,264,6282,6352
latency,rayon,4,burst_small,256,265,6673,6753
latency,rayon,4,burst_small,256,266,6953,7023
latency,rayon,4,burst_small,256,267,7174,7244
latency,rayon,4,burst_small,256,268,7524,7604
latency,rayon,4,burst_small,256,269,7764,7834
latency,rayon,4,burst_small,256,270,7905,7975
latency,rayon,4,burst_small,256,271,8125,8195
latency,rayon,4,burst_small,256,272,8406,8476
latency,rayon,4,burst_small,256,273,8746,8826
latency,rayon,4,burst_small,256,274,8987,9067
latency,rayon,4,burst_small,256,275,9207,9277
latency,rayon,4,burst_small,256,276,9398,9468
latency,rayon,4,burst_small,256,277,9668,9748
latency,rayon,4,burst_small,256,278,9849,9929
latency,rayon,4,burst_small,256,279,10099,10179
latency,rayon,4,burst_small,256,280,10270,10340
latency,rayon,4,burst_small,256,281,10529,10599
latency,rayon,4,burst_small,256,282,10710,10790
latency,rayon,4,burst_small,256,283,10970,11050
latency,rayon,4,burst_small,256,284,11121,11201
latency,rayon,4,burst_small,256,285,11261,11331
latency,rayon,4,burst_small,256,286,11361,11441
latency,rayon,4,burst_small,256,287,11532,11602
latency,rayon,4,burst_small,256,288,11682,11762
latency,rayon,4,burst_small,256,289,12013,12083
latency,rayon,4,burst_small,256,290,12253,12333
latency,rayon,4,burst_small,256,291,12534,12604
latency,rayon,4,burst_small,256,292,12704,12784
latency,rayon,4,burst_small,256,293,12945,13015
latency,rayon,4,burst_small,256,294,13496,13566
latency,rayon,4,burst_small,256,295,13665,13735
latency,rayon,4,burst_small,256,296,13816,13896
latency,rayon,4,burst_small,256,297,14076,14156
latency,rayon,4,burst_small,256,298,14266,14377
latency,rayon,4,burst_small,256,299,14517,14587
latency,rayon,4,burst_small,256,300,14717,14788
latency,rayon,4,burst_small,256,301,15048,15118
latency,rayon,4,burst_small,256,302,15269,15339
latency,rayon,4,burst_small,256,303,15339,15449
latency,rayon,4,burst_small,256,304,15630,15700
latency,rayon,4,burst_small,256,305,15840,15920
latency,rayon,4,burst_small,256,306,16101,16181
latency,rayon,4,burst_small,256,307,16291,16361
latency,rayon,4,burst_small,256,308,16341,16411
latency,rayon,4,burst_small,256,309,16511,16581
latency,rayon,4,burst_small,256,310,16772,16842
latency,rayon,4,burst_small,256,311,16942,17022
latency,rayon,4,burst_small,256,312,17093,17173
latency,rayon,4,burst_small,256,313,17332,17402
latency,rayon,4,burst_small,256,314,17513,17623
latency,rayon,4,burst_small,256,315,17713,17823
latency,rayon,4,burst_small,256,316,18004,18074
latency,rayon,4,burst_small,256,317,18264,18344
latency,rayon,4,burst_small,256,318,18495,18585
latency,rayon,4,burst_small,256,319,18695,18775
latency,rayon,4,burst_small,256,320,18846,18916
latency,rayon,4,burst_small,256,321,201,311
latency,rayon,4,burst_small,256,322,19026,19106
latency,rayon,4,burst_small,256,323,762,842
latency,rayon,4,burst_small,256,324,18054,18134
latency,rayon,4,burst_small,256,325,1002,1072
latency,rayon,4,burst_small,256,326,18184,18254
latency,rayon,4,burst_small,256,327,1202,1293
latency,rayon,4,burst_small,256,328,18314,18404
latency,rayon,4,burst_small,256,329,1453,1523
latency,rayon,4,burst_small,256,330,1783,1853
latency,rayon,4,burst_small,256,331,18385,18485
latency,rayon,4,burst_small,256,332,2003,2084
latency,rayon,4,burst_small,256,333,18725,18796
latency,rayon,4,burst_small,256,334,2285,2355
latency,rayon,4,burst_small,256,335,2755,2846
latency,rayon,4,burst_small,256,336,19056,19126
latency,rayon,4,burst_small,256,337,3026,3096
latency,rayon,4,burst_small,256,338,19276,19346
latency,rayon,4,burst_small,256,339,3226,3296
latency,rayon,4,burst_small,256,340,3557,3627
latency,rayon,4,burst_small,256,341,19496,19577
latency,rayon,4,burst_small,256,342,3737,3837
latency,rayon,4,burst_small,256,343,19617,19697
latency,rayon,4,burst_small,256,344,4007,4097
latency,rayon,4,burst_small,256,345,19727,19807
latency,rayon,4,burst_small,256,346,4258,4328
latency,rayon,4,burst_small,256,347,4629,4699
latency,rayon,4,burst_small,256,348,20088,20178
latency,rayon,4,burst_small,256,349,4819,4900
latency,rayon,4,burst_small,256,350,20229,20299
latency,rayon,4,burst_small,256,351,5080,5160
latency,rayon,4,burst_small,256,352,5500,5571
latency,rayon,4,burst_small,256,353,20568,20638
latency,rayon,4,burst_small,256,354,5671,5751
latency,rayon,4,burst_small,256,355,20719,20789
latency,rayon,4,burst_small,256,356,5891,5971
latency,rayon,4,burst_small,256,357,20919,20989
latency,rayon,4,burst_small,256,358,6181,6252
latency,rayon,4,burst_small,256,359,6502,6602
latency,rayon,4,burst_small,256,360,21160,21230
latency,rayon,4,burst_small,256,361,6843,6934
latency,rayon,4,burst_small,256,362,21460,21530
latency,rayon,4,burst_small,256,363,7114,7204
latency,rayon,4,burst_small,256,364,21611,21691
latency,rayon,4,burst_small,256,365,7444,7524
latency,rayon,4,burst_small,256,366,21871,21972
latency,rayon,4,burst_small,256,367,7765,7835
latency,rayon,4,burst_small,256,368,22102,22202
latency,rayon,4,burst_small,256,369,8075,8155
latency,rayon,4,burst_small,256,370,8386,8456
latency,rayon,4,burst_small,256,371,22272,22352
latency,rayon,4,burst_small,256,372,8846,8916
latency,rayon,4,burst_small,256,373,22512,22602
latency,rayon,4,burst_small,256,374,9148,9218
latency,rayon,4,burst_small,256,375,22833,22903
latency,rayon,4,burst_small,256,376,9348,9438
latency,rayon,4,burst_small,256,377,22983,23063
latency,rayon,4,burst_small,256,378,9688,9759
latency,rayon,4,burst_small,256,379,9899,9969
latency,rayon,4,burst_small,256,380,23134,23214
latency,rayon,4,burst_small,256,381,10119,10189
latency,rayon,4,burst_small,256,382,23304,23374
latency,rayon,4,burst_small,256,383,132911,133051
latency,rayon,4,burst_small,256,384,10339,10420
latency,rayon,4,burst_small,256,385,23484,23565
latency,rayon,4,burst_small,256,386,11111,11181
latency,rayon,4,burst_small,256,387,23995,24076
latency,rayon,4,burst_small,256,388,24246,24316
latency,rayon,4,burst_small,256,389,11581,11662
latency,rayon,4,burst_small,256,390,11803,11873
latency,rayon,4,burst_small,256,391,24415,24486
latency,rayon,4,burst_small,256,392,24316,24386
latency,rayon,4,burst_small,256,393,12183,12254
latency,rayon,4,burst_small,256,394,24726,24807
latency,rayon,4,burst_small,256,395,24596,24666
latency,rayon,4,burst_small,256,396,12424,12494
latency,rayon,4,burst_small,256,397,24917,24987
latency,rayon,4,burst_small,256,398,12894,12975
latency,rayon,4,burst_small,256,399,24967,25047
latency,rayon,4,burst_small,256,400,25158,25228
latency,rayon,4,burst_small,256,401,13245,13325
latency,rayon,4,burst_small,256,402,25198,25268
latency,rayon,4,burst_small,256,403,25287,25367
latency,rayon,4,burst_small,256,404,13776,13866
latency,rayon,4,burst_small,256,405,25298,25378
latency,rayon,4,burst_small,256,406,25428,25498
latency,rayon,4,burst_small,256,407,14147,14237
latency,rayon,4,burst_small,256,408,14427,14498
latency,rayon,4,burst_small,256,409,25548,25628
latency,rayon,4,burst_small,256,410,25568,25668
latency,rayon,4,burst_small,256,411,14718,14798
latency,rayon,4,burst_small,256,412,25749,25829
latency,rayon,4,burst_small,256,413,14988,15058
latency,rayon,4,burst_small,256,414,25818,25898
latency,rayon,4,burst_small,256,415,25888,25959
latency,rayon,4,burst_small,256,416,15309,15379
latency,rayon,4,burst_small,256,417,25968,26049
latency,rayon,4,burst_small,256,418,26059,26129
latency,rayon,4,burst_small,256,419,26079,26149
latency,rayon,4,burst_small,256,420,15810,15890
latency,rayon,4,burst_small,256,421,26190,26270
latency,rayon,4,burst_small,256,422,16171,16251
latency,rayon,4,burst_small,256,423,26179,26249
latency,rayon,4,burst_small,256,424,26209,26289
latency,rayon,4,burst_small,256,425,16421,16492
latency,rayon,4,burst_small,256,426,26349,26429
latency,rayon,4,burst_small,256,427,16722,16812
latency,rayon,4,burst_small,256,428,26520,26590
latency,rayon,4,burst_small,256,429,26360,26440
latency,rayon,4,burst_small,256,430,17042,17132
latency,rayon,4,burst_small,256,431,26621,26691
latency,rayon,4,burst_small,256,432,26650,26721
latency,rayon,4,burst_small,256,433,17333,17423
latency,rayon,4,burst_small,256,434,17774,17854
latency,rayon,4,burst_small,256,435,26900,26981
latency,rayon,4,burst_small,256,436,26880,26950
latency,rayon,4,burst_small,256,437,17994,18074
latency,rayon,4,burst_small,256,438,27151,27221
latency,rayon,4,burst_small,256,439,27171,27241
latency,rayon,4,burst_small,256,440,18304,18394
latency,rayon,4,burst_small,256,441,18735,18805
latency,rayon,4,burst_small,256,442,27402,27492
latency,rayon,4,burst_small,256,443,27392,27462
latency,rayon,4,burst_small,256,444,18936,19016
latency,rayon,4,burst_small,256,445,27552,27622
latency,rayon,4,burst_small,256,446,27511,27582
latency,rayon,4,burst_small,256,447,19197,19277
latency,rayon,4,burst_small,256,448,27832,27902
latency,rayon,4,burst_small,256,449,27822,27903
latency,rayon,4,burst_small,256,450,28113,28183
latency,rayon,4,burst_small,256,451,28032,28103
latency,rayon,4,burst_small,256,452,28373,28443
latency,rayon,4,burst_small,256,453,28353,28433
latency,rayon,4,burst_small,256,454,28414,28504
latency,rayon,4,burst_small,256,455,28423,28494
latency,rayon,4,burst_small,256,456,28554,28634
latency,rayon,4,burst_small,256,457,28744,28815
latency,rayon,4,burst_small,256,458,28845,28915
latency,rayon,4,burst_small,256,459,28824,28894
latency,rayon,4,burst_small,256,460,29114,29184
latency,rayon,4,burst_small,256,461,28915,28985
latency,rayon,4,burst_small,256,462,29195,29275
latency,rayon,4,burst_small,256,463,29104,29185
latency,rayon,4,burst_small,256,464,29305,29385
latency,rayon,4,burst_small,256,465,29275,29355
latency,rayon,4,burst_small,256,466,29485,29555
latency,rayon,4,burst_small,256,467,29466,29536
latency,rayon,4,burst_small,256,468,23044,23124
latency,rayon,4,burst_small,256,469,143652,143802
latency,rayon,4,burst_small,256,470,23555,23625
latency,rayon,4,burst_small,256,471,29836,29907
latency,rayon,4,burst_small,256,472,29886,29966
latency,rayon,4,burst_small,256,473,23885,23955
latency,rayon,4,burst_small,256,474,30006,30076
latency,rayon,4,burst_small,256,475,28013,28083
latency,rayon,4,burst_small,256,476,24156,24246
latency,rayon,4,burst_small,256,477,28254,28334
latency,rayon,4,burst_small,256,478,28053,28123
latency,rayon,4,burst_small,256,479,24436,24526
latency,rayon,4,burst_small,256,480,28233,28313
latency,rayon,4,burst_small,256,481,28263,28334
latency,rayon,4,burst_small,256,482,28264,28364
latency,rayon,4,burst_small,256,483,28563,28633
latency,rayon,4,burst_small,256,484,28584,28664
latency,rayon,4,burst_small,256,485,28563,28644
latency,rayon,4,burst_small,256,486,28584,28654
latency,rayon,4,burst_small,256,487,28704,28775
latency,rayon,4,burst_small,256,488,28714,28815
latency,rayon,4,burst_small,256,489,28765,28835
latency,rayon,4,burst_small,256,490,28824,28904
latency,rayon,4,burst_small,256,491,28824,28894
latency,rayon,4,burst_small,256,492,28725,28805
latency,rayon,4,burst_small,256,493,26550,26630
latency,rayon,4,burst_small,256,494,28984,29065
latency,rayon,4,burst_small,256,495,28834,28914
latency,rayon,4,burst_small,256,496,26921,27012
latency,rayon,4,burst_small,256,497,28483,28554
latency,rayon,4,burst_small,256,498,27142,27222
latency,rayon,4,burst_small,256,499,28333,28413
latency,rayon,4,burst_small,256,500,28343,28424
latency,rayon,4,burst_small,256,501,27552,27623
latency,rayon,4,burst_small,256,502,28594,28664
latency,rayon,4,burst_small,256,503,28664,28734
latency,rayon,4,burst_small,256,504,28533,28613
latency,rayon,4,burst_small,256,505,27903,27983
latency,rayon,4,burst_small,256,506,28293,28374
latency,rayon,4,burst_small,256,507,28864,28944
latency,rayon,4,burst_small,256,508,28645,28715
latency,rayon,4,burst_small,256,509,28834,28904
latency,rayon,4,burst_small,256,510,29045,29135
latency,rayon,4,burst_small,256,511,28804,28884
latency,rayon,4,burst_small,256,512,25053,25183
latency,rayon,4,burst_small,256,513,24652,24783
latency,rayon,4,burst_small,256,514,22678,22809
latency,rayon,4,burst_small,256,515,22848,22979
latency,rayon,4,burst_small,256,516,22978,23099
latency,rayon,4,burst_small,256,517,22718,22848
latency,rayon,4,burst_small,256,518,23029,23159
latency,rayon,4,burst_small,256,519,22137,22268
latency,rayon,4,burst_small,256,520,5455,5536
latency,rayon,4,burst_small,256,521,5816,5897
latency,rayon,4,burst_small,256,522,6037,6137
latency,rayon,4,burst_small,256,523,6337,6448
latency,rayon,4,burst_small,256,524,6668,6748
latency,rayon,4,burst_small,256,525,6889,6959
latency,rayon,4,burst_small,256,526,6958,7038
latency,rayon,4,burst_small,256,527,7179,7259
latency,rayon,4,burst_small,256,528,7449,7519
latency,rayon,4,burst_small,256,529,7760,7830
latency,rayon,4,burst_small,256,530,7960,8030
latency,rayon,4,burst_small,256,531,9313,9383
latency,rayon,4,burst_small,256,532,9543,9613
latency,rayon,4,burst_small,256,533,9724,9804
latency,rayon,4,burst_small,256,534,9844,9914
latency,rayon,4,burst_small,256,535,10095,10175
latency,rayon,4,burst_small,256,536,10265,10335
latency,rayon,4,burst_small,256,537,10405,10476
latency,rayon,4,burst_small,256,538,10546,10616
latency,rayon,4,burst_small,256,539,10676,10746
latency,rayon,4,burst_small,256,540,10805,10885
latency,rayon,4,burst_small,256,541,10966,11036
latency,rayon,4,burst_small,256,542,11056,11136
latency,rayon,4,burst_small,256,543,11186,11256
latency,rayon,4,burst_small,256,544,11317,11387
latency,rayon,4,burst_small,256,545,11497,11567
latency,rayon,4,burst_small,256,546,11627,11697
latency,rayon,4,burst_small,256,547,11768,11838
latency,rayon,4,burst_small,256,548,11938,12008
latency,rayon,4,burst_small,256,549,12068,12138
latency,rayon,4,burst_small,256,550,12139,12219
latency,rayon,4,burst_small,256,551,12279,12349
latency,rayon,4,burst_small,256,552,12519,12590
latency,rayon,4,burst_small,256,553,12859,12929
latency,rayon,4,burst_small,256,554,13010,13080
latency,rayon,4,burst_small,256,555,13270,13340
latency,rayon,4,burst_small,256,556,13421,13491
latency,rayon,4,burst_small,256,557,13671,13751
latency,rayon,4,burst_small,256,558,13932,14002
latency,rayon,4,burst_small,256,559,14132,14202
latency,rayon,4,burst_small,256,560,14323,14393
latency,rayon,4,burst_small,256,561,14372,14442
latency,rayon,4,burst_small,256,562,14573,14643
latency,rayon,4,burst_small,256,563,14713,14793
latency,rayon,4,burst_small,256,564,14923,14994
latency,rayon,4,burst_small,256,565,15154,15224
latency,rayon,4,burst_small,256,566,15445,15515
latency,rayon,4,burst_small,256,567,16026,16096
latency,rayon,4,burst_small,256,568,16146,16246
latency,rayon,4,burst_small,256,569,16407,16487
latency,rayon,4,burst_small,256,570,16536,16646
latency,rayon,4,burst_small,256,571,16767,16867
latency,rayon,4,burst_small,256,572,16997,17067
latency,rayon,4,burst_small,256,573,17148,17248
latency,rayon,4,burst_small,256,574,17388,17478
latency,rayon,4,burst_small,256,575,17669,17749
latency,rayon,4,burst_small,256,576,17859,17939
latency,rayon,4,burst_small,256,577,18230,18300
latency,rayon,4,burst_small,256,578,18410,18481
latency,rayon,4,burst_small,256,579,18591,18661
latency,rayon,4,burst_small,256,580,18851,18932
latency,rayon,4,burst_small,256,581,19072,19142
latency,rayon,4,burst_small,256,582,251,371
latency,rayon,4,burst_small,256,583,19221,19291
latency,rayon,4,burst_small,256,584,611,701
latency,rayon,4,burst_small,256,585,19432,19502
latency,rayon,4,burst_small,256,586,892,982
latency,rayon,4,burst_small,256,587,18711,18781
latency,rayon,4,burst_small,256,588,1122,1192
latency,rayon,4,burst_small,256,589,18831,18901
latency,rayon,4,burst_small,256,590,1352,1432
latency,rayon,4,burst_small,256,591,19041,19111
latency,rayon,4,burst_small,256,592,1663,1743
latency,rayon,4,burst_small,256,593,2003,2094
latency,rayon,4,burst_small,256,594,19312,19392
latency,rayon,4,burst_small,256,595,2385,2455
latency,rayon,4,burst_small,256,596,19512,19592
latency,rayon,4,burst_small,256,597,281472,281613
latency,rayon,4,burst_small,256,598,19663,19733
latency,rayon,4,burst_small,256,599,2615,2705
latency,rayon,4,burst_small,256,600,3076,3146
latency,rayon,4,burst_small,256,601,19983,20063
latency,rayon,4,burst_small,256,602,3366,3467
latency,rayon,4,burst_small,256,603,20214,20284
latency,rayon,4,burst_small,256,604,3657,3737
latency,rayon,4,burst_small,256,605,20364,20434
latency,rayon,4,burst_small,256,606,20459,20529
latency,rayon,4,burst_small,256,607,3857,3927
latency,rayon,4,burst_small,256,608,20515,20625
latency,rayon,4,burst_small,256,609,4228,4298
latency,rayon,4,burst_small,256,610,20698,20769
latency,rayon,4,burst_small,256,611,20674,20744
latency,rayon,4,burst_small,256,612,4448,4538
latency,rayon,4,burst_small,256,613,20939,21009
latency,rayon,4,burst_small,256,614,4800,4870
latency,rayon,4,burst_small,256,615,20965,21055
latency,rayon,4,burst_small,256,616,5170,5240
latency,rayon,4,burst_small,256,617,21276,21356
latency,rayon,4,burst_small,256,618,5450,5541
latency,rayon,4,burst_small,256,619,21380,21450
latency,rayon,4,burst_small,256,620,21456,21526
latency,rayon,4,burst_small,256,621,5711,5781
latency,rayon,4,burst_small,256,622,21661,21741
latency,rayon,4,burst_small,256,623,6031,6111
latency,rayon,4,burst_small,256,624,21707,21787
latency,rayon,4,burst_small,256,625,21791,21871
latency,rayon,4,burst_small,256,626,6372,6472
latency,rayon,4,burst_small,256,627,21796,21876
latency,rayon,4,burst_small,256,628,21761,21831
latency,rayon,4,burst_small,256,629,6682,6752
latency,rayon,4,burst_small,256,630,21847,21927
latency,rayon,4,burst_small,256,631,7053,7133
latency,rayon,4,burst_small,256,632,22132,22212
latency,rayon,4,burst_small,256,633,22148,22228
latency,rayon,4,burst_small,256,634,7294,7364
latency,rayon,4,burst_small,256,635,22292,22392
latency,rayon,4,burst_small,256,636,7675,7745
latency,rayon,4,burst_small,256,637,22418,22528
latency,rayon,4,burst_small,256,638,7995,8065
latency,rayon,4,burst_small,256,639,22648,22728
latency,rayon,4,burst_small,256,640,8265,8356
latency,rayon,4,burst_small,256,641,22758,22828
latency,rayon,4,burst_small,256,642,22782,22862
latency,rayon,4,burst_small,256,643,8917,9007
latency,rayon,4,burst_small,256,644,23099,23179
latency,rayon,4,burst_small,256,645,23063,23133
latency,rayon,4,burst_small,256,646,9318,9398
latency,rayon,4,burst_small,256,647,23340,23420
latency,rayon,4,burst_small,256,648,9548,9619
latency,rayon,4,burst_small,256,649,23234,23314
latency,rayon,4,burst_small,256,650,9959,10039
latency,rayon,4,burst_small,256,651,23519,23630
latency,rayon,4,burst_small,256,652,10450,10520
latency,rayon,4,burst_small,256,653,23915,23985
latency,rayon,4,burst_small,256,654,23880,23950
latency,rayon,4,burst_small,256,655,10660,10730
latency,rayon,4,burst_small,256,656,24181,24261
latency,rayon,4,burst_small,256,657,11061,11131
latency,rayon,4,burst_small,256,658,24095,24176
latency,rayon,4,burst_small,256,659,24211,24292
latency,rayon,4,burst_small,256,660,288231,288371
latency,rayon,4,burst_small,256,661,24396,24476
latency,rayon,4,burst_small,256,662,24361,24431
latency,rayon,4,burst_small,256,663,11351,11441
latency,rayon,4,burst_small,256,664,24666,24756
latency,rayon,4,burst_small,256,665,12132,12213
latency,rayon,4,burst_small,256,666,24662,24742
latency,rayon,4,burst_small,256,667,25007,25087
latency,rayon,4,burst_small,256,668,12644,12715
latency,rayon,4,burst_small,256,669,25073,25153
latency,rayon,4,burst_small,256,670,25093,25163
latency,rayon,4,burst_small,256,671,12925,12995
latency,rayon,4,burst_small,256,672,25158,25238
latency,rayon,4,burst_small,256,673,25142,25223
latency,rayon,4,burst_small,256,674,13345,13415
latency,rayon,4,burst_small,256,675,25243,25313
latency,rayon,4,burst_small,256,676,13626,13696
latency,rayon,4,burst_small,256,677,25423,25493
latency,rayon,4,burst_small,256,678,13816,13906
latency,rayon,4,burst_small,256,679,25408,25478
latency,rayon,4,burst_small,256,680,25343,25413
latency,rayon,4,burst_small,256,681,14347,14417
latency,rayon,4,burst_small,256,682,25554,25654
latency,rayon,4,burst_small,256,683,25478,25548
latency,rayon,4,burst_small,256,684,14557,14627
latency,rayon,4,burst_small,256,685,25423,25523
latency,rayon,4,burst_small,256,686,25574,25644
latency,rayon,4,burst_small,256,687,25748,25818
latency,rayon,4,burst_small,256,688,15009,15099
latency,rayon,4,burst_small,256,689,25754,25834
latency,rayon,4,burst_small,256,690,15349,15440
latency,rayon,4,burst_small,256,691,25855,25935
latency,rayon,4,burst_small,256,692,25818,25888
latency,rayon,4,burst_small,256,693,25794,25874
latency,rayon,4,burst_small,256,694,15780,15860
latency,rayon,4,burst_small,256,695,26145,26215
latency,rayon,4,burst_small,256,696,16081,16161
latency,rayon,4,burst_small,256,697,26125,26205
latency,rayon,4,burst_small,256,698,26139,26219
latency,rayon,4,burst_small,256,699,16501,16571
latency,rayon,4,burst_small,256,700,26385,26465
latency,rayon,4,burst_small,256,701,26386,26476
latency,rayon,4,burst_small,256,702,17152,17223
latency,rayon,4,burst_small,256,703,26390,26460
latency,rayon,4,burst_small,256,704,26486,26556
latency,rayon,4,burst_small,256,705,26715,26806
latency,rayon,4,burst_small,256,706,26880,26960
latency,rayon,4,burst_small,256,707,26966,27036
latency,rayon,4,burst_small,256,708,27016,27096
latency,rayon,4,burst_small,256,709,27051,27131
latency,rayon,4,burst_small,256,710,26355,26435
latency,rayon,4,burst_small,256,711,26259,26329
latency,rayon,4,burst_small,256,712,26305,26375
latency,rayon,4,burst_small,256,713,22819,22889
latency,rayon,4,burst_small,256,714,22497,22568
latency,rayon,4,burst_small,256,715,22482,22562
latency,rayon,4,burst_small,256,716,22718,22788
latency,rayon,4,burst_small,256,717,22768,22868
latency,rayon,4,burst_small,256,718,22853,22953
latency,rayon,4,burst_small,256,719,22879,22959
latency,rayon,4,burst_small,256,720,22929,23009
latency,rayon,4,burst_small,256,721,23314,23384
latency,rayon,4,burst_small,256,722,23279,23379
latency,rayon,4,burst_small,256,723,23354,23434
latency,rayon,4,burst_small,256,724,23530,23600
latency,rayon,4,burst_small,256,725,23474,23544
latency,rayon,4,burst_small,256,726,23480,23560
latency,rayon,4,burst_small,256,727,20719,20789
latency,rayon,4,burst_small,256,728,23911,23991
latency,rayon,4,burst_small,256,729,23881,23961
latency,rayon,4,burst_small,256,730,23875,23945
latency,rayon,4,burst_small,256,731,20979,21060
latency,rayon,4,burst_small,256,732,23941,24021
latency,rayon,4,burst_small,256,733,24001,24071
latency,rayon,4,burst_small,256,734,21510,21601
latency,rayon,4,burst_small,256,735,24031,24101
latency,rayon,4,burst_small,256,736,23985,24065
latency,rayon,4,burst_small,256,737,24341,24411
latency,rayon,4,burst_small,256,738,24416,24496
latency,rayon,4,burst_small,256,739,24522,24602
latency,rayon,4,burst_small,256,740,24516,24596
latency,rayon,4,burst_small,256,741,24581,24662
latency,rayon,4,burst_small,256,742,24616,24686
latency,rayon,4,burst_small,256,743,24682,24772
latency,rayon,4,burst_small,256,744,24636,24707
latency,rayon,4,burst_small,256,745,24762,24842
latency,rayon,4,burst_small,256,746,24787,24857
latency,rayon,4,burst_small,256,747,24972,25052
latency,rayon,4,burst_small,256,748,24916,24997
latency,rayon,4,burst_small,256,749,25173,25253
latency,rayon,4,burst_small,256,750,25207,25277
latency,rayon,4,burst_small,256,751,25288,25358
latency,rayon,4,burst_small,256,752,25353,25463
latency,rayon,4,burst_small,256,753,25544,25634
latency,rayon,4,burst_small,256,754,25528,25598
latency,rayon,4,burst_small,256,755,25728,25798
latency,rayon,4,burst_small,256,756,25714,25784
latency,rayon,4,burst_small,256,757,25788,25858
latency,rayon,4,burst_small,256,758,25784,25864
latency,rayon,4,burst_small,256,759,25889,25969
latency,rayon,4,burst_small,256,760,25884,25955
latency,rayon,4,burst_small,256,761,26099,26169
latency,rayon,4,burst_small,256,762,26034,26104
latency,rayon,4,burst_small,256,763,26349,26439
latency,rayon,4,burst_small,256,764,26225,26295
latency,rayon,4,burst_small,256,765,26536,26616
latency,rayon,4,burst_small,256,766,26550,26620
latency,rayon,4,burst_small,256,767,27553,27633
latency,rayon,4,burst_small,256,768,41623,41764
latency,rayon,4,burst_small,256,769,8731,8811
latency,rayon,4,burst_small,256,770,43377,43507
latency,rayon,4,burst_small,256,771,225,305
latency,rayon,4,burst_small,256,772,405,475
latency,rayon,4,burst_small,256,773,395,466
latency,rayon,4,burst_small,256,774,1087,1157
latency,rayon,4,burst_small,256,775,1207,1277
latency,rayon,4,burst_small,256,776,1057,1127
latency,rayon,4,burst_small,256,777,1513,1643
latency,rayon,4,burst_small,256,778,1928,1999
latency,rayon,4,burst_small,256,779,1167,1247
latency,rayon,4,burst_small,256,780,2229,2329
latency,rayon,4,burst_small,256,781,2515,2595
latency,rayon,4,burst_small,256,782,2690,2760
latency,rayon,4,burst_small,256,783,2660,2730
latency,rayon,4,burst_small,256,784,2876,2946
latency,rayon,4,burst_small,256,785,2810,2880
latency,rayon,4,burst_small,256,786,2871,2941
latency,rayon,4,burst_small,256,787,3286,3367
latency,rayon,4,burst_small,256,788,3391,3471
latency,rayon,4,burst_small,256,789,3412,3482
latency,rayon,4,burst_small,256,790,3567,3637
latency,rayon,4,burst_small,256,791,3701,3782
latency,rayon,4,burst_small,256,792,3727,3807
latency,rayon,4,burst_small,256,793,3572,3642
latency,rayon,4,burst_small,256,794,3572,3642
latency,rayon,4,burst_small,256,795,3692,3762
latency,rayon,4,burst_small,256,796,3637,3707
latency,rayon,4,burst_small,256,797,3712,3792
latency,rayon,4,burst_small,256,798,3912,3982
latency,rayon,4,burst_small,256,799,3738,3808
latency,rayon,4,burst_small,256,800,3722,3792
latency,rayon,4,burst_small,256,801,3587,3668
latency,rayon,4,burst_small,256,802,3802,3882
latency,rayon,4,burst_small,256,803,4002,4083
latency,rayon,4,burst_small,256,804,3988,4068
latency,rayon,4,burst_small,256,805,4113,4183
latency,rayon,4,burst_small,256,806,3922,4002
latency,rayon,4,burst_small,256,807,3888,3958
latency,rayon,4,burst_small,256,808,4093,4163
latency,rayon,4,burst_small,256,809,4128,4208
latency,rayon,4,burst_small,256,810,4263,4333
latency,rayon,4,burst_small,256,811,4273,4343
latency,rayon,4,burst_small,256,812,4188,4268
latency,rayon,4,burst_small,256,813,4293,4363
latency,rayon,4,burst_small,256,814,4189,4259
latency,rayon,4,burst_small,256,815,4293,4373
latency,rayon,4,burst_small,256,816,4343,4423
latency,rayon,4,burst_small,256,817,4353,4423
latency,rayon,4,burst_small,256,818,4403,4484
latency,rayon,4,burst_small,256,819,4389,4459
latency,rayon,4,burst_small,256,820,4483,4563
latency,rayon,4,burst_small,256,821,4499,4579
latency,rayon,4,burst_small,256,822,4374,4454
latency,rayon,4,burst_small,256,823,4323,4423
latency,rayon,4,burst_small,256,824,4529,4609
latency,rayon,4,burst_small,256,825,4454,4524
latency,rayon,4,burst_small,256,826,4203,4273
latency,rayon,4,burst_small,256,827,4268,4348
latency,rayon,4,burst_small,256,828,4533,4604
latency,rayon,4,burst_small,256,829,4509,4579
latency,rayon,4,burst_small,256,830,4544,4614
latency,rayon,4,burst_small,256,831,4624,4694
latency,rayon,4,burst_small,256,832,4774,4854
latency,rayon,4,burst_small,256,833,4774,4844
latency,rayon,4,burst_small,256,834,4759,4829
latency,rayon,4,burst_small,256,835,4834,4904
latency,rayon,4,burst_small,256,836,4594,4664
latency,rayon,4,burst_small,256,837,4589,4659
latency,rayon,4,burst_small,256,838,4965,5035
latency,rayon,4,burst_small,256,839,4559,4629
latency,rayon,4,burst_small,256,840,4634,4744
latency,rayon,4,burst_small,256,841,4623,4693
latency,rayon,4,burst_small,256,842,4679,4749
latency,rayon,4,burst_small,256,843,4624,4714
latency,rayon,4,burst_small,256,844,4613,4693
latency,rayon,4,burst_small,256,845,4629,4709
latency,rayon,4,burst_small,256,846,4804,4874
latency,rayon,4,burst_small,256,847,4809,4880
latency,rayon,4,burst_small,256,848,4904,4975
latency,rayon,4,burst_small,256,849,4915,4995
latency,rayon,4,burst_small,256,850,4839,4909
latency,rayon,4,burst_small,256,851,4804,4904
latency,rayon,4,burst_small,256,852,4794,4865
latency,rayon,4,burst_small,256,853,4849,4919
latency,rayon,4,burst_small,256,854,4814,4894
latency,rayon,4,burst_small,256,855,4634,4714
latency,rayon,4,burst_small,256,856,4749,4819
latency,rayon,4,burst_small,256,857,4734,4804
latency,rayon,4,burst_small,256,858,4534,4604
latency,rayon,4,burst_small,256,859,4860,4930
latency,rayon,4,burst_small,256,860,4774,4844
latency,rayon,4,burst_small,256,861,4764,4834
latency,rayon,4,burst_small,256,862,4759,4829
latency,rayon,4,burst_small,256,863,4834,4905
latency,rayon,4,burst_small,256,864,4694,4764
latency,rayon,4,burst_small,256,865,4739,4809
latency,rayon,4,burst_small,256,866,4553,4633
latency,rayon,4,burst_small,256,867,4483,4553
latency,rayon,4,burst_small,256,868,4709,4779
latency,rayon,4,burst_small,256,869,4804,4884
latency,rayon,4,burst_small,256,870,4754,4834
latency,rayon,4,burst_small,256,871,4439,4509
latency,rayon,4,burst_small,256,872,4454,4524
latency,rayon,4,burst_small,256,873,4624,4694
latency,rayon,4,burst_small,256,874,4619,4689
latency,rayon,4,burst_small,256,875,4553,4634
latency,rayon,4,burst_small,256,876,4624,4694
latency,rayon,4,burst_small,256,877,4669,4739
latency,rayon,4,burst_small,256,878,4694,4794
latency,rayon,4,burst_small,256,879,4624,4694
latency,rayon,4,burst_small,256,880,4634,4704
latency,rayon,4,burst_small,256,881,4649,4730
latency,rayon,4,burst_small,256,882,4613,4693
latency,rayon,4,burst_small,256,883,4574,4644
latency,rayon,4,burst_small,256,884,4288,4358
latency,rayon,4,burst_small,256,885,4343,4413
latency,rayon,4,burst_small,256,886,4373,4443
latency,rayon,4,burst_small,256,887,4459,4529
latency,rayon,4,burst_small,256,888,4604,4684
latency,rayon,4,burst_small,256,889,4524,4594
latency,rayon,4,burst_small,256,890,4468,4548
latency,rayon,4,burst_small,256,891,4764,4844
latency,rayon,4,burst_small,256,892,4559,4639
latency,rayon,4,burst_small,256,893,4373,4443
latency,rayon,4,burst_small,256,894,4734,4804
latency,rayon,4,burst_small,256,895,4744,4814
latency,rayon,4,burst_small,256,896,4599,4669
latency,rayon,4,burst_small,256,897,230,340
latency,rayon,4,burst_small,256,898,531,602
latency,rayon,4,burst_small,256,899,712,782
latency,rayon,4,burst_small,256,900,882,952
latency,rayon,4,burst_small,256,901,1052,1122
latency,rayon,4,burst_small,256,902,1222,1293
latency,rayon,4,burst_small,256,903,1393,1463
latency,rayon,4,burst_small,256,904,1563,1633
latency,rayon,4,burst_small,256,905,1823,1893
latency,rayon,4,burst_small,256,906,1984,2054
latency,rayon,4,burst_small,256,907,2154,2234
latency,rayon,4,burst_small,256,908,2334,2404
latency,rayon,4,burst_small,256,909,2504,2584
latency,rayon,4,burst_small,256,910,2685,2755
latency,rayon,4,burst_small,256,911,2856,2936
latency,rayon,4,burst_small,256,912,3036,3106
latency,rayon,4,burst_small,256,913,3206,3276
latency,rayon,4,burst_small,256,914,3387,3467
latency,rayon,4,burst_small,256,915,3577,3647
latency,rayon,4,burst_small,256,916,3747,3827
latency,rayon,4,burst_small,256,917,3927,3998
latency,rayon,4,burst_small,256,918,4108,4178
latency,rayon,4,burst_small,256,919,4298,4368
latency,rayon,4,burst_small,256,920,4468,4538
latency,rayon,4,burst_small,256,921,4638,4719
latency,rayon,4,burst_small,256,922,4870,4940
latency,rayon,4,burst_small,256,923,5040,5120
latency,rayon,4,burst_small,256,924,5210,5280
latency,rayon,4,burst_small,256,925,5380,5461
latency,rayon,4,burst_small,256,926,5561,5631
latency,rayon,4,burst_small,256,927,5731,5811
latency,rayon,4,burst_small,256,928,5911,5981
latency,rayon,4,burst_small,256,929,6081,6152
latency,rayon,4,burst_small,256,930,6252,6332
latency,rayon,4,burst_small,256,931,6432,6502
latency,rayon,4,burst_small,256,932,6612,6692
latency,rayon,4,burst_small,256,933,6792,6863
latency,rayon,4,burst_small,256,934,6963,7043
latency,rayon,4,burst_small,256,935,7154,7224
latency,rayon,4,burst_small,256,936,7324,7394
latency,rayon,4,burst_small,256,937,7504,7575
latency,rayon,4,burst_small,256,938,7775,7845
latency,rayon,4,burst_small,256,939,7985,8065
latency,rayon,4,burst_small,256,940,8165,8245
latency,rayon,4,burst_small,256,941,8355,8426
latency,rayon,4,burst_small,256,942,8526,8596
latency,rayon,4,burst_small,256,943,8717,8787
latency,rayon,4,burst_small,256,944,8897,8967
latency,rayon,4,burst_small,256,945,9077,9158
latency,rayon,4,burst_small,256,946,9258,9328
latency,rayon,4,burst_small,256,947,9438,9518
latency,rayon,4,burst_small,256,948,9638,9708
latency,rayon,4,burst_small,256,949,9819,9899
latency,rayon,4,burst_small,256,950,10059,10129
latency,rayon,4,burst_small,256,951,10239,10319
latency,rayon,4,burst_small,256,952,10419,10489
latency,rayon,4,burst_small,256,953,10591,10661
latency,rayon,4,burst_small,256,954,10771,10851
latency,rayon,4,burst_small,256,955,10951,11021
latency,rayon,4,burst_small,256,956,11181,11261
latency,rayon,4,burst_small,256,957,12775,12845
latency,rayon,4,burst_small,256,958,12935,13015
latency,rayon,4,burst_small,256,959,13115,13185
latency,rayon,4,burst_small,256,960,13285,13365
latency,rayon,4,burst_small,256,961,13576,13646
latency,rayon,4,burst_small,256,962,13786,13856
latency,rayon,4,burst_small,256,963,13966,14046
latency,rayon,4,burst_small,256,964,14156,14226
latency,rayon,4,burst_small,256,965,14328,14408
latency,rayon,4,burst_small,256,966,14518,14588
latency,rayon,4,burst_small,256,967,14698,14778
latency,rayon,4,burst_small,256,968,14888,14959
latency,rayon,4,burst_small,256,969,15059,15129
latency,rayon,4,burst_small,256,970,15289,15359
latency,rayon,4,burst_small,256,971,15449,15519
latency,rayon,4,burst_small,256,972,15619,15700
latency,rayon,4,burst_small,256,973,15800,15870
latency,rayon,4,burst_small,256,974,15970,16050
latency,rayon,4,burst_small,256,975,16150,16220
latency,rayon,4,burst_small,256,976,16321,16402
latency,rayon,4,burst_small,256,977,16502,16572
latency,rayon,4,burst_small,256,978,16672,16752
latency,rayon,4,burst_small,256,979,16932,17002
latency,rayon,4,burst_small,256,980,17102,17183
latency,rayon,4,burst_small,256,981,17293,17363
latency,rayon,4,burst_small,256,982,17463,17543
latency,rayon,4,burst_small,256,983,17653,17723
latency,rayon,4,burst_small,256,984,17833,17904
latency,rayon,4,burst_small,256,985,18024,18094
latency,rayon,4,burst_small,256,986,18245,18315
latency,rayon,4,burst_small,256,987,18415,18495
latency,rayon,4,burst_small,256,988,18645,18716
latency,rayon,4,burst_small,256,989,18806,18886
latency,rayon,4,burst_small,256,990,20579,20659
latency,rayon,4,burst_small,256,991,20779,20849
latency,rayon,4,burst_small,256,992,20949,21020
latency,rayon,4,burst_small,256,993,21541,21611
latency,rayon,4,burst_small,256,994,21751,21821
latency,rayon,4,burst_small,256,995,21981,22061
latency,rayon,4,burst_small,256,996,22482,22553
latency,rayon,4,burst_small,256,997,22733,22803
latency,rayon,4,burst_small,256,998,22953,23033
latency,rayon,4,burst_small,256,999,23344,23414
latency,rayon,4,burst_small,256,1000,23585,23665
latency,rayon,4,burst_small,256,1001,23855,23925
latency,rayon,4,burst_small,256,1002,24256,24336
latency,rayon,4,burst_small,256,1003,24466,24536
latency,rayon,4,burst_small,256,1004,24637,24707
latency,rayon,4,burst_small,256,1005,25128,25208
latency,rayon,4,burst_small,256,1006,25428,25509
latency,rayon,4,burst_small,256,1007,25639,25709
latency,rayon,4,burst_small,256,1008,27713,27833
latency,rayon,4,burst_small,256,1009,25969,26049
latency,rayon,4,burst_small,256,1010,26269,26369
latency,rayon,4,burst_small,256,1011,27913,27983
latency,rayon,4,burst_small,256,1012,26511,26601
latency,rayon,4,burst_small,256,1013,28053,28143
latency,rayon,4,burst_small,256,1014,26891,26961
latency,rayon,4,burst_small,256,1015,28204,28274
latency,rayon,4,burst_small,256,1016,27362,27432
latency,rayon,4,burst_small,256,1017,27722,27802
latency,rayon,4,burst_small,256,1018,28384,28465
latency,rayon,4,burst_small,256,1019,28123,28193
latency,rayon,4,burst_small,256,1020,28414,28504
latency,rayon,4,burst_small,256,1021,28394,28464
latency,rayon,4,burst_small,256,1022,4623,4703
latency,rayon,4,burst_small,256,1023,4724,4804
latency,rayon,4,burst_small,256,1024,23930,24061
latency,rayon,4,burst_small,256,1025,366,486
latency,rayon,4,burst_small,256,1026,776,916
latency,rayon,4,burst_small,256,1027,897,977
latency,rayon,4,burst_small,256,1028,1117,1198
latency,rayon,4,burst_small,256,1029,1227,1297
latency,rayon,4,burst_small,256,1030,1737,1818
latency,rayon,4,burst_small,256,1031,1578,1648
latency,rayon,4,burst_small,256,1032,1618,1698
latency,rayon,4,burst_small,256,1033,1888,1958
latency,rayon,4,burst_small,256,1034,2048,2118
latency,rayon,4,burst_small,256,1035,2099,2169
latency,rayon,4,burst_small,256,1036,2289,2359
latency,rayon,4,burst_small,256,1037,2259,2339
latency,rayon,4,burst_small,256,1038,2550,2620
latency,rayon,4,burst_small,256,1039,2399,2470
latency,rayon,4,burst_small,256,1040,2579,2649
latency,rayon,4,burst_small,256,1041,2589,2659
latency,rayon,4,burst_small,256,1042,2880,2950
latency,rayon,4,burst_small,256,1043,2940,3020
latency,rayon,4,burst_small,256,1044,3241,3311
latency,rayon,4,burst_small,256,1045,3281,3351
latency,rayon,4,burst_small,256,1046,3411,3481
latency,rayon,4,burst_small,256,1047,3091,3161
latency,rayon,4,burst_small,256,1048,3321,3391
latency,rayon,4,burst_small,256,1049,3391,3461
latency,rayon,4,burst_small,256,1050,3581,3661
latency,rayon,4,burst_small,256,1051,3602,3682
latency,rayon,4,burst_small,256,1052,3802,3872
latency,rayon,4,burst_small,256,1053,3813,3893
latency,rayon,4,burst_small,256,1054,4183,4253
latency,rayon,4,burst_small,256,1055,4032,4113
latency,rayon,4,burst_small,256,1056,4192,4263
latency,rayon,4,burst_small,256,1057,4183,4253
latency,rayon,4,burst_small,256,1058,4473,4553
latency,rayon,4,burst_small,256,1059,4524,4594
latency,rayon,4,burst_small,256,1060,4613,4683
latency,rayon,4,burst_small,256,1061,4774,4854
latency,rayon,4,burst_small,256,1062,4893,4974
latency,rayon,4,burst_small,256,1063,4754,4824
latency,rayon,4,burst_small,256,1064,4823,4903
latency,rayon,4,burst_small,256,1065,4854,4924
latency,rayon,4,burst_small,256,1066,5104,5204
latency,rayon,4,burst_small,256,1067,5255,5325
latency,rayon,4,burst_small,256,1068,5395,5495
latency,rayon,4,burst_small,256,1069,5505,5576
latency,rayon,4,burst_small,256,1070,5645,5716
latency,rayon,4,burst_small,256,1071,5545,5625
latency,rayon,4,burst_small,256,1072,5695,5765
latency,rayon,4,burst_small,256,1073,5786,5866
latency,rayon,4,burst_small,256,1074,5846,5956
latency,rayon,4,burst_small,256,1075,6066,6137
latency,rayon,4,burst_small,256,1076,6136,6217
latency,rayon,4,burst_small,256,1077,6307,6377
latency,rayon,4,burst_small,256,1078,6447,6527
latency,rayon,4,burst_small,256,1079,6207,6277
latency,rayon,4,burst_small,256,1080,6267,6337
latency,rayon,4,burst_small,256,1081,6387,6458
latency,rayon,4,burst_small,256,1082,6446,6526
latency,rayon,4,burst_small,256,1083,6707,6777
latency,rayon,4,burst_small,256,1084,6687,6757
latency,rayon,4,burst_small,256,1085,6888,6958
latency,rayon,4,burst_small,256,1086,6948,7018
latency,rayon,4,burst_small,256,1087,6908,6988
latency,rayon,4,burst_small,256,1088,6867,6937
latency,rayon,4,burst_small,256,1089,7248,7329
latency,rayon,4,burst_small,256,1090,7408,7479
latency,rayon,4,burst_small,256,1091,7198,7268
latency,rayon,4,burst_small,256,1092,7548,7619
latency,rayon,4,burst_small,256,1093,7609,7679
latency,rayon,4,burst_small,256,1094,7749,7819
latency,rayon,4,burst_small,256,1095,7550,7620
latency,rayon,4,burst_small,256,1096,7558,7628
latency,rayon,4,burst_small,256,1097,7669,7749
latency,rayon,4,burst_small,256,1098,7569,7649
latency,rayon,4,burst_small,256,1099,7730,7800
latency,rayon,4,burst_small,256,1100,7528,7609
latency,rayon,4,burst_small,256,1101,7739,7809
latency,rayon,4,burst_small,256,1102,7760,7840
latency,rayon,4,burst_small,256,1103,7659,7729
latency,rayon,4,burst_small,256,1104,7709,7809
latency,rayon,4,burst_small,256,1105,7829,7899
latency,rayon,4,burst_small,256,1106,7760,7830
latency,rayon,4,burst_small,256,1107,7699,7769
latency,rayon,4,burst_small,256,1108,7760,7830
latency,rayon,4,burst_small,256,1109,7809,7880
latency,rayon,4,burst_small,256,1110,7659,7729
latency,rayon,4,burst_small,256,1111,7899,7979
latency,rayon,4,burst_small,256,1112,7860,7930
latency,rayon,4,burst_small,256,1113,7940,8010
latency,rayon,4,burst_small,256,1114,7869,7940
latency,rayon,4,burst_small,256,1115,7979,8050
latency,rayon,4,burst_small,256,1116,7910,7980
latency,rayon,4,burst_small,256,1117,7919,7989
latency,rayon,4,burst_small,256,1118,7940,8010
latency,rayon,4,burst_small,256,1119,7950,8020
latency,rayon,4,burst_small,256,1120,7889,7970
latency,rayon,4,burst_small,256,1121,7989,8059
latency,rayon,4,burst_small,256,1122,8030,8100
latency,rayon,4,burst_small,256,1123,7980,8060
latency,rayon,4,burst_small,256,1124,8110,8180
latency,rayon,4,burst_small,256,1125,8000,8070
latency,rayon,4,burst_small,256,1126,8110,8201
latency,rayon,4,burst_small,256,1127,8069,8139
latency,rayon,4,burst_small,256,1128,8180,8260
latency,rayon,4,burst_small,256,1129,8110,8190
latency,rayon,4,burst_small,256,1130,8270,8370
latency,rayon,4,burst_small,256,1131,8211,8291
latency,rayon,4,burst_small,256,1132,8471,8541
latency,rayon,4,burst_small,256,1133,8400,8481
latency,rayon,4,burst_small,256,1134,8551,8631
latency,rayon,4,burst_small,256,1135,8621,8691
latency,rayon,4,burst_small,256,1136,8560,8640
latency,rayon,4,burst_small,256,1137,8701,8781
latency,rayon,4,burst_small,256,1138,8731,8801
latency,rayon,4,burst_small,256,1139,9002,9082
latency,rayon,4,burst_small,256,1140,9063,9153
latency,rayon,4,burst_small,256,1141,9212,9282
latency,rayon,4,burst_small,256,1142,9202,9272
latency,rayon,4,burst_small,256,1143,9342,9412
latency,rayon,4,burst_small,256,1144,9333,9433
latency,rayon,4,burst_small,256,1145,9623,9693
latency,rayon,4,burst_small,256,1146,9583,9653
latency,rayon,4,burst_small,256,1147,9603,9673
latency,rayon,4,burst_small,256,1148,9673,9743
latency,rayon,4,burst_small,256,1149,9763,9873
latency,rayon,4,burst_small,256,1150,9743,9813
latency,rayon,4,burst_small,256,1151,9823,9933
latency,rayon,4,burst_small,256,1152,9873,9944
latency,rayon,4,burst_small,256,1153,9803,9883
latency,rayon,4,burst_small,256,1154,10044,10115
latency,rayon,4,burst_small,256,1155,9943,10013
latency,rayon,4,burst_small,256,1156,10194,10264
latency,rayon,4,burst_small,256,1157,10134,10214
latency,rayon,4,burst_small,256,1158,10284,10384
latency,rayon,4,burst_small,256,1159,10254,10334
latency,rayon,4,burst_small,256,1160,10384,10454
latency,rayon,4,burst_small,256,1161,10334,10425
latency,rayon,4,burst_small,256,1162,10415,10485
latency,rayon,4,burst_small,256,1163,10384,10464
latency,rayon,4,burst_small,256,1164,10554,10634
latency,rayon,4,burst_small,256,1165,10575,10645
latency,rayon,4,burst_small,256,1166,10755,10825
latency,rayon,4,burst_small,256,1167,10686,10756
latency,rayon,4,burst_small,256,1168,10915,10985
latency,rayon,4,burst_small,256,1169,10795,10865
latency,rayon,4,burst_small,256,1170,11086,11166
latency,rayon,4,burst_small,256,1171,10946,11016
latency,rayon,4,burst_small,256,1172,11176,11246
latency,rayon,4,burst_small,256,1173,11176,11246
latency,rayon,4,burst_small,256,1174,11176,11246
latency,rayon,4,burst_small,256,1175,11216,11286
latency,rayon,4,burst_small,256,1176,11296,11366
latency,rayon,4,burst_small,256,1177,11226,11306
latency,rayon,4,burst_small,256,1178,11296,11367
latency,rayon,4,burst_small,256,1179,11346,11416
latency,rayon,4,burst_small,256,1180,11326,11396
latency,rayon,4,burst_small,256,1181,11316,11386
latency,rayon,4,burst_small,256,1182,11326,11397
latency,rayon,4,burst_small,256,1183,11436,11507
latency,rayon,4,burst_small,256,1184,11336,11416
latency,rayon,4,burst_small,256,1185,11486,11556
latency,rayon,4,burst_small,256,1186,11497,11577
latency,rayon,4,burst_small,256,1187,11637,11707
latency,rayon,4,burst_small,256,1188,11748,11828
latency,rayon,4,burst_small,256,1189,9823,9904
latency,rayon,4,burst_small,256,1190,9503,9583
latency,rayon,4,burst_small,256,1191,9673,9753
latency,rayon,4,burst_small,256,1192,9694,9774
latency,rayon,4,burst_small,256,1193,9933,10003
latency,rayon,4,burst_small,256,1194,9933,10003
latency,rayon,4,burst_small,256,1195,9984,10054
latency,rayon,4,burst_small,256,1196,10014,10084
latency,rayon,4,burst_small,256,1197,10184,10254
latency,rayon,4,burst_small,256,1198,10194,10264
latency,rayon,4,burst_small,256,1199,10404,10484
latency,rayon,4,burst_small,256,1200,10274,10345
latency,rayon,4,burst_small,256,1201,371,481
latency,rayon,4,burst_small,256,1202,10364,10445
latency,rayon,4,burst_small,256,1203,10345,10425
latency,rayon,4,burst_small,256,1204,791,882
latency,rayon,4,burst_small,256,1205,10584,10654
latency,rayon,4,burst_small,256,1206,1122,1192
latency,rayon,4,burst_small,256,1207,10484,10565
latency,rayon,4,burst_small,256,1208,1543,1643
latency,rayon,4,burst_small,256,1209,10835,10915
latency,rayon,4,burst_small,256,1210,1763,1864
latency,rayon,4,burst_small,256,1211,10574,10664
latency,rayon,4,burst_small,256,1212,2074,2144
latency,rayon,4,burst_small,256,1213,10635,10715
latency,rayon,4,burst_small,256,1214,10785,10865
latency,rayon,4,burst_small,256,1215,2524,2594
latency,rayon,4,burst_small,256,1216,10795,10895
latency,rayon,4,burst_small,256,1217,10895,10985
latency,rayon,4,burst_small,256,1218,2906,2996
latency,rayon,4,burst_small,256,1219,10875,10955
latency,rayon,4,burst_small,256,1220,10905,10985
latency,rayon,4,burst_small,256,1221,3286,3377
latency,rayon,4,burst_small,256,1222,10895,10976
latency,rayon,4,burst_small,256,1223,11076,11156
latency,rayon,4,burst_small,256,1224,3907,3997
latency,rayon,4,burst_small,256,1225,10996,11066
latency,rayon,4,burst_small,256,1226,11045,11125
latency,rayon,4,burst_small,256,1227,4248,4328
latency,rayon,4,burst_small,256,1228,11036,11106
latency,rayon,4,burst_small,256,1229,10865,10965
latency,rayon,4,burst_small,256,1230,4588,4658
latency,rayon,4,burst_small,256,1231,10865,10945
latency,rayon,4,burst_small,256,1232,5190,5260
latency,rayon,4,burst_small,256,1233,11145,11216
latency,rayon,4,burst_small,256,1234,11016,11096
latency,rayon,4,burst_small,256,1235,5610,5690
latency,rayon,4,burst_small,256,1236,11266,11346
latency,rayon,4,burst_small,256,1237,11116,11186
latency,rayon,4,burst_small,256,1238,5881,5961
latency,rayon,4,burst_small,256,1239,11346,11426
latency,rayon,4,burst_small,256,1240,11296,11376
latency,rayon,4,burst_small,256,1241,11386,11467
latency,rayon,4,burst_small,256,1242,6863,6933
latency,rayon,4,burst_small,256,1243,11496,11596
latency,rayon,4,burst_small,256,1244,7394,7464
latency,rayon,4,burst_small,256,1245,7634,7714
latency,rayon,4,burst_small,256,1246,11627,11697
latency,rayon,4,burst_small,256,1247,11216,11286
latency,rayon,4,burst_small,256,1248,12238,12319
latency,rayon,4,burst_small,256,1249,12147,12227
latency,rayon,4,burst_small,256,1250,12168,12238
latency,rayon,4,burst_small,256,1251,12298,12368
latency,rayon,4,burst_small,256,1252,12178,12248
latency,rayon,4,burst_small,256,1253,12157,12227
latency,rayon,4,burst_small,256,1254,12178,12248
latency,rayon,4,burst_small,256,1255,12178,12258
latency,rayon,4,burst_small,256,1256,9498,9568
latency,rayon,4,burst_small,256,1257,12128,12198
latency,rayon,4,burst_small,256,1258,12248,12328
latency,rayon,4,burst_small,256,1259,9939,10019
latency,rayon,4,burst_small,256,1260,12468,12538
latency,rayon,4,burst_small,256,1261,10309,10379
latency,rayon,4,burst_small,256,1262,12418,12498
latency,rayon,4,burst_small,256,1263,10730,10820
latency,rayon,4,burst_small,256,1264,12608,12679
latency,rayon,4,burst_small,256,1265,12559,12629
latency,rayon,4,burst_small,256,1266,11142,11222
latency,rayon,4,burst_small,256,1267,12738,12818
latency,rayon,4,burst_small,256,1268,11512,11602
latency,rayon,4,burst_small,256,1269,12659,12729
latency,rayon,4,burst_small,256,1270,12699,12779
latency,rayon,4,burst_small,256,1271,12750,12820
latency,rayon,4,burst_small,256,1272,12073,12143
latency,rayon,4,burst_small,256,1273,12798,12909
latency,rayon,4,burst_small,256,1274,12443,12533
latency,rayon,4,burst_small,256,1275,12899,12969
latency,rayon,4,burst_small,256,1276,12869,12959
latency,rayon,4,burst_small,256,1277,12875,12955
latency,rayon,4,burst_small,256,1278,13070,13140
latency,rayon,4,burst_small,256,1279,158765,158885
latency,rayon,4,burst_small,256,1280,24466,24606
latency,rayon,4,burst_small,256,1281,23324,23455
latency,rayon,4,burst_small,256,1282,23474,23604
latency,rayon,4,burst_small,256,1283,23464,23594
latency,rayon,4,burst_small,256,1284,25488,25618
latency,rayon,4,burst_small,256,1285,22874,23004
latency,rayon,4,burst_small,256,1286,26831,26961
latency,rayon,4,burst_small,256,1287,22984,23114
latency,rayon,4,burst_small,256,1288,22773,22903
latency,rayon,4,burst_small,256,1289,22733,22863
latency,rayon,4,burst_small,256,1290,22753,22874
latency,rayon,4,burst_small,256,1291,29065,29195
latency,rayon,4,burst_small,256,1292,22803,22923
latency,rayon,4,burst_small,256,1293,22783,22913
latency,rayon,4,burst_small,256,1294,22723,22854
latency,rayon,4,burst_small,256,1295,22774,22904
latency,rayon,4,burst_small,256,1296,22152,22282
latency,rayon,4,burst_small,256,1297,22603,22733
latency,rayon,4,burst_small,256,1298,22342,22472
latency,rayon,4,burst_small,256,1299,30978,31108
latency,rayon,4,burst_small,256,1300,461,531
latency,rayon,4,burst_small,256,1301,400,500
latency,rayon,4,burst_small,256,1302,691,761
latency,rayon,4,burst_small,256,1303,881,961
latency,rayon,4,burst_small,256,1304,1172,1242
latency,rayon,4,burst_small,256,1305,1382,1462
latency,rayon,4,burst_small,256,1306,1402,1472
latency,rayon,4,burst_small,256,1307,1492,1562
latency,rayon,4,burst_small,256,1308,1553,1633
latency,rayon,4,burst_small,256,1309,1683,1763
latency,rayon,4,burst_small,256,1310,1553,1653
latency,rayon,4,burst_small,256,1311,1673,1753
latency,rayon,4,burst_small,256,1312,1914,1994
latency,rayon,4,burst_small,256,1313,2375,2445
latency,rayon,4,burst_small,256,1314,2414,2514
latency,rayon,4,burst_small,256,1315,2735,2815
latency,rayon,4,burst_small,256,1316,2885,2955
latency,rayon,4,burst_small,256,1317,3036,3106
latency,rayon,4,burst_small,256,1318,3276,3346
latency,rayon,4,burst_small,256,1319,3517,3587
latency,rayon,4,burst_small,256,1320,3616,3686
latency,rayon,4,burst_small,256,1321,3927,3997
latency,rayon,4,burst_small,256,1322,4177,4257
latency,rayon,4,burst_small,256,1323,4468,4548
latency,rayon,4,burst_small,256,1324,4558,4628
latency,rayon,4,burst_small,256,1325,4699,4779
latency,rayon,4,burst_small,256,1326,4889,4979
latency,rayon,4,burst_small,256,1327,5060,5130
latency,rayon,4,burst_small,256,1328,5159,5239
latency,rayon,4,burst_small,256,1329,5389,5460
latency,rayon,4,burst_small,256,1330,5470,5540
latency,rayon,4,burst_small,256,1331,5600,5690
latency,rayon,4,burst_small,256,1332,5751,5821
latency,rayon,4,burst_small,256,1333,5820,5900
latency,rayon,4,burst_small,256,1334,5941,6021
latency,rayon,4,burst_small,256,1335,6101,6171
latency,rayon,4,burst_small,256,1336,6322,6402
latency,rayon,4,burst_small,256,1337,6622,6732
latency,rayon,4,burst_small,256,1338,6903,7003
latency,rayon,4,burst_small,256,1339,7173,7244
latency,rayon,4,burst_small,256,1340,7414,7484
latency,rayon,4,burst_small,256,1341,7624,7705
latency,rayon,4,burst_small,256,1342,7805,7885
latency,rayon,4,burst_small,256,1343,8034,8104
latency,rayon,4,burst_small,256,1344,8185,8255
latency,rayon,4,burst_small,256,1345,8526,8596
latency,rayon,4,burst_small,256,1346,8746,8816
latency,rayon,4,burst_small,256,1347,8957,9027
latency,rayon,4,burst_small,256,1348,9197,9267
latency,rayon,4,burst_small,256,1349,9278,9348
latency,rayon,4,burst_small,256,1350,9487,9557
latency,rayon,4,burst_small,256,1351,9768,9838
latency,rayon,4,burst_small,256,1352,9968,10048
latency,rayon,4,burst_small,256,1353,10109,10179
latency,rayon,4,burst_small,256,1354,10299,10369
latency,rayon,4,burst_small,256,1355,10550,10650
latency,rayon,4,burst_small,256,1356,10790,10860
latency,rayon,4,burst_small,256,1357,10961,11031
latency,rayon,4,burst_small,256,1358,11070,11140
latency,rayon,4,burst_small,256,1359,11341,11411
latency,rayon,4,burst_small,256,1360,11701,11782
latency,rayon,4,burst_small,256,1361,12032,12112
latency,rayon,4,burst_small,256,1362,12263,12343
latency,rayon,4,burst_small,256,1363,12423,12493
latency,rayon,4,burst_small,256,1364,12674,12744
latency,rayon,4,burst_small,256,1365,12904,12984
latency,rayon,4,burst_small,256,1366,13115,13185
latency,rayon,4,burst_small,256,1367,13265,13355
latency,rayon,4,burst_small,256,1368,13465,13535
latency,rayon,4,burst_small,256,1369,13695,13775
latency,rayon,4,burst_small,256,1370,13956,14026
latency,rayon,4,burst_small,256,1371,14016,14126
latency,rayon,4,burst_small,256,1372,14207,14287
latency,rayon,4,burst_small,256,1373,250,370
latency,rayon,4,burst_small,256,1374,14327,14407
latency,rayon,4,burst_small,256,1375,641,711
latency,rayon,4,burst_small,256,1376,14497,14567
latency,rayon,4,burst_small,256,1377,881,961
latency,rayon,4,burst_small,256,1378,14577,14647
latency,rayon,4,burst_small,256,1379,1193,1263
latency,rayon,4,burst_small,256,1380,14747,14838
latency,rayon,4,burst_small,256,1381,1423,1493
latency,rayon,4,burst_small,256,1382,1643,1713
latency,rayon,4,burst_small,256,1383,14938,15008
latency,rayon,4,burst_small,256,1384,1844,1944
latency,rayon,4,burst_small,256,1385,15058,15128
latency,rayon,4,burst_small,256,1386,2094,2164
latency,rayon,4,burst_small,256,1387,15219,15299
latency,rayon,4,burst_small,256,1388,2364,2464
latency,rayon,4,burst_small,256,1389,15379,15449
latency,rayon,4,burst_small,256,1390,2585,2655
latency,rayon,4,burst_small,256,1391,15559,15630
latency,rayon,4,burst_small,256,1392,2825,2905
latency,rayon,4,burst_small,256,1393,15729,15809
latency,rayon,4,burst_small,256,1394,3135,3206
latency,rayon,4,burst_small,256,1395,15980,16050
latency,rayon,4,burst_small,256,1396,3487,3567
latency,rayon,4,burst_small,256,1397,16240,16310
latency,rayon,4,burst_small,256,1398,3898,3978
latency,rayon,4,burst_small,256,1399,16491,16571
latency,rayon,4,burst_small,256,1400,4258,4338
latency,rayon,4,burst_small,256,1401,4579,4649
latency,rayon,4,burst_small,256,1402,16811,16882
latency,rayon,4,burst_small,256,1403,4819,4899
latency,rayon,4,burst_small,256,1404,16942,17012
latency,rayon,4,burst_small,256,1405,5059,5129
latency,rayon,4,burst_small,256,1406,17082,17152
latency,rayon,4,burst_small,256,1407,5310,5380
latency,rayon,4,burst_small,256,1408,5570,5640
latency,rayon,4,burst_small,256,1409,15759,15839
latency,rayon,4,burst_small,256,1410,6222,6302
latency,rayon,4,burst_small,256,1411,16040,16120
latency,rayon,4,burst_small,256,1412,16250,16320
latency,rayon,4,burst_small,256,1413,6583,6653
latency,rayon,4,burst_small,256,1414,16441,16521
latency,rayon,4,burst_small,256,1415,6863,6963
latency,rayon,4,burst_small,256,1416,7264,7334
latency,rayon,4,burst_small,256,1417,7514,7584
latency,rayon,4,burst_small,256,1418,7724,7815
latency,rayon,4,burst_small,256,1419,16942,17012
latency,rayon,4,burst_small,256,1420,7955,8025
latency,rayon,4,burst_small,256,1421,17061,17142
latency,rayon,4,burst_small,256,1422,8175,8255
latency,rayon,4,burst_small,256,1423,17202,17282
latency,rayon,4,burst_small,256,1424,8496,8566
latency,rayon,4,burst_small,256,1425,17252,17322
latency,rayon,4,burst_small,256,1426,8717,8787
latency,rayon,4,burst_small,256,1427,9037,9107
latency,rayon,4,burst_small,256,1428,17543,17613
latency,rayon,4,burst_small,256,1429,9308,9378
latency,rayon,4,burst_small,256,1430,17633,17703
latency,rayon,4,burst_small,256,1431,9548,9618
latency,rayon,4,burst_small,256,1432,9878,9948
latency,rayon,4,burst_small,256,1433,17903,17973
latency,rayon,4,burst_small,256,1434,10059,10149
latency,rayon,4,burst_small,256,1435,17943,18034
latency,rayon,4,burst_small,256,1436,10400,10470
latency,rayon,4,burst_small,256,1437,10640,10710
latency,rayon,4,burst_small,256,1438,18134,18214
latency,rayon,4,burst_small,256,1439,10971,11051
latency,rayon,4,burst_small,256,1440,18425,18505
latency,rayon,4,burst_small,256,1441,11191,11261
latency,rayon,4,burst_small,256,1442,18605,18675
latency,rayon,4,burst_small,256,1443,11422,11492
latency,rayon,4,burst_small,256,1444,18675,18746
latency,rayon,4,burst_small,256,1445,11702,11772
latency,rayon,4,burst_small,256,1446,11992,12082
latency,rayon,4,burst_small,256,1447,18885,18965
latency,rayon,4,burst_small,256,1448,12203,12283
latency,rayon,4,burst_small,256,1449,751007,751147
latency,rayon,4,burst_small,256,1450,19075,19156
latency,rayon,4,burst_small,256,1451,12424,12504
latency,rayon,4,burst_small,256,1452,12925,13015
latency,rayon,4,burst_small,256,1453,19536,19607
latency,rayon,4,burst_small,256,1454,13225,13295
latency,rayon,4,burst_small,256,1455,19737,19807
latency,rayon,4,burst_small,256,1456,13445,13516
latency,rayon,4,burst_small,256,1457,14618,14688
latency,rayon,4,burst_small,256,1458,20003,20103
latency,rayon,4,burst_small,256,1459,19918,19998
latency,rayon,4,burst_small,256,1460,14818,14908
latency,rayon,4,burst_small,256,1461,15239,15329
latency,rayon,4,burst_small,256,1462,20344,20414
latency,rayon,4,burst_small,256,1463,20359,20439
latency,rayon,4,burst_small,256,1464,15459,15549
latency,rayon,4,burst_small,256,1465,20494,20574
latency,rayon,4,burst_small,256,1466,15699,15790
latency,rayon,4,burst_small,256,1467,20468,20538
latency,rayon,4,burst_small,256,1468,20634,20734
latency,rayon,4,burst_small,256,1469,16110,16180
latency,rayon,4,burst_small,256,1470,20659,20739
latency,rayon,4,burst_small,256,1471,21049,21120
latency,rayon,4,burst_small,256,1472,21015,21086
latency,rayon,4,burst_small,256,1473,21130,21220
latency,rayon,4,burst_small,256,1474,21156,21236
latency,rayon,4,burst_small,256,1475,21380,21450
latency,rayon,4,burst_small,256,1476,21440,21540
latency,rayon,4,burst_small,256,1477,21456,21526
latency,rayon,4,burst_small,256,1478,21540,21621
latency,rayon,4,burst_small,256,1479,21536,21606
latency,rayon,4,burst_small,256,1480,21591,21671
latency,rayon,4,burst_small,256,1481,21657,21727
latency,rayon,4,burst_small,256,1482,21731,21811
latency,rayon,4,burst_small,256,1483,21776,21846
latency,rayon,4,burst_small,256,1484,21881,21961
latency,rayon,4,burst_small,256,1485,22127,22207
latency,rayon,4,burst_small,256,1486,22151,22232
latency,rayon,4,burst_small,256,1487,18876,18956
latency,rayon,4,burst_small,256,1488,22182,22262
latency,rayon,4,burst_small,256,1489,22218,22298
latency,rayon,4,burst_small,256,1490,19116,19197
latency,rayon,4,burst_small,256,1491,19547,19637
latency,rayon,4,burst_small,256,1492,22649,22719
latency,rayon,4,burst_small,256,1493,19758,19848
latency,rayon,4,burst_small,256,1494,22732,22802
latency,rayon,4,burst_small,256,1495,22758,22858
latency,rayon,4,burst_small,256,1496,20048,20118
latency,rayon,4,burst_small,256,1497,22823,22903
latency,rayon,4,burst_small,256,1498,20378,20468
latency,rayon,4,burst_small,256,1499,22949,23019
latency,rayon,4,burst_small,256,1500,22783,22853
latency,rayon,4,burst_small,256,1501,20599,20689
latency,rayon,4,burst_small,256,1502,23064,23134
latency,rayon,4,burst_small,256,1503,22978,23049
latency,rayon,4,burst_small,256,1504,23209,23289
latency,rayon,4,burst_small,256,1505,23184,23264
latency,rayon,4,burst_small,256,1506,23310,23380
latency,rayon,4,burst_small,256,1507,23384,23464
latency,rayon,4,burst_small,256,1508,23420,23490
latency,rayon,4,burst_small,256,1509,23584,23654
latency,rayon,4,burst_small,256,1510,23590,23670
latency,rayon,4,burst_small,256,1511,22121,22212
latency,rayon,4,burst_small,256,1512,23764,23844
latency,rayon,4,burst_small,256,1513,22403,22493
latency,rayon,4,burst_small,256,1514,23790,23870
latency,rayon,4,burst_small,256,1515,23825,23925
latency,rayon,4,burst_small,256,1516,22743,22833
latency,rayon,4,burst_small,256,1517,23931,24001
latency,rayon,4,burst_small,256,1518,23975,24055
latency,rayon,4,burst_small,256,1519,22974,23044
latency,rayon,4,burst_small,256,1520,24061,24131
latency,rayon,4,burst_small,256,1521,23194,23264
latency,rayon,4,burst_small,256,1522,24076,24156
latency,rayon,4,burst_small,256,1523,24211,24281
latency,rayon,4,burst_small,256,1524,23655,23725
latency,rayon,4,burst_small,256,1525,24455,24536
latency,rayon,4,burst_small,256,1526,24481,24551
latency,rayon,4,burst_small,256,1527,23945,24015
latency,rayon,4,burst_small,256,1528,24626,24726
latency,rayon,4,burst_small,256,1529,24286,24376
latency,rayon,4,burst_small,256,1530,24782,24852
latency,rayon,4,burst_small,256,1531,24726,24797
latency,rayon,4,burst_small,256,1532,24526,24606
latency,rayon,4,burst_small,256,1533,25023,25093
latency,rayon,4,burst_small,256,1534,24957,25037
latency,rayon,4,burst_small,256,1535,807398,807539
latency,rayon,4,burst_small,256,1536,26149,26289
latency,rayon,4,burst_small,256,1537,22847,22988
latency,rayon,4,burst_small,256,1538,22748,22888
latency,rayon,4,burst_small,256,1539,30372,30502
latency,rayon,4,burst_small,256,1540,366,436
latency,rayon,4,burst_small,256,1541,836,906
latency,rayon,4,burst_small,256,1542,756,826
latency,rayon,4,burst_small,256,1543,1067,1137
latency,rayon,4,burst_small,256,1544,1297,1378
latency,rayon,4,burst_small,256,1545,1678,1748
latency,rayon,4,burst_small,256,1546,1899,1969
latency,rayon,4,burst_small,256,1547,2119,2189
latency,rayon,4,burst_small,256,1548,2289,2359
latency,rayon,4,burst_small,256,1549,2509,2589
latency,rayon,4,burst_small,256,1550,2560,2640
latency,rayon,4,burst_small,256,1551,2740,2830
latency,rayon,4,burst_small,256,1552,3001,3071
latency,rayon,4,burst_small,256,1553,3181,3261
latency,rayon,4,burst_small,256,1554,3331,3411
latency,rayon,4,burst_small,256,1555,3631,3711
latency,rayon,4,burst_small,256,1556,3822,3892
latency,rayon,4,burst_small,256,1557,4012,4092
latency,rayon,4,burst_small,256,1558,4173,4253
latency,rayon,4,burst_small,256,1559,4493,4573
latency,rayon,4,burst_small,256,1560,4634,4704
latency,rayon,4,burst_small,256,1561,4854,4924
latency,rayon,4,burst_small,256,1562,5055,5165
latency,rayon,4,burst_small,256,1563,5265,5365
latency,rayon,4,burst_small,256,1564,5485,5565
latency,rayon,4,burst_small,256,1565,5645,5725
latency,rayon,4,burst_small,256,1566,5755,5826
latency,rayon,4,burst_small,256,1567,6066,6136
latency,rayon,4,burst_small,256,1568,6237,6307
latency,rayon,4,burst_small,256,1569,6427,6497
latency,rayon,4,burst_small,256,1570,6597,6667
latency,rayon,4,burst_small,256,1571,6698,6768
latency,rayon,4,burst_small,256,1572,7018,7099
latency,rayon,4,burst_small,256,1573,7189,7269
latency,rayon,4,burst_small,256,1574,7188,7268
latency,rayon,4,burst_small,256,1575,7369,7449
latency,rayon,4,burst_small,256,1576,7579,7649
latency,rayon,4,burst_small,256,1577,7850,7920
latency,rayon,4,burst_small,256,1578,8100,8180
latency,rayon,4,burst_small,256,1579,8291,8371
latency,rayon,4,burst_small,256,1580,8521,8591
latency,rayon,4,burst_small,256,1581,8752,8832
latency,rayon,4,burst_small,256,1582,8791,8871
latency,rayon,4,burst_small,256,1583,9022,9102
latency,rayon,4,burst_small,256,1584,9292,9362
latency,rayon,4,burst_small,256,1585,9463,9553
latency,rayon,4,burst_small,256,1586,9643,9723
latency,rayon,4,burst_small,256,1587,9804,9874
latency,rayon,4,burst_small,256,1588,9963,10043
latency,rayon,4,burst_small,256,1589,9984,10084
latency,rayon,4,burst_small,256,1590,10294,10364
latency,rayon,4,burst_small,256,1591,10505,10575
latency,rayon,4,burst_small,256,1592,10745,10815
latency,rayon,4,burst_small,256,1593,10886,10956
latency,rayon,4,burst_small,256,1594,11367,11437
latency,rayon,4,burst_small,256,1595,11657,11727
latency,rayon,4,burst_small,256,1596,11878,11948
latency,rayon,4,burst_small,256,1597,11937,12027
latency,rayon,4,burst_small,256,1598,12228,12298
latency,rayon,4,burst_small,256,1599,12368,12438
latency,rayon,4,burst_small,256,1600,12498,12569
latency,rayon,4,burst_small,256,1601,12669,12749
latency,rayon,4,burst_small,256,1602,12719,12789
latency,rayon,4,burst_small,256,1603,12599,12669
latency,rayon,4,burst_small,256,1604,12559,12639
latency,rayon,4,burst_small,256,1605,12658,12738
latency,rayon,4,burst_small,256,1606,12659,12729
latency,rayon,4,burst_small,256,1607,12729,12799
latency,rayon,4,burst_small,256,1608,12799,12879
latency,rayon,4,burst_small,256,1609,12849,12920
latency,rayon,4,burst_small,256,1610,12929,13009
latency,rayon,4,burst_small,256,1611,13019,13089
latency,rayon,4,burst_small,256,1612,13129,13200
latency,rayon,4,burst_small,256,1613,13220,13300
latency,rayon,4,burst_small,256,1614,13310,13380
latency,rayon,4,burst_small,256,1615,13380,13451
latency,rayon,4,burst_small,256,1616,13430,13510
latency,rayon,4,burst_small,256,1617,13550,13620
latency,rayon,4,burst_small,256,1618,13600,13671
latency,rayon,4,burst_small,256,1619,13761,13831
latency,rayon,4,burst_small,256,1620,13961,14032
latency,rayon,4,burst_small,256,1621,14081,14161
latency,rayon,4,burst_small,256,1622,14311,14382
latency,rayon,4,burst_small,256,1623,14472,14572
latency,rayon,4,burst_small,256,1624,14733,14803
latency,rayon,4,burst_small,256,1625,14993,15063
latency,rayon,4,burst_small,256,1626,15214,15284
latency,rayon,4,burst_small,256,1627,15374,15444
latency,rayon,4,burst_small,256,1628,15514,15614
latency,rayon,4,burst_small,256,1629,14482,14552
latency,rayon,4,burst_small,256,1630,14452,14532
latency,rayon,4,burst_small,256,1631,14632,14712
latency,rayon,4,burst_small,256,1632,14883,14963
latency,rayon,4,burst_small,256,1633,15113,15193
latency,rayon,4,burst_small,256,1634,15304,15374
latency,rayon,4,burst_small,256,1635,15504,15584
latency,rayon,4,burst_small,256,1636,15765,15845
latency,rayon,4,burst_small,256,1637,15945,16025
latency,rayon,4,burst_small,256,1638,16165,16245
latency,rayon,4,burst_small,256,1639,16305,16386
latency,rayon,4,burst_small,256,1640,16406,16486
latency,rayon,4,burst_small,256,1641,16726,16807
latency,rayon,4,burst_small,256,1642,290,400
latency,rayon,4,burst_small,256,1643,16757,16827
latency,rayon,4,burst_small,256,1644,712,792
latency,rayon,4,burst_small,256,1645,17067,17137
latency,rayon,4,burst_small,256,1646,1022,1112
latency,rayon,4,burst_small,256,1647,17147,17217
latency,rayon,4,burst_small,256,1648,1413,1493
latency,rayon,4,burst_small,256,1649,17337,17408
latency,rayon,4,burst_small,256,1650,1603,1673
latency,rayon,4,burst_small,256,1651,17548,17638
latency,rayon,4,burst_small,256,1652,1913,1983
latency,rayon,4,burst_small,256,1653,17788,17859
latency,rayon,4,burst_small,256,1654,2254,2324
latency,rayon,4,burst_small,256,1655,17989,18059
latency,rayon,4,burst_small,256,1656,2605,2675
latency,rayon,4,burst_small,256,1657,18159,18240
latency,rayon,4,burst_small,256,1658,2926,3006
latency,rayon,4,burst_small,256,1659,18300,18380
latency,rayon,4,burst_small,256,1660,3136,3216
latency,rayon,4,burst_small,256,1661,3497,3567
latency,rayon,4,burst_small,256,1662,18549,18650
latency,rayon,4,burst_small,256,1663,3787,3857
latency,rayon,4,burst_small,256,1664,18780,18850
latency,rayon,4,burst_small,256,1665,4147,4228
latency,rayon,4,burst_small,256,1666,4698,4799
latency,rayon,4,burst_small,256,1667,19281,19351
latency,rayon,4,burst_small,256,1668,4970,5050
latency,rayon,4,burst_small,256,1669,165538,165678
latency,rayon,4,burst_small,256,1670,5260,5330
latency,rayon,4,burst_small,256,1671,19502,19592
latency,rayon,4,burst_small,256,1672,5641,5721
latency,rayon,4,burst_small,256,1673,19933,20003
latency,rayon,4,burst_small,256,1674,5901,5981
latency,rayon,4,burst_small,256,1675,20073,20143
latency,rayon,4,burst_small,256,1676,6142,6212
latency,rayon,4,burst_small,256,1677,20202,20273
latency,rayon,4,burst_small,256,1678,6422,6512
latency,rayon,4,burst_small,256,1679,20353,20423
latency,rayon,4,burst_small,256,1680,6642,6722
latency,rayon,4,burst_small,256,1681,20392,20463
latency,rayon,4,burst_small,256,1682,20563,20644
latency,rayon,4,burst_small,256,1683,6963,7043
latency,rayon,4,burst_small,256,1684,20683,20753
latency,rayon,4,burst_small,256,1685,20634,20724
latency,rayon,4,burst_small,256,1686,7404,7474
latency,rayon,4,burst_small,256,1687,7735,7805
latency,rayon,4,burst_small,256,1688,20914,20994
latency,rayon,4,burst_small,256,1689,20865,20935
latency,rayon,4,burst_small,256,1690,7985,8065
latency,rayon,4,burst_small,256,1691,21084,21154
latency,rayon,4,burst_small,256,1692,8406,8486
latency,rayon,4,burst_small,256,1693,21124,21235
latency,rayon,4,burst_small,256,1694,21244,21314
latency,rayon,4,burst_small,256,1695,8806,8886
latency,rayon,4,burst_small,256,1696,21385,21455
latency,rayon,4,burst_small,256,1697,9058,9128
latency,rayon,4,burst_small,256,1698,21375,21455
latency,rayon,4,burst_small,256,1699,9588,9669
latency,rayon,4,burst_small,256,1700,21796,21866
latency,rayon,4,burst_small,256,1701,21826,21896
latency,rayon,4,burst_small,256,1702,9819,9889
latency,rayon,4,burst_small,256,1703,21867,21957
latency,rayon,4,burst_small,256,1704,10319,10400
latency,rayon,4,burst_small,256,1705,22126,22206
latency,rayon,4,burst_small,256,1706,22146,22246
latency,rayon,4,burst_small,256,1707,10730,10800
latency,rayon,4,burst_small,256,1708,22487,22567
latency,rayon,4,burst_small,256,1709,22367,22457
latency,rayon,4,burst_small,256,1710,10980,11051
latency,rayon,4,burst_small,256,1711,22497,22577
latency,rayon,4,burst_small,256,1712,11452,11522
latency,rayon,4,burst_small,256,1713,22487,22567
latency,rayon,4,burst_small,256,1714,22527,22597
latency,rayon,4,burst_small,256,1715,12523,12613
latency,rayon,4,burst_small,256,1716,22667,22747
latency,rayon,4,burst_small,256,1717,12945,13015
latency,rayon,4,burst_small,256,1718,22697,22777
latency,rayon,4,burst_small,256,1719,22688,22758
latency,rayon,4,burst_small,256,1720,13245,13315
latency,rayon,4,burst_small,256,1721,23038,23109
latency,rayon,4,burst_small,256,1722,23018,23088
latency,rayon,4,burst_small,256,1723,13586,13676
latency,rayon,4,burst_small,256,1724,23309,23379
latency,rayon,4,burst_small,256,1725,14217,14287
latency,rayon,4,burst_small,256,1726,23449,23519
latency,rayon,4,burst_small,256,1727,23458,23548
latency,rayon,4,burst_small,256,1728,23709,23789
latency,rayon,4,burst_small,256,1729,23760,23840
latency,rayon,4,burst_small,256,1730,24100,24170
latency,rayon,4,burst_small,256,1731,24160,24260
latency,rayon,4,burst_small,256,1732,24211,24291
latency,rayon,4,burst_small,256,1733,24331,24411
latency,rayon,4,burst_small,256,1734,24301,24371
latency,rayon,4,burst_small,256,1735,24650,24731
latency,rayon,4,burst_small,256,1736,24631,24701
latency,rayon,4,burst_small,256,1737,24981,25051
latency,rayon,4,burst_small,256,1738,25002,25082
latency,rayon,4,burst_small,256,1739,25052,25132
latency,rayon,4,burst_small,256,1740,25022,25092
latency,rayon,4,burst_small,256,1741,25042,25112
latency,rayon,4,burst_small,256,1742,25142,25212
latency,rayon,4,burst_small,256,1743,17202,17293
latency,rayon,4,burst_small,256,1744,25302,25372
latency,rayon,4,burst_small,256,1745,25182,25262
latency,rayon,4,burst_small,256,1746,17453,17533
latency,rayon,4,burst_small,256,1747,25403,25473
latency,rayon,4,burst_small,256,1748,17683,17773
latency,rayon,4,burst_small,256,1749,25453,25563
latency,rayon,4,burst_small,256,1750,25523,25593
latency,rayon,4,burst_small,256,1751,18105,18175
latency,rayon,4,burst_small,256,1752,18365,18435
latency,rayon,4,burst_small,256,1753,25783,25854
latency,rayon,4,burst_small,256,1754,25794,25874
latency,rayon,4,burst_small,256,1755,18676,18746
latency,rayon,4,burst_small,256,1756,18966,19046
latency,rayon,4,burst_small,256,1757,26124,26204
latency,rayon,4,burst_small,256,1758,26123,26193
latency,rayon,4,burst_small,256,1759,26344,26415
latency,rayon,4,burst_small,256,1760,142560,142700
latency,rayon,4,burst_small,256,1761,26555,26635
latency,rayon,4,burst_small,256,1762,26786,26856
latency,rayon,4,burst_small,256,1763,26956,27026
latency,rayon,4,burst_small,256,1764,27226,27336
latency,rayon,4,burst_small,256,1765,27276,27376
latency,rayon,4,burst_small,256,1766,27331,27411
latency,rayon,4,burst_small,256,1767,20920,20990
latency,rayon,4,burst_small,256,1768,27456,27556
latency,rayon,4,burst_small,256,1769,27517,27587
latency,rayon,4,burst_small,256,1770,21270,21340
latency,rayon,4,burst_small,256,1771,27602,27682
latency,rayon,4,burst_small,256,1772,27627,27727
latency,rayon,4,burst_small,256,1773,21681,21751
latency,rayon,4,burst_small,256,1774,27717,27788
latency,rayon,4,burst_small,256,1775,27847,27917
latency,rayon,4,burst_small,256,1776,27817,27887
latency,rayon,4,burst_small,256,1777,28002,28082
latency,rayon,4,burst_small,256,1778,27827,27897
latency,rayon,4,burst_small,256,1779,22152,22243
latency,rayon,4,burst_small,256,1780,22683,22763
latency,rayon,4,burst_small,256,1781,23034,23104
latency,rayon,4,burst_small,256,1782,23555,23625
latency,rayon,4,burst_small,256,1783,23539,23610
latency,rayon,4,burst_small,256,1784,23434,23504
latency,rayon,4,burst_small,256,1785,23915,23986
latency,rayon,4,burst_small,256,1786,23689,23769
latency,rayon,4,burst_small,256,1787,24146,24226
latency,rayon,4,burst_small,256,1788,23675,23745
latency,rayon,4,burst_small,256,1789,24220,24290
latency,rayon,4,burst_small,256,1790,24420,24490
latency,rayon,4,burst_small,256,1791,24416,24486
latency,rayon,4,burst_small,256,1792,25983,26124
latency,rayon,4,burst_small,256,1793,25603,25733
latency,rayon,4,burst_small,256,1794,27386,27516
latency,rayon,4,burst_small,256,1795,10905,10975
latency,rayon,4,burst_small,256,1796,10956,11036
latency,rayon,4,burst_small,256,1797,11527,11627
latency,rayon,4,burst_small,256,1798,11666,11736
latency,rayon,4,burst_small,256,1799,11937,12017
latency,rayon,4,burst_small,256,1800,12238,12318
latency,rayon,4,burst_small,256,1801,12458,12528
latency,rayon,4,burst_small,256,1802,12709,12789
latency,rayon,4,burst_small,256,1803,12919,12989
latency,rayon,4,burst_small,256,1804,13119,13190
latency,rayon,4,burst_small,256,1805,13300,13400
latency,rayon,4,burst_small,256,1806,13430,13510
latency,rayon,4,burst_small,256,1807,13681,13751
latency,rayon,4,burst_small,256,1808,13921,13991
latency,rayon,4,burst_small,256,1809,14342,14412
latency,rayon,4,burst_small,256,1810,14613,14683
latency,rayon,4,burst_small,256,1811,14893,14963
latency,rayon,4,burst_small,256,1812,15133,15213
latency,rayon,4,burst_small,256,1813,15373,15443
latency,rayon,4,burst_small,256,1814,15524,15594
latency,rayon,4,burst_small,256,1815,15734,15804
latency,rayon,4,burst_small,256,1816,16476,16556
latency,rayon,4,burst_small,256,1817,16656,16726
latency,rayon,4,burst_small,256,1818,16827,16907
latency,rayon,4,burst_small,256,1819,17077,17147
latency,rayon,4,burst_small,256,1820,17308,17378
latency,rayon,4,burst_small,256,1821,17568,17648
latency,rayon,4,burst_small,256,1822,17719,17789
latency,rayon,4,burst_small,256,1823,17939,18029
latency,rayon,4,burst_small,256,1824,18220,18290
latency,rayon,4,burst_small,256,1825,139404,139544
latency,rayon,4,burst_small,256,1826,18599,18680
latency,rayon,4,burst_small,256,1827,180,300
latency,rayon,4,burst_small,256,1828,18790,18870
latency,rayon,4,burst_small,256,1829,682,772
latency,rayon,4,burst_small,256,1830,19191,19291
latency,rayon,4,burst_small,256,1831,1062,1142
latency,rayon,4,burst_small,256,1832,19346,19416
latency,rayon,4,burst_small,256,1833,1262,1353
latency,rayon,4,burst_small,256,1834,19361,19431
latency,rayon,4,burst_small,256,1835,19597,19667
latency,rayon,4,burst_small,256,1836,1703,1773
latency,rayon,4,burst_small,256,1837,19492,19572
latency,rayon,4,burst_small,256,1838,1934,2004
latency,rayon,4,burst_small,256,1839,19637,19708
latency,rayon,4,burst_small,256,1840,19591,19662
latency,rayon,4,burst_small,256,1841,2234,2304
latency,rayon,4,burst_small,256,1842,19762,19842
latency,rayon,4,burst_small,256,1843,2535,2605
latency,rayon,4,burst_small,256,1844,19897,19977
latency,rayon,4,burst_small,256,1845,19952,20023
latency,rayon,4,burst_small,256,1846,2826,2896
latency,rayon,4,burst_small,256,1847,20078,20158
latency,rayon,4,burst_small,256,1848,3226,3296
latency,rayon,4,burst_small,256,1849,20353,20424
latency,rayon,4,burst_small,256,1850,3547,3627
latency,rayon,4,burst_small,256,1851,20379,20449
latency,rayon,4,burst_small,256,1852,20554,20624
latency,rayon,4,burst_small,256,1853,3887,3958
latency,rayon,4,burst_small,256,1854,20649,20719
latency,rayon,4,burst_small,256,1855,4138,4228
latency,rayon,4,burst_small,256,1856,20743,20814
latency,rayon,4,burst_small,256,1857,4498,4588
latency,rayon,4,burst_small,256,1858,20769,20849
latency,rayon,4,burst_small,256,1859,21255,21355
latency,rayon,4,burst_small,256,1860,5020,5110
latency,rayon,4,burst_small,256,1861,21300,21380
latency,rayon,4,burst_small,256,1862,5391,5471
latency,rayon,4,burst_small,256,1863,21605,21676
latency,rayon,4,burst_small,256,1864,21611,21701
latency,rayon,4,burst_small,256,1865,5621,5701
latency,rayon,4,burst_small,256,1866,21746,21836
latency,rayon,4,burst_small,256,1867,6101,6182
latency,rayon,4,burst_small,256,1868,21851,21921
latency,rayon,4,burst_small,256,1869,21896,21986
latency,rayon,4,burst_small,256,1870,6512,6582
latency,rayon,4,burst_small,256,1871,22247,22327
latency,rayon,4,burst_small,256,1872,22252,22332
latency,rayon,4,burst_small,256,1873,6853,6934
latency,rayon,4,burst_small,256,1874,22488,22558
latency,rayon,4,burst_small,256,1875,22493,22563
latency,rayon,4,burst_small,256,1876,7184,7274
latency,rayon,4,burst_small,256,1877,7645,7715
latency,rayon,4,burst_small,256,1878,22878,22948
latency,rayon,4,burst_small,256,1879,7975,8045
latency,rayon,4,burst_small,256,1880,22923,22993
latency,rayon,4,burst_small,256,1881,23018,23088
latency,rayon,4,burst_small,256,1882,8887,8957
latency,rayon,4,burst_small,256,1883,23204,23274
latency,rayon,4,burst_small,256,1884,22247,22337
latency,rayon,4,burst_small,256,1885,9127,9197
latency,rayon,4,burst_small,256,1886,22382,22462
latency,rayon,4,burst_small,256,1887,9437,9518
latency,rayon,4,burst_small,256,1888,22527,22597
latency,rayon,4,burst_small,256,1889,22552,22623
latency,rayon,4,burst_small,256,1890,9649,9719
latency,rayon,4,burst_small,256,1891,22708,22778
latency,rayon,4,burst_small,256,1892,10009,10079
latency,rayon,4,burst_small,256,1893,22843,22923
latency,rayon,4,burst_small,256,1894,22838,22908
latency,rayon,4,burst_small,256,1895,10420,10490
latency,rayon,4,burst_small,256,1896,10620,10690
latency,rayon,4,burst_small,256,1897,23224,23304
latency,rayon,4,burst_small,256,1898,23319,23389
latency,rayon,4,burst_small,256,1899,10881,10951
latency,rayon,4,burst_small,256,1900,23520,23600
latency,rayon,4,burst_small,256,1901,11161,11241
latency,rayon,4,burst_small,256,1902,23554,23634
latency,rayon,4,burst_small,256,1903,23819,23890
latency,rayon,4,burst_small,256,1904,11662,11742
latency,rayon,4,burst_small,256,1905,23865,23945
latency,rayon,4,burst_small,256,1906,24050,24120
latency,rayon,4,burst_small,256,1907,11972,12073
latency,rayon,4,burst_small,256,1908,24185,24266
latency,rayon,4,burst_small,256,1909,24251,24341
latency,rayon,4,burst_small,256,1910,12394,12464
latency,rayon,4,burst_small,256,1911,24356,24426
latency,rayon,4,burst_small,256,1912,24591,24662
latency,rayon,4,burst_small,256,1913,12915,12985
latency,rayon,4,burst_small,256,1914,24577,24657
latency,rayon,4,burst_small,256,1915,24937,25007
latency,rayon,4,burst_small,256,1916,13345,13426
latency,rayon,4,burst_small,256,1917,24982,25063
latency,rayon,4,burst_small,256,1918,13696,13776
latency,rayon,4,burst_small,256,1919,25243,25343
latency,rayon,4,burst_small,256,1920,13966,14036
latency,rayon,4,burst_small,256,1921,25498,25568
latency,rayon,4,burst_small,256,1922,25493,25563
latency,rayon,4,burst_small,256,1923,14467,14537
latency,rayon,4,burst_small,256,1924,25748,25858
latency,rayon,4,burst_small,256,1925,25793,25863
latency,rayon,4,burst_small,256,1926,14718,14788
latency,rayon,4,burst_small,256,1927,25929,25999
latency,rayon,4,burst_small,256,1928,15078,15148
latency,rayon,4,burst_small,256,1929,26064,26144
latency,rayon,4,burst_small,256,1930,26069,26139
latency,rayon,4,burst_small,256,1931,15359,15440
latency,rayon,4,burst_small,256,1932,26365,26445
latency,rayon,4,burst_small,256,1933,15760,15840
latency,rayon,4,burst_small,256,1934,26380,26450
latency,rayon,4,burst_small,256,1935,16061,16141
latency,rayon,4,burst_small,256,1936,26721,26791
latency,rayon,4,burst_small,256,1937,26696,26766
latency,rayon,4,burst_small,256,1938,16301,16371
latency,rayon,4,burst_small,256,1939,16742,16812
latency,rayon,4,burst_small,256,1940,26991,27061
latency,rayon,4,burst_small,256,1941,27005,27075
latency,rayon,4,burst_small,256,1942,17122,17212
latency,rayon,4,burst_small,256,1943,27401,27471
latency,rayon,4,burst_small,256,1944,17373,17453
latency,rayon,4,burst_small,256,1945,27476,27557
latency,rayon,4,burst_small,256,1946,17623,17693
latency,rayon,4,burst_small,256,1947,27552,27622
latency,rayon,4,burst_small,256,1948,27557,27627
latency,rayon,4,burst_small,256,1949,17854,17934
latency,rayon,4,burst_small,256,1950,27943,28023
latency,rayon,4,burst_small,256,1951,27918,27988
latency,rayon,4,burst_small,256,1952,18275,18355
latency,rayon,4,burst_small,256,1953,153806,153946
latency,rayon,4,burst_small,256,1954,28394,28464
latency,rayon,4,burst_small,256,1955,28389,28469
latency,rayon,4,burst_small,256,1956,18816,18886
latency,rayon,4,burst_small,256,1957,19297,19377
latency,rayon,4,burst_small,256,1958,28835,28915
latency,rayon,4,burst_small,256,1959,19557,19637
latency,rayon,4,burst_small,256,1960,28830,28900
latency,rayon,4,burst_small,256,1961,19908,19978
latency,rayon,4,burst_small,256,1962,29145,29226
latency,rayon,4,burst_small,256,1963,29349,29440
latency,rayon,4,burst_small,256,1964,20348,20438
latency,rayon,4,burst_small,256,1965,29545,29615
latency,rayon,4,burst_small,256,1966,20609,20699
latency,rayon,4,burst_small,256,1967,29671,29751
latency,rayon,4,burst_small,256,1968,29690,29770
latency,rayon,4,burst_small,256,1969,29686,29766
latency,rayon,4,burst_small,256,1970,20869,20939
latency,rayon,4,burst_small,256,1971,29791,29871
latency,rayon,4,burst_small,256,1972,21321,21391
latency,rayon,4,burst_small,256,1973,30031,30111
latency,rayon,4,burst_small,256,1974,30032,30102
latency,rayon,4,burst_small,256,1975,30157,30237
latency,rayon,4,burst_small,256,1976,21631,21721
latency,rayon,4,burst_small,256,1977,30312,30382
latency,rayon,4,burst_small,256,1978,21992,22072
latency,rayon,4,burst_small,256,1979,30362,30462
latency,rayon,4,burst_small,256,1980,30488,30568
latency,rayon,4,burst_small,256,1981,30513,30593
latency,rayon,4,burst_small,256,1982,22342,22422
latency,rayon,4,burst_small,256,1983,30832,30902
latency,rayon,4,burst_small,256,1984,30893,30983
latency,rayon,4,burst_small,256,1985,30888,30958
latency,rayon,4,burst_small,256,1986,31073,31143
latency,rayon,4,burst_small,256,1987,31174,31244
latency,rayon,4,burst_small,256,1988,27602,27672
latency,rayon,4,burst_small,256,1989,27666,27736
latency,rayon,4,burst_small,256,1990,27902,27973
latency,rayon,4,burst_small,256,1991,27787,27868
latency,rayon,4,burst_small,256,1992,27937,28017
latency,rayon,4,burst_small,256,1993,27923,27993
latency,rayon,4,burst_small,256,1994,28118,28188
latency,rayon,4,burst_small,256,1995,28062,28133
latency,rayon,4,burst_small,256,1996,28117,28197
latency,rayon,4,burst_small,256,1997,28268,28358
latency,rayon,4,burst_small,256,1998,28293,28374
latency,rayon,4,burst_small,256,1999,28308,28408
latency,rayon,4,burst_small,256,2000,28309,28379
latency,rayon,4,burst_small,256,2001,28384,28464
latency,rayon,4,burst_small,256,2002,28828,28899
latency,rayon,4,burst_small,256,2003,28669,28739
latency,rayon,4,burst_small,256,2004,28744,28814
latency,rayon,4,burst_small,256,2005,29039,29109
latency,rayon,4,burst_small,256,2006,29030,29110
latency,rayon,4,burst_small,256,2007,29045,29125
latency,rayon,4,burst_small,256,2008,26400,26480
latency,rayon,4,burst_small,256,2009,29431,29501
latency,rayon,4,burst_small,256,2010,26630,26720
latency,rayon,4,burst_small,256,2011,29380,29450
latency,rayon,4,burst_small,256,2012,29466,29536
latency,rayon,4,burst_small,256,2013,29430,29510
latency,rayon,4,burst_small,256,2014,29671,29751
latency,rayon,4,burst_small,256,2015,27221,27311
latency,rayon,4,burst_small,256,2016,29631,29711
latency,rayon,4,burst_small,256,2017,29852,29922
latency,rayon,4,burst_small,256,2018,29831,29911
latency,rayon,4,burst_small,256,2019,30101,30182
latency,rayon,4,burst_small,256,2020,30141,30211
latency,rayon,4,burst_small,256,2021,30242,30322
latency,rayon,4,burst_small,256,2022,30442,30512
latency,rayon,4,burst_small,256,2023,30462,30543
latency,rayon,4,burst_small,256,2024,28625,28725
latency,rayon,4,burst_small,256,2025,29085,29186
latency,rayon,4,burst_small,256,2026,30673,30753
latency,rayon,4,burst_small,256,2027,30673,30743
latency,rayon,4,burst_small,256,2028,29346,29426
latency,rayon,4,burst_small,256,2029,30798,30878
latency,rayon,4,burst_small,256,2030,30943,31013
latency,rayon,4,burst_small,256,2031,29736,29817
latency,rayon,4,burst_small,256,2032,30898,30978
latency,rayon,4,burst_small,256,2033,30933,31023
latency,rayon,4,burst_small,256,2034,30207,30277
latency,rayon,4,burst_small,256,2035,31144,31214
latency,rayon,4,burst_small,256,2036,31119,31219
latency,rayon,4,burst_small,256,2037,30458,30528
latency,rayon,4,burst_small,256,2038,31134,31204
latency,rayon,4,burst_small,256,2039,30758,30838
latency,rayon,4,burst_small,256,2040,31634,31714
latency,rayon,4,burst_small,256,2041,31199,31279
latency,rayon,4,burst_small,256,2042,31650,31720
latency,rayon,4,burst_small,256,2043,31634,31715
latency,rayon,4,burst_small,256,2044,31774,31844
latency,rayon,4,burst_small,256,2045,31720,31801
latency,rayon,4,burst_small,256,2046,31845,31915
latency,rayon,4,burst_small,256,2047,31820,31890
latency,rayon,4,burst_small,256,2048,27783,27923
latency,rayon,4,burst_small,256,2049,53837,53977
latency,rayon,4,burst_small,256,2050,32813,32943
latency,rayon,4,burst_small,256,2051,16101,16171
latency,rayon,4,burst_small,256,2052,142766,142896
latency,rayon,4,burst_small,256,2053,24903,25033
latency,rayon,4,burst_small,256,2054,62608,62738
latency,rayon,4,burst_small,256,2055,121055,121185
latency,rayon,4,burst_small,256,2056,4999,5140
latency,rayon,4,burst_small,256,2057,3346,3426
latency,rayon,4,burst_small,256,2058,3657,3727
latency,rayon,4,burst_small,256,2059,3897,3978
latency,rayon,4,burst_small,256,2060,4118,4198
latency,rayon,4,burst_small,256,2061,4248,4318
latency,rayon,4,burst_small,256,2062,4188,4258
latency,rayon,4,burst_small,256,2063,4538,4619
latency,rayon,4,burst_small,256,2064,4749,4829
latency,rayon,4,burst_small,256,2065,4979,5050
latency,rayon,4,burst_small,256,2066,5250,5330
latency,rayon,4,burst_small,256,2067,5501,5571
latency,rayon,4,burst_small,256,2068,5771,5871
latency,rayon,4,burst_small,256,2069,6543,6613
latency,rayon,4,burst_small,256,2070,6682,6752
latency,rayon,4,burst_small,256,2071,6973,7043
latency,rayon,4,burst_small,256,2072,7203,7273
latency,rayon,4,burst_small,256,2073,7464,7534
latency,rayon,4,burst_small,256,2074,7694,7764
latency,rayon,4,burst_small,256,2075,7995,8065
latency,rayon,4,burst_small,256,2076,8265,8336
latency,rayon,4,burst_small,256,2077,8466,8546
latency,rayon,4,burst_small,256,2078,8686,8757
latency,rayon,4,burst_small,256,2079,8957,9027
latency,rayon,4,burst_small,256,2080,9208,9278
latency,rayon,4,burst_small,256,2081,9508,9578
latency,rayon,4,burst_small,256,2082,9739,9819
latency,rayon,4,burst_small,256,2083,9978,10048
latency,rayon,4,burst_small,256,2084,10229,10299
latency,rayon,4,burst_small,256,2085,10439,10519
latency,rayon,4,burst_small,256,2086,10540,10650
latency,rayon,4,burst_small,256,2087,10810,10880
latency,rayon,4,burst_small,256,2088,11021,11131
latency,rayon,4,burst_small,256,2089,11401,11472
latency,rayon,4,burst_small,256,2090,11562,11632
latency,rayon,4,burst_small,256,2091,11702,11772
latency,rayon,4,burst_small,256,2092,11862,11943
latency,rayon,4,burst_small,256,2093,11923,11993
latency,rayon,4,burst_small,256,2094,12082,12152
latency,rayon,4,burst_small,256,2095,11952,12023
latency,rayon,4,burst_small,256,2096,12053,12133
latency,rayon,4,burst_small,256,2097,12163,12233
latency,rayon,4,burst_small,256,2098,12354,12434
latency,rayon,4,burst_small,256,2099,12443,12513
latency,rayon,4,burst_small,256,2100,12523,12603
latency,rayon,4,burst_small,256,2101,12654,12724
latency,rayon,4,burst_small,256,2102,12754,12824
latency,rayon,4,burst_small,256,2103,12884,12964
latency,rayon,4,burst_small,256,2104,12995,13075
latency,rayon,4,burst_small,256,2105,13155,13225
latency,rayon,4,burst_small,256,2106,13486,13566
latency,rayon,4,burst_small,256,2107,13746,13826
latency,rayon,4,burst_small,256,2108,13916,13986
latency,rayon,4,burst_small,256,2109,14186,14266
latency,rayon,4,burst_small,256,2110,14377,14457
latency,rayon,4,burst_small,256,2111,14487,14567
latency,rayon,4,burst_small,256,2112,14568,14638
latency,rayon,4,burst_small,256,2113,14948,15019
latency,rayon,4,burst_small,256,2114,15179,15249
latency,rayon,4,burst_small,256,2115,15439,15519
latency,rayon,4,burst_small,256,2116,15559,15629
latency,rayon,4,burst_small,256,2117,15770,15850
latency,rayon,4,burst_small,256,2118,16020,16100
latency,rayon,4,burst_small,256,2119,16291,16361
latency,rayon,4,burst_small,256,2120,16551,16622
latency,rayon,4,burst_small,256,2121,16741,16821
latency,rayon,4,burst_small,256,2122,16972,17042
latency,rayon,4,burst_small,256,2123,17222,17302
latency,rayon,4,burst_small,256,2124,17433,17513
latency,rayon,4,burst_small,256,2125,16120,16190
latency,rayon,4,burst_small,256,2126,16241,16321
latency,rayon,4,burst_small,256,2127,221,331
latency,rayon,4,burst_small,256,2128,16782,16862
latency,rayon,4,burst_small,256,2129,581,651
latency,rayon,4,burst_small,256,2130,16972,17042
latency,rayon,4,burst_small,256,2131,812,882
latency,rayon,4,burst_small,256,2132,17112,17192
latency,rayon,4,burst_small,256,2133,1152,1222
latency,rayon,4,burst_small,256,2134,17342,17422
latency,rayon,4,burst_small,256,2135,1523,1603
latency,rayon,4,burst_small,256,2136,17603,17673
latency,rayon,4,burst_small,256,2137,1933,2003
latency,rayon,4,burst_small,256,2138,2124,2195
latency,rayon,4,burst_small,256,2139,17663,17743
latency,rayon,4,burst_small,256,2140,2345,2415
latency,rayon,4,burst_small,256,2141,17794,17864
latency,rayon,4,burst_small,256,2142,2745,2815
latency,rayon,4,burst_small,256,2143,17964,18034
latency,rayon,4,burst_small,256,2144,2955,3036
latency,rayon,4,burst_small,256,2145,3356,3426
latency,rayon,4,burst_small,256,2146,18275,18345
latency,rayon,4,burst_small,256,2147,3656,3737
latency,rayon,4,burst_small,256,2148,18434,18505
latency,rayon,4,burst_small,256,2149,3878,3978
latency,rayon,4,burst_small,256,2150,18555,18635
latency,rayon,4,burst_small,256,2151,4098,4178
latency,rayon,4,burst_small,256,2152,18705,18785
latency,rayon,4,burst_small,256,2153,4378,4449
latency,rayon,4,burst_small,256,2154,4769,4849
latency,rayon,4,burst_small,256,2155,18986,19066
latency,rayon,4,burst_small,256,2156,4959,5049
latency,rayon,4,burst_small,256,2157,19146,19216
latency,rayon,4,burst_small,256,2158,5180,5250
latency,rayon,4,burst_small,256,2159,19317,19387
latency,rayon,4,burst_small,256,2160,5420,5490
latency,rayon,4,burst_small,256,2161,5791,5861
latency,rayon,4,burst_small,256,2162,19557,19627
latency,rayon,4,burst_small,256,2163,5982,6052
latency,rayon,4,burst_small,256,2164,19677,19747
latency,rayon,4,burst_small,256,2165,6212,6282
latency,rayon,4,burst_small,256,2166,19847,19947
latency,rayon,4,burst_small,256,2167,6432,6502
latency,rayon,4,burst_small,256,2168,20138,20208
latency,rayon,4,burst_small,256,2169,6923,6993
latency,rayon,4,burst_small,256,2170,20408,20509
latency,rayon,4,burst_small,256,2171,7314,7384
latency,rayon,4,burst_small,256,2172,7624,7704
latency,rayon,4,burst_small,256,2173,20739,20809
latency,rayon,4,burst_small,256,2174,7895,7966
latency,rayon,4,burst_small,256,2175,20799,20870
latency,rayon,4,burst_small,256,2176,65399,65529
latency,rayon,4,burst_small,256,2177,21040,21110
latency,rayon,4,burst_small,256,2178,8126,8206
latency,rayon,4,burst_small,256,2179,8977,9047
latency,rayon,4,burst_small,256,2180,21430,21510
latency,rayon,4,burst_small,256,2181,9178,9248
latency,rayon,4,burst_small,256,2182,9438,9518
latency,rayon,4,burst_small,256,2183,21711,21791
latency,rayon,4,burst_small,256,2184,9698,9778
latency,rayon,4,burst_small,256,2185,21867,21947
latency,rayon,4,burst_small,256,2186,21881,21951
latency,rayon,4,burst_small,256,2187,9989,10069
latency,rayon,4,burst_small,256,2188,10390,10480
latency,rayon,4,burst_small,256,2189,22252,22322
latency,rayon,4,burst_small,256,2190,22208,22278
latency,rayon,4,burst_small,256,2191,10610,10681
latency,rayon,4,burst_small,256,2192,22333,22413
latency,rayon,4,burst_small,256,2193,10951,11041
latency,rayon,4,burst_small,256,2194,22352,22432
latency,rayon,4,burst_small,256,2195,22517,22588
latency,rayon,4,burst_small,256,2196,11201,11292
latency,rayon,4,burst_small,256,2197,22562,22663
latency,rayon,4,burst_small,256,2198,11542,11612
latency,rayon,4,burst_small,256,2199,22658,22738
latency,rayon,4,burst_small,256,2200,11902,12003
latency,rayon,4,burst_small,256,2201,22953,23034
latency,rayon,4,burst_small,256,2202,22919,22989
latency,rayon,4,burst_small,256,2203,12133,12213
latency,rayon,4,burst_small,256,2204,12503,12584
latency,rayon,4,burst_small,256,2205,23224,23294
latency,rayon,4,burst_small,256,2206,23299,23379
latency,rayon,4,burst_small,256,2207,12754,12834
latency,rayon,4,burst_small,256,2208,23364,23444
latency,rayon,4,burst_small,256,2209,13105,13175
latency,rayon,4,burst_small,256,2210,23560,23630
latency,rayon,4,burst_small,256,2211,13336,13416
latency,rayon,4,burst_small,256,2212,23645,23755
latency,rayon,4,burst_small,256,2213,13546,13616
latency,rayon,4,burst_small,256,2214,23730,23801
latency,rayon,4,burst_small,256,2215,14037,14117
latency,rayon,4,burst_small,256,2216,23941,24011
latency,rayon,4,burst_small,256,2217,24006,24076
latency,rayon,4,burst_small,256,2218,14367,14457
latency,rayon,4,burst_small,256,2219,24155,24235
latency,rayon,4,burst_small,256,2220,14618,14708
latency,rayon,4,burst_small,256,2221,24301,24381
latency,rayon,4,burst_small,256,2222,24276,24356
latency,rayon,4,burst_small,256,2223,14868,14948
latency,rayon,4,burst_small,256,2224,24382,24452
latency,rayon,4,burst_small,256,2225,15198,15269
latency,rayon,4,burst_small,256,2226,24542,24622
latency,rayon,4,burst_small,256,2227,15429,15499
latency,rayon,4,burst_small,256,2228,24607,24677
latency,rayon,4,burst_small,256,2229,15930,16001
latency,rayon,4,burst_small,256,2230,24947,25028
latency,rayon,4,burst_small,256,2231,24912,24992
latency,rayon,4,burst_small,256,2232,16131,16211
latency,rayon,4,burst_small,256,2233,16531,16622
latency,rayon,4,burst_small,256,2234,25257,25327
latency,rayon,4,burst_small,256,2235,16842,16932
latency,rayon,4,burst_small,256,2236,25373,25453
latency,rayon,4,burst_small,256,2237,25338,25408
latency,rayon,4,burst_small,256,2238,17262,17333
latency,rayon,4,burst_small,256,2239,25608,25679
latency,rayon,4,burst_small,256,2240,25574,25654
latency,rayon,4,burst_small,256,2241,25839,25919
latency,rayon,4,burst_small,256,2242,26090,26170
latency,rayon,4,burst_small,256,2243,26095,26175
latency,rayon,4,burst_small,256,2244,73234,73384
latency,rayon,4,burst_small,256,2245,26259,26329
latency,rayon,4,burst_small,256,2246,26275,26355
latency,rayon,4,burst_small,256,2247,26400,26470
latency,rayon,4,burst_small,256,2248,26586,26656
latency,rayon,4,burst_small,256,2249,26520,26600
latency,rayon,4,burst_small,256,2250,26706,26786
latency,rayon,4,burst_small,256,2251,26620,26690
latency,rayon,4,burst_small,256,2252,26586,26686
latency,rayon,4,burst_small,256,2253,27011,27081
latency,rayon,4,burst_small,256,2254,27086,27156
latency,rayon,4,burst_small,256,2255,27141,27231
latency,rayon,4,burst_small,256,2256,27277,27347
latency,rayon,4,burst_small,256,2257,20108,20178
latency,rayon,4,burst_small,256,2258,27342,27422
latency,rayon,4,burst_small,256,2259,20439,20509
latency,rayon,4,burst_small,256,2260,27418,27488
latency,rayon,4,burst_small,256,2261,27452,27552
latency,rayon,4,burst_small,256,2262,20840,20930
latency,rayon,4,burst_small,256,2263,27607,27707
latency,rayon,4,burst_small,256,2264,27652,27722
latency,rayon,4,burst_small,256,2265,27557,27627
latency,rayon,4,burst_small,256,2266,21300,21380
latency,rayon,4,burst_small,256,2267,27863,27933
latency,rayon,4,burst_small,256,2268,21681,21771
latency,rayon,4,burst_small,256,2269,27918,27998
latency,rayon,4,burst_small,256,2270,27888,27958
latency,rayon,4,burst_small,256,2271,28163,28244
latency,rayon,4,burst_small,256,2272,28179,28249
latency,rayon,4,burst_small,256,2273,28138,28218
latency,rayon,4,burst_small,256,2274,28173,28243
latency,rayon,4,burst_small,256,2275,28239,28319
latency,rayon,4,burst_small,256,2276,28394,28464
latency,rayon,4,burst_small,256,2277,28409,28479
latency,rayon,4,burst_small,256,2278,28580,28650
latency,rayon,4,burst_small,256,2279,28614,28695
latency,rayon,4,burst_small,256,2280,25303,25384
latency,rayon,4,burst_small,256,2281,25027,25097
latency,rayon,4,burst_small,256,2282,23524,23594
latency,rayon,4,burst_small,256,2283,25353,25433
latency,rayon,4,burst_small,256,2284,25303,25374
latency,rayon,4,burst_small,256,2285,25338,25408
latency,rayon,4,burst_small,256,2286,24215,24285
latency,rayon,4,burst_small,256,2287,25604,25674
latency,rayon,4,burst_small,256,2288,24567,24647
latency,rayon,4,burst_small,256,2289,25629,25729
latency,rayon,4,burst_small,256,2290,25624,25714
latency,rayon,4,burst_small,256,2291,25744,25814
latency,rayon,4,burst_small,256,2292,24847,24917
latency,rayon,4,burst_small,256,2293,25728,25809
latency,rayon,4,burst_small,256,2294,25218,25288
latency,rayon,4,burst_small,256,2295,25804,25885
latency,rayon,4,burst_small,256,2296,25804,25884
latency,rayon,4,burst_small,256,2297,25639,25719
latency,rayon,4,burst_small,256,2298,25859,25929
latency,rayon,4,burst_small,256,2299,26225,26305
latency,rayon,4,burst_small,256,2300,25949,26019
latency,rayon,4,burst_small,256,2301,26085,26165
latency,rayon,4,burst_small,256,2302,26505,26595
latency,rayon,4,burst_small,256,2303,26510,26580
latency,sequential,4,burst_small,256,0,20,100
latency,sequential,4,burst_small,256,1,20,100
latency,sequential,4,burst_small,256,2,20,91
latency,sequential,4,burst_small,256,3,20,100
latency,sequential,4,burst_small,256,4,20,90
latency,sequential,4,burst_small,256,5,20,101
latency,sequential,4,burst_small,256,6,20,90
latency,sequential,4,burst_small,256,7,20,100
latency,sequential,4,burst_small,256,8,20,90
latency,sequential,4,burst_small,256,9,21,91
latency,sequential,4,burst_small,256,10,20,100
latency,sequential,4,burst_small,256,11,20,90
latency,sequential,4,burst_small,256,12,20,100
latency,sequential,4,burst_small,256,13,20,91
latency,sequential,4,burst_small,256,14,10,90
latency,sequential,4,burst_small,256,15,20,90
latency,sequential,4,burst_small,256,16,10,90
latency,sequential,4,burst_small,256,17,21,101
latency,sequential,4,burst_small,256,18,20,90
latency,sequential,4,burst_small,256,19,20,100
latency,sequential,4,burst_small,256,20,20,90
latency,sequential,4,burst_small,256,21,20,101
latency,sequential,4,burst_small,256,22,20,90
latency,sequential,4,burst_small,256,23,10,90
latency,sequential,4,burst_small,256,24,20,90
latency,sequential,4,burst_small,256,25,20,91
latency,sequential,4,burst_small,256,26,20,100
latency,sequential,4,burst_small,256,27,20,90
latency,sequential,4,burst_small,256,28,20,100
latency,sequential,4,burst_small,256,29,20,91
latency,sequential,4,burst_small,256,30,20,100
latency,sequential,4,burst_small,256,31,20,90
latency,sequential,4,burst_small,256,32,20,90
latency,sequential,4,burst_small,256,33,20,91
latency,sequential,4,burst_small,256,34,20,90
latency,sequential,4,burst_small,256,35,20,100
latency,sequential,4,burst_small,256,36,20,90
latency,sequential,4,burst_small,256,37,20,101
latency,sequential,4,burst_small,256,38,20,90
latency,sequential,4,burst_small,256,39,10,90
latency,sequential,4,burst_small,256,40,20,90
latency,sequential,4,burst_small,256,41,10,90
latency,sequential,4,burst_small,256,42,20,100
latency,sequential,4,burst_small,256,43,20,90
latency,sequential,4,burst_small,256,44,20,100
latency,sequential,4,burst_small,256,45,20,90
latency,sequential,4,burst_small,256,46,21,101
latency,sequential,4,burst_small,256,47,20,90
latency,sequential,4,burst_small,256,48,20,90
latency,sequential,4,burst_small,256,49,20,90
latency,sequential,4,burst_small,256,50,21,91
latency,sequential,4,burst_small,256,51,20,100
latency,sequential,4,burst_small,256,52,20,90
latency,sequential,4,burst_small,256,53,20,100
latency,sequential,4,burst_small,256,54,20,91
latency,sequential,4,burst_small,256,55,20,90
latency,sequential,4,burst_small,256,56,20,100
latency,sequential,4,burst_small,256,57,20,90
latency,sequential,4,burst_small,256,58,20,101
latency,sequential,4,burst_small,256,59,20,90
latency,sequential,4,burst_small,256,60,10,90
latency,sequential,4,burst_small,256,61,20,90
latency,sequential,4,burst_small,256,62,20,90
latency,sequential,4,burst_small,256,63,20,100
latency,sequential,4,burst_small,256,64,20,90
latency,sequential,4,burst_small,256,65,20,90
latency,sequential,4,burst_small,256,66,10,91
latency,sequential,4,burst_small,256,67,20,90
latency,sequential,4,burst_small,256,68,20,90
latency,sequential,4,burst_small,256,69,20,100
latency,sequential,4,burst_small,256,70,20,91
latency,sequential,4,burst_small,256,71,20,100
latency,sequential,4,burst_small,256,72,20,90
latency,sequential,4,burst_small,256,73,20,90
latency,sequential,4,burst_small,256,74,20,100
latency,sequential,4,burst_small,256,75,20,90
latency,sequential,4,burst_small,256,76,20,100
latency,sequential,4,burst_small,256,77,20,90
latency,sequential,4,burst_small,256,78,20,90
latency,sequential,4,burst_small,256,79,21,91
latency,sequential,4,burst_small,256,80,20,90
latency,sequential,4,burst_small,256,81,20,100
latency,sequential,4,burst_small,256,82,20,90
latency,sequential,4,burst_small,256,83,20,101
latency,sequential,4,burst_small,256,84,20,90
latency,sequential,4,burst_small,256,85,20,90
latency,sequential,4,burst_small,256,86,20,100
latency,sequential,4,burst_small,256,87,20,91
latency,sequential,4,burst_small,256,88,20,100
latency,sequential,4,burst_small,256,89,20,90
latency,sequential,4,burst_small,256,90,20,90
latency,sequential,4,burst_small,256,91,20,101
latency,sequential,4,burst_small,256,92,20,90
latency,sequential,4,burst_small,256,93,20,100
latency,sequential,4,burst_small,256,94,20,90
latency,sequential,4,burst_small,256,95,10,91
latency,sequential,4,burst_small,256,96,20,90
latency,sequential,4,burst_small,256,97,20,90
latency,sequential,4,burst_small,256,98,20,100
latency,sequential,4,burst_small,256,99,20,90
latency,sequential,4,burst_small,256,100,10,90
latency,sequential,4,burst_small,256,101,20,100
latency,sequential,4,burst_small,256,102,20,90
latency,sequential,4,burst_small,256,103,20,100
latency,sequential,4,burst_small,256,104,21,91
latency,sequential,4,burst_small,256,105,10,90
latency,sequential,4,burst_small,256,106,20,90
latency,sequential,4,burst_small,256,107,20,90
latency,sequential,4,burst_small,256,108,20,101
latency,sequential,4,burst_small,256,109,20,90
latency,sequential,4,burst_small,256,110,20,100
latency,sequential,4,burst_small,256,111,20,90
latency,sequential,4,burst_small,256,112,20,91
latency,sequential,4,burst_small,256,113,20,100
latency,sequential,4,burst_small,256,114,20,90
latency,sequential,4,burst_small,256,115,20,100
latency,sequential,4,burst_small,256,116,20,91
latency,sequential,4,burst_small,256,117,10,90
latency,sequential,4,burst_small,256,118,20,90
latency,sequential,4,burst_small,256,119,20,90
latency,sequential,4,burst_small,256,120,20,100
latency,sequential,4,burst_small,256,121,20,90
latency,sequential,4,burst_small,256,122,20,100
latency,sequential,4,burst_small,256,123,20,90
latency,sequential,4,burst_small,256,124,20,90
latency,sequential,4,burst_small,256,125,21,101
latency,sequential,4,burst_small,256,126,20,90
latency,sequential,4,burst_small,256,127,20,100
latency,sequential,4,burst_small,256,128,20,90
latency,sequential,4,burst_small,256,129,20,90
latency,sequential,4,burst_small,256,130,20,100
latency,sequential,4,burst_small,256,131,20,90
latency,sequential,4,burst_small,256,132,20,100
latency,sequential,4,burst_small,256,133,20,90
latency,sequential,4,burst_small,256,134,20,90
latency,sequential,4,burst_small,256,135,20,100
latency,sequential,4,burst_small,256,136,20,90
latency,sequential,4,burst_small,256,137,20,101
latency,sequential,4,burst_small,256,138,20,90
latency,sequential,4,burst_small,256,139,10,90
latency,sequential,4,burst_small,256,140,20,90
latency,sequential,4,burst_small,256,141,20,91
latency,sequential,4,burst_small,256,142,20,100
latency,sequential,4,burst_small,256,143,20,90
latency,sequential,4,burst_small,256,144,20,100
latency,sequential,4,burst_small,256,145,20,91
latency,sequential,4,burst_small,256,146,20,90
latency,sequential,4,burst_small,256,147,20,90
latency,sequential,4,burst_small,256,148,20,90
latency,sequential,4,burst_small,256,149,20,101
latency,sequential,4,burst_small,256,150,20,90
latency,sequential,4,burst_small,256,151,20,100
latency,sequential,4,burst_small,256,152,20,90
latency,sequential,4,burst_small,256,153,20,90
latency,sequential,4,burst_small,256,154,20,100
latency,sequential,4,burst_small,256,155,20,90
latency,sequential,4,burst_small,256,156,20,100
latency,sequential,4,burst_small,256,157,20,90
latency,sequential,4,burst_small,256,158,11,91
latency,sequential,4,burst_small,256,159,20,90
latency,sequential,4,burst_small,256,160,20,90
latency,sequential,4,burst_small,256,161,20,100
latency,sequential,4,burst_small,256,162,20,91
latency,sequential,4,burst_small,256,163,20,100
latency,sequential,4,burst_small,256,164,20,90
latency,sequential,4,burst_small,256,165,10,90
latency,sequential,4,burst_small,256,166,20,91
latency,sequential,4,burst_small,256,167,20,90
latency,sequential,4,burst_small,256,168,20,100
latency,sequential,4,burst_small,256,169,20,90
latency,sequential,4,burst_small,256,170,20,101
latency,sequential,4,burst_small,256,171,20,90
latency,sequential,4,burst_small,256,172,20,100
latency,sequential,4,burst_small,256,173,20,90
latency,sequential,4,burst_small,256,174,20,90
latency,sequential,4,burst_small,256,175,20,100
latency,sequential,4,burst_small,256,176,20,90
latency,sequential,4,burst_small,256,177,20,100
latency,sequential,4,burst_small,256,178,20,90
latency,sequential,4,burst_small,256,179,11,91
latency,sequential,4,burst_small,256,180,20,90
latency,sequential,4,burst_small,256,181,20,90
latency,sequential,4,burst_small,256,182,20,100
latency,sequential,4,burst_small,256,183,20,91
latency,sequential,4,burst_small,256,184,20,100
latency,sequential,4,burst_small,256,185,20,90
latency,sequential,4,burst_small,256,186,10,90
latency,sequential,4,burst_small,256,187,20,91
latency,sequential,4,burst_small,256,188,10,90
latency,sequential,4,burst_small,256,189,20,90
latency,sequential,4,burst_small,256,190,20,90
latency,sequential,4,burst_small,256,191,20,101
latency,sequential,4,burst_small,256,192,20,90
latency,sequential,4,burst_small,256,193,20,100
latency,sequential,4,burst_small,256,194,20,90
latency,sequential,4,burst_small,256,195,10,90
latency,sequential,4,burst_small,256,196,20,90
latency,sequential,4,burst_small,256,197,20,90
latency,sequential,4,burst_small,256,198,20,100
latency,sequential,4,burst_small,256,199,20,90
latency,sequential,4,burst_small,256,200,21,101
latency,sequential,4,burst_small,256,201,20,90
latency,sequential,4,burst_small,256,202,20,90
latency,sequential,4,burst_small,256,203,20,90
latency,sequential,4,burst_small,256,204,20,91
latency,sequential,4,burst_small,256,205,20,100
latency,sequential,4,burst_small,256,206,20,90
latency,sequential,4,burst_small,256,207,20,100
latency,sequential,4,burst_small,256,208,20,91
latency,sequential,4,burst_small,256,209,10,90
latency,sequential,4,burst_small,256,210,20,100
latency,sequential,4,burst_small,256,211,20,90
latency,sequential,4,burst_small,256,212,20,101
latency,sequential,4,burst_small,256,213,20,90
latency,sequential,4,burst_small,256,214,20,100
latency,sequential,4,burst_small,256,215,20,90
latency,sequential,4,burst_small,256,216,10,90
latency,sequential,4,burst_small,256,217,20,90
latency,sequential,4,burst_small,256,218,20,90
latency,sequential,4,burst_small,256,219,20,100
latency,sequential,4,burst_small,256,220,20,90
latency,sequential,4,burst_small,256,221,21,101
latency,sequential,4,burst_small,256,222,20,90
latency,sequential,4,burst_small,256,223,20,90
latency,sequential,4,burst_small,256,224,20,90
latency,sequential,4,burst_small,256,225,20,91
latency,sequential,4,burst_small,256,226,20,100
latency,sequential,4,burst_small,256,227,20,90
latency,sequential,4,burst_small,256,228,20,100
latency,sequential,4,burst_small,256,229,20,91
latency,sequential,4,burst_small,256,230,20,90
latency,sequential,4,burst_small,256,231,20,100
latency,sequential,4,burst_small,256,232,20,90
latency,sequential,4,burst_small,256,233,20,101
latency,sequential,4,burst_small,256,234,20,90
latency,sequential,4,burst_small,256,235,20,100
latency,sequential,4,burst_small,256,236,20,90
latency,sequential,4,burst_small,256,237,20,90
latency,sequential,4,burst_small,256,238,20,100
latency,sequential,4,burst_small,256,239,20,90
latency,sequential,4,burst_small,256,240,20,100
latency,sequential,4,burst_small,256,241,20,90
latency,sequential,4,burst_small,256,242,10,90
latency,sequential,4,burst_small,256,243,20,90
latency,sequential,4,burst_small,256,244,20,90
latency,sequential,4,burst_small,256,245,20,100
latency,sequential,4,burst_small,256,246,21,91
latency,sequential,4,burst_small,256,247,20,100
latency,sequential,4,burst_small,256,248,20,90
latency,sequential,4,burst_small,256,249,20,100
latency,sequential,4,burst_small,256,250,20,91
latency,sequential,4,burst_small,256,251,20,90
latency,sequential,4,burst_small,256,252,20,90
latency,sequential,4,burst_small,256,253,20,90
latency,sequential,4,burst_small,256,254,20,101
latency,sequential,4,burst_small,256,255,20,90
latency,sequential,4,burst_small,256,256,61,171
latency,sequential,4,burst_small,256,257,20,100
latency,sequential,4,burst_small,256,258,20,101
latency,sequential,4,burst_small,256,259,20,90
latency,sequential,4,burst_small,256,260,20,100
latency,sequential,4,burst_small,256,261,20,90
latency,sequential,4,burst_small,256,262,20,101
latency,sequential,4,burst_small,256,263,20,90
latency,sequential,4,burst_small,256,264,10,90
latency,sequential,4,burst_small,256,265,20,101
latency,sequential,4,burst_small,256,266,20,90
latency,sequential,4,burst_small,256,267,10,90
latency,sequential,4,burst_small,256,268,20,90
latency,sequential,4,burst_small,256,269,20,100
latency,sequential,4,burst_small,256,270,20,90
latency,sequential,4,burst_small,256,271,20,90
latency,sequential,4,burst_small,256,272,20,90
latency,sequential,4,burst_small,256,273,20,100
latency,sequential,4,burst_small,256,274,20,90
latency,sequential,4,burst_small,256,275,20,100
latency,sequential,4,burst_small,256,276,20,90
latency,sequential,4,burst_small,256,277,20,100
latency,sequential,4,burst_small,256,278,20,90
latency,sequential,4,burst_small,256,279,20,100
latency,sequential,4,burst_small,256,280,20,90
latency,sequential,4,burst_small,256,281,20,100
latency,sequential,4,burst_small,256,282,20,90
latency,sequential,4,burst_small,256,283,10,90
latency,sequential,4,burst_small,256,284,20,90
latency,sequential,4,burst_small,256,285,21,91
latency,sequential,4,burst_small,256,286,20,90
latency,sequential,4,burst_small,256,287,20,90
latency,sequential,4,burst_small,256,288,20,100
latency,sequential,4,burst_small,256,289,20,90
latency,sequential,4,burst_small,256,290,20,90
latency,sequential,4,burst_small,256,291,20,100
latency,sequential,4,burst_small,256,292,20,90
latency,sequential,4,burst_small,256,293,20,100
latency,sequential,4,burst_small,256,294,20,90
latency,sequential,4,burst_small,256,295,20,90
latency,sequential,4,burst_small,256,296,20,100
latency,sequential,4,burst_small,256,297,20,90
latency,sequential,4,burst_small,256,298,20,100
latency,sequential,4,burst_small,256,299,21,91
latency,sequential,4,burst_small,256,300,10,90
latency,sequential,4,burst_small,256,301,20,90
latency,sequential,4,burst_small,256,302,20,90
latency,sequential,4,burst_small,256,303,20,101
latency,sequential,4,burst_small,256,304,20,90
latency,sequential,4,burst_small,256,305,20,100
latency,sequential,4,burst_small,256,306,20,90
latency,sequential,4,burst_small,256,307,20,91
latency,sequential,4,burst_small,256,308,20,100
latency,sequential,4,burst_small,256,309,20,90
latency,sequential,4,burst_small,256,310,20,100
latency,sequential,4,burst_small,256,311,20,91
latency,sequential,4,burst_small,256,312,10,90
latency,sequential,4,burst_small,256,313,20,90
latency,sequential,4,burst_small,256,314,20,90
latency,sequential,4,burst_small,256,315,20,100
latency,sequential,4,burst_small,256,316,20,90
latency,sequential,4,burst_small,256,317,20,100
latency,sequential,4,burst_small,256,318,20,90
latency,sequential,4,burst_small,256,319,20,90
latency,sequential,4,burst_small,256,320,21,101
latency,sequential,4,burst_small,256,321,20,100
latency,sequential,4,burst_small,256,322,20,91
latency,sequential,4,burst_small,256,323,20,100
latency,sequential,4,burst_small,256,324,20,90
latency,sequential,4,burst_small,256,325,20,90
latency,sequential,4,burst_small,256,326,20,100
latency,sequential,4,burst_small,256,327,20,90
latency,sequential,4,burst_small,256,328,20,100
latency,sequential,4,burst_small,256,329,20,90
latency,sequential,4,burst_small,256,330,20,90
latency,sequential,4,burst_small,256,331,21,101
latency,sequential,4,burst_small,256,332,20,90
latency,sequential,4,burst_small,256,333,20,100
latency,sequential,4,burst_small,256,334,20,90
latency,sequential,4,burst_small,256,335,10,91
latency,sequential,4,burst_small,256,336,20,90
latency,sequential,4,burst_small,256,337,20,90
latency,sequential,4,burst_small,256,338,20,100
latency,sequential,4,burst_small,256,339,20,91
latency,sequential,4,burst_small,256,340,20,100
latency,sequential,4,burst_small,256,341,20,90
latency,sequential,4,burst_small,256,342,20,90
latency,sequential,4,burst_small,256,343,20,91
latency,sequential,4,burst_small,256,344,20,90
latency,sequential,4,burst_small,256,345,20,100
latency,sequential,4,burst_small,256,346,20,90
latency,sequential,4,burst_small,256,347,20,100
latency,sequential,4,burst_small,256,348,20,90
latency,sequential,4,burst_small,256,349,20,90
latency,sequential,4,burst_small,256,350,20,100
latency,sequential,4,burst_small,256,351,20,90
latency,sequential,4,burst_small,256,352,20,100
latency,sequential,4,burst_small,256,353,20,90
latency,sequential,4,burst_small,256,354,10,90
latency,sequential,4,burst_small,256,355,20,90
latency,sequential,4,burst_small,256,356,21,91
latency,sequential,4,burst_small,256,357,20,100
latency,sequential,4,burst_small,256,358,20,90
latency,sequential,4,burst_small,256,359,20,100
latency,sequential,4,burst_small,256,360,20,91
latency,sequential,4,burst_small,256,361,20,90
latency,sequential,4,burst_small,256,362,20,90
latency,sequential,4,burst_small,256,363,20,90
latency,sequential,4,burst_small,256,364,20,101
latency,sequential,4,burst_small,256,365,20,90
latency,sequential,4,burst_small,256,366,20,100
latency,sequential,4,burst_small,256,367,20,90
latency,sequential,4,burst_small,256,368,20,91
latency,sequential,4,burst_small,256,369,20,100
latency,sequential,4,burst_small,256,370,20,90
latency,sequential,4,burst_small,256,371,20,100
latency,sequential,4,burst_small,256,372,20,90
latency,sequential,4,burst_small,256,373,10,90
latency,sequential,4,burst_small,256,374,20,90
latency,sequential,4,burst_small,256,375,10,90
latency,sequential,4,burst_small,256,376,20,100
latency,sequential,4,burst_small,256,377,21,91
latency,sequential,4,burst_small,256,378,20,100
latency,sequential,4,burst_small,256,379,20,90
latency,sequential,4,burst_small,256,380,10,90
latency,sequential,4,burst_small,256,381,20,91
latency,sequential,4,burst_small,256,382,20,90
latency,sequential,4,burst_small,256,383,20,100
latency,sequential,4,burst_small,256,384,20,90
latency,sequential,4,burst_small,256,385,20,90
latency,sequential,4,burst_small,256,386,20,100
latency,sequential,4,burst_small,256,387,20,90
latency,sequential,4,burst_small,256,388,10,91
latency,sequential,4,burst_small,256,389,20,90
latency,sequential,4,burst_small,256,390,20,90
latency,sequential,4,burst_small,256,391,20,100
latency,sequential,4,burst_small,256,392,20,91
latency,sequential,4,burst_small,256,393,20,100
latency,sequential,4,burst_small,256,394,20,90
latency,sequential,4,burst_small,256,395,20,90
latency,sequential,4,burst_small,256,396,20,91
latency,sequential,4,burst_small,256,397,20,90
latency,sequential,4,burst_small,256,398,20,100
latency,sequential,4,burst_small,256,399,20,90
latency,sequential,4,burst_small,256,400,20,101
latency,sequential,4,burst_small,256,401,20,90
latency,sequential,4,burst_small,256,402,20,90
latency,sequential,4,burst_small,256,403,20,100
latency,sequential,4,burst_small,256,404,20,90
latency,sequential,4,burst_small,256,405,20,100
latency,sequential,4,burst_small,256,406,20,90
latency,sequential,4,burst_small,256,407,10,90
latency,sequential,4,burst_small,256,408,20,90
latency,sequential,4,burst_small,256,409,21,91
latency,sequential,4,burst_small,256,410,20,100
latency,sequential,4,burst_small,256,411,20,90
latency,sequential,4,burst_small,256,412,20,100
latency,sequential,4,burst_small,256,413,20,91
latency,sequential,4,burst_small,256,414,10,90
latency,sequential,4,burst_small,256,415,20,90
latency,sequential,4,burst_small,256,416,20,90
latency,sequential,4,burst_small,256,417,20,101
latency,sequential,4,burst_small,256,418,20,90
latency,sequential,4,burst_small,256,419,20,100
latency,sequential,4,burst_small,256,420,20,90
latency,sequential,4,burst_small,256,421,10,91
latency,sequential,4,burst_small,256,422,20,100
latency,sequential,4,burst_small,256,423,20,90
latency,sequential,4,burst_small,256,424,20,100
latency,sequential,4,burst_small,256,425,20,90
latency,sequential,4,burst_small,256,426,20,100
latency,sequential,4,burst_small,256,427,20,90
latency,sequential,4,burst_small,256,428,10,90
latency,sequential,4,burst_small,256,429,20,100
latency,sequential,4,burst_small,256,430,21,91
latency,sequential,4,burst_small,256,431,20,100
latency,sequential,4,burst_small,256,432,20,90
latency,sequential,4,burst_small,256,433,20,100
latency,sequential,4,burst_small,256,434,20,91
latency,sequential,4,burst_small,256,435,20,90
latency,sequential,4,burst_small,256,436,20,90
latency,sequential,4,burst_small,256,437,20,90
latency,sequential,4,burst_small,256,438,20,101
latency,sequential,4,burst_small,256,439,20,90
latency,sequential,4,burst_small,256,440,20,100
latency,sequential,4,burst_small,256,441,20,90
latency,sequential,4,burst_small,256,442,20,91
latency,sequential,4,burst_small,256,443,20,100
latency,sequential,4,burst_small,256,444,20,90
latency,sequential,4,burst_small,256,445,20,100
latency,sequential,4,burst_small,256,446,20,90
latency,sequential,4,burst_small,256,447,20,100
latency,sequential,4,burst_small,256,448,20,90
latency,sequential,4,burst_small,256,449,20,90
latency,sequential,4,burst_small,256,450,20,100
latency,sequential,4,burst_small,256,451,21,9569
latency,sequential,4,burst_small,256,452,20,100
latency,sequential,4,burst_small,256,453,20,90
latency,sequential,4,burst_small,256,454,20,90
latency,sequential,4,burst_small,256,455,20,100
latency,sequential,4,burst_small,256,456,20,90
latency,sequential,4,burst_small,256,457,20,100
latency,sequential,4,burst_small,256,458,20,90
latency,sequential,4,burst_small,256,459,10,90
latency,sequential,4,burst_small,256,460,20,90
latency,sequential,4,burst_small,256,461,20,90
latency,sequential,4,burst_small,256,462,20,100
latency,sequential,4,burst_small,256,463,20,91
latency,sequential,4,burst_small,256,464,20,100
latency,sequential,4,burst_small,256,465,20,90
latency,sequential,4,burst_small,256,466,20,90
latency,sequential,4,burst_small,256,467,20,101
latency,sequential,4,burst_small,256,468,20,90
latency,sequential,4,burst_small,256,469,20,100
latency,sequential,4,burst_small,256,470,20,90
latency,sequential,4,burst_small,256,471,10,91
latency,sequential,4,burst_small,256,472,20,90
latency,sequential,4,burst_small,256,473,20,90
latency,sequential,4,burst_small,256,474,20,100
latency,sequential,4,burst_small,256,475,20,90
latency,sequential,4,burst_small,256,476,20,100
latency,sequential,4,burst_small,256,477,20,90
latency,sequential,4,burst_small,256,478,20,90
latency,sequential,4,burst_small,256,479,20,100
latency,sequential,4,burst_small,256,480,20,90
latency,sequential,4,burst_small,256,481,20,100
latency,sequential,4,burst_small,256,482,20,90
latency,sequential,4,burst_small,256,483,20,90
latency,sequential,4,burst_small,256,484,20,101
latency,sequential,4,burst_small,256,485,20,90
latency,sequential,4,burst_small,256,486,20,100
latency,sequential,4,burst_small,256,487,20,90
latency,sequential,4,burst_small,256,488,10,91
latency,sequential,4,burst_small,256,489,20,100
latency,sequential,4,burst_small,256,490,20,90
latency,sequential,4,burst_small,256,491,20,100
latency,sequential,4,burst_small,256,492,20,91
latency,sequential,4,burst_small,256,493,10,90
latency,sequential,4,burst_small,256,494,20,100
latency,sequential,4,burst_small,256,495,20,90
latency,sequential,4,burst_small,256,496,20,101
latency,sequential,4,burst_small,256,497,20,90
latency,sequential,4,burst_small,256,498,10,90
latency,sequential,4,burst_small,256,499,20,90
latency,sequential,4,burst_small,256,500,20,90
latency,sequential,4,burst_small,256,501,20,100
latency,sequential,4,burst_small,256,502,20,90
latency,sequential,4,burst_small,256,503,20,100
latency,sequential,4,burst_small,256,504,20,90
latency,sequential,4,burst_small,256,505,21,91
latency,sequential,4,burst_small,256,506,20,100
latency,sequential,4,burst_small,256,507,20,90
latency,sequential,4,burst_small,256,508,20,100
latency,sequential,4,burst_small,256,509,20,91
latency,sequential,4,burst_small,256,510,10,90
latency,sequential,4,burst_small,256,511,20,90
latency,sequential,4,burst_small,256,512,60,161
latency,sequential,4,burst_small,256,513,20,100
latency,sequential,4,burst_small,256,514,20,90
latency,sequential,4,burst_small,256,515,20,100
latency,sequential,4,burst_small,256,516,20,90
latency,sequential,4,burst_small,256,517,20,90
latency,sequential,4,burst_small,256,518,20,100
latency,sequential,4,burst_small,256,519,20,90
latency,sequential,4,burst_small,256,520,20,100
latency,sequential,4,burst_small,256,521,20,90
latency,sequential,4,burst_small,256,522,20,100
latency,sequential,4,burst_small,256,523,20,90
latency,sequential,4,burst_small,256,524,10,91
latency,sequential,4,burst_small,256,525,20,90
latency,sequential,4,burst_small,256,526,20,90
latency,sequential,4,burst_small,256,527,20,100
latency,sequential,4,burst_small,256,528,20,91
latency,sequential,4,burst_small,256,529,20,90
latency,sequential,4,burst_small,256,530,10,90
latency,sequential,4,burst_small,256,531,20,90
latency,sequential,4,burst_small,256,532,20,91
latency,sequential,4,burst_small,256,533,20,100
latency,sequential,4,burst_small,256,534,20,90
latency,sequential,4,burst_small,256,535,20,100
latency,sequential,4,burst_small,256,536,20,91
latency,sequential,4,burst_small,256,537,10,90
latency,sequential,4,burst_small,256,538,20,90
latency,sequential,4,burst_small,256,539,20,90
latency,sequential,4,burst_small,256,540,20,101
latency,sequential,4,burst_small,256,541,20,90
latency,sequential,4,burst_small,256,542,20,100
latency,sequential,4,burst_small,256,543,20,90
latency,sequential,4,burst_small,256,544,20,90
latency,sequential,4,burst_small,256,545,20,90
latency,sequential,4,burst_small,256,546,20,90
latency,sequential,4,burst_small,256,547,20,91
latency,sequential,4,burst_small,256,548,20,100
latency,sequential,4,burst_small,256,549,20,90
latency,sequential,4,burst_small,256,550,20,100
latency,sequential,4,burst_small,256,551,20,91
latency,sequential,4,burst_small,256,552,10,90
latency,sequential,4,burst_small,256,553,20,90
latency,sequential,4,burst_small,256,554,20,90
latency,sequential,4,burst_small,256,555,20,100
latency,sequential,4,burst_small,256,556,20,90
latency,sequential,4,burst_small,256,557,20,100
latency,sequential,4,burst_small,256,558,20,90
latency,sequential,4,burst_small,256,559,20,90
latency,sequential,4,burst_small,256,560,21,101
latency,sequential,4,burst_small,256,561,20,90
latency,sequential,4,burst_small,256,562,20,100
latency,sequential,4,burst_small,256,563,20,90
latency,sequential,4,burst_small,256,564,20,101
latency,sequential,4,burst_small,256,565,20,90
latency,sequential,4,burst_small,256,566,20,90
latency,sequential,4,burst_small,256,567,20,100
latency,sequential,4,burst_small,256,568,20,91
latency,sequential,4,burst_small,256,569,20,100
latency,sequential,4,burst_small,256,570,20,90
latency,sequential,4,burst_small,256,571,10,90
latency,sequential,4,burst_small,256,572,20,91
latency,sequential,4,burst_small,256,573,10,90
latency,sequential,4,burst_small,256,574,20,100
latency,sequential,4,burst_small,256,575,20,90
latency,sequential,4,burst_small,256,576,20,100
latency,sequential,4,burst_small,256,577,20,90
latency,sequential,4,burst_small,256,578,20,100
latency,sequential,4,burst_small,256,579,20,91
latency,sequential,4,burst_small,256,580,10,90
latency,sequential,4,burst_small,256,581,20,90
latency,sequential,4,burst_small,256,582,20,90
latency,sequential,4,burst_small,256,583,20,90
latency,sequential,4,burst_small,256,584,20,90
latency,sequential,4,burst_small,256,585,20,100
latency,sequential,4,burst_small,256,586,20,90
latency,sequential,4,burst_small,256,587,20,100
latency,sequential,4,burst_small,256,588,21,91
latency,sequential,4,burst_small,256,589,20,90
latency,sequential,4,burst_small,256,590,20,90
latency,sequential,4,burst_small,256,591,20,90
latency,sequential,4,burst_small,256,592,20,101
latency,sequential,4,burst_small,256,593,20,90
latency,sequential,4,burst_small,256,594,20,100
latency,sequential,4,burst_small,256,595,20,90
latency,sequential,4,burst_small,256,596,10,91
latency,sequential,4,burst_small,256,597,20,90
latency,sequential,4,burst_small,256,598,20,90
latency,sequential,4,burst_small,256,599,20,100
latency,sequential,4,burst_small,256,600,20,91
latency,sequential,4,burst_small,256,601,20,100
latency,sequential,4,burst_small,256,602,20,90
latency,sequential,4,burst_small,256,603,20,100
latency,sequential,4,burst_small,256,604,20,90
latency,sequential,4,burst_small,256,605,20,90
latency,sequential,4,burst_small,256,606,20,90
latency,sequential,4,burst_small,256,607,20,90
latency,sequential,4,burst_small,256,608,20,100
latency,sequential,4,burst_small,256,609,21,91
latency,sequential,4,burst_small,256,610,20,100
latency,sequential,4,burst_small,256,611,20,90
latency,sequential,4,burst_small,256,612,10,90
latency,sequential,4,burst_small,256,613,20,91
latency,sequential,4,burst_small,256,614,20,90
latency,sequential,4,burst_small,256,615,20,90
latency,sequential,4,burst_small,256,616,20,90
latency,sequential,4,burst_small,256,617,20,101
latency,sequential,4,burst_small,256,618,20,90
latency,sequential,4,burst_small,256,619,20,100
latency,sequential,4,burst_small,256,620,20,90
latency,sequential,4,burst_small,256,621,20,91
latency,sequential,4,burst_small,256,622,20,90
latency,sequential,4,burst_small,256,623,20,90
latency,sequential,4,burst_small,256,624,20,100
latency,sequential,4,burst_small,256,625,20,90
latency,sequential,4,burst_small,256,626,20,100
latency,sequential,4,burst_small,256,627,20,90
latency,sequential,4,burst_small,256,628,10,90
latency,sequential,4,burst_small,256,629,20,90
latency,sequential,4,burst_small,256,630,21,91
latency,sequential,4,burst_small,256,631,20,100
latency,sequential,4,burst_small,256,632,20,90
latency,sequential,4,burst_small,256,633,20,100
latency,sequential,4,burst_small,256,634,20,91
latency,sequential,4,burst_small,256,635,20,100
latency,sequential,4,burst_small,256,636,20,90
latency,sequential,4,burst_small,256,637,20,90
latency,sequential,4,burst_small,256,638,20,101
latency,sequential,4,burst_small,256,639,20,90
latency,sequential,4,burst_small,256,640,20,100
latency,sequential,4,burst_small,256,641,20,91
latency,sequential,4,burst_small,256,642,20,100
latency,sequential,4,burst_small,256,643,20,90
latency,sequential,4,burst_small,256,644,10,90
latency,sequential,4,burst_small,256,645,20,91
latency,sequential,4,burst_small,256,646,20,90
latency,sequential,4,burst_small,256,647,20,100
latency,sequential,4,burst_small,256,648,20,90
latency,sequential,4,burst_small,256,649,20,100
latency,sequential,4,burst_small,256,650,20,90
latency,sequential,4,burst_small,256,651,20,90
latency,sequential,4,burst_small,256,652,20,90
latency,sequential,4,burst_small,256,653,20,90
latency,sequential,4,burst_small,256,654,21,101
latency,sequential,4,burst_small,256,655,20,90
latency,sequential,4,burst_small,256,656,20,100
latency,sequential,4,burst_small,256,657,20,90
latency,sequential,4,burst_small,256,658,20,91
latency,sequential,4,burst_small,256,659,20,100
latency,sequential,4,burst_small,256,660,20,90
latency,sequential,4,burst_small,256,661,20,100
latency,sequential,4,burst_small,256,662,20,91
latency,sequential,4,burst_small,256,663,10,90
latency,sequential,4,burst_small,256,664,20,90
latency,sequential,4,burst_small,256,665,20,90
latency,sequential,4,burst_small,256,666,20,101
latency,sequential,4,burst_small,256,667,20,90
latency,sequential,4,burst_small,256,668,20,100
latency,sequential,4,burst_small,256,669,20,90
latency,sequential,4,burst_small,256,670,20,90
latency,sequential,4,burst_small,256,671,20,100
latency,sequential,4,burst_small,256,672,20,90
latency,sequential,4,burst_small,256,673,20,100
latency,sequential,4,burst_small,256,674,20,90
latency,sequential,4,burst_small,256,675,10,90
latency,sequential,4,burst_small,256,676,20,90
latency,sequential,4,burst_small,256,677,20,90
latency,sequential,4,burst_small,256,678,20,100
latency,sequential,4,burst_small,256,679,21,91
latency,sequential,4,burst_small,256,680,20,100
latency,sequential,4,burst_small,256,681,20,90
latency,sequential,4,burst_small,256,682,20,90
latency,sequential,4,burst_small,256,683,20,101
latency,sequential,4,burst_small,256,684,20,90
latency,sequential,4,burst_small,256,685,20,100
latency,sequential,4,burst_small,256,686,20,90
latency,sequential,4,burst_small,256,687,10,91
latency,sequential,4,burst_small,256,688,20,90
latency,sequential,4,burst_small,256,689,20,90
latency,sequential,4,burst_small,256,690,20,100
latency,sequential,4,burst_small,256,691,20,90
latency,sequential,4,burst_small,256,692,20,100
latency,sequential,4,burst_small,256,693,20,90
latency,sequential,4,burst_small,256,694,20,90
latency,sequential,4,burst_small,256,695,20,100
latency,sequential,4,burst_small,256,696,20,90
latency,sequential,4,burst_small,256,697,20,100
latency,sequential,4,burst_small,256,698,20,90
latency,sequential,4,burst_small,256,699,20,90
latency,sequential,4,burst_small,256,700,21,101
latency,sequential,4,burst_small,256,701,20,90
latency,sequential,4,burst_small,256,702,20,100
latency,sequential,4,burst_small,256,703,20,90
latency,sequential,4,burst_small,256,704,20,91
latency,sequential,4,burst_small,256,705,20,100
latency,sequential,4,burst_small,256,706,20,90
latency,sequential,4,burst_small,256,707,20,100
latency,sequential,4,burst_small,256,708,20,91
latency,sequential,4,burst_small,256,709,20,90
latency,sequential,4,burst_small,256,710,20,100
latency,sequential,4,burst_small,256,711,20,90
latency,sequential,4,burst_small,256,712,20,101
latency,sequential,4,burst_small,256,713,20,90
latency,sequential,4,burst_small,256,714,10,90
latency,sequential,4,burst_small,256,715,20,90
latency,sequential,4,burst_small,256,716,20,90
latency,sequential,4,burst_small,256,717,20,100
latency,sequential,4,burst_small,256,718,20,90
latency,sequential,4,burst_small,256,719,20,100
latency,sequential,4,burst_small,256,720,20,90
latency,sequential,4,burst_small,256,721,11,91
latency,sequential,4,burst_small,256,722,20,100
latency,sequential,4,burst_small,256,723,20,90
latency,sequential,4,burst_small,256,724,20,100
latency,sequential,4,burst_small,256,725,20,91
latency,sequential,4,burst_small,256,726,10,90
latency,sequential,4,burst_small,256,727,20,90
latency,sequential,4,burst_small,256,728,10,90
latency,sequential,4,burst_small,256,729,20,101
latency,sequential,4,burst_small,256,730,20,90
latency,sequential,4,burst_small,256,731,20,100
latency,sequential,4,burst_small,256,732,20,90
latency,sequential,4,burst_small,256,733,20,101
latency,sequential,4,burst_small,256,734,20,90
latency,sequential,4,burst_small,256,735,20,90
latency,sequential,4,burst_small,256,736,20,90
latency,sequential,4,burst_small,256,737,20,90
latency,sequential,4,burst_small,256,738,20,100
latency,sequential,4,burst_small,256,739,20,90
latency,sequential,4,burst_small,256,740,20,100
latency,sequential,4,burst_small,256,741,20,90
latency,sequential,4,burst_small,256,742,20,90
latency,sequential,4,burst_small,256,743,20,100
latency,sequential,4,burst_small,256,744,20,90
latency,sequential,4,burst_small,256,745,20,100
latency,sequential,4,burst_small,256,746,20,91
latency,sequential,4,burst_small,256,747,10,90
latency,sequential,4,burst_small,256,748,20,90
latency,sequential,4,burst_small,256,749,20,90
latency,sequential,4,burst_small,256,750,20,101
latency,sequential,4,burst_small,256,751,20,90
latency,sequential,4,burst_small,256,752,20,100
latency,sequential,4,burst_small,256,753,20,90
latency,sequential,4,burst_small,256,754,10,91
latency,sequential,4,burst_small,256,755,20,90
latency,sequential,4,burst_small,256,756,20,90
latency,sequential,4,burst_small,256,757,20,100
latency,sequential,4,burst_small,256,758,20,90
latency,sequential,4,burst_small,256,759,20,100
latency,sequential,4,burst_small,256,760,20,90
latency,sequential,4,burst_small,256,761,10,90
latency,sequential,4,burst_small,256,762,20,90
latency,sequential,4,burst_small,256,763,20,90
latency,sequential,4,burst_small,256,764,20,100
latency,sequential,4,burst_small,256,765,20,90
latency,sequential,4,burst_small,256,766,20,100
latency,sequential,4,burst_small,256,767,20,91
latency,sequential,4,burst_small,256,768,50,150
latency,sequential,4,burst_small,256,769,20,90
latency,sequential,4,burst_small,256,770,20,90
latency,sequential,4,burst_small,256,771,20,100
latency,sequential,4,burst_small,256,772,20,91
latency,sequential,4,burst_small,256,773,20,91
latency,sequential,4,burst_small,256,774,20,100
latency,sequential,4,burst_small,256,775,20,90
latency,sequential,4,burst_small,256,776,10,90
latency,sequential,4,burst_small,256,777,21,91
latency,sequential,4,burst_small,256,778,10,90
latency,sequential,4,burst_small,256,779,20,90
latency,sequential,4,burst_small,256,780,20,90
latency,sequential,4,burst_small,256,781,20,101
latency,sequential,4,burst_small,256,782,20,90
latency,sequential,4,burst_small,256,783,20,100
latency,sequential,4,burst_small,256,784,20,90
latency,sequential,4,burst_small,256,785,20,90
latency,sequential,4,burst_small,256,786,20,100
latency,sequential,4,burst_small,256,787,20,90
latency,sequential,4,burst_small,256,788,20,101
latency,sequential,4,burst_small,256,789,20,90
latency,sequential,4,burst_small,256,790,10,90
latency,sequential,4,burst_small,256,791,20,90
latency,sequential,4,burst_small,256,792,20,91
latency,sequential,4,burst_small,256,793,20,90
latency,sequential,4,burst_small,256,794,20,90
latency,sequential,4,burst_small,256,795,20,100
latency,sequential,4,burst_small,256,796,20,91
latency,sequential,4,burst_small,256,797,20,100
latency,sequential,4,burst_small,256,798,20,90
latency,sequential,4,burst_small,256,799,20,90
latency,sequential,4,burst_small,256,800,20,90
latency,sequential,4,burst_small,256,801,20,100
latency,sequential,4,burst_small,256,802,20,90
latency,sequential,4,burst_small,256,803,20,100
latency,sequential,4,burst_small,256,804,20,90
latency,sequential,4,burst_small,256,805,20,100
latency,sequential,4,burst_small,256,806,20,90
latency,sequential,4,burst_small,256,807,20,90
latency,sequential,4,burst_small,256,808,20,100
latency,sequential,4,burst_small,256,809,21,91
latency,sequential,4,burst_small,256,810,20,100
latency,sequential,4,burst_small,256,811,20,90
latency,sequential,4,burst_small,256,812,20,100
latency,sequential,4,burst_small,256,813,20,91
latency,sequential,4,burst_small,256,814,20,90
latency,sequential,4,burst_small,256,815,20,100
latency,sequential,4,burst_small,256,816,20,90
latency,sequential,4,burst_small,256,817,20,101
latency,sequential,4,burst_small,256,818,20,90
latency,sequential,4,burst_small,256,819,20,100
latency,sequential,4,burst_small,256,820,20,90
latency,sequential,4,burst_small,256,821,10,91
latency,sequential,4,burst_small,256,822,20,90
latency,sequential,4,burst_small,256,823,20,90
latency,sequential,4,burst_small,256,824,20,100
latency,sequential,4,burst_small,256,825,20,90
latency,sequential,4,burst_small,256,826,20,100
latency,sequential,4,burst_small,256,827,20,90
latency,sequential,4,burst_small,256,828,20,90
latency,sequential,4,burst_small,256,829,20,90
latency,sequential,4,burst_small,256,830,21,91
latency,sequential,4,burst_small,256,831,20,100
latency,sequential,4,burst_small,256,832,20,90
latency,sequential,4,burst_small,256,833,20,101
latency,sequential,4,burst_small,256,834,20,90
latency,sequential,4,burst_small,256,835,20,100
latency,sequential,4,burst_small,256,836,20,90
latency,sequential,4,burst_small,256,837,10,91
latency,sequential,4,burst_small,256,838,20,90
latency,sequential,4,burst_small,256,839,10,90
latency,sequential,4,burst_small,256,840,20,100
latency,sequential,4,burst_small,256,841,20,91
latency,sequential,4,burst_small,256,842,20,100
latency,sequential,4,burst_small,256,843,20,90
latency,sequential,4,burst_small,256,844,10,90
latency,sequential,4,burst_small,256,845,20,90
latency,sequential,4,burst_small,256,846,20,90
latency,sequential,4,burst_small,256,847,20,100
latency,sequential,4,burst_small,256,848,20,90
latency,sequential,4,burst_small,256,849,20,100
latency,sequential,4,burst_small,256,850,20,90
latency,sequential,4,burst_small,256,851,10,90
latency,sequential,4,burst_small,256,852,20,90
latency,sequential,4,burst_small,256,853,20,90
latency,sequential,4,burst_small,256,854,21,101
latency,sequential,4,burst_small,256,855,20,90
latency,sequential,4,burst_small,256,856,20,100
latency,sequential,4,burst_small,256,857,20,90
latency,sequential,4,burst_small,256,858,20,91
latency,sequential,4,burst_small,256,859,20,90
latency,sequential,4,burst_small,256,860,20,90
latency,sequential,4,burst_small,256,861,20,100
latency,sequential,4,burst_small,256,862,20,91
latency,sequential,4,burst_small,256,863,20,100
latency,sequential,4,burst_small,256,864,20,90
latency,sequential,4,burst_small,256,865,20,90
latency,sequential,4,burst_small,256,866,20,101
latency,sequential,4,burst_small,256,867,20,90
latency,sequential,4,burst_small,256,868,20,100
latency,sequential,4,burst_small,256,869,20,90
latency,sequential,4,burst_small,256,870,20,90
latency,sequential,4,burst_small,256,871,20,100
latency,sequential,4,burst_small,256,872,20,90
latency,sequential,4,burst_small,256,873,20,100
latency,sequential,4,burst_small,256,874,20,90
latency,sequential,4,burst_small,256,875,11,91
latency,sequential,4,burst_small,256,876,20,100
latency,sequential,4,burst_small,256,877,20,90
latency,sequential,4,burst_small,256,878,20,100
latency,sequential,4,burst_small,256,879,20,91
latency,sequential,4,burst_small,256,880,10,90
latency,sequential,4,burst_small,256,881,20,100
latency,sequential,4,burst_small,256,882,20,90
latency,sequential,4,burst_small,256,883,20,101
latency,sequential,4,burst_small,256,884,20,90
latency,sequential,4,burst_small,256,885,10,90
latency,sequential,4,burst_small,256,886,20,90
latency,sequential,4,burst_small,256,887,20,91
latency,sequential,4,burst_small,256,888,20,100
latency,sequential,4,burst_small,256,889,20,90
latency,sequential,4,burst_small,256,890,20,100
latency,sequential,4,burst_small,256,891,20,90
latency,sequential,4,burst_small,256,892,20,90
latency,sequential,4,burst_small,256,893,20,100
latency,sequential,4,burst_small,256,894,20,90
latency,sequential,4,burst_small,256,895,20,100
latency,sequential,4,burst_small,256,896,20,90
latency,sequential,4,burst_small,256,897,20,100
latency,sequential,4,burst_small,256,898,20,90
latency,sequential,4,burst_small,256,899,20,100
latency,sequential,4,burst_small,256,900,20,90
latency,sequential,4,burst_small,256,901,20,90
latency,sequential,4,burst_small,256,902,20,100
latency,sequential,4,burst_small,256,903,20,90
latency,sequential,4,burst_small,256,904,20,100
latency,sequential,4,burst_small,256,905,20,90
latency,sequential,4,burst_small,256,906,20,90
latency,sequential,4,burst_small,256,907,20,101
latency,sequential,4,burst_small,256,908,20,90
latency,sequential,4,burst_small,256,909,20,100
latency,sequential,4,burst_small,256,910,20,90
latency,sequential,4,burst_small,256,911,20,101
latency,sequential,4,burst_small,256,912,20,90
latency,sequential,4,burst_small,256,913,20,90
latency,sequential,4,burst_small,256,914,20,100
latency,sequential,4,burst_small,256,915,20,91
latency,sequential,4,burst_small,256,916,20,100
latency,sequential,4,burst_small,256,917,20,90
latency,sequential,4,burst_small,256,918,10,90
latency,sequential,4,burst_small,256,919,20,90
latency,sequential,4,burst_small,256,920,20,90
latency,sequential,4,burst_small,256,921,20,100
latency,sequential,4,burst_small,256,922,20,90
latency,sequential,4,burst_small,256,923,20,100
latency,sequential,4,burst_small,256,924,20,90
latency,sequential,4,burst_small,256,925,10,90
latency,sequential,4,burst_small,256,926,20,100
latency,sequential,4,burst_small,256,927,20,90
latency,sequential,4,burst_small,256,928,21,101
latency,sequential,4,burst_small,256,929,20,90
latency,sequential,4,burst_small,256,930,20,100
latency,sequential,4,burst_small,256,931,20,90
latency,sequential,4,burst_small,256,932,10,91
latency,sequential,4,burst_small,256,933,20,90
latency,sequential,4,burst_small,256,934,20,90
latency,sequential,4,burst_small,256,935,20,100
latency,sequential,4,burst_small,256,936,20,91
latency,sequential,4,burst_small,256,937,20,100
latency,sequential,4,burst_small,256,938,20,90
latency,sequential,4,burst_small,256,939,10,90
latency,sequential,4,burst_small,256,940,20,91
latency,sequential,4,burst_small,256,941,20,90
latency,sequential,4,burst_small,256,942,20,100
latency,sequential,4,burst_small,256,943,20,90
latency,sequential,4,burst_small,256,944,20,100
latency,sequential,4,burst_small,256,945,20,90
latency,sequential,4,burst_small,256,946,20,90
latency,sequential,4,burst_small,256,947,20,90
latency,sequential,4,burst_small,256,948,20,90
latency,sequential,4,burst_small,256,949,21,101
latency,sequential,4,burst_small,256,950,20,90
latency,sequential,4,burst_small,256,951,20,100
latency,sequential,4,burst_small,256,952,20,90
latency,sequential,4,burst_small,256,953,10,91
latency,sequential,4,burst_small,256,954,20,100
latency,sequential,4,burst_small,256,955,20,90
latency,sequential,4,burst_small,256,956,20,100
latency,sequential,4,burst_small,256,957,20,91
latency,sequential,4,burst_small,256,958,10,90
latency,sequential,4,burst_small,256,959,20,90
latency,sequential,4,burst_small,256,960,10,90
latency,sequential,4,burst_small,256,961,20,91
latency,sequential,4,burst_small,256,962,20,90
latency,sequential,4,burst_small,256,963,20,100
latency,sequential,4,burst_small,256,964,20,90
latency,sequential,4,burst_small,256,965,20,100
latency,sequential,4,burst_small,256,966,20,90
latency,sequential,4,burst_small,256,967,20,90
latency,sequential,4,burst_small,256,968,20,90
latency,sequential,4,burst_small,256,969,20,90
latency,sequential,4,burst_small,256,970,21,101
latency,sequential,4,burst_small,256,971,20,90
latency,sequential,4,burst_small,256,972,20,100
latency,sequential,4,burst_small,256,973,20,90
latency,sequential,4,burst_small,256,974,20,91
latency,sequential,4,burst_small,256,975,20,100
latency,sequential,4,burst_small,256,976,20,90
latency,sequential,4,burst_small,256,977,20,100
latency,sequential,4,burst_small,256,978,20,91
latency,sequential,4,burst_small,256,979,20,100
latency,sequential,4,burst_small,256,980,20,90
latency,sequential,4,burst_small,256,981,20,90
latency,sequential,4,burst_small,256,982,20,101
latency,sequential,4,burst_small,256,983,20,90
latency,sequential,4,burst_small,256,984,20,100
latency,sequential,4,burst_small,256,985,20,90
latency,sequential,4,burst_small,256,986,10,90
latency,sequential,4,burst_small,256,987,20,90
latency,sequential,4,burst_small,256,988,20,90
latency,sequential,4,burst_small,256,989,20,100
latency,sequential,4,burst_small,256,990,20,90
latency,sequential,4,burst_small,256,991,21,101
latency,sequential,4,burst_small,256,992,20,90
latency,sequential,4,burst_small,256,993,20,100
latency,sequential,4,burst_small,256,994,20,90
latency,sequential,4,burst_small,256,995,20,91
latency,sequential,4,burst_small,256,996,20,90
latency,sequential,4,burst_small,256,997,20,90
latency,sequential,4,burst_small,256,998,20,100
latency,sequential,4,burst_small,256,999,20,91
latency,sequential,4,burst_small,256,1000,20,100
latency,sequential,4,burst_small,256,1001,20,90
latency,sequential,4,burst_small,256,1002,20,90
latency,sequential,4,burst_small,256,1003,20,91
latency,sequential,4,burst_small,256,1004,20,90
latency,sequential,4,burst_small,256,1005,20,100
latency,sequential,4,burst_small,256,1006,20,90
latency,sequential,4,burst_small,256,1007,20,100
latency,sequential,4,burst_small,256,1008,20,90
latency,sequential,4,burst_small,256,1009,20,90
latency,sequential,4,burst_small,256,1010,20,100
latency,sequential,4,burst_small,256,1011,20,90
latency,sequential,4,burst_small,256,1012,21,101
latency,sequential,4,burst_small,256,1013,20,90
latency,sequential,4,burst_small,256,1014,10,90
latency,sequential,4,burst_small,256,1015,20,90
latency,sequential,4,burst_small,256,1016,10,91
latency,sequential,4,burst_small,256,1017,20,100
latency,sequential,4,burst_small,256,1018,20,90
latency,sequential,4,burst_small,256,1019,20,100
latency,sequential,4,burst_small,256,1020,20,91
latency,sequential,4,burst_small,256,1021,20,100
latency,sequential,4,burst_small,256,1022,20,90
latency,sequential,4,burst_small,256,1023,20,90
latency,sequential,4,burst_small,256,1024,50,151
latency,sequential,4,burst_small,256,1025,20,90
latency,sequential,4,burst_small,256,1026,20,100
latency,sequential,4,burst_small,256,1027,20,90
latency,sequential,4,burst_small,256,1028,20,90
latency,sequential,4,burst_small,256,1029,10,90
latency,sequential,4,burst_small,256,1030,20,90
latency,sequential,4,burst_small,256,1031,20,90
latency,sequential,4,burst_small,256,1032,20,100
latency,sequential,4,burst_small,256,1033,10,90
latency,sequential,4,burst_small,256,1034,20,90
latency,sequential,4,burst_small,256,1035,20,90
latency,sequential,4,burst_small,256,1036,20,101
latency,sequential,4,burst_small,256,1037,20,90
latency,sequential,4,burst_small,256,1038,20,100
latency,sequential,4,burst_small,256,1039,20,90
latency,sequential,4,burst_small,256,1040,20,91
latency,sequential,4,burst_small,256,1041,20,100
latency,sequential,4,burst_small,256,1042,20,90
latency,sequential,4,burst_small,256,1043,20,100
latency,sequential,4,burst_small,256,1044,20,91
latency,sequential,4,burst_small,256,1045,10,90
latency,sequential,4,burst_small,256,1046,20,90
latency,sequential,4,burst_small,256,1047,20,90
latency,sequential,4,burst_small,256,1048,20,101
latency,sequential,4,burst_small,256,1049,20,90
latency,sequential,4,burst_small,256,1050,10,90
latency,sequential,4,burst_small,256,1051,20,90
latency,sequential,4,burst_small,256,1052,20,90
latency,sequential,4,burst_small,256,1053,20,100
latency,sequential,4,burst_small,256,1054,20,90
latency,sequential,4,burst_small,256,1055,20,100
latency,sequential,4,burst_small,256,1056,20,90
latency,sequential,4,burst_small,256,1057,20,100
latency,sequential,4,burst_small,256,1058,20,90
latency,sequential,4,burst_small,256,1059,20,90
latency,sequential,4,burst_small,256,1060,20,90
latency,sequential,4,burst_small,256,1061,20,90
latency,sequential,4,burst_small,256,1062,20,100
latency,sequential,4,burst_small,256,1063,20,90
latency,sequential,4,burst_small,256,1064,10,90
latency,sequential,4,burst_small,256,1065,20,91
latency,sequential,4,burst_small,256,1066,20,90
latency,sequential,4,burst_small,256,1067,20,100
latency,sequential,4,burst_small,256,1068,20,90
latency,sequential,4,burst_small,256,1069,20,101
latency,sequential,4,burst_small,256,1070,20,90
latency,sequential,4,burst_small,256,1071,20,90
latency,sequential,4,burst_small,256,1072,20,100
latency,sequential,4,burst_small,256,1073,20,91
latency,sequential,4,burst_small,256,1074,20,100
latency,sequential,4,burst_small,256,1075,20,90
latency,sequential,4,burst_small,256,1076,20,90
latency,sequential,4,burst_small,256,1077,20,90
latency,sequential,4,burst_small,256,1078,20,90
latency,sequential,4,burst_small,256,1079,20,100
latency,sequential,4,burst_small,256,1080,20,90
latency,sequential,4,burst_small,256,1081,20,100
latency,sequential,4,burst_small,256,1082,20,90
latency,sequential,4,burst_small,256,1083,20,90
latency,sequential,4,burst_small,256,1084,20,100
latency,sequential,4,burst_small,256,1085,20,90
latency,sequential,4,burst_small,256,1086,20,101
latency,sequential,4,burst_small,256,1087,20,90
latency,sequential,4,burst_small,256,1088,10,90
latency,sequential,4,burst_small,256,1089,20,90
latency,sequential,4,burst_small,256,1090,10,90
latency,sequential,4,burst_small,256,1091,20,90
latency,sequential,4,burst_small,256,1092,20,90
latency,sequential,4,burst_small,256,1093,21,101
latency,sequential,4,burst_small,256,1094,20,90
latency,sequential,4,burst_small,256,1095,20,100
latency,sequential,4,burst_small,256,1096,20,90
latency,sequential,4,burst_small,256,1097,20,91
latency,sequential,4,burst_small,256,1098,20,90
latency,sequential,4,burst_small,256,1099,20,90
latency,sequential,4,burst_small,256,1100,20,100
latency,sequential,4,burst_small,256,1101,20,91
latency,sequential,4,burst_small,256,1102,20,100
latency,sequential,4,burst_small,256,1103,20,90
latency,sequential,4,burst_small,256,1104,20,90
latency,sequential,4,burst_small,256,1105,20,101
latency,sequential,4,burst_small,256,1106,20,90
latency,sequential,4,burst_small,256,1107,20,100
latency,sequential,4,burst_small,256,1108,20,90
latency,sequential,4,burst_small,256,1109,10,90
latency,sequential,4,burst_small,256,1110,20,90
latency,sequential,4,burst_small,256,1111,20,90
latency,sequential,4,burst_small,256,1112,20,100
latency,sequential,4,burst_small,256,1113,20,90
latency,sequential,4,burst_small,256,1114,21,101
latency,sequential,4,burst_small,256,1115,20,90
latency,sequential,4,burst_small,256,1116,10,90
latency,sequential,4,burst_small,256,1117,20,90
latency,sequential,4,burst_small,256,1118,20,91
latency,sequential,4,burst_small,256,1119,20,90
latency,sequential,4,burst_small,256,1120,20,90
latency,sequential,4,burst_small,256,1121,20,100
latency,sequential,4,burst_small,256,1122,20,91
latency,sequential,4,burst_small,256,1123,20,100
latency,sequential,4,burst_small,256,1124,20,90
latency,sequential,4,burst_small,256,1125,20,90
latency,sequential,4,burst_small,256,1126,20,101
latency,sequential,4,burst_small,256,1127,20,90
latency,sequential,4,burst_small,256,1128,20,100
latency,sequential,4,burst_small,256,1129,20,90
latency,sequential,4,burst_small,256,1130,10,90
latency,sequential,4,burst_small,256,1131,20,90
latency,sequential,4,burst_small,256,1132,20,90
latency,sequential,4,burst_small,256,1133,20,100
latency,sequential,4,burst_small,256,1134,20,90
latency,sequential,4,burst_small,256,1135,21,101
latency,sequential,4,burst_small,256,1136,20,90
latency,sequential,4,burst_small,256,1137,20,90
latency,sequential,4,burst_small,256,1138,20,90
latency,sequential,4,burst_small,256,1139,20,91
latency,sequential,4,burst_small,256,1140,20,100
latency,sequential,4,burst_small,256,1141,20,90
latency,sequential,4,burst_small,256,1142,20,100
latency,sequential,4,burst_small,256,1143,20,91
latency,sequential,4,burst_small,256,1144,20,90
latency,sequential,4,burst_small,256,1145,20,100
latency,sequential,4,burst_small,256,1146,20,90
latency,sequential,4,burst_small,256,1147,20,101
latency,sequential,4,burst_small,256,1148,20,90
latency,sequential,4,burst_small,256,1149,10,90
latency,sequential,4,burst_small,256,1150,20,90
latency,sequential,4,burst_small,256,1151,20,90
latency,sequential,4,burst_small,256,1152,20,100
latency,sequential,4,burst_small,256,1153,20,90
latency,sequential,4,burst_small,256,1154,20,101
latency,sequential,4,burst_small,256,1155,20,90
latency,sequential,4,burst_small,256,1156,20,100
latency,sequential,4,burst_small,256,1157,20,90
latency,sequential,4,burst_small,256,1158,20,91
latency,sequential,4,burst_small,256,1159,20,90
latency,sequential,4,burst_small,256,1160,20,90
latency,sequential,4,burst_small,256,1161,20,100
latency,sequential,4,burst_small,256,1162,20,90
latency,sequential,4,burst_small,256,1163,10,90
latency,sequential,4,burst_small,256,1164,20,90
latency,sequential,4,burst_small,256,1165,20,90
latency,sequential,4,burst_small,256,1166,20,100
latency,sequential,4,burst_small,256,1167,21,91
latency,sequential,4,burst_small,256,1168,20,100
latency,sequential,4,burst_small,256,1169,20,90
latency,sequential,4,burst_small,256,1170,10,90
latency,sequential,4,burst_small,256,1171,20,91
latency,sequential,4,burst_small,256,1172,20,90
latency,sequential,4,burst_small,256,1173,20,100
latency,sequential,4,burst_small,256,1174,20,90
latency,sequential,4,burst_small,256,1175,20,101
latency,sequential,4,burst_small,256,1176,20,90
latency,sequential,4,burst_small,256,1177,10,90
latency,sequential,4,burst_small,256,1178,20,90
latency,sequential,4,burst_small,256,1179,20,91
latency,sequential,4,burst_small,256,1180,20,100
latency,sequential,4,burst_small,256,1181,20,90
latency,sequential,4,burst_small,256,1182,20,100
latency,sequential,4,burst_small,256,1183,20,90
latency,sequential,4,burst_small,256,1184,20,100
latency,sequential,4,burst_small,256,1185,20,90
latency,sequential,4,burst_small,256,1186,20,90
latency,sequential,4,burst_small,256,1187,20,100
latency,sequential,4,burst_small,256,1188,21,91
latency,sequential,4,burst_small,256,1189,20,100
latency,sequential,4,burst_small,256,1190,20,90
latency,sequential,4,burst_small,256,1191,10,90
latency,sequential,4,burst_small,256,1192,20,91
latency,sequential,4,burst_small,256,1193,20,90
latency,sequential,4,burst_small,256,1194,20,100
latency,sequential,4,burst_small,256,1195,20,90
latency,sequential,4,burst_small,256,1196,20,101
latency,sequential,4,burst_small,256,1197,20,90
latency,sequential,4,burst_small,256,1198,20,90
latency,sequential,4,burst_small,256,1199,20,90
latency,sequential,4,burst_small,256,1200,20,91
latency,sequential,4,burst_small,256,1201,20,100
latency,sequential,4,burst_small,256,1202,20,90
latency,sequential,4,burst_small,256,1203,20,100
latency,sequential,4,burst_small,256,1204,20,90
latency,sequential,4,burst_small,256,1205,20,90
latency,sequential,4,burst_small,256,1206,20,100
latency,sequential,4,burst_small,256,1207,20,90
latency,sequential,4,burst_small,256,1208,20,100
latency,sequential,4,burst_small,256,1209,20,90
latency,sequential,4,burst_small,256,1210,20,100
latency,sequential,4,burst_small,256,1211,20,90
latency,sequential,4,burst_small,256,1212,10,90
latency,sequential,4,burst_small,256,1213,20,91
latency,sequential,4,burst_small,256,1214,20,90
latency,sequential,4,burst_small,256,1215,20,100
latency,sequential,4,burst_small,256,1216,20,90
latency,sequential,4,burst_small,256,1217,20,101
latency,sequential,4,burst_small,256,1218,20,90
latency,sequential,4,burst_small,256,1219,10,90
latency,sequential,4,burst_small,256,1220,20,90
latency,sequential,4,burst_small,256,1221,20,91
latency,sequential,4,burst_small,256,1222,20,100
latency,sequential,4,burst_small,256,1223,20,90
latency,sequential,4,burst_small,256,1224,20,100
latency,sequential,4,burst_small,256,1225,20,90
latency,sequential,4,burst_small,256,1226,10,90
latency,sequential,4,burst_small,256,1227,20,90
latency,sequential,4,burst_small,256,1228,20,90
latency,sequential,4,burst_small,256,1229,20,100
latency,sequential,4,burst_small,256,1230,20,90
latency,sequential,4,burst_small,256,1231,20,100
latency,sequential,4,burst_small,256,1232,20,90
latency,sequential,4,burst_small,256,1233,20,100
latency,sequential,4,burst_small,256,1234,20,91
latency,sequential,4,burst_small,256,1235,20,90
latency,sequential,4,burst_small,256,1236,20,90
latency,sequential,4,burst_small,256,1237,20,90
latency,sequential,4,burst_small,256,1238,20,101
latency,sequential,4,burst_small,256,1239,20,90
latency,sequential,4,burst_small,256,1240,20,100
latency,sequential,4,burst_small,256,1241,20,90
latency,sequential,4,burst_small,256,1242,10,91
latency,sequential,4,burst_small,256,1243,20,90
latency,sequential,4,burst_small,256,1244,20,90
latency,sequential,4,burst_small,256,1245,20,100
latency,sequential,4,burst_small,256,1246,20,90
latency,sequential,4,burst_small,256,1247,20,100
latency,sequential,4,burst_small,256,1248,20,90
latency,sequential,4,burst_small,256,1249,20,100
latency,sequential,4,burst_small,256,1250,20,90
latency,sequential,4,burst_small,256,1251,20,90
latency,sequential,4,burst_small,256,1252,20,90
latency,sequential,4,burst_small,256,1253,20,90
latency,sequential,4,burst_small,256,1254,20,100
latency,sequential,4,burst_small,256,1255,21,91
latency,sequential,4,burst_small,256,1256,20,100
latency,sequential,4,burst_small,256,1257,20,90
latency,sequential,4,burst_small,256,1258,20,90
latency,sequential,4,burst_small,256,1259,20,101
latency,sequential,4,burst_small,256,1260,20,90
latency,sequential,4,burst_small,256,1261,20,100
latency,sequential,4,burst_small,256,1262,20,90
latency,sequential,4,burst_small,256,1263,10,91
latency,sequential,4,burst_small,256,1264,20,90
latency,sequential,4,burst_small,256,1265,20,90
latency,sequential,4,burst_small,256,1266,20,100
latency,sequential,4,burst_small,256,1267,20,91
latency,sequential,4,burst_small,256,1268,20,100
latency,sequential,4,burst_small,256,1269,20,90
latency,sequential,4,burst_small,256,1270,20,90
latency,sequential,4,burst_small,256,1271,20,90
latency,sequential,4,burst_small,256,1272,20,90
latency,sequential,4,burst_small,256,1273,20,100
latency,sequential,4,burst_small,256,1274,20,90
latency,sequential,4,burst_small,256,1275,20,100
latency,sequential,4,burst_small,256,1276,21,91
latency,sequential,4,burst_small,256,1277,20,90
latency,sequential,4,burst_small,256,1278,20,100
latency,sequential,4,burst_small,256,1279,20,90
latency,sequential,4,burst_small,256,1280,50,160
latency,sequential,4,burst_small,256,1281,20,90
latency,sequential,4,burst_small,256,1282,20,91
latency,sequential,4,burst_small,256,1283,20,100
latency,sequential,4,burst_small,256,1284,20,90
latency,sequential,4,burst_small,256,1285,20,100
latency,sequential,4,burst_small,256,1286,20,90
latency,sequential,4,burst_small,256,1287,20,100
latency,sequential,4,burst_small,256,1288,20,90
latency,sequential,4,burst_small,256,1289,20,90
latency,sequential,4,burst_small,256,1290,20,100
latency,sequential,4,burst_small,256,1291,21,91
latency,sequential,4,burst_small,256,1292,20,100
latency,sequential,4,burst_small,256,1293,20,90
latency,sequential,4,burst_small,256,1294,20,90
latency,sequential,4,burst_small,256,1295,20,101
latency,sequential,4,burst_small,256,1296,20,90
latency,sequential,4,burst_small,256,1297,20,100
latency,sequential,4,burst_small,256,1298,20,90
latency,sequential,4,burst_small,256,1299,20,91
latency,sequential,4,burst_small,256,1300,20,90
latency,sequential,4,burst_small,256,1301,20,90
latency,sequential,4,burst_small,256,1302,20,100
latency,sequential,4,burst_small,256,1303,20,91
latency,sequential,4,burst_small,256,1304,20,100
latency,sequential,4,burst_small,256,1305,20,90
latency,sequential,4,burst_small,256,1306,20,90
latency,sequential,4,burst_small,256,1307,20,101
latency,sequential,4,burst_small,256,1308,20,90
latency,sequential,4,burst_small,256,1309,20,100
latency,sequential,4,burst_small,256,1310,20,90
latency,sequential,4,burst_small,256,1311,10,90
latency,sequential,4,burst_small,256,1312,20,90
latency,sequential,4,burst_small,256,1313,20,100
latency,sequential,4,burst_small,256,1314,20,90
latency,sequential,4,burst_small,256,1315,20,90
latency,sequential,4,burst_small,256,1316,20,100
latency,sequential,4,burst_small,256,1317,20,90
latency,sequential,4,burst_small,256,1318,20,100
latency,sequential,4,burst_small,256,1319,20,90
latency,sequential,4,burst_small,256,1320,21,101
latency,sequential,4,burst_small,256,1321,20,90
latency,sequential,4,burst_small,256,1322,20,90
latency,sequential,4,burst_small,256,1323,20,100
latency,sequential,4,burst_small,256,1324,20,91
latency,sequential,4,burst_small,256,1325,20,100
latency,sequential,4,burst_small,256,1326,20,90
latency,sequential,4,burst_small,256,1327,10,90
latency,sequential,4,burst_small,256,1328,20,91
latency,sequential,4,burst_small,256,1329,20,90
latency,sequential,4,burst_small,256,1330,20,100
latency,sequential,4,burst_small,256,1331,20,90
latency,sequential,4,burst_small,256,1332,20,101
latency,sequential,4,burst_small,256,1333,20,90
latency,sequential,4,burst_small,256,1334,20,100
latency,sequential,4,burst_small,256,1335,20,90
latency,sequential,4,burst_small,256,1336,20,90
latency,sequential,4,burst_small,256,1337,20,90
latency,sequential,4,burst_small,256,1338,20,90
latency,sequential,4,burst_small,256,1339,20,100
latency,sequential,4,burst_small,256,1340,20,90
latency,sequential,4,burst_small,256,1341,21,101
latency,sequential,4,burst_small,256,1342,20,90
latency,sequential,4,burst_small,256,1343,20,90
latency,sequential,4,burst_small,256,1344,20,100
latency,sequential,4,burst_small,256,1345,20,90
latency,sequential,4,burst_small,256,1346,20,100
latency,sequential,4,burst_small,256,1347,20,90
latency,sequential,4,burst_small,256,1348,21,91
latency,sequential,4,burst_small,256,1349,20,100
latency,sequential,4,burst_small,256,1350,20,90
latency,sequential,4,burst_small,256,1351,20,100
latency,sequential,4,burst_small,256,1352,20,91
latency,sequential,4,burst_small,256,1353,20,100
latency,sequential,4,burst_small,256,1354,20,90
latency,sequential,4,burst_small,256,1355,10,90
latency,sequential,4,burst_small,256,1356,20,91
latency,sequential,4,burst_small,256,1357,20,90
latency,sequential,4,burst_small,256,1358,20,100
latency,sequential,4,burst_small,256,1359,20,90
latency,sequential,4,burst_small,256,1360,20,101
latency,sequential,4,burst_small,256,1361,20,90
latency,sequential,4,burst_small,256,1362,10,90
latency,sequential,4,burst_small,256,1363,20,90
latency,sequential,4,burst_small,256,1364,20,90
latency,sequential,4,burst_small,256,1365,20,100
latency,sequential,4,burst_small,256,1366,20,90
latency,sequential,4,burst_small,256,1367,20,100
latency,sequential,4,burst_small,256,1368,20,90
latency,sequential,4,burst_small,256,1369,20,90
latency,sequential,4,burst_small,256,1370,20,90
latency,sequential,4,burst_small,256,1371,20,90
latency,sequential,4,burst_small,256,1372,20,100
latency,sequential,4,burst_small,256,1373,20,91
latency,sequential,4,burst_small,256,1374,20,100
latency,sequential,4,burst_small,256,1375,20,90
latency,sequential,4,burst_small,256,1376,20,90
latency,sequential,4,burst_small,256,1377,20,101
latency,sequential,4,burst_small,256,1378,20,90
latency,sequential,4,burst_small,256,1379,20,100
latency,sequential,4,burst_small,256,1380,20,90
latency,sequential,4,burst_small,256,1381,10,91
latency,sequential,4,burst_small,256,1382,20,90
latency,sequential,4,burst_small,256,1383,20,90
latency,sequential,4,burst_small,256,1384,20,100
latency,sequential,4,burst_small,256,1385,20,90
latency,sequential,4,burst_small,256,1386,20,100
latency,sequential,4,burst_small,256,1387,20,90
latency,sequential,4,burst_small,256,1388,10,90
latency,sequential,4,burst_small,256,1389,20,90
latency,sequential,4,burst_small,256,1390,20,90
latency,sequential,4,burst_small,256,1391,20,100
latency,sequential,4,burst_small,256,1392,20,90
latency,sequential,4,burst_small,256,1393,20,100
latency,sequential,4,burst_small,256,1394,20,91
latency,sequential,4,burst_small,256,1395,20,100
latency,sequential,4,burst_small,256,1396,20,90
latency,sequential,4,burst_small,256,1397,20,90
latency,sequential,4,burst_small,256,1398,20,101
latency,sequential,4,burst_small,256,1399,20,90
latency,sequential,4,burst_small,256,1400,20,100
latency,sequential,4,burst_small,256,1401,20,90
latency,sequential,4,burst_small,256,1402,20,101
latency,sequential,4,burst_small,256,1403,20,90
latency,sequential,4,burst_small,256,1404,20,90
latency,sequential,4,burst_small,256,1405,20,100
latency,sequential,4,burst_small,256,1406,20,90
latency,sequential,4,burst_small,256,1407,20,100
latency,sequential,4,burst_small,256,1408,20,90
latency,sequential,4,burst_small,256,1409,20,91
latency,sequential,4,burst_small,256,1410,20,90
latency,sequential,4,burst_small,256,1411,20,90
latency,sequential,4,burst_small,256,1412,20,90
latency,sequential,4,burst_small,256,1413,20,101
latency,sequential,4,burst_small,256,1414,20,90
latency,sequential,4,burst_small,256,1415,20,100
latency,sequential,4,burst_small,256,1416,20,90
latency,sequential,4,burst_small,256,1417,20,100
latency,sequential,4,burst_small,256,1418,20,90
latency,sequential,4,burst_small,256,1419,20,90
latency,sequential,4,burst_small,256,1420,20,90
latency,sequential,4,burst_small,256,1421,20,90
latency,sequential,4,burst_small,256,1422,21,101
latency,sequential,4,burst_small,256,1423,20,90
latency,sequential,4,burst_small,256,1424,20,100
latency,sequential,4,burst_small,256,1425,20,90
latency,sequential,4,burst_small,256,1426,10,91
latency,sequential,4,burst_small,256,1427,20,90
latency,sequential,4,burst_small,256,1428,10,90
latency,sequential,4,burst_small,256,1429,20,90
latency,sequential,4,burst_small,256,1430,20,91
latency,sequential,4,burst_small,256,1431,20,100
latency,sequential,4,burst_small,256,1432,20,90
latency,sequential,4,burst_small,256,1433,20,100
latency,sequential,4,burst_small,256,1434,20,91
latency,sequential,4,burst_small,256,1435,10,90
latency,sequential,4,burst_small,256,1436,20,90
latency,sequential,4,burst_small,256,1437,20,90
latency,sequential,4,burst_small,256,1438,20,100
latency,sequential,4,burst_small,256,1439,20,90
latency,sequential,4,burst_small,256,1440,20,100
latency,sequential,4,burst_small,256,1441,20,90
latency,sequential,4,burst_small,256,1442,10,90
latency,sequential,4,burst_small,256,1443,20,90
latency,sequential,4,burst_small,256,1444,20,90
latency,sequential,4,burst_small,256,1445,20,100
latency,sequential,4,burst_small,256,1446,20,90
latency,sequential,4,burst_small,256,1447,20,101
latency,sequential,4,burst_small,256,1448,20,90
latency,sequential,4,burst_small,256,1449,20,100
latency,sequential,4,burst_small,256,1450,20,90
latency,sequential,4,burst_small,256,1451,20,91
latency,sequential,4,burst_small,256,1452,20,90
latency,sequential,4,burst_small,256,1453,20,90
latency,sequential,4,burst_small,256,1454,20,100
latency,sequential,4,burst_small,256,1455,20,91
latency,sequential,4,burst_small,256,1456,20,100
latency,sequential,4,burst_small,256,1457,20,90
latency,sequential,4,burst_small,256,1458,20,90
latency,sequential,4,burst_small,256,1459,20,90
latency,sequential,4,burst_small,256,1460,20,90
latency,sequential,4,burst_small,256,1461,20,100
latency,sequential,4,burst_small,256,1462,20,90
latency,sequential,4,burst_small,256,1463,20,100
latency,sequential,4,burst_small,256,1464,20,90
latency,sequential,4,burst_small,256,1465,20,90
latency,sequential,4,burst_small,256,1466,20,100
latency,sequential,4,burst_small,256,1467,20,90
latency,sequential,4,burst_small,256,1468,20,101
latency,sequential,4,burst_small,256,1469,20,90
latency,sequential,4,burst_small,256,1470,10,90
latency,sequential,4,burst_small,256,1471,20,90
latency,sequential,4,burst_small,256,1472,20,91
latency,sequential,4,burst_small,256,1473,20,100
latency,sequential,4,burst_small,256,1474,20,90
latency,sequential,4,burst_small,256,1475,20,100
latency,sequential,4,burst_small,256,1476,20,91
latency,sequential,4,burst_small,256,1477,10,90
latency,sequential,4,burst_small,256,1478,20,90
latency,sequential,4,burst_small,256,1479,20,90
latency,sequential,4,burst_small,256,1480,20,101
latency,sequential,4,burst_small,256,1481,20,90
latency,sequential,4,burst_small,256,1482,20,100
latency,sequential,4,burst_small,256,1483,20,90
latency,sequential,4,burst_small,256,1484,10,90
latency,sequential,4,burst_small,256,1485,20,90
latency,sequential,4,burst_small,256,1486,20,90
latency,sequential,4,burst_small,256,1487,20,100
latency,sequential,4,burst_small,256,1488,20,90
latency,sequential,4,burst_small,256,1489,11,91
latency,sequential,4,burst_small,256,1490,20,90
latency,sequential,4,burst_small,256,1491,20,90
latency,sequential,4,burst_small,256,1492,20,100
latency,sequential,4,burst_small,256,1493,20,91
latency,sequential,4,burst_small,256,1494,20,100
latency,sequential,4,burst_small,256,1495,20,90
latency,sequential,4,burst_small,256,1496,10,90
latency,sequential,4,burst_small,256,1497,20,101
latency,sequential,4,burst_small,256,1498,20,90
latency,sequential,4,burst_small,256,1499,20,100
latency,sequential,4,burst_small,256,1500,20,90
latency,sequential,4,burst_small,256,1501,10,91
latency,sequential,4,burst_small,256,1502,20,100
latency,sequential,4,burst_small,256,1503,20,90
latency,sequential,4,burst_small,256,1504,20,100
latency,sequential,4,burst_small,256,1505,20,90
latency,sequential,4,burst_small,256,1506,10,90
latency,sequential,4,burst_small,256,1507,20,90
latency,sequential,4,burst_small,256,1508,20,90
latency,sequential,4,burst_small,256,1509,20,100
latency,sequential,4,burst_small,256,1510,21,91
latency,sequential,4,burst_small,256,1511,20,100
latency,sequential,4,burst_small,256,1512,20,90
latency,sequential,4,burst_small,256,1513,20,90
latency,sequential,4,burst_small,256,1514,20,101
latency,sequential,4,burst_small,256,1515,20,90
latency,sequential,4,burst_small,256,1516,20,100
latency,sequential,4,burst_small,256,1517,20,90
latency,sequential,4,burst_small,256,1518,20,91
latency,sequential,4,burst_small,256,1519,20,100
latency,sequential,4,burst_small,256,1520,20,90
latency,sequential,4,burst_small,256,1521,20,100
latency,sequential,4,burst_small,256,1522,20,91
latency,sequential,4,burst_small,256,1523,10,90
latency,sequential,4,burst_small,256,1524,20,90
latency,sequential,4,burst_small,256,1525,20,90
latency,sequential,4,burst_small,256,1526,20,100
latency,sequential,4,burst_small,256,1527,20,90
latency,sequential,4,burst_small,256,1528,20,100
latency,sequential,4,burst_small,256,1529,20,90
latency,sequential,4,burst_small,256,1530,20,90
latency,sequential,4,burst_small,256,1531,21,101
latency,sequential,4,burst_small,256,1532,20,90
latency,sequential,4,burst_small,256,1533,20,100
latency,sequential,4,burst_small,256,1534,20,90
latency,sequential,4,burst_small,256,1535,10,91
latency,sequential,4,burst_small,256,1536,50,160
latency,sequential,4,burst_small,256,1537,20,90
latency,sequential,4,burst_small,256,1538,20,90
latency,sequential,4,burst_small,256,1539,20,100
latency,sequential,4,burst_small,256,1540,20,90
latency,sequential,4,burst_small,256,1541,20,90
latency,sequential,4,burst_small,256,1542,20,100
latency,sequential,4,burst_small,256,1543,20,90
latency,sequential,4,burst_small,256,1544,11,91
latency,sequential,4,burst_small,256,1545,20,100
latency,sequential,4,burst_small,256,1546,20,90
latency,sequential,4,burst_small,256,1547,20,91
latency,sequential,4,burst_small,256,1548,20,90
latency,sequential,4,burst_small,256,1549,20,90
latency,sequential,4,burst_small,256,1550,20,100
latency,sequential,4,burst_small,256,1551,20,91
latency,sequential,4,burst_small,256,1552,20,100
latency,sequential,4,burst_small,256,1553,20,90
latency,sequential,4,burst_small,256,1554,20,90
latency,sequential,4,burst_small,256,1555,20,101
latency,sequential,4,burst_small,256,1556,20,90
latency,sequential,4,burst_small,256,1557,20,100
latency,sequential,4,burst_small,256,1558,20,90
latency,sequential,4,burst_small,256,1559,10,91
latency,sequential,4,burst_small,256,1560,20,90
latency,sequential,4,burst_small,256,1561,20,90
latency,sequential,4,burst_small,256,1562,20,100
latency,sequential,4,burst_small,256,1563,20,90
latency,sequential,4,burst_small,256,1564,20,100
latency,sequential,4,burst_small,256,1565,20,90
latency,sequential,4,burst_small,256,1566,10,90
latency,sequential,4,burst_small,256,1567,20,90
latency,sequential,4,burst_small,256,1568,20,90
latency,sequential,4,burst_small,256,1569,20,90
latency,sequential,4,burst_small,256,1570,20,90
latency,sequential,4,burst_small,256,1571,20,100
latency,sequential,4,burst_small,256,1572,21,91
latency,sequential,4,burst_small,256,1573,20,100
latency,sequential,4,burst_small,256,1574,20,90
latency,sequential,4,burst_small,256,1575,10,90
latency,sequential,4,burst_small,256,1576,20,91
latency,sequential,4,burst_small,256,1577,20,90
latency,sequential,4,burst_small,256,1578,20,100
latency,sequential,4,burst_small,256,1579,20,90
latency,sequential,4,burst_small,256,1580,20,101
latency,sequential,4,burst_small,256,1581,20,90
latency,sequential,4,burst_small,256,1582,20,100
latency,sequential,4,burst_small,256,1583,20,90
latency,sequential,4,burst_small,256,1584,20,91
latency,sequential,4,burst_small,256,1585,20,90
latency,sequential,4,burst_small,256,1586,20,90
latency,sequential,4,burst_small,256,1587,20,100
latency,sequential,4,burst_small,256,1588,20,90
latency,sequential,4,burst_small,256,1589,20,100
latency,sequential,4,burst_small,256,1590,20,90
latency,sequential,4,burst_small,256,1591,20,90
latency,sequential,4,burst_small,256,1592,20,100
latency,sequential,4,burst_small,256,1593,21,91
latency,sequential,4,burst_small,256,1594,20,100
latency,sequential,4,burst_small,256,1595,20,90
latency,sequential,4,burst_small,256,1596,20,100
latency,sequential,4,burst_small,256,1597,20,91
latency,sequential,4,burst_small,256,1598,20,90
latency,sequential,4,burst_small,256,1599,20,100
latency,sequential,4,burst_small,256,1600,20,90
latency,sequential,4,burst_small,256,1601,20,90
latency,sequential,4,burst_small,256,1602,20,100
latency,sequential,4,burst_small,256,1603,20,90
latency,sequential,4,burst_small,256,1604,10,91
latency,sequential,4,burst_small,256,1605,20,90
latency,sequential,4,burst_small,256,1606,20,90
latency,sequential,4,burst_small,256,1607,20,100
latency,sequential,4,burst_small,256,1608,20,91
latency,sequential,4,burst_small,256,1609,20,100
latency,sequential,4,burst_small,256,1610,20,90
latency,sequential,4,burst_small,256,1611,20,100
latency,sequential,4,burst_small,256,1612,20,91
latency,sequential,4,burst_small,256,1613,20,90
latency,sequential,4,burst_small,256,1614,20,90
latency,sequential,4,burst_small,256,1615,20,90
latency,sequential,4,burst_small,256,1616,20,100
latency,sequential,4,burst_small,256,1617,20,90
latency,sequential,4,burst_small,256,1618,20,100
latency,sequential,4,burst_small,256,1619,20,90
latency,sequential,4,burst_small,256,1620,10,90
latency,sequential,4,burst_small,256,1621,21,91
latency,sequential,4,burst_small,256,1622,20,90
latency,sequential,4,burst_small,256,1623,20,90
latency,sequential,4,burst_small,256,1624,20,90
latency,sequential,4,burst_small,256,1625,20,101
latency,sequential,4,burst_small,256,1626,20,90
latency,sequential,4,burst_small,256,1627,20,100
latency,sequential,4,burst_small,256,1628,20,90
latency,sequential,4,burst_small,256,1629,20,91
latency,sequential,4,burst_small,256,1630,20,90
latency,sequential,4,burst_small,256,1631,20,90
latency,sequential,4,burst_small,256,1632,20,100
latency,sequential,4,burst_small,256,1633,20,91
latency,sequential,4,burst_small,256,1634,20,100
latency,sequential,4,burst_small,256,1635,20,90
latency,sequential,4,burst_small,256,1636,20,100
latency,sequential,4,burst_small,256,1637,20,90
latency,sequential,4,burst_small,256,1638,20,90
latency,sequential,4,burst_small,256,1639,20,90
latency,sequential,4,burst_small,256,1640,20,90
latency,sequential,4,burst_small,256,1641,20,100
latency,sequential,4,burst_small,256,1642,20,90
latency,sequential,4,burst_small,256,1643,20,100
latency,sequential,4,burst_small,256,1644,20,90
latency,sequential,4,burst_small,256,1645,10,90
latency,sequential,4,burst_small,256,1646,20,91
latency,sequential,4,burst_small,256,1647,20,90
latency,sequential,4,burst_small,256,1648,20,100
latency,sequential,4,burst_small,256,1649,20,90
latency,sequential,4,burst_small,256,1650,20,101
latency,sequential,4,burst_small,256,1651,20,90
latency,sequential,4,burst_small,256,1652,10,90
latency,sequential,4,burst_small,256,1653,20,90
latency,sequential,4,burst_small,256,1654,20,91
latency,sequential,4,burst_small,256,1655,20,90
latency,sequential,4,burst_small,256,1656,20,90
latency,sequential,4,burst_small,256,1657,20,100
latency,sequential,4,burst_small,256,1658,20,90
latency,sequential,4,burst_small,256,1659,20,100
latency,sequential,4,burst_small,256,1660,20,90
latency,sequential,4,burst_small,256,1661,20,90
latency,sequential,4,burst_small,256,1662,20,100
latency,sequential,4,burst_small,256,1663,20,90
latency,sequential,4,burst_small,256,1664,20,100
latency,sequential,4,burst_small,256,1665,20,101
latency,sequential,4,burst_small,256,1666,20,90
latency,sequential,4,burst_small,256,1667,20,100
latency,sequential,4,burst_small,256,1668,20,90
latency,sequential,4,burst_small,256,1669,10,90
latency,sequential,4,burst_small,256,1670,20,90
latency,sequential,4,burst_small,256,1671,20,90
latency,sequential,4,burst_small,256,1672,20,100
latency,sequential,4,burst_small,256,1673,20,90
latency,sequential,4,burst_small,256,1674,21,101
latency,sequential,4,burst_small,256,1675,20,90
latency,sequential,4,burst_small,256,1676,10,90
latency,sequential,4,burst_small,256,1677,20,90
latency,sequential,4,burst_small,256,1678,20,91
latency,sequential,4,burst_small,256,1679,20,100
latency,sequential,4,burst_small,256,1680,20,90
latency,sequential,4,burst_small,256,1681,10,90
latency,sequential,4,burst_small,256,1682,20,91
latency,sequential,4,burst_small,256,1683,20,90
latency,sequential,4,burst_small,256,1684,20,100
latency,sequential,4,burst_small,256,1685,20,90
latency,sequential,4,burst_small,256,1686,20,101
latency,sequential,4,burst_small,256,1687,20,90
latency,sequential,4,burst_small,256,1688,10,90
latency,sequential,4,burst_small,256,1689,20,90
latency,sequential,4,burst_small,256,1690,20,90
latency,sequential,4,burst_small,256,1691,20,100
latency,sequential,4,burst_small,256,1692,20,90
latency,sequential,4,burst_small,256,1693,10,90
latency,sequential,4,burst_small,256,1694,20,90
latency,sequential,4,burst_small,256,1695,20,90
latency,sequential,4,burst_small,256,1696,20,100
latency,sequential,4,burst_small,256,1697,20,90
latency,sequential,4,burst_small,256,1698,20,100
latency,sequential,4,burst_small,256,1699,21,91
latency,sequential,4,burst_small,256,1700,20,90
latency,sequential,4,burst_small,256,1701,20,100
latency,sequential,4,burst_small,256,1702,20,90
latency,sequential,4,burst_small,256,1703,20,101
latency,sequential,4,burst_small,256,1704,20,90
latency,sequential,4,burst_small,256,1705,10,90
latency,sequential,4,burst_small,256,1706,20,100
latency,sequential,4,burst_small,256,1707,20,91
latency,sequential,4,burst_small,256,1708,20,100
latency,sequential,4,burst_small,256,1709,20,90
latency,sequential,4,burst_small,256,1710,20,90
latency,sequential,4,burst_small,256,1711,20,90
latency,sequential,4,burst_small,256,1712,20,90
latency,sequential,4,burst_small,256,1713,20,100
latency,sequential,4,burst_small,256,1714,20,90
latency,sequential,4,burst_small,256,1715,10,90
latency,sequential,4,burst_small,256,1716,20,90
latency,sequential,4,burst_small,256,1717,20,90
latency,sequential,4,burst_small,256,1718,20,100
latency,sequential,4,burst_small,256,1719,20,90
latency,sequential,4,burst_small,256,1720,21,101
latency,sequential,4,burst_small,256,1721,20,90
latency,sequential,4,burst_small,256,1722,20,90
latency,sequential,4,burst_small,256,1723,20,100
latency,sequential,4,burst_small,256,1724,20,91
latency,sequential,4,burst_small,256,1725,20,100
latency,sequential,4,burst_small,256,1726,20,90
latency,sequential,4,burst_small,256,1727,20,90
latency,sequential,4,burst_small,256,1728,20,101
latency,sequential,4,burst_small,256,1729,20,90
latency,sequential,4,burst_small,256,1730,20,100
latency,sequential,4,burst_small,256,1731,20,90
latency,sequential,4,burst_small,256,1732,10,91
latency,sequential,4,burst_small,256,1733,20,90
latency,sequential,4,burst_small,256,1734,20,90
latency,sequential,4,burst_small,256,1735,20,100
latency,sequential,4,burst_small,256,1736,20,90
latency,sequential,4,burst_small,256,1737,20,100
latency,sequential,4,burst_small,256,1738,20,90
latency,sequential,4,burst_small,256,1739,20,90
latency,sequential,4,burst_small,256,1740,20,100
latency,sequential,4,burst_small,256,1741,21,91
latency,sequential,4,burst_small,256,1742,20,100
latency,sequential,4,burst_small,256,1743,20,90
latency,sequential,4,burst_small,256,1744,10,90
latency,sequential,4,burst_small,256,1745,20,91
latency,sequential,4,burst_small,256,1746,20,90
latency,sequential,4,burst_small,256,1747,20,100
latency,sequential,4,burst_small,256,1748,20,90
latency,sequential,4,burst_small,256,1749,20,101
latency,sequential,4,burst_small,256,1750,20,90
latency,sequential,4,burst_small,256,1751,20,90
latency,sequential,4,burst_small,256,1752,20,90
latency,sequential,4,burst_small,256,1753,20,91
latency,sequential,4,burst_small,256,1754,20,100
latency,sequential,4,burst_small,256,1755,20,90
latency,sequential,4,burst_small,256,1756,20,100
latency,sequential,4,burst_small,256,1757,20,90
latency,sequential,4,burst_small,256,1758,20,90
latency,sequential,4,burst_small,256,1759,20,90
latency,sequential,4,burst_small,256,1760,20,90
latency,sequential,4,burst_small,256,1761,20,100
latency,sequential,4,burst_small,256,1762,20,90
latency,sequential,4,burst_small,256,1763,20,100
latency,sequential,4,burst_small,256,1764,20,90
latency,sequential,4,burst_small,256,1765,20,90
latency,sequential,4,burst_small,256,1766,20,101
latency,sequential,4,burst_small,256,1767,20,90
latency,sequential,4,burst_small,256,1768,20,100
latency,sequential,4,burst_small,256,1769,20,90
latency,sequential,4,burst_small,256,1770,20,101
latency,sequential,4,burst_small,256,1771,20,90
latency,sequential,4,burst_small,256,1772,10,90
latency,sequential,4,burst_small,256,1773,20,90
latency,sequential,4,burst_small,256,1774,20,91
latency,sequential,4,burst_small,256,1775,20,100
latency,sequential,4,burst_small,256,1776,20,90
latency,sequential,4,burst_small,256,1777,20,100
latency,sequential,4,burst_small,256,1778,20,90
latency,sequential,4,burst_small,256,1779,20,90
latency,sequential,4,burst_small,256,1780,20,90
latency,sequential,4,burst_small,256,1781,20,90
latency,sequential,4,burst_small,256,1782,20,100
latency,sequential,4,burst_small,256,1783,20,90
latency,sequential,4,burst_small,256,1784,20,100
latency,sequential,4,burst_small,256,1785,20,90
latency,sequential,4,burst_small,256,1786,20,90
latency,sequential,4,burst_small,256,1787,20,101
latency,sequential,4,burst_small,256,1788,20,90
latency,sequential,4,burst_small,256,1789,20,100
latency,sequential,4,burst_small,256,1790,20,90
latency,sequential,4,burst_small,256,1791,20,101
latency,sequential,4,burst_small,256,1792,60,160
latency,sequential,4,burst_small,256,1793,20,90
latency,sequential,4,burst_small,256,1794,20,101
latency,sequential,4,burst_small,256,1795,20,90
latency,sequential,4,burst_small,256,1796,20,100
latency,sequential,4,burst_small,256,1797,20,90
latency,sequential,4,burst_small,256,1798,20,100
latency,sequential,4,burst_small,256,1799,20,90
latency,sequential,4,burst_small,256,1800,20,90
latency,sequential,4,burst_small,256,1801,20,90
latency,sequential,4,burst_small,256,1802,20,90
latency,sequential,4,burst_small,256,1803,21,101
latency,sequential,4,burst_small,256,1804,20,90
latency,sequential,4,burst_small,256,1805,20,100
latency,sequential,4,burst_small,256,1806,20,90
latency,sequential,4,burst_small,256,1807,10,91
latency,sequential,4,burst_small,256,1808,20,90
latency,sequential,4,burst_small,256,1809,20,90
latency,sequential,4,burst_small,256,1810,20,100
latency,sequential,4,burst_small,256,1811,20,91
latency,sequential,4,burst_small,256,1812,20,100
latency,sequential,4,burst_small,256,1813,20,90
latency,sequential,4,burst_small,256,1814,10,90
latency,sequential,4,burst_small,256,1815,20,91
latency,sequential,4,burst_small,256,1816,20,90
latency,sequential,4,burst_small,256,1817,20,100
latency,sequential,4,burst_small,256,1818,20,90
latency,sequential,4,burst_small,256,1819,20,101
latency,sequential,4,burst_small,256,1820,20,90
latency,sequential,4,burst_small,256,1821,20,100
latency,sequential,4,burst_small,256,1822,20,90
latency,sequential,4,burst_small,256,1823,20,90
latency,sequential,4,burst_small,256,1824,20,90
latency,sequential,4,burst_small,256,1825,10,90
latency,sequential,4,burst_small,256,1826,20,90
latency,sequential,4,burst_small,256,1827,20,90
latency,sequential,4,burst_small,256,1828,20,100
latency,sequential,4,burst_small,256,1829,20,90
latency,sequential,4,burst_small,256,1830,20,100
latency,sequential,4,burst_small,256,1831,20,90
latency,sequential,4,burst_small,256,1832,11,91
latency,sequential,4,burst_small,256,1833,20,90
latency,sequential,4,burst_small,256,1834,20,90
latency,sequential,4,burst_small,256,1835,20,100
latency,sequential,4,burst_small,256,1836,20,91
latency,sequential,4,burst_small,256,1837,20,100
latency,sequential,4,burst_small,256,1838,20,90
latency,sequential,4,burst_small,256,1839,20,90
latency,sequential,4,burst_small,256,1840,20,91
latency,sequential,4,burst_small,256,1841,20,90
latency,sequential,4,burst_small,256,1842,20,100
latency,sequential,4,burst_small,256,1843,20,90
latency,sequential,4,burst_small,256,1844,20,101
latency,sequential,4,burst_small,256,1845,20,90
latency,sequential,4,burst_small,256,1846,10,90
latency,sequential,4,burst_small,256,1847,20,100
latency,sequential,4,burst_small,256,1848,20,90
latency,sequential,4,burst_small,256,1849,20,100
latency,sequential,4,burst_small,256,1850,20,90
latency,sequential,4,burst_small,256,1851,20,100
latency,sequential,4,burst_small,256,1852,20,90
latency,sequential,4,burst_small,256,1853,10,90
latency,sequential,4,burst_small,256,1854,20,90
latency,sequential,4,burst_small,256,1855,20,90
latency,sequential,4,burst_small,256,1856,20,100
latency,sequential,4,burst_small,256,1857,20,100
latency,sequential,4,burst_small,256,1858,20,90
latency,sequential,4,burst_small,256,1859,20,100
latency,sequential,4,burst_small,256,1860,21,91
latency,sequential,4,burst_small,256,1861,20,90
latency,sequential,4,burst_small,256,1862,20,100
latency,sequential,4,burst_small,256,1863,20,90
latency,sequential,4,burst_small,256,1864,20,101
latency,sequential,4,burst_small,256,1865,20,90
latency,sequential,4,burst_small,256,1866,10,90
latency,sequential,4,burst_small,256,1867,20,90
latency,sequential,4,burst_small,256,1868,20,91
latency,sequential,4,burst_small,256,1869,20,100
latency,sequential,4,burst_small,256,1870,20,90
latency,sequential,4,burst_small,256,1871,20,100
latency,sequential,4,burst_small,256,1872,20,91
latency,sequential,4,burst_small,256,1873,20,90
latency,sequential,4,burst_small,256,1874,20,100
latency,sequential,4,burst_small,256,1875,20,90
latency,sequential,4,burst_small,256,1876,20,100
latency,sequential,4,burst_small,256,1877,20,90
latency,sequential,4,burst_small,256,1878,10,90
latency,sequential,4,burst_small,256,1879,20,90
latency,sequential,4,burst_small,256,1880,20,90
latency,sequential,4,burst_small,256,1881,21,101
latency,sequential,4,burst_small,256,1882,20,90
latency,sequential,4,burst_small,256,1883,20,100
latency,sequential,4,burst_small,256,1884,20,90
latency,sequential,4,burst_small,256,1885,21,91
latency,sequential,4,burst_small,256,1886,20,100
latency,sequential,4,burst_small,256,1887,20,90
latency,sequential,4,burst_small,256,1888,20,100
latency,sequential,4,burst_small,256,1889,20,91
latency,sequential,4,burst_small,256,1890,20,90
latency,sequential,4,burst_small,256,1891,20,100
latency,sequential,4,burst_small,256,1892,20,90
latency,sequential,4,burst_small,256,1893,20,101
latency,sequential,4,burst_small,256,1894,20,90
latency,sequential,4,burst_small,256,1895,10,90
latency,sequential,4,burst_small,256,1896,20,100
latency,sequential,4,burst_small,256,1897,20,91
latency,sequential,4,burst_small,256,1898,20,100
latency,sequential,4,burst_small,256,1899,20,90
latency,sequential,4,burst_small,256,1900,10,90
latency,sequential,4,burst_small,256,1901,20,100
latency,sequential,4,burst_small,256,1902,20,90
latency,sequential,4,burst_small,256,1903,20,100
latency,sequential,4,burst_small,256,1904,20,90
latency,sequential,4,burst_small,256,1905,10,90
latency,sequential,4,burst_small,256,1906,21,91
latency,sequential,4,burst_small,256,1907,20,90
latency,sequential,4,burst_small,256,1908,20,100
latency,sequential,4,burst_small,256,1909,20,90
latency,sequential,4,burst_small,256,1910,10,91
latency,sequential,4,burst_small,256,1911,20,90
latency,sequential,4,burst_small,256,1912,20,90
latency,sequential,4,burst_small,256,1913,20,100
latency,sequential,4,burst_small,256,1914,20,91
latency,sequential,4,burst_small,256,1915,20,100
latency,sequential,4,burst_small,256,1916,20,90
latency,sequential,4,burst_small,256,1917,20,90
latency,sequential,4,burst_small,256,1918,20,101
latency,sequential,4,burst_small,256,1919,20,90
latency,sequential,4,burst_small,256,1920,20,100
latency,sequential,4,burst_small,256,1921,10,91
latency,sequential,4,burst_small,256,1922,20,90
latency,sequential,4,burst_small,256,1923,20,90
latency,sequential,4,burst_small,256,1924,20,100
latency,sequential,4,burst_small,256,1925,20,91
latency,sequential,4,burst_small,256,1926,10,90
latency,sequential,4,burst_small,256,1927,20,90
latency,sequential,4,burst_small,256,1928,20,90
latency,sequential,4,burst_small,256,1929,20,101
latency,sequential,4,burst_small,256,1930,20,90
latency,sequential,4,burst_small,256,1931,20,100
latency,sequential,4,burst_small,256,1932,20,90
latency,sequential,4,burst_small,256,1933,10,90
latency,sequential,4,burst_small,256,1934,20,90
latency,sequential,4,burst_small,256,1935,20,90
latency,sequential,4,burst_small,256,1936,20,100
latency,sequential,4,burst_small,256,1937,20,90
latency,sequential,4,burst_small,256,1938,21,101
latency,sequential,4,burst_small,256,1939,20,90
latency,sequential,4,burst_small,256,1940,20,100
latency,sequential,4,burst_small,256,1941,20,90
latency,sequential,4,burst_small,256,1942,20,91
latency,sequential,4,burst_small,256,1943,20,100
latency,sequential,4,burst_small,256,1944,20,90
latency,sequential,4,burst_small,256,1945,20,100
latency,sequential,4,burst_small,256,1946,20,91
latency,sequential,4,burst_small,256,1947,20,90
latency,sequential,4,burst_small,256,1948,20,90
latency,sequential,4,burst_small,256,1949,20,90
latency,sequential,4,burst_small,256,1950,20,101
latency,sequential,4,burst_small,256,1951,20,90
latency,sequential,4,burst_small,256,1952,20,100
latency,sequential,4,burst_small,256,1953,20,90
latency,sequential,4,burst_small,256,1954,20,90
latency,sequential,4,burst_small,256,1955,20,100
latency,sequential,4,burst_small,256,1956,20,90
latency,sequential,4,burst_small,256,1957,20,100
latency,sequential,4,burst_small,256,1958,20,90
latency,sequential,4,burst_small,256,1959,10,90
latency,sequential,4,burst_small,256,1960,20,90
latency,sequential,4,burst_small,256,1961,20,90
latency,sequential,4,burst_small,256,1962,20,100
latency,sequential,4,burst_small,256,1963,20,91
latency,sequential,4,burst_small,256,1964,20,100
latency,sequential,4,burst_small,256,1965,20,90
latency,sequential,4,burst_small,256,1966,20,90
latency,sequential,4,burst_small,256,1967,20,91
latency,sequential,4,burst_small,256,1968,20,90
latency,sequential,4,burst_small,256,1969,20,100
latency,sequential,4,burst_small,256,1970,20,90
latency,sequential,4,burst_small,256,1971,20,101
latency,sequential,4,burst_small,256,1972,20,90
latency,sequential,4,burst_small,256,1973,10,90
latency,sequential,4,burst_small,256,1974,20,90
latency,sequential,4,burst_small,256,1975,20,90
latency,sequential,4,burst_small,256,1976,20,100
latency,sequential,4,burst_small,256,1977,20,90
latency,sequential,4,burst_small,256,1978,10,90
latency,sequential,4,burst_small,256,1979,20,90
latency,sequential,4,burst_small,256,1980,10,90
latency,sequential,4,burst_small,256,1981,20,100
latency,sequential,4,burst_small,256,1982,20,90
latency,sequential,4,burst_small,256,1983,20,100
latency,sequential,4,burst_small,256,1984,20,91
latency,sequential,4,burst_small,256,1985,20,100
latency,sequential,4,burst_small,256,1986,20,90
latency,sequential,4,burst_small,256,1987,20,90
latency,sequential,4,burst_small,256,1988,20,91
latency,sequential,4,burst_small,256,1989,20,90
latency,sequential,4,burst_small,256,1990,20,100
latency,sequential,4,burst_small,256,1991,20,90
latency,sequential,4,burst_small,256,1992,20,101
latency,sequential,4,burst_small,256,1993,20,90
latency,sequential,4,burst_small,256,1994,20,90
latency,sequential,4,burst_small,256,1995,20,100
latency,sequential,4,burst_small,256,1996,20,90
latency,sequential,4,burst_small,256,1997,20,100
latency,sequential,4,burst_small,256,1998,20,90
latency,sequential,4,burst_small,256,1999,10,90
latency,sequential,4,burst_small,256,2000,20,90
latency,sequential,4,burst_small,256,2001,20,90
latency,sequential,4,burst_small,256,2002,20,100
latency,sequential,4,burst_small,256,2003,20,90
latency,sequential,4,burst_small,256,2004,20,100
latency,sequential,4,burst_small,256,2005,21,91
latency,sequential,4,burst_small,256,2006,20,90
latency,sequential,4,burst_small,256,2007,20,90
latency,sequential,4,burst_small,256,2008,20,90
latency,sequential,4,burst_small,256,2009,20,101
latency,sequential,4,burst_small,256,2010,20,90
latency,sequential,4,burst_small,256,2011,20,100
latency,sequential,4,burst_small,256,2012,20,90
latency,sequential,4,burst_small,256,2013,20,91
latency,sequential,4,burst_small,256,2014,20,100
latency,sequential,4,burst_small,256,2015,20,90
latency,sequential,4,burst_small,256,2016,20,100
latency,sequential,4,burst_small,256,2017,20,91
latency,sequential,4,burst_small,256,2018,10,90
latency,sequential,4,burst_small,256,2019,20,90
latency,sequential,4,burst_small,256,2020,10,90
latency,sequential,4,burst_small,256,2021,20,100
latency,sequential,4,burst_small,256,2022,20,90
latency,sequential,4,burst_small,256,2023,20,100
latency,sequential,4,burst_small,256,2024,20,90
latency,sequential,4,burst_small,256,2025,20,100
latency,sequential,4,burst_small,256,2026,21,91
latency,sequential,4,burst_small,256,2027,20,90
latency,sequential,4,burst_small,256,2028,20,90
latency,sequential,4,burst_small,256,2029,20,90
latency,sequential,4,burst_small,256,2030,20,101
latency,sequential,4,burst_small,256,2031,20,90
latency,sequential,4,burst_small,256,2032,20,100
latency,sequential,4,burst_small,256,2033,20,90
latency,sequential,4,burst_small,256,2034,20,91
latency,sequential,4,burst_small,256,2035,20,90
latency,sequential,4,burst_small,256,2036,20,90
latency,sequential,4,burst_small,256,2037,20,100
latency,sequential,4,burst_small,256,2038,20,91
latency,sequential,4,burst_small,256,2039,20,100
latency,sequential,4,burst_small,256,2040,20,90
latency,sequential,4,burst_small,256,2041,20,90
latency,sequential,4,burst_small,256,2042,20,100
latency,sequential,4,burst_small,256,2043,20,90
latency,sequential,4,burst_small,256,2044,20,100
latency,sequential,4,burst_small,256,2045,20,90
latency,sequential,4,burst_small,256,2046,20,100
latency,sequential,4,burst_small,256,2047,21,91
latency,sequential,4,burst_small,256,2048,50,161
latency,sequential,4,burst_small,256,2049,20,100
latency,sequential,4,burst_small,256,2050,20,90
latency,sequential,4,burst_small,256,2051,20,100
latency,sequential,4,burst_small,256,2052,20,90
latency,sequential,4,burst_small,256,2053,20,90
latency,sequential,4,burst_small,256,2054,20,90
latency,sequential,4,burst_small,256,2055,20,100
latency,sequential,4,burst_small,256,2056,20,90
latency,sequential,4,burst_small,256,2057,10,90
latency,sequential,4,burst_small,256,2058,20,90
latency,sequential,4,burst_small,256,2059,20,90
latency,sequential,4,burst_small,256,2060,21,101
latency,sequential,4,burst_small,256,2061,20,90
latency,sequential,4,burst_small,256,2062,20,100
latency,sequential,4,burst_small,256,2063,20,90
latency,sequential,4,burst_small,256,2064,20,91
latency,sequential,4,burst_small,256,2065,20,100
latency,sequential,4,burst_small,256,2066,20,90
latency,sequential,4,burst_small,256,2067,10,90
latency,sequential,4,burst_small,256,2068,20,91
latency,sequential,4,burst_small,256,2069,20,90
latency,sequential,4,burst_small,256,2070,20,100
latency,sequential,4,burst_small,256,2071,20,90
latency,sequential,4,burst_small,256,2072,20,101
latency,sequential,4,burst_small,256,2073,20,90
latency,sequential,4,burst_small,256,2074,20,90
latency,sequential,4,burst_small,256,2075,20,100
latency,sequential,4,burst_small,256,2076,20,91
latency,sequential,4,burst_small,256,2077,20,100
latency,sequential,4,burst_small,256,2078,20,90
latency,sequential,4,burst_small,256,2079,20,90
latency,sequential,4,burst_small,256,2080,20,90
latency,sequential,4,burst_small,256,2081,10,90
latency,sequential,4,burst_small,256,2082,20,90
latency,sequential,4,burst_small,256,2083,20,90
latency,sequential,4,burst_small,256,2084,20,100
latency,sequential,4,burst_small,256,2085,20,90
latency,sequential,4,burst_small,256,2086,20,100
latency,sequential,4,burst_small,256,2087,20,90
latency,sequential,4,burst_small,256,2088,20,90
latency,sequential,4,burst_small,256,2089,21,101
latency,sequential,4,burst_small,256,2090,20,90
latency,sequential,4,burst_small,256,2091,20,100
latency,sequential,4,burst_small,256,2092,20,90
latency,sequential,4,burst_small,256,2093,20,91
latency,sequential,4,burst_small,256,2094,20,100
latency,sequential,4,burst_small,256,2095,20,90
latency,sequential,4,burst_small,256,2096,20,100
latency,sequential,4,burst_small,256,2097,20,91
latency,sequential,4,burst_small,256,2098,10,90
latency,sequential,4,burst_small,256,2099,20,90
latency,sequential,4,burst_small,256,2100,20,90
latency,sequential,4,burst_small,256,2101,20,101
latency,sequential,4,burst_small,256,2102,20,90
latency,sequential,4,burst_small,256,2103,10,90
latency,sequential,4,burst_small,256,2104,20,90
latency,sequential,4,burst_small,256,2105,10,90
latency,sequential,4,burst_small,256,2106,20,90
latency,sequential,4,burst_small,256,2107,20,90
latency,sequential,4,burst_small,256,2108,20,100
latency,sequential,4,burst_small,256,2109,20,90
latency,sequential,4,burst_small,256,2110,10,90
latency,sequential,4,burst_small,256,2111,20,90
latency,sequential,4,burst_small,256,2112,20,90
latency,sequential,4,burst_small,256,2113,10,90
latency,sequential,4,burst_small,256,2114,20,90
latency,sequential,4,burst_small,256,2115,20,90
latency,sequential,4,burst_small,256,2116,20,100
latency,sequential,4,burst_small,256,2117,21,91
latency,sequential,4,burst_small,256,2118,20,100
latency,sequential,4,burst_small,256,2119,20,90
latency,sequential,4,burst_small,256,2120,10,90
latency,sequential,4,burst_small,256,2121,20,91
latency,sequential,4,burst_small,256,2122,20,90
latency,sequential,4,burst_small,256,2123,20,100
latency,sequential,4,burst_small,256,2124,20,90
latency,sequential,4,burst_small,256,2125,20,101
latency,sequential,4,burst_small,256,2126,20,90
latency,sequential,4,burst_small,256,2127,10,90
latency,sequential,4,burst_small,256,2128,20,90
latency,sequential,4,burst_small,256,2129,20,91
latency,sequential,4,burst_small,256,2130,20,100
latency,sequential,4,burst_small,256,2131,20,90
latency,sequential,4,burst_small,256,2132,20,100
latency,sequential,4,burst_small,256,2133,20,90
latency,sequential,4,burst_small,256,2134,20,90
latency,sequential,4,burst_small,256,2135,20,90
latency,sequential,4,burst_small,256,2136,20,90
latency,sequential,4,burst_small,256,2137,20,100
latency,sequential,4,burst_small,256,2138,20,90
latency,sequential,4,burst_small,256,2139,20,100
latency,sequential,4,burst_small,256,2140,20,90
latency,sequential,4,burst_small,256,2141,20,90
latency,sequential,4,burst_small,256,2142,20,101
latency,sequential,4,burst_small,256,2143,20,90
latency,sequential,4,burst_small,256,2144,20,100
latency,sequential,4,burst_small,256,2145,20,90
latency,sequential,4,burst_small,256,2146,10,91
latency,sequential,4,burst_small,256,2147,20,90
latency,sequential,4,burst_small,256,2148,20,90
latency,sequential,4,burst_small,256,2149,20,100
latency,sequential,4,burst_small,256,2150,20,91
latency,sequential,4,burst_small,256,2151,20,100
latency,sequential,4,burst_small,256,2152,20,90
latency,sequential,4,burst_small,256,2153,20,90
latency,sequential,4,burst_small,256,2154,20,90
latency,sequential,4,burst_small,256,2155,20,90
latency,sequential,4,burst_small,256,2156,20,100
latency,sequential,4,burst_small,256,2157,20,90
latency,sequential,4,burst_small,256,2158,20,100
latency,sequential,4,burst_small,256,2159,20,90
latency,sequential,4,burst_small,256,2160,20,90
latency,sequential,4,burst_small,256,2161,20,100
latency,sequential,4,burst_small,256,2162,20,90
latency,sequential,4,burst_small,256,2163,20,101
latency,sequential,4,burst_small,256,2164,20,90
latency,sequential,4,burst_small,256,2165,20,100
latency,sequential,4,burst_small,256,2166,20,90
latency,sequential,4,burst_small,256,2167,10,91
latency,sequential,4,burst_small,256,2168,20,90
latency,sequential,4,burst_small,256,2169,20,90
latency,sequential,4,burst_small,256,2170,20,100
latency,sequential,4,burst_small,256,2171,20,91
latency,sequential,4,burst_small,256,2172,20,100
latency,sequential,4,burst_small,256,2173,20,90
latency,sequential,4,burst_small,256,2174,10,90
latency,sequential,4,burst_small,256,2175,20,90
latency,sequential,4,burst_small,256,2176,20,90
latency,sequential,4,burst_small,256,2177,10,90
latency,sequential,4,burst_small,256,2178,20,91
latency,sequential,4,burst_small,256,2179,20,90
latency,sequential,4,burst_small,256,2180,20,90
latency,sequential,4,burst_small,256,2181,20,90
latency,sequential,4,burst_small,256,2182,20,101
latency,sequential,4,burst_small,256,2183,20,90
latency,sequential,4,burst_small,256,2184,20,100
latency,sequential,4,burst_small,256,2185,20,90
latency,sequential,4,burst_small,256,2186,20,91
latency,sequential,4,burst_small,256,2187,20,100
latency,sequential,4,burst_small,256,2188,20,90
latency,sequential,4,burst_small,256,2189,20,100
latency,sequential,4,burst_small,256,2190,20,90
latency,sequential,4,burst_small,256,2191,20,100
latency,sequential,4,burst_small,256,2192,20,90
latency,sequential,4,burst_small,256,2193,20,90
latency,sequential,4,burst_small,256,2194,20,100
latency,sequential,4,burst_small,256,2195,21,91
latency,sequential,4,burst_small,256,2196,20,100
latency,sequential,4,burst_small,256,2197,20,90
latency,sequential,4,burst_small,256,2198,10,90
latency,sequential,4,burst_small,256,2199,20,91
latency,sequential,4,burst_small,256,2200,20,90
latency,sequential,4,burst_small,256,2201,20,100
latency,sequential,4,burst_small,256,2202,20,90
latency,sequential,4,burst_small,256,2203,20,101
latency,sequential,4,burst_small,256,2204,20,90
latency,sequential,4,burst_small,256,2205,10,90
latency,sequential,4,burst_small,256,2206,20,90
latency,sequential,4,burst_small,256,2207,20,91
latency,sequential,4,burst_small,256,2208,20,100
latency,sequential,4,burst_small,256,2209,20,90
latency,sequential,4,burst_small,256,2210,20,100
latency,sequential,4,burst_small,256,2211,20,90
latency,sequential,4,burst_small,256,2212,20,100
latency,sequential,4,burst_small,256,2213,20,90
latency,sequential,4,burst_small,256,2214,20,90
latency,sequential,4,burst_small,256,2215,20,100
latency,sequential,4,burst_small,256,2216,21,91
latency,sequential,4,burst_small,256,2217,20,100
latency,sequential,4,burst_small,256,2218,20,90
latency,sequential,4,burst_small,256,2219,10,90
latency,sequential,4,burst_small,256,2220,20,91
latency,sequential,4,burst_small,256,2221,20,90
latency,sequential,4,burst_small,256,2222,20,100
latency,sequential,4,burst_small,256,2223,20,90
latency,sequential,4,burst_small,256,2224,20,101
latency,sequential,4,burst_small,256,2225,20,90
latency,sequential,4,burst_small,256,2226,10,90
latency,sequential,4,burst_small,256,2227,20,90
latency,sequential,4,burst_small,256,2228,10,91
latency,sequential,4,burst_small,256,2229,20,90
latency,sequential,4,burst_small,256,2230,20,90
latency,sequential,4,burst_small,256,2231,20,100
latency,sequential,4,burst_small,256,2232,20,90
latency,sequential,4,burst_small,256,2233,20,100
latency,sequential,4,burst_small,256,2234,20,90
latency,sequential,4,burst_small,256,2235,10,90
latency,sequential,4,burst_small,256,2236,20,90
latency,sequential,4,burst_small,256,2237,21,91
latency,sequential,4,burst_small,256,2238,20,100
latency,sequential,4,burst_small,256,2239,20,90
latency,sequential,4,burst_small,256,2240,20,100
latency,sequential,4,burst_small,256,2241,20,91
latency,sequential,4,burst_small,256,2242,20,100
latency,sequential,4,burst_small,256,2243,20,90
latency,sequential,4,burst_small,256,2244,20,100
latency,sequential,4,burst_small,256,2245,20,91
latency,sequential,4,burst_small,256,2246,20,90
latency,sequential,4,burst_small,256,2247,20,100
latency,sequential,4,burst_small,256,2248,20,90
latency,sequential,4,burst_small,256,2249,20,101
latency,sequential,4,burst_small,256,2250,20,90
latency,sequential,4,burst_small,256,2251,20,100
latency,sequential,4,burst_small,256,2252,20,90
latency,sequential,4,burst_small,256,2253,10,90
latency,sequential,4,burst_small,256,2254,20,90
latency,sequential,4,burst_small,256,2255,20,90
latency,sequential,4,burst_small,256,2256,20,100
latency,sequential,4,burst_small,256,2257,20,90
latency,sequential,4,burst_small,256,2258,21,101
latency,sequential,4,burst_small,256,2259,20,90
latency,sequential,4,burst_small,256,2260,20,100
latency,sequential,4,burst_small,256,2261,20,90
latency,sequential,4,burst_small,256,2262,20,91
latency,sequential,4,burst_small,256,2263,20,90
latency,sequential,4,burst_small,256,2264,20,90
latency,sequential,4,burst_small,256,2265,20,100
latency,sequential,4,burst_small,256,2266,20,91
latency,sequential,4,burst_small,256,2267,20,100
latency,sequential,4,burst_small,256,2268,20,90
latency,sequential,4,burst_small,256,2269,10,90
latency,sequential,4,burst_small,256,2270,20,91
latency,sequential,4,burst_small,256,2271,20,90
latency,sequential,4,burst_small,256,2272,20,100
latency,sequential,4,burst_small,256,2273,20,90
latency,sequential,4,burst_small,256,2274,10,90
latency,sequential,4,burst_small,256,2275,20,90
latency,sequential,4,burst_small,256,2276,10,90
latency,sequential,4,burst_small,256,2277,20,90
latency,sequential,4,burst_small,256,2278,20,90
latency,sequential,4,burst_small,256,2279,21,101
latency,sequential,4,burst_small,256,2280,20,90
latency,sequential,4,burst_small,256,2281,20,100
latency,sequential,4,burst_small,256,2282,20,90
latency,sequential,4,burst_small,256,2283,20,91
latency,sequential,4,burst_small,256,2284,20,90
latency,sequential,4,burst_small,256,2285,20,90
latency,sequential,4,burst_small,256,2286,20,100
latency,sequential,4,burst_small,256,2287,20,91
latency,sequential,4,burst_small,256,2288,20,100
latency,sequential,4,burst_small,256,2289,20,90
latency,sequential,4,burst_small,256,2290,20,90
latency,sequential,4,burst_small,256,2291,20,101
latency,sequential,4,burst_small,256,2292,20,90
latency,sequential,4,burst_small,256,2293,20,100
latency,sequential,4,burst_small,256,2294,20,90
latency,sequential,4,burst_small,256,2295,20,100
latency,sequential,4,burst_small,256,2296,20,90
latency,sequential,4,burst_small,256,2297,20,90
latency,sequential,4,burst_small,256,2298,20,100
latency,sequential,4,burst_small,256,2299,20,90
latency,sequential,4,burst_small,256,2300,21,101
latency,sequential,4,burst_small,256,2301,20,90
latency,sequential,4,burst_small,256,2302,10,90
latency,sequential,4,burst_small,256,2303,20,90
