mode,engine,workers,scenario,n,sample,dispatch_ns,completion_ns
latency,weave,2,burst_small,256,0,41279,41399
latency,weave,2,burst_small,256,1,25208,25278
latency,weave,2,burst_small,256,2,33803,33943
latency,weave,2,burst_small,256,3,2855,2955
latency,weave,2,burst_small,256,4,1382,1462
latency,weave,2,burst_small,256,5,1873,1944
latency,weave,2,burst_small,256,6,2063,2143
latency,weave,2,burst_small,256,7,2304,2394
latency,weave,2,burst_small,256,8,2695,2765
latency,weave,2,burst_small,256,9,2634,2705
latency,weave,2,burst_small,256,10,2765,2845
latency,weave,2,burst_small,256,11,2685,2765
latency,weave,2,burst_small,256,12,3106,3186
latency,weave,2,burst_small,256,13,3456,3527
latency,weave,2,burst_small,256,14,3456,3536
latency,weave,2,burst_small,256,15,3727,3807
latency,weave,2,burst_small,256,16,3867,3937
latency,weave,2,burst_small,256,17,3867,3967
latency,weave,2,burst_small,256,18,4087,4167
latency,weave,2,burst_small,256,19,4498,4599
latency,weave,2,burst_small,256,20,4809,4889
latency,weave,2,burst_small,256,21,5039,5139
latency,weave,2,burst_small,256,22,5340,5420
latency,weave,2,burst_small,256,23,5480,5550
latency,weave,2,burst_small,256,24,5800,5901
latency,weave,2,burst_small,256,25,6041,6111
latency,weave,2,burst_small,256,26,6001,6081
latency,weave,2,burst_small,256,27,25128,25258
latency,weave,2,burst_small,256,28,26189,26269
latency,weave,2,burst_small,256,29,26440,26520
latency,weave,2,burst_small,256,30,26500,26571
latency,weave,2,burst_small,256,31,26640,26710
latency,weave,2,burst_small,256,32,26721,26801
latency,weave,2,burst_small,256,33,26851,26931
latency,weave,2,burst_small,256,34,27041,27111
latency,weave,2,burst_small,256,35,27071,27141
latency,weave,2,burst_small,256,36,27201,27281
latency,weave,2,burst_small,256,37,27201,27271
latency,weave,2,burst_small,256,38,27261,27342
latency,weave,2,burst_small,256,39,27342,27412
latency,weave,2,burst_small,256,40,27411,27492
latency,weave,2,burst_small,256,41,27171,27241
latency,weave,2,burst_small,256,42,27352,27422
latency,weave,2,burst_small,256,43,27322,27392
latency,weave,2,burst_small,256,44,27302,27372
latency,weave,2,burst_small,256,45,27412,27482
latency,weave,2,burst_small,256,46,27362,27442
latency,weave,2,burst_small,256,47,27412,27482
latency,weave,2,burst_small,256,48,27152,27222
latency,weave,2,burst_small,256,49,109683,109823
latency,weave,2,burst_small,256,50,32026,32097
latency,weave,2,burst_small,256,51,22959,23089
latency,weave,2,burst_small,256,52,22508,22638
latency,weave,2,burst_small,256,53,24612,24742
latency,weave,2,burst_small,256,54,22509,22629
latency,weave,2,burst_small,256,55,22147,22278
latency,weave,2,burst_small,256,56,24602,24743
latency,weave,2,burst_small,256,57,25278,25419
latency,weave,2,burst_small,256,58,33048,33179
latency,weave,2,burst_small,256,59,987,1058
latency,weave,2,burst_small,256,60,646,727
latency,weave,2,burst_small,256,61,1008,1088
latency,weave,2,burst_small,256,62,1629,1699
latency,weave,2,burst_small,256,63,1909,1989
latency,weave,2,burst_small,256,64,1969,2039
latency,weave,2,burst_small,256,65,1969,2039
latency,weave,2,burst_small,256,66,1939,2009
latency,weave,2,burst_small,256,67,1940,2020
latency,weave,2,burst_small,256,68,2210,2280
latency,weave,2,burst_small,256,69,2490,2591
latency,weave,2,burst_small,256,70,2620,2700
latency,weave,2,burst_small,256,71,2901,2971
latency,weave,2,burst_small,256,72,3172,3262
latency,weave,2,burst_small,256,73,3082,3162
latency,weave,2,burst_small,256,74,3251,3332
latency,weave,2,burst_small,256,75,3272,3342
latency,weave,2,burst_small,256,76,3522,3592
latency,weave,2,burst_small,256,77,3593,3673
latency,weave,2,burst_small,256,78,3742,3822
latency,weave,2,burst_small,256,79,3903,3973
latency,weave,2,burst_small,256,80,4113,4193
latency,weave,2,burst_small,256,81,14523,14593
latency,weave,2,burst_small,256,82,14443,14523
latency,weave,2,burst_small,256,83,14563,14633
latency,weave,2,burst_small,256,84,14563,14643
latency,weave,2,burst_small,256,85,14643,14713
latency,weave,2,burst_small,256,86,14613,14693
latency,weave,2,burst_small,256,87,14553,14623
latency,weave,2,burst_small,256,88,14382,14452
latency,weave,2,burst_small,256,89,14203,14283
latency,weave,2,burst_small,256,90,14192,14272
latency,weave,2,burst_small,256,91,14273,14353
latency,weave,2,burst_small,256,92,14282,14352
latency,weave,2,burst_small,256,93,14353,14433
latency,weave,2,burst_small,256,94,46077,46217
latency,weave,2,burst_small,256,95,29085,29226
latency,weave,2,burst_small,256,96,34285,34415
latency,weave,2,burst_small,256,97,1433,1513
latency,weave,2,burst_small,256,98,1413,1483
latency,weave,2,burst_small,256,99,1633,1713
latency,weave,2,burst_small,256,100,1553,1633
latency,weave,2,burst_small,256,101,1614,1694
latency,weave,2,burst_small,256,102,1774,1854
latency,weave,2,burst_small,256,103,1834,1915
latency,weave,2,burst_small,256,104,2094,2175
latency,weave,2,burst_small,256,105,1924,2024
latency,weave,2,burst_small,256,106,2074,2164
latency,weave,2,burst_small,256,107,2325,2415
latency,weave,2,burst_small,256,108,2415,2516
latency,weave,2,burst_small,256,109,2605,2676
latency,weave,2,burst_small,256,110,2645,2725
latency,weave,2,burst_small,256,111,2766,2836
latency,weave,2,burst_small,256,112,2746,2826
latency,weave,2,burst_small,256,113,2745,2826
latency,weave,2,burst_small,256,114,2836,2906
latency,weave,2,burst_small,256,115,3086,3166
latency,weave,2,burst_small,256,116,3187,3267
latency,weave,2,burst_small,256,117,3377,3457
latency,weave,2,burst_small,256,118,3507,3587
latency,weave,2,burst_small,256,119,3567,3647
latency,weave,2,burst_small,256,120,3838,3908
latency,weave,2,burst_small,256,121,3898,3978
latency,weave,2,burst_small,256,122,3938,4018
latency,weave,2,burst_small,256,123,4198,4288
latency,weave,2,burst_small,256,124,4429,4509
latency,weave,2,burst_small,256,125,4730,4810
latency,weave,2,burst_small,256,126,4980,5050
latency,weave,2,burst_small,256,127,5211,5281
latency,weave,2,burst_small,256,128,5370,5471
latency,weave,2,burst_small,256,129,5531,5611
latency,weave,2,burst_small,256,130,5712,5782
latency,weave,2,burst_small,256,131,5811,5911
latency,weave,2,burst_small,256,132,8246,8366
latency,weave,2,burst_small,256,133,9097,9168
latency,weave,2,burst_small,256,134,9398,9468
latency,weave,2,burst_small,256,135,9408,9478
latency,weave,2,burst_small,256,136,9538,9618
latency,weave,2,burst_small,256,137,9658,9728
latency,weave,2,burst_small,256,138,9538,9609
latency,weave,2,burst_small,256,139,9659,9729
latency,weave,2,burst_small,256,140,9598,9679
latency,weave,2,burst_small,256,141,9699,9769
latency,weave,2,burst_small,256,142,9719,9799
latency,weave,2,burst_small,256,143,9769,9849
latency,weave,2,burst_small,256,144,9829,9899
latency,weave,2,burst_small,256,145,9618,9698
latency,weave,2,burst_small,256,146,9649,9719
latency,weave,2,burst_small,256,147,9669,9739
latency,weave,2,burst_small,256,148,9689,9769
latency,weave,2,burst_small,256,149,9539,9609
latency,weave,2,burst_small,256,150,9739,9819
latency,weave,2,burst_small,256,151,9759,9829
latency,weave,2,burst_small,256,152,9869,9969
latency,weave,2,burst_small,256,153,9639,9709
latency,weave,2,burst_small,256,154,9749,9849
latency,weave,2,burst_small,256,155,9468,9538
latency,weave,2,burst_small,256,156,9588,9669
latency,weave,2,burst_small,256,157,9489,9559
latency,weave,2,burst_small,256,158,9498,9588
latency,weave,2,burst_small,256,159,9007,9088
latency,weave,2,burst_small,256,160,9258,9338
latency,weave,2,burst_small,256,161,9739,9809
latency,weave,2,burst_small,256,162,9979,10049
latency,weave,2,burst_small,256,163,10130,10210
latency,weave,2,burst_small,256,164,10300,10370
latency,weave,2,burst_small,256,165,10480,10550
latency,weave,2,burst_small,256,166,10660,10730
latency,weave,2,burst_small,256,167,10821,10901
latency,weave,2,burst_small,256,168,11001,11071
latency,weave,2,burst_small,256,169,11021,11091
latency,weave,2,burst_small,256,170,11181,11251
latency,weave,2,burst_small,256,171,11322,11392
latency,weave,2,burst_small,256,172,11512,11582
latency,weave,2,burst_small,256,173,11643,11723
latency,weave,2,burst_small,256,174,11742,11823
latency,weave,2,burst_small,256,175,11602,11682
latency,weave,2,burst_small,256,176,11492,11563
latency,weave,2,burst_small,256,177,11202,11282
latency,weave,2,burst_small,256,178,11031,11102
latency,weave,2,burst_small,256,179,10691,10761
latency,weave,2,burst_small,256,180,10781,10851
latency,weave,2,burst_small,256,181,6272,6342
latency,weave,2,burst_small,256,182,23716,23846
latency,weave,2,burst_small,256,183,22523,22653
latency,weave,2,burst_small,256,184,22904,23034
latency,weave,2,burst_small,256,185,22723,22854
latency,weave,2,burst_small,256,186,22323,22443
latency,weave,2,burst_small,256,187,21741,21871
latency,weave,2,burst_small,256,188,18430,18571
latency,weave,2,burst_small,256,189,3061,3131
latency,weave,2,burst_small,256,190,3181,3251
latency,weave,2,burst_small,256,191,3352,3452
latency,weave,2,burst_small,256,192,3983,4063
latency,weave,2,burst_small,256,193,3342,3422
latency,weave,2,burst_small,256,194,3984,4084
latency,weave,2,burst_small,256,195,4253,4334
latency,weave,2,burst_small,256,196,4755,4835
latency,weave,2,burst_small,256,197,4989,5130
latency,weave,2,burst_small,256,198,4845,4926
latency,weave,2,burst_small,256,199,5185,5255
latency,weave,2,burst_small,256,200,6197,6298
latency,weave,2,burst_small,256,201,5901,6001
latency,weave,2,burst_small,256,202,5967,6047
latency,weave,2,burst_small,256,203,6061,6132
latency,weave,2,burst_small,256,204,6268,6368
latency,weave,2,burst_small,256,205,6443,6513
latency,weave,2,burst_small,256,206,6408,6488
latency,weave,2,burst_small,256,207,6353,6423
latency,weave,2,burst_small,256,208,6328,6408
latency,weave,2,burst_small,256,209,6061,6132
latency,weave,2,burst_small,256,210,6147,6227
latency,weave,2,burst_small,256,211,5961,6031
latency,weave,2,burst_small,256,212,5987,6087
latency,weave,2,burst_small,256,213,6202,6272
latency,weave,2,burst_small,256,214,5676,5746
latency,weave,2,burst_small,256,215,5811,5881
latency,weave,2,burst_small,256,216,5987,6058
latency,weave,2,burst_small,256,217,5711,5791
latency,weave,2,burst_small,256,218,6027,6097
latency,weave,2,burst_small,256,219,5631,5711
latency,weave,2,burst_small,256,220,5386,5456
latency,weave,2,burst_small,256,221,7920,8001
latency,weave,2,burst_small,256,222,8000,8071
latency,weave,2,burst_small,256,223,8376,8456
latency,weave,2,burst_small,256,224,7650,7730
latency,weave,2,burst_small,256,225,7234,7304
latency,weave,2,burst_small,256,226,7049,7119
latency,weave,2,burst_small,256,227,6924,7004
latency,weave,2,burst_small,256,228,6839,6939
latency,weave,2,burst_small,256,229,6593,6663
latency,weave,2,burst_small,256,230,6338,6438
latency,weave,2,burst_small,256,231,5791,5871
latency,weave,2,burst_small,256,232,5877,5947
latency,weave,2,burst_small,256,233,5771,5841
latency,weave,2,burst_small,256,234,6498,6569
latency,weave,2,burst_small,256,235,6442,6522
latency,weave,2,burst_small,256,236,6658,6738
latency,weave,2,burst_small,256,237,6653,6733
latency,weave,2,burst_small,256,238,6859,6929
latency,weave,2,burst_small,256,239,6834,6904
latency,weave,2,burst_small,256,240,6979,7059
latency,weave,2,burst_small,256,241,6793,6873
latency,weave,2,burst_small,256,242,6919,6999
latency,weave,2,burst_small,256,243,6943,7023
latency,weave,2,burst_small,256,244,7049,7129
latency,weave,2,burst_small,256,245,7074,7144
latency,weave,2,burst_small,256,246,7230,7310
latency,weave,2,burst_small,256,247,7475,7545
latency,weave,2,burst_small,256,248,7620,7700
latency,weave,2,burst_small,256,249,7635,7705
latency,weave,2,burst_small,256,250,7590,7660
latency,weave,2,burst_small,256,251,8416,8497
latency,weave,2,burst_small,256,252,7951,8021
latency,weave,2,burst_small,256,253,8075,8176
latency,weave,2,burst_small,256,254,7520,7590
latency,weave,2,burst_small,256,255,7604,7705
latency,weave,2,burst_small,256,256,42130,42260
latency,weave,2,burst_small,256,257,26690,26760
latency,weave,2,burst_small,256,258,26455,26596
latency,weave,2,burst_small,256,259,30167,30308
latency,weave,2,burst_small,256,260,28114,28244
latency,weave,2,burst_small,256,261,26420,26550
latency,weave,2,burst_small,256,262,27352,27492
latency,weave,2,burst_small,256,263,22593,22723
latency,weave,2,burst_small,256,264,21731,21852
latency,weave,2,burst_small,256,265,22513,22644
latency,weave,2,burst_small,256,266,24441,24582
latency,weave,2,burst_small,256,267,21897,22017
latency,weave,2,burst_small,256,268,23450,23580
latency,weave,2,burst_small,256,269,22654,22784
latency,weave,2,burst_small,256,270,22994,23125
latency,weave,2,burst_small,256,271,25378,25508
latency,weave,2,burst_small,256,272,22312,22443
latency,weave,2,burst_small,256,273,29061,29201
latency,weave,2,burst_small,256,274,26676,26817
latency,weave,2,burst_small,256,275,23200,23330
latency,weave,2,burst_small,256,276,40037,40167
latency,weave,2,burst_small,256,277,5661,5741
latency,weave,2,burst_small,256,278,5891,5972
latency,weave,2,burst_small,256,279,6052,6132
latency,weave,2,burst_small,256,280,6012,14287
latency,weave,2,burst_small,256,281,15059,15129
latency,weave,2,burst_small,256,282,15239,15310
latency,weave,2,burst_small,256,283,15390,15470
latency,weave,2,burst_small,256,284,15559,15630
latency,weave,2,burst_small,256,285,17168,17308
latency,weave,2,burst_small,256,286,15720,15800
latency,weave,2,burst_small,256,287,15971,16051
latency,weave,2,burst_small,256,288,16557,16627
latency,weave,2,burst_small,256,289,16461,16541
latency,weave,2,burst_small,256,290,17579,17659
latency,weave,2,burst_small,256,291,17809,17880
latency,weave,2,burst_small,256,292,17990,18070
latency,weave,2,burst_small,256,293,18151,18221
latency,weave,2,burst_small,256,294,18300,18380
latency,weave,2,burst_small,256,295,18461,18541
latency,weave,2,burst_small,256,296,18631,18701
latency,weave,2,burst_small,256,297,18962,19042
latency,weave,2,burst_small,256,298,19312,19392
latency,weave,2,burst_small,256,299,19553,19623
latency,weave,2,burst_small,256,300,19944,20014
latency,weave,2,burst_small,256,301,20244,20314
latency,weave,2,burst_small,256,302,20455,20525
latency,weave,2,burst_small,256,303,20645,20715
latency,weave,2,burst_small,256,304,20795,20875
latency,weave,2,burst_small,256,305,20926,20996
latency,weave,2,burst_small,256,306,21330,21400
latency,weave,2,burst_small,256,307,21671,21741
latency,weave,2,burst_small,256,308,22548,22629
latency,weave,2,burst_small,256,309,22528,22608
latency,weave,2,burst_small,256,310,22699,22779
latency,weave,2,burst_small,256,311,22859,22940
latency,weave,2,burst_small,256,312,22879,22949
latency,weave,2,burst_small,256,313,7089,7170
latency,weave,2,burst_small,256,314,6939,7019
latency,weave,2,burst_small,256,315,6958,7029
latency,weave,2,burst_small,256,316,7019,7089
latency,weave,2,burst_small,256,317,7099,7180
latency,weave,2,burst_small,256,318,7239,7319
latency,weave,2,burst_small,256,319,7240,7320
latency,weave,2,burst_small,256,320,5837,5907
latency,weave,2,burst_small,256,321,5967,6047
latency,weave,2,burst_small,256,322,5987,6057
latency,weave,2,burst_small,256,323,5396,5476
latency,weave,2,burst_small,256,324,5416,5486
latency,weave,2,burst_small,256,325,5096,5166
latency,weave,2,burst_small,256,326,5255,5325
latency,weave,2,burst_small,256,327,5386,5466
latency,weave,2,burst_small,256,328,42240,42371
latency,weave,2,burst_small,256,329,110695,110825
latency,weave,2,burst_small,256,330,26105,26175
latency,weave,2,burst_small,256,331,24181,24321
latency,weave,2,burst_small,256,332,22498,22618
latency,weave,2,burst_small,256,333,22438,22568
latency,weave,2,burst_small,256,334,24822,24953
latency,weave,2,burst_small,256,335,30133,30273
latency,weave,2,burst_small,256,336,24753,24883
latency,weave,2,burst_small,256,337,31024,31154
latency,weave,2,burst_small,256,338,29045,29185
latency,weave,2,burst_small,256,339,27572,27703
latency,weave,2,burst_small,256,340,25999,26130
latency,weave,2,burst_small,256,341,27923,28064
latency,weave,2,burst_small,256,342,27592,27722
latency,weave,2,burst_small,256,343,29040,29170
latency,weave,2,burst_small,256,344,27488,27618
latency,weave,2,burst_small,256,345,21346,21486
latency,weave,2,burst_small,256,346,4434,4514
latency,weave,2,burst_small,256,347,4313,4383
latency,weave,2,burst_small,256,348,4474,4554
latency,weave,2,burst_small,256,349,6919,6989
latency,weave,2,burst_small,256,350,7099,7169
latency,weave,2,burst_small,256,351,1979,2059
latency,weave,2,burst_small,256,352,2139,2239
latency,weave,2,burst_small,256,353,2179,2249
latency,weave,2,burst_small,256,354,937,1017
latency,weave,2,burst_small,256,355,1268,1368
latency,weave,2,burst_small,256,356,1358,1438
latency,weave,2,burst_small,256,357,1529,1609
latency,weave,2,burst_small,256,358,1618,1688
latency,weave,2,burst_small,256,359,1889,1969
latency,weave,2,burst_small,256,360,2079,2149
latency,weave,2,burst_small,256,361,2110,2180
latency,weave,2,burst_small,256,362,2525,2655
latency,weave,2,burst_small,256,363,2189,2260
latency,weave,2,burst_small,256,364,2780,2850
latency,weave,2,burst_small,256,365,3056,3126
latency,weave,2,burst_small,256,366,3142,3242
latency,weave,2,burst_small,256,367,3186,3256
latency,weave,2,burst_small,256,368,2891,2971
latency,weave,2,burst_small,256,369,2665,2735
latency,weave,2,burst_small,256,370,2826,2896
latency,weave,2,burst_small,256,371,2840,2921
latency,weave,2,burst_small,256,372,2976,3046
latency,weave,2,burst_small,256,373,3266,3336
latency,weave,2,burst_small,256,374,3612,3692
latency,weave,2,burst_small,256,375,4038,4118
latency,weave,2,burst_small,256,376,3091,3171
latency,weave,2,burst_small,256,377,2915,2996
latency,weave,2,burst_small,256,378,2881,2961
latency,weave,2,burst_small,256,379,2725,2826
latency,weave,2,burst_small,256,380,2521,2591
latency,weave,2,burst_small,256,381,2535,2635
latency,weave,2,burst_small,256,382,2630,2700
latency,weave,2,burst_small,256,383,2756,2836
latency,weave,2,burst_small,256,384,2641,2711
latency,weave,2,burst_small,256,385,2014,2084
latency,weave,2,burst_small,256,386,1999,2069
latency,weave,2,burst_small,256,387,2094,2164
latency,weave,2,burst_small,256,388,2089,2160
latency,weave,2,burst_small,256,389,2134,2214
latency,weave,2,burst_small,256,390,2140,2220
latency,weave,2,burst_small,256,391,2124,2194
latency,weave,2,burst_small,256,392,2200,2280
latency,weave,2,burst_small,256,393,1382,1482
latency,weave,2,burst_small,256,394,1348,1418
latency,weave,2,burst_small,256,395,1362,1442
latency,weave,2,burst_small,256,396,1318,1388
latency,weave,2,burst_small,256,397,1252,1342
latency,weave,2,burst_small,256,398,1278,1348
latency,weave,2,burst_small,256,399,1312,1393
latency,weave,2,burst_small,256,400,1198,1268
latency,weave,2,burst_small,256,401,641,711
latency,weave,2,burst_small,256,402,466,546
latency,weave,2,burst_small,256,403,411,481
latency,weave,2,burst_small,256,404,456,526
latency,weave,2,burst_small,256,405,500,571
latency,weave,2,burst_small,256,406,516,587
latency,weave,2,burst_small,256,407,521,601
latency,weave,2,burst_small,256,408,88614,88754
latency,weave,2,burst_small,256,409,26666,26736
latency,weave,2,burst_small,256,410,24912,25052
latency,weave,2,burst_small,256,411,24632,24772
latency,weave,2,burst_small,256,412,25554,25684
latency,weave,2,burst_small,256,413,21716,21846
latency,weave,2,burst_small,256,414,25203,25344
latency,weave,2,burst_small,256,415,22448,22578
latency,weave,2,burst_small,256,416,23079,23209
latency,weave,2,burst_small,256,417,22418,22548
latency,weave,2,burst_small,256,418,22457,22588
latency,weave,2,burst_small,256,419,22238,22368
latency,weave,2,burst_small,256,420,20895,21025
latency,weave,2,burst_small,256,421,22247,22377
latency,weave,2,burst_small,256,422,20965,21095
latency,weave,2,burst_small,256,423,28643,28784
latency,weave,2,burst_small,256,424,27492,27622
latency,weave,2,burst_small,256,425,24341,24471
latency,weave,2,burst_small,256,426,21917,22047
latency,weave,2,burst_small,256,427,18244,18384
latency,weave,2,burst_small,256,428,2515,2615
latency,weave,2,burst_small,256,429,1903,1974
latency,weave,2,burst_small,256,430,2365,2445
latency,weave,2,burst_small,256,431,2765,2865
latency,weave,2,burst_small,256,432,3065,3135
latency,weave,2,burst_small,256,433,2995,3075
latency,weave,2,burst_small,256,434,3336,3426
latency,weave,2,burst_small,256,435,3477,3547
latency,weave,2,burst_small,256,436,3546,3637
latency,weave,2,burst_small,256,437,3797,3877
latency,weave,2,burst_small,256,438,3847,3917
latency,weave,2,burst_small,256,439,3917,4017
latency,weave,2,burst_small,256,440,4047,4118
latency,weave,2,burst_small,256,441,4007,4097
latency,weave,2,burst_small,256,442,4298,4378
latency,weave,2,burst_small,256,443,4388,4468
latency,weave,2,burst_small,256,444,4528,4598
latency,weave,2,burst_small,256,445,4759,4839
latency,weave,2,burst_small,256,446,4879,4949
latency,weave,2,burst_small,256,447,5179,5259
latency,weave,2,burst_small,256,448,5180,5270
latency,weave,2,burst_small,256,449,5119,5190
latency,weave,2,burst_small,256,450,5690,5760
latency,weave,2,burst_small,256,451,6933,7003
latency,weave,2,burst_small,256,452,7364,7504
latency,weave,2,burst_small,256,453,7073,7153
latency,weave,2,burst_small,256,454,7464,7534
latency,weave,2,burst_small,256,455,8005,8085
latency,weave,2,burst_small,256,456,8005,8105
latency,weave,2,burst_small,256,457,8105,8185
latency,weave,2,burst_small,256,458,8145,8225
latency,weave,2,burst_small,256,459,8125,8205
latency,weave,2,burst_small,256,460,8075,8155
latency,weave,2,burst_small,256,461,8066,8136
latency,weave,2,burst_small,256,462,8416,8486
latency,weave,2,burst_small,256,463,8396,8466
latency,weave,2,burst_small,256,464,8336,8406
latency,weave,2,burst_small,256,465,8286,8366
latency,weave,2,burst_small,256,466,8456,8526
latency,weave,2,burst_small,256,467,8466,8546
latency,weave,2,burst_small,256,468,8597,8667
latency,weave,2,burst_small,256,469,8746,8836
latency,weave,2,burst_small,256,470,8797,8867
latency,weave,2,burst_small,256,471,8736,8806
latency,weave,2,burst_small,256,472,8696,8777
latency,weave,2,burst_small,256,473,8366,8436
latency,weave,2,burst_small,256,474,8385,8466
latency,weave,2,burst_small,256,475,7554,7634
latency,weave,2,burst_small,256,476,7323,7394
latency,weave,2,burst_small,256,477,7403,7484
latency,weave,2,burst_small,256,478,7344,7414
latency,weave,2,burst_small,256,479,7363,7433
latency,weave,2,burst_small,256,480,7584,7654
latency,weave,2,burst_small,256,481,7173,7263
latency,weave,2,burst_small,256,482,6703,6773
latency,weave,2,burst_small,256,483,6642,6712
latency,weave,2,burst_small,256,484,6122,6222
latency,weave,2,burst_small,256,485,6201,6291
latency,weave,2,burst_small,256,486,6673,6743
latency,weave,2,burst_small,256,487,6452,6522
latency,weave,2,burst_small,256,488,6401,6482
latency,weave,2,burst_small,256,489,5621,5701
latency,weave,2,burst_small,256,490,5771,5851
latency,weave,2,burst_small,256,491,5771,5852
latency,weave,2,burst_small,256,492,5490,5600
latency,weave,2,burst_small,256,493,5600,5680
latency,weave,2,burst_small,256,494,5580,5650
latency,weave,2,burst_small,256,495,5670,5741
latency,weave,2,burst_small,256,496,5701,5781
latency,weave,2,burst_small,256,497,4919,4989
latency,weave,2,burst_small,256,498,4718,4798
latency,weave,2,burst_small,256,499,4709,4819
latency,weave,2,burst_small,256,500,4738,4818
latency,weave,2,burst_small,256,501,4769,4849
latency,weave,2,burst_small,256,502,4578,4648
latency,weave,2,burst_small,256,503,4448,4528
latency,weave,2,burst_small,256,504,4307,4377
latency,weave,2,burst_small,256,505,4187,4257
latency,weave,2,burst_small,256,506,4218,4289
latency,weave,2,burst_small,256,507,3997,4077
latency,weave,2,burst_small,256,508,3957,4037
latency,weave,2,burst_small,256,509,3737,3817
latency,weave,2,burst_small,256,510,3697,3767
latency,weave,2,burst_small,256,511,3527,3607
latency,weave,2,burst_small,256,512,41829,41969
latency,weave,2,burst_small,256,513,5921,6001
latency,weave,2,burst_small,256,514,5821,5891
latency,weave,2,burst_small,256,515,5981,6062
latency,weave,2,burst_small,256,516,6142,6222
latency,weave,2,burst_small,256,517,27978,28108
latency,weave,2,burst_small,256,518,6623,6693
latency,weave,2,burst_small,256,519,6853,6923
latency,weave,2,burst_small,256,520,7179,7279
latency,weave,2,burst_small,256,521,7043,7113
latency,weave,2,burst_small,256,522,7419,7499
latency,weave,2,burst_small,256,523,7634,7705
latency,weave,2,burst_small,256,524,8005,8075
latency,weave,2,burst_small,256,525,8211,8291
latency,weave,2,burst_small,256,526,8165,8235
latency,weave,2,burst_small,256,527,8461,8531
latency,weave,2,burst_small,256,528,8777,8877
latency,weave,2,burst_small,256,529,31599,31730
latency,weave,2,burst_small,256,530,32091,32191
latency,weave,2,burst_small,256,531,32482,32552
latency,weave,2,burst_small,256,532,32842,32913
latency,weave,2,burst_small,256,533,33233,33314
latency,weave,2,burst_small,256,534,33553,33653
latency,weave,2,burst_small,256,535,33914,33984
latency,weave,2,burst_small,256,536,34165,34245
latency,weave,2,burst_small,256,537,34555,34635
latency,weave,2,burst_small,256,538,34856,34946
latency,weave,2,burst_small,256,539,30208,30278
latency,weave,2,burst_small,256,540,30227,30297
latency,weave,2,burst_small,256,541,29506,29576
latency,weave,2,burst_small,256,542,29696,29777
latency,weave,2,burst_small,256,543,29856,29927
latency,weave,2,burst_small,256,544,29856,29956
latency,weave,2,burst_small,256,545,30438,30508
latency,weave,2,burst_small,256,546,8873,8953
latency,weave,2,burst_small,256,547,30768,30849
latency,weave,2,burst_small,256,548,31720,31791
latency,weave,2,burst_small,256,549,31985,32116
latency,weave,2,burst_small,256,550,32020,32101
latency,weave,2,burst_small,256,551,32377,32457
latency,weave,2,burst_small,256,552,32522,32602
latency,weave,2,burst_small,256,553,32356,32437
latency,weave,2,burst_small,256,554,32562,32642
latency,weave,2,burst_small,256,555,32898,32968
latency,weave,2,burst_small,256,556,32932,33002
latency,weave,2,burst_small,256,557,33088,33168
latency,weave,2,burst_small,256,558,33153,33223
latency,weave,2,burst_small,256,559,33198,33278
latency,weave,2,burst_small,256,560,33293,33364
latency,weave,2,burst_small,256,561,33308,33378
latency,weave,2,burst_small,256,562,33483,33554
latency,weave,2,burst_small,256,563,33669,33740
latency,weave,2,burst_small,256,564,33794,33874
latency,weave,2,burst_small,256,565,33829,33909
latency,weave,2,burst_small,256,566,34105,34175
latency,weave,2,burst_small,256,567,34280,34350
latency,weave,2,burst_small,256,568,34315,34385
latency,weave,2,burst_small,256,569,34571,34641
latency,weave,2,burst_small,256,570,34626,34706
latency,weave,2,burst_small,256,571,34781,34862
latency,weave,2,burst_small,256,572,35027,35107
latency,weave,2,burst_small,256,573,35061,35131
latency,weave,2,burst_small,256,574,35577,35657
latency,weave,2,burst_small,256,575,35923,35994
latency,weave,2,burst_small,256,576,35938,36009
latency,weave,2,burst_small,256,577,36164,36234
latency,weave,2,burst_small,256,578,71596,71726
latency,weave,2,burst_small,256,579,106201,106332
latency,weave,2,burst_small,256,580,140637,140767
latency,weave,2,burst_small,256,581,175121,175251
latency,weave,2,burst_small,256,582,209647,209777
latency,weave,2,burst_small,256,583,245575,245705
latency,weave,2,burst_small,256,584,279299,279419
latency,weave,2,burst_small,256,585,313644,313774
latency,weave,2,burst_small,256,586,348780,348911
latency,weave,2,burst_small,256,587,383346,383476
latency,weave,2,burst_small,256,588,417982,418112
latency,weave,2,burst_small,256,589,452516,452646
latency,weave,2,burst_small,256,590,487172,487292
latency,weave,2,burst_small,256,591,521698,521828
latency,weave,2,burst_small,256,592,556163,556293
latency,weave,2,burst_small,256,593,556454,556524
latency,weave,2,burst_small,256,594,556613,556684
latency,weave,2,burst_small,256,595,556974,557054
latency,weave,2,burst_small,256,596,557145,557225
latency,weave,2,burst_small,256,597,557305,557375
latency,weave,2,burst_small,256,598,557506,557586
latency,weave,2,burst_small,256,599,558307,558387
latency,weave,2,burst_small,256,600,558517,558597
latency,weave,2,burst_small,256,601,558247,558327
latency,weave,2,burst_small,256,602,558407,558477
latency,weave,2,burst_small,256,603,558558,558638
latency,weave,2,burst_small,256,604,558868,558938
latency,weave,2,burst_small,256,605,559148,559228
latency,weave,2,burst_small,256,606,559309,559379
latency,weave,2,burst_small,256,607,559459,559529
latency,weave,2,burst_small,256,608,559700,559770
latency,weave,2,burst_small,256,609,559709,559780
latency,weave,2,burst_small,256,610,559990,560060
latency,weave,2,burst_small,256,611,560141,560221
latency,weave,2,burst_small,256,612,560301,560371
latency,weave,2,burst_small,256,613,560441,560521
latency,weave,2,burst_small,256,614,560601,560671
latency,weave,2,burst_small,256,615,561022,561102
latency,weave,2,burst_small,256,616,561303,561373
latency,weave,2,burst_small,256,617,561372,561442
latency,weave,2,burst_small,256,618,565095,565225
latency,weave,2,burst_small,256,619,601834,601965
latency,weave,2,burst_small,256,620,619789,619919
latency,weave,2,burst_small,256,621,620129,620200
latency,weave,2,burst_small,256,622,620790,620870
latency,weave,2,burst_small,256,623,621021,621161
latency,weave,2,burst_small,256,624,620941,621021
latency,weave,2,burst_small,256,625,621070,621171
latency,weave,2,burst_small,256,626,621131,621201
latency,weave,2,burst_small,256,627,621191,621261
latency,weave,2,burst_small,256,628,621322,621402
latency,weave,2,burst_small,256,629,621352,621422
latency,weave,2,burst_small,256,630,621502,621572
latency,weave,2,burst_small,256,631,621502,621572
latency,weave,2,burst_small,256,632,621632,621712
latency,weave,2,burst_small,256,633,621471,621551
latency,weave,2,burst_small,256,634,621592,621662
latency,weave,2,burst_small,256,635,621592,621672
latency,weave,2,burst_small,256,636,621773,621873
latency,weave,2,burst_small,256,637,621753,621833
latency,weave,2,burst_small,256,638,621992,622063
latency,weave,2,burst_small,256,639,622043,622113
latency,weave,2,burst_small,256,640,622083,622163
latency,weave,2,burst_small,256,641,622073,622153
latency,weave,2,burst_small,256,642,660856,660996
latency,weave,2,burst_small,256,643,697576,697706
latency,weave,2,burst_small,256,644,697887,697967
latency,weave,2,burst_small,256,645,698037,698117
latency,weave,2,burst_small,256,646,698208,698278
latency,weave,2,burst_small,256,647,698367,698437
latency,weave,2,burst_small,256,648,698538,698618
latency,weave,2,burst_small,256,649,698628,698698
latency,weave,2,burst_small,256,650,698789,698869
latency,weave,2,burst_small,256,651,698938,699018
latency,weave,2,burst_small,256,652,699089,699159
latency,weave,2,burst_small,256,653,699249,699319
latency,weave,2,burst_small,256,654,699390,699460
latency,weave,2,burst_small,256,655,699529,699599
latency,weave,2,burst_small,256,656,699680,699750
latency,weave,2,burst_small,256,657,699700,699770
latency,weave,2,burst_small,256,658,699851,699921
latency,weave,2,burst_small,256,659,700000,700070
latency,weave,2,burst_small,256,660,700161,700241
latency,weave,2,burst_small,256,661,700331,700401
latency,weave,2,burst_small,256,662,700482,700562
latency,weave,2,burst_small,256,663,700642,700712
latency,weave,2,burst_small,256,664,700802,700882
latency,weave,2,burst_small,256,665,700912,700992
latency,weave,2,burst_small,256,666,701073,701153
latency,weave,2,burst_small,256,667,701233,701303
latency,weave,2,burst_small,256,668,701373,701453
latency,weave,2,burst_small,256,669,701533,701603
latency,weave,2,burst_small,256,670,701694,701764
latency,weave,2,burst_small,256,671,701844,701924
latency,weave,2,burst_small,256,672,702075,702155
latency,weave,2,burst_small,256,673,702154,702234
latency,weave,2,burst_small,256,674,702315,702385
latency,weave,2,burst_small,256,675,702465,702545
latency,weave,2,burst_small,256,676,702606,702686
latency,weave,2,burst_small,256,677,702765,702835
latency,weave,2,burst_small,256,678,702926,702996
latency,weave,2,burst_small,256,679,703066,703146
latency,weave,2,burst_small,256,680,703217,703287
latency,weave,2,burst_small,256,681,703286,703356
latency,weave,2,burst_small,256,682,703427,703507
latency,weave,2,burst_small,256,683,703577,703657
latency,weave,2,burst_small,256,684,703738,703808
latency,weave,2,burst_small,256,685,703878,703958
latency,weave,2,burst_small,256,686,704039,704109
latency,weave,2,burst_small,256,687,704188,704258
latency,weave,2,burst_small,256,688,704349,704419
latency,weave,2,burst_small,256,689,704409,704489
latency,weave,2,burst_small,256,690,704580,704660
latency,weave,2,burst_small,256,691,704739,704809
latency,weave,2,burst_small,256,692,704880,704950
latency,weave,2,burst_small,256,693,705030,705110
latency,weave,2,burst_small,256,694,705191,705261
latency,weave,2,burst_small,256,695,705341,705421
latency,weave,2,burst_small,256,696,705491,705561
latency,weave,2,burst_small,256,697,705531,705601
latency,weave,2,burst_small,256,698,705692,705762
latency,weave,2,burst_small,256,699,705842,705912
latency,weave,2,burst_small,256,700,705991,706072
latency,weave,2,burst_small,256,701,706152,706222
latency,weave,2,burst_small,256,702,706292,706363
latency,weave,2,burst_small,256,703,706443,706523
latency,weave,2,burst_small,256,704,706633,706714
latency,weave,2,burst_small,256,705,706673,706743
latency,weave,2,burst_small,256,706,706813,706884
latency,weave,2,burst_small,256,707,706954,707024
latency,weave,2,burst_small,256,708,707073,707154
latency,weave,2,burst_small,256,709,707224,707294
latency,weave,2,burst_small,256,710,707374,707445
latency,weave,2,burst_small,256,711,707505,707575
latency,weave,2,burst_small,256,712,707625,707706
latency,weave,2,burst_small,256,713,707765,707835
latency,weave,2,burst_small,256,714,707885,707966
latency,weave,2,burst_small,256,715,708026,708096
latency,weave,2,burst_small,256,716,708146,708216
latency,weave,2,burst_small,256,717,708266,708346
latency,weave,2,burst_small,256,718,708406,708476
latency,weave,2,burst_small,256,719,708457,708527
latency,weave,2,burst_small,256,720,708516,708596
latency,weave,2,burst_small,256,721,708296,708366
latency,weave,2,burst_small,256,722,708436,708506
latency,weave,2,burst_small,256,723,708437,708517
latency,weave,2,burst_small,256,724,708436,708516
latency,weave,2,burst_small,256,725,708497,708567
latency,weave,2,burst_small,256,726,708466,708536
latency,weave,2,burst_small,256,727,708517,708597
latency,weave,2,burst_small,256,728,708546,708616
latency,weave,2,burst_small,256,729,708517,708597
latency,weave,2,burst_small,256,730,708526,708596
latency,weave,2,burst_small,256,731,708567,708637
latency,weave,2,burst_small,256,732,708627,708707
latency,weave,2,burst_small,256,733,708677,708757
latency,weave,2,burst_small,256,734,708697,708777
latency,weave,2,burst_small,256,735,708677,708747
latency,weave,2,burst_small,256,736,708707,708777
latency,weave,2,burst_small,256,737,708717,708797
latency,weave,2,burst_small,256,738,708727,708807
latency,weave,2,burst_small,256,739,708777,708847
latency,weave,2,burst_small,256,740,708807,708887
latency,weave,2,burst_small,256,741,708878,708948
latency,weave,2,burst_small,256,742,708927,708997
latency,weave,2,burst_small,256,743,708988,709068
latency,weave,2,burst_small,256,744,709007,709077
latency,weave,2,burst_small,256,745,709048,709128
latency,weave,2,burst_small,256,746,709068,709148
latency,weave,2,burst_small,256,747,709098,709168
latency,weave,2,burst_small,256,748,709118,709188
latency,weave,2,burst_small,256,749,709177,709258
latency,weave,2,burst_small,256,750,709158,709228
latency,weave,2,burst_small,256,751,709157,709238
latency,weave,2,burst_small,256,752,709158,709228
latency,weave,2,burst_small,256,753,709228,709309
latency,weave,2,burst_small,256,754,709358,709428
latency,weave,2,burst_small,256,755,709488,709569
latency,weave,2,burst_small,256,756,709529,709599
latency,weave,2,burst_small,256,757,709558,709639
latency,weave,2,burst_small,256,758,709569,709639
latency,weave,2,burst_small,256,759,709588,709668
latency,weave,2,burst_small,256,760,709709,709779
latency,weave,2,burst_small,256,761,709769,709849
latency,weave,2,burst_small,256,762,709899,709979
latency,weave,2,burst_small,256,763,709799,709869
latency,weave,2,burst_small,256,764,709298,709378
latency,weave,2,burst_small,256,765,709027,709107
latency,weave,2,burst_small,256,766,708848,708918
latency,weave,2,burst_small,256,767,708737,708807
latency,weave,2,burst_small,256,768,44224,44365
latency,weave,2,burst_small,256,769,29146,29216
latency,weave,2,burst_small,256,770,25619,25749
latency,weave,2,burst_small,256,771,29542,29682
latency,weave,2,burst_small,256,772,25860,25990
latency,weave,2,burst_small,256,773,22633,22763
latency,weave,2,burst_small,256,774,22683,22813
latency,weave,2,burst_small,256,775,21451,21582
latency,weave,2,burst_small,256,776,22573,22703
latency,weave,2,burst_small,256,777,20870,21000
latency,weave,2,burst_small,256,778,26660,26791
latency,weave,2,burst_small,256,779,22352,22483
latency,weave,2,burst_small,256,780,4819,4900
latency,weave,2,burst_small,256,781,4729,4799
latency,weave,2,burst_small,256,782,4980,5050
latency,weave,2,burst_small,256,783,5450,5530
latency,weave,2,burst_small,256,784,5951,6021
latency,weave,2,burst_small,256,785,1983,2053
latency,weave,2,burst_small,256,786,1933,2003
latency,weave,2,burst_small,256,787,1874,2004
latency,weave,2,burst_small,256,788,1773,1873
latency,weave,2,burst_small,256,789,2445,2515
latency,weave,2,burst_small,256,790,2595,2675
latency,weave,2,burst_small,256,791,2815,2885
latency,weave,2,burst_small,256,792,2936,3006
latency,weave,2,burst_small,256,793,2785,2865
latency,weave,2,burst_small,256,794,2515,2585
latency,weave,2,burst_small,256,795,2425,2525
latency,weave,2,burst_small,256,796,2394,2464
latency,weave,2,burst_small,256,797,2044,2144
latency,weave,2,burst_small,256,798,1963,2033
latency,weave,2,burst_small,256,799,1874,1954
latency,weave,2,burst_small,256,800,1573,1643
latency,weave,2,burst_small,256,801,1473,1553
latency,weave,2,burst_small,256,802,1392,1483
latency,weave,2,burst_small,256,803,1112,1182
latency,weave,2,burst_small,256,804,942,1012
latency,weave,2,burst_small,256,805,892,972
latency,weave,2,burst_small,256,806,872,942
latency,weave,2,burst_small,256,807,651,722
latency,weave,2,burst_small,256,808,651,721
latency,weave,2,burst_small,256,809,1222,1292
latency,weave,2,burst_small,256,810,551,621
latency,weave,2,burst_small,256,811,411,491
latency,weave,2,burst_small,256,812,721,801
latency,weave,2,burst_small,256,813,531,611
latency,weave,2,burst_small,256,814,430,511
latency,weave,2,burst_small,256,815,531,622
latency,weave,2,burst_small,256,816,511,591
latency,weave,2,burst_small,256,817,2385,2465
latency,weave,2,burst_small,256,818,551,621
latency,weave,2,burst_small,256,819,581,662
latency,weave,2,burst_small,256,820,541,611
latency,weave,2,burst_small,256,821,400,471
latency,weave,2,burst_small,256,822,521,601
latency,weave,2,burst_small,256,823,1272,1343
latency,weave,2,burst_small,256,824,541,631
latency,weave,2,burst_small,256,825,2515,2596
latency,weave,2,burst_small,256,826,491,561
latency,weave,2,burst_small,256,827,541,611
latency,weave,2,burst_small,256,828,581,672
latency,weave,2,burst_small,256,829,701,771
latency,weave,2,burst_small,256,830,621,701
latency,weave,2,burst_small,256,831,1122,1202
latency,weave,2,burst_small,256,832,551,621
latency,weave,2,burst_small,256,833,1213,1293
latency,weave,2,burst_small,256,834,531,601
latency,weave,2,burst_small,256,835,1713,1783
latency,weave,2,burst_small,256,836,701,781
latency,weave,2,burst_small,256,837,702,802
latency,weave,2,burst_small,256,838,541,612
latency,weave,2,burst_small,256,839,521,591
latency,weave,2,burst_small,256,840,702,802
latency,weave,2,burst_small,256,841,91914,92044
latency,weave,2,burst_small,256,842,28434,28514
latency,weave,2,burst_small,256,843,27011,27141
latency,weave,2,burst_small,256,844,23324,23464
latency,weave,2,burst_small,256,845,23820,23951
latency,weave,2,burst_small,256,846,5466,5536
latency,weave,2,burst_small,256,847,5366,5436
latency,weave,2,burst_small,256,848,5586,5657
latency,weave,2,burst_small,256,849,5897,5997
latency,weave,2,burst_small,256,850,6007,6087
latency,weave,2,burst_small,256,851,6252,6383
latency,weave,2,burst_small,256,852,6307,6387
latency,weave,2,burst_small,256,853,7194,7274
latency,weave,2,burst_small,256,854,7349,7430
latency,weave,2,burst_small,256,855,7635,7705
latency,weave,2,burst_small,256,856,7690,7771
latency,weave,2,burst_small,256,857,3517,3587
latency,weave,2,burst_small,256,858,3683,3753
latency,weave,2,burst_small,256,859,3627,3707
latency,weave,2,burst_small,256,860,3743,3823
latency,weave,2,burst_small,256,861,3947,4017
latency,weave,2,burst_small,256,862,3512,3592
latency,weave,2,burst_small,256,863,3587,3657
latency,weave,2,burst_small,256,864,3001,3082
latency,weave,2,burst_small,256,865,2821,2901
latency,weave,2,burst_small,256,866,2190,2270
latency,weave,2,burst_small,256,867,1508,1608
latency,weave,2,burst_small,256,868,17128,17259
latency,weave,2,burst_small,256,869,21938,22068
latency,weave,2,burst_small,256,870,22187,22317
latency,weave,2,burst_small,256,871,22438,22568
latency,weave,2,burst_small,256,872,22137,22267
latency,weave,2,burst_small,256,873,26911,27051
latency,weave,2,burst_small,256,874,22373,22503
latency,weave,2,burst_small,256,875,42105,42245
latency,weave,2,burst_small,256,876,9293,9373
latency,weave,2,burst_small,256,877,9263,9363
latency,weave,2,burst_small,256,878,9474,9544
latency,weave,2,burst_small,256,879,9874,9954
latency,weave,2,burst_small,256,880,10265,10335
latency,weave,2,burst_small,256,881,10575,10646
latency,weave,2,burst_small,256,882,10635,10705
latency,weave,2,burst_small,256,883,10886,10956
latency,weave,2,burst_small,256,884,11147,11217
latency,weave,2,burst_small,256,885,11317,11417
latency,weave,2,burst_small,256,886,11667,11737
latency,weave,2,burst_small,256,887,11888,11968
latency,weave,2,burst_small,256,888,12138,12208
latency,weave,2,burst_small,256,889,12479,12549
latency,weave,2,burst_small,256,890,12770,12850
latency,weave,2,burst_small,256,891,12960,13030
latency,weave,2,burst_small,256,892,13230,13321
latency,weave,2,burst_small,256,893,13471,13571
latency,weave,2,burst_small,256,894,13992,14062
latency,weave,2,burst_small,256,895,14282,14352
latency,weave,2,burst_small,256,896,14543,14623
latency,weave,2,burst_small,256,897,15074,15174
latency,weave,2,burst_small,256,898,15315,15385
latency,weave,2,burst_small,256,899,15775,15865
latency,weave,2,burst_small,256,900,16026,16106
latency,weave,2,burst_small,256,901,16226,16316
latency,weave,2,burst_small,256,902,16617,16697
latency,weave,2,burst_small,256,903,16917,16987
latency,weave,2,burst_small,256,904,17127,17198
latency,weave,2,burst_small,256,905,17498,17569
latency,weave,2,burst_small,256,906,17719,17789
latency,weave,2,burst_small,256,907,17999,18079
latency,weave,2,burst_small,256,908,18751,18821
latency,weave,2,burst_small,256,909,18881,18951
latency,weave,2,burst_small,256,910,19042,19122
latency,weave,2,burst_small,256,911,19201,19271
latency,weave,2,burst_small,256,912,19342,19412
latency,weave,2,burst_small,256,913,14683,14763
latency,weave,2,burst_small,256,914,14533,14603
latency,weave,2,burst_small,256,915,14522,14592
latency,weave,2,burst_small,256,916,14583,14653
latency,weave,2,burst_small,256,917,14543,14623
latency,weave,2,burst_small,256,918,14443,14513
latency,weave,2,burst_small,256,919,14603,14673
latency,weave,2,burst_small,256,920,14583,14663
latency,weave,2,burst_small,256,921,14452,14532
latency,weave,2,burst_small,256,922,14353,14433
latency,weave,2,burst_small,256,923,14482,14552
latency,weave,2,burst_small,256,924,14573,14643
latency,weave,2,burst_small,256,925,14663,14734
latency,weave,2,burst_small,256,926,14673,14743
latency,weave,2,burst_small,256,927,14833,14914
latency,weave,2,burst_small,256,928,14844,14914
latency,weave,2,burst_small,256,929,14723,14794
latency,weave,2,burst_small,256,930,14543,14623
latency,weave,2,burst_small,256,931,14653,14724
latency,weave,2,burst_small,256,932,14673,14743
latency,weave,2,burst_small,256,933,14813,14893
latency,weave,2,burst_small,256,934,14773,14853
latency,weave,2,burst_small,256,935,14843,14913
latency,weave,2,burst_small,256,936,14924,14994
latency,weave,2,burst_small,256,937,14813,14893
latency,weave,2,burst_small,256,938,14503,14573
latency,weave,2,burst_small,256,939,14633,14703
latency,weave,2,burst_small,256,940,14613,14683
latency,weave,2,burst_small,256,941,14733,14813
latency,weave,2,burst_small,256,942,14753,14833
latency,weave,2,burst_small,256,943,14903,14983
latency,weave,2,burst_small,256,944,15074,15154
latency,weave,2,burst_small,256,945,14893,14973
latency,weave,2,burst_small,256,946,14783,14853
latency,weave,2,burst_small,256,947,14843,14923
latency,weave,2,burst_small,256,948,14864,14944
latency,weave,2,burst_small,256,949,14943,15013
latency,weave,2,burst_small,256,950,15084,15154
latency,weave,2,burst_small,256,951,15104,15174
latency,weave,2,burst_small,256,952,15234,15314
latency,weave,2,burst_small,256,953,15304,15374
latency,weave,2,burst_small,256,954,15064,15134
latency,weave,2,burst_small,256,955,15154,15234
latency,weave,2,burst_small,256,956,15174,15254
latency,weave,2,burst_small,256,957,15304,15374
latency,weave,2,burst_small,256,958,15345,15425
latency,weave,2,burst_small,256,959,15404,15474
latency,weave,2,burst_small,256,960,15285,15365
latency,weave,2,burst_small,256,961,15234,15314
latency,weave,2,burst_small,256,962,36088,36219
latency,weave,2,burst_small,256,963,111781,111922
latency,weave,2,burst_small,256,964,36499,36579
latency,weave,2,burst_small,256,965,2525,2595
latency,weave,2,burst_small,256,966,2595,2695
latency,weave,2,burst_small,256,967,2846,2916
latency,weave,2,burst_small,256,968,3117,3197
latency,weave,2,burst_small,256,969,3376,3456
latency,weave,2,burst_small,256,970,3507,3587
latency,weave,2,burst_small,256,971,6032,6162
latency,weave,2,burst_small,256,972,6353,6433
latency,weave,2,burst_small,256,973,6342,6422
latency,weave,2,burst_small,256,974,6453,6523
latency,weave,2,burst_small,256,975,6613,6684
latency,weave,2,burst_small,256,976,6583,6663
latency,weave,2,burst_small,256,977,16712,16843
latency,weave,2,burst_small,256,978,16672,16752
latency,weave,2,burst_small,256,979,16722,16802
latency,weave,2,burst_small,256,980,16652,16722
latency,weave,2,burst_small,256,981,16692,16762
latency,weave,2,burst_small,256,982,16592,16672
latency,weave,2,burst_small,256,983,16031,16111
latency,weave,2,burst_small,256,984,16171,16251
latency,weave,2,burst_small,256,985,16342,16412
latency,weave,2,burst_small,256,986,16361,16441
latency,weave,2,burst_small,256,987,16432,16502
latency,weave,2,burst_small,256,988,16572,16652
latency,weave,2,burst_small,256,989,16732,16802
latency,weave,2,burst_small,256,990,16892,16972
latency,weave,2,burst_small,256,991,17043,17113
latency,weave,2,burst_small,256,992,17193,17263
latency,weave,2,burst_small,256,993,17364,17434
latency,weave,2,burst_small,256,994,17423,17503
latency,weave,2,burst_small,256,995,17524,17594
latency,weave,2,burst_small,256,996,17664,17744
latency,weave,2,burst_small,256,997,17835,17915
latency,weave,2,burst_small,256,998,18004,18074
latency,weave,2,burst_small,256,999,18155,18225
latency,weave,2,burst_small,256,1000,81550,81690
latency,weave,2,burst_small,256,1001,27187,27268
latency,weave,2,burst_small,256,1002,22959,23090
latency,weave,2,burst_small,256,1003,22894,23024
latency,weave,2,burst_small,256,1004,28490,28620
latency,weave,2,burst_small,256,1005,27538,27668
latency,weave,2,burst_small,256,1006,25043,25173
latency,weave,2,burst_small,256,1007,59498,59628
latency,weave,2,burst_small,256,1008,28624,28755
latency,weave,2,burst_small,256,1009,54278,54419
latency,weave,2,burst_small,256,1010,31075,31145
latency,weave,2,burst_small,256,1011,23390,23520
latency,weave,2,burst_small,256,1012,20594,20715
latency,weave,2,burst_small,256,1013,25524,25664
latency,weave,2,burst_small,256,1014,82948,83088
latency,weave,2,burst_small,256,1015,33349,33479
latency,weave,2,burst_small,256,1016,62700,62820
latency,weave,2,burst_small,256,1017,97354,97485
latency,weave,2,burst_small,256,1018,97545,97615
latency,weave,2,burst_small,256,1019,97605,97685
latency,weave,2,burst_small,256,1020,97735,97805
latency,weave,2,burst_small,256,1021,97886,97966
latency,weave,2,burst_small,256,1022,98046,98116
latency,weave,2,burst_small,256,1023,98197,98277
latency,weave,2,burst_small,256,1024,41248,41388
latency,weave,2,burst_small,256,1025,26360,26431
latency,weave,2,burst_small,256,1026,22533,22663
latency,weave,2,burst_small,256,1027,28114,28244
latency,weave,2,burst_small,256,1028,24597,24737
latency,weave,2,burst_small,256,1029,6403,6473
latency,weave,2,burst_small,256,1030,6352,6422
latency,weave,2,burst_small,256,1031,7104,7234
latency,weave,2,burst_small,256,1032,7214,7284
latency,weave,2,burst_small,256,1033,8016,8086
latency,weave,2,burst_small,256,1034,8537,8607
latency,weave,2,burst_small,256,1035,8437,8517
latency,weave,2,burst_small,256,1036,8646,8717
latency,weave,2,burst_small,256,1037,9057,9128
latency,weave,2,burst_small,256,1038,9038,9108
latency,weave,2,burst_small,256,1039,9248,9328
latency,weave,2,burst_small,256,1040,3957,4038
latency,weave,2,burst_small,256,1041,4349,4429
latency,weave,2,burst_small,256,1042,4228,4298
latency,weave,2,burst_small,256,1043,4178,4269
latency,weave,2,burst_small,256,1044,4248,4318
latency,weave,2,burst_small,256,1045,3848,3928
latency,weave,2,burst_small,256,1046,3707,3787
latency,weave,2,burst_small,256,1047,3557,3627
latency,weave,2,burst_small,256,1048,3487,3557
latency,weave,2,burst_small,256,1049,3127,3227
latency,weave,2,burst_small,256,1050,2755,2825
latency,weave,2,burst_small,256,1051,2105,2205
latency,weave,2,burst_small,256,1052,1964,2034
latency,weave,2,burst_small,256,1053,1964,2034
latency,weave,2,burst_small,256,1054,1673,1763
latency,weave,2,burst_small,256,1055,1774,1854
latency,weave,2,burst_small,256,1056,1844,1935
latency,weave,2,burst_small,256,1057,1724,1794
latency,weave,2,burst_small,256,1058,1643,1714
latency,weave,2,burst_small,256,1059,1543,1613
latency,weave,2,burst_small,256,1060,1453,1533
latency,weave,2,burst_small,256,1061,1322,1403
latency,weave,2,burst_small,256,1062,391,471
latency,weave,2,burst_small,256,1063,461,542
latency,weave,2,burst_small,256,1064,481,551
latency,weave,2,burst_small,256,1065,21782,21912
latency,weave,2,burst_small,256,1066,20334,20465
latency,weave,2,burst_small,256,1067,2581,2681
latency,weave,2,burst_small,256,1068,2050,2120
latency,weave,2,burst_small,256,1069,2330,2400
latency,weave,2,burst_small,256,1070,2711,2801
latency,weave,2,burst_small,256,1071,3072,3142
latency,weave,2,burst_small,256,1072,3332,3413
latency,weave,2,burst_small,256,1073,3572,3642
latency,weave,2,burst_small,256,1074,3723,3803
latency,weave,2,burst_small,256,1075,3833,3913
latency,weave,2,burst_small,256,1076,4114,4194
latency,weave,2,burst_small,256,1077,4424,4504
latency,weave,2,burst_small,256,1078,4555,4625
latency,weave,2,burst_small,256,1079,4774,4845
latency,weave,2,burst_small,256,1080,4885,4955
latency,weave,2,burst_small,256,1081,5065,5135
latency,weave,2,burst_small,256,1082,5176,5276
latency,weave,2,burst_small,256,1083,5105,5176
latency,weave,2,burst_small,256,1084,5436,5527
latency,weave,2,burst_small,256,1085,5716,5787
latency,weave,2,burst_small,256,1086,5977,6067
latency,weave,2,burst_small,256,1087,6128,6198
latency,weave,2,burst_small,256,1088,6533,6673
latency,weave,2,burst_small,256,1089,6277,6367
latency,weave,2,burst_small,256,1090,6368,6438
latency,weave,2,burst_small,256,1091,6493,6563
latency,weave,2,burst_small,256,1092,6578,6668
latency,weave,2,burst_small,256,1093,6763,6833
latency,weave,2,burst_small,256,1094,6768,6838
latency,weave,2,burst_small,256,1095,6733,6803
latency,weave,2,burst_small,256,1096,6759,6849
latency,weave,2,burst_small,256,1097,7520,7590
latency,weave,2,burst_small,256,1098,8045,8115
latency,weave,2,burst_small,256,1099,7611,7691
latency,weave,2,burst_small,256,1100,8111,8211
latency,weave,2,burst_small,256,1101,8246,8346
latency,weave,2,burst_small,256,1102,8251,8331
latency,weave,2,burst_small,256,1103,8306,8386
latency,weave,2,burst_small,256,1104,8221,8301
latency,weave,2,burst_small,256,1105,8226,8316
latency,weave,2,burst_small,256,1106,8151,8261
latency,weave,2,burst_small,256,1107,7705,7785
latency,weave,2,burst_small,256,1108,7731,7801
latency,weave,2,burst_small,256,1109,8201,8271
latency,weave,2,burst_small,256,1110,8206,8286
latency,weave,2,burst_small,256,1111,8271,8341
latency,weave,2,burst_small,256,1112,8446,8517
latency,weave,2,burst_small,256,1113,8311,8391
latency,weave,2,burst_small,256,1114,7594,7664
latency,weave,2,burst_small,256,1115,7369,7439
latency,weave,2,burst_small,256,1116,7374,7464
latency,weave,2,burst_small,256,1117,7390,7470
latency,weave,2,burst_small,256,1118,7464,7544
latency,weave,2,burst_small,256,1119,7490,7560
latency,weave,2,burst_small,256,1120,7324,7394
latency,weave,2,burst_small,256,1121,6678,6748
latency,weave,2,burst_small,256,1122,6733,6823
latency,weave,2,burst_small,256,1123,6388,6468
latency,weave,2,burst_small,256,1124,6222,6302
latency,weave,2,burst_small,256,1125,6277,6358
latency,weave,2,burst_small,256,1126,6612,6692
latency,weave,2,burst_small,256,1127,6408,6498
latency,weave,2,burst_small,256,1128,6733,6804
latency,weave,2,burst_small,256,1129,6698,6768
latency,weave,2,burst_small,256,1130,6312,6402
latency,weave,2,burst_small,256,1131,6297,6367
latency,weave,2,burst_small,256,1132,6302,6382
latency,weave,2,burst_small,256,1133,6177,6247
latency,weave,2,burst_small,256,1134,6077,6157
latency,weave,2,burst_small,256,1135,6057,6128
latency,weave,2,burst_small,256,1136,6087,6157
latency,weave,2,burst_small,256,1137,6077,6158
latency,weave,2,burst_small,256,1138,5436,5506
latency,weave,2,burst_small,256,1139,4985,5066
latency,weave,2,burst_small,256,1140,4785,4855
latency,weave,2,burst_small,256,1141,4184,4254
latency,weave,2,burst_small,256,1142,4214,4284
latency,weave,2,burst_small,256,1143,4214,4294
latency,weave,2,burst_small,256,1144,3993,4063
latency,weave,2,burst_small,256,1145,75614,75744
latency,weave,2,burst_small,256,1146,26751,26821
latency,weave,2,burst_small,256,1147,27802,27933
latency,weave,2,burst_small,256,1148,27482,27622
latency,weave,2,burst_small,256,1149,23594,23735
latency,weave,2,burst_small,256,1150,26761,26891
latency,weave,2,burst_small,256,1151,22062,22202
latency,weave,2,burst_small,256,1152,26445,26585
latency,weave,2,burst_small,256,1153,22638,22769
latency,weave,2,burst_small,256,1154,20925,21055
latency,weave,2,burst_small,256,1155,26069,26209
latency,weave,2,burst_small,256,1156,22813,22943
latency,weave,2,burst_small,256,1157,25829,25959
latency,weave,2,burst_small,256,1158,25799,25929
latency,weave,2,burst_small,256,1159,22513,22643
latency,weave,2,burst_small,256,1160,28003,28134
latency,weave,2,burst_small,256,1161,23630,23770
latency,weave,2,burst_small,256,1162,22638,22768
latency,weave,2,burst_small,256,1163,22548,22678
latency,weave,2,burst_small,256,1164,22999,23129
latency,weave,2,burst_small,256,1165,22037,22167
latency,weave,2,burst_small,256,1166,29451,29581
latency,weave,2,burst_small,256,1167,21020,21160
latency,weave,2,burst_small,256,1168,4749,4819
latency,weave,2,burst_small,256,1169,4709,4809
latency,weave,2,burst_small,256,1170,4799,4869
latency,weave,2,burst_small,256,1171,630,701
latency,weave,2,burst_small,256,1172,911,982
latency,weave,2,burst_small,256,1173,1092,1172
latency,weave,2,burst_small,256,1174,1152,1252
latency,weave,2,burst_small,256,1175,1363,1433
latency,weave,2,burst_small,256,1176,1462,1543
latency,weave,2,burst_small,256,1177,1442,1522
latency,weave,2,burst_small,256,1178,1563,1633
latency,weave,2,burst_small,256,1179,1478,1609
latency,weave,2,burst_small,256,1180,1182,1262
latency,weave,2,burst_small,256,1181,1362,1432
latency,weave,2,burst_small,256,1182,1508,1578
latency,weave,2,burst_small,256,1183,1062,1162
latency,weave,2,burst_small,256,1184,1077,1147
latency,weave,2,burst_small,256,1185,912,982
latency,weave,2,burst_small,256,1186,1002,1082
latency,weave,2,burst_small,256,1187,2901,2981
latency,weave,2,burst_small,256,1188,737,807
latency,weave,2,burst_small,256,1189,887,987
latency,weave,2,burst_small,256,1190,1052,1132
latency,weave,2,burst_small,256,1191,847,917
latency,weave,2,burst_small,256,1192,661,761
latency,weave,2,burst_small,256,1193,912,982
latency,weave,2,burst_small,256,1194,2314,2384
latency,weave,2,burst_small,256,1195,651,731
latency,weave,2,burst_small,256,1196,637,707
latency,weave,2,burst_small,256,1197,637,717
latency,weave,2,burst_small,256,1198,531,611
latency,weave,2,burst_small,256,1199,2174,2244
latency,weave,2,burst_small,256,1200,631,711
latency,weave,2,burst_small,256,1201,711,791
latency,weave,2,burst_small,256,1202,611,691
latency,weave,2,burst_small,256,1203,416,506
latency,weave,2,burst_small,256,1204,1579,1649
latency,weave,2,burst_small,256,1205,586,656
latency,weave,2,burst_small,256,1206,727,837
latency,weave,2,burst_small,256,1207,681,781
latency,weave,2,burst_small,256,1208,636,706
latency,weave,2,burst_small,256,1209,641,721
latency,weave,2,burst_small,256,1210,93176,93317
latency,weave,2,burst_small,256,1211,27923,27993
latency,weave,2,burst_small,256,1212,23074,23205
latency,weave,2,burst_small,256,1213,28123,28254
latency,weave,2,burst_small,256,1214,26551,26681
latency,weave,2,burst_small,256,1215,26260,26391
latency,weave,2,burst_small,256,1216,26250,26380
latency,weave,2,burst_small,256,1217,26420,26551
latency,weave,2,burst_small,256,1218,26431,26561
latency,weave,2,burst_small,256,1219,27728,27868
latency,weave,2,burst_small,256,1220,43879,44019
latency,weave,2,burst_small,256,1221,22188,22318
latency,weave,2,burst_small,256,1222,29706,29846
latency,weave,2,burst_small,256,1223,30528,30668
latency,weave,2,burst_small,256,1224,26230,26360
latency,weave,2,burst_small,256,1225,24542,24682
latency,weave,2,burst_small,256,1226,5877,5947
latency,weave,2,burst_small,256,1227,5606,5676
latency,weave,2,burst_small,256,1228,5797,5867
latency,weave,2,burst_small,256,1229,6413,6543
latency,weave,2,burst_small,256,1230,7143,7214
latency,weave,2,burst_small,256,1231,7324,7394
latency,weave,2,burst_small,256,1232,7495,7575
latency,weave,2,burst_small,256,1233,7665,7735
latency,weave,2,burst_small,256,1234,7645,7725
latency,weave,2,burst_small,256,1235,22222,22352
latency,weave,2,burst_small,256,1236,123710,123850
latency,weave,2,burst_small,256,1237,28975,29105
latency,weave,2,burst_small,256,1238,56362,56493
latency,weave,2,burst_small,256,1239,56763,56843
latency,weave,2,burst_small,256,1240,56914,56984
latency,weave,2,burst_small,256,1241,57073,57143
latency,weave,2,burst_small,256,1242,57084,57154
latency,weave,2,burst_small,256,1243,57164,57244
latency,weave,2,burst_small,256,1244,57314,57394
latency,weave,2,burst_small,256,1245,57494,57575
latency,weave,2,burst_small,256,1246,57655,57735
latency,weave,2,burst_small,256,1247,57825,57896
latency,weave,2,burst_small,256,1248,57986,58056
latency,weave,2,burst_small,256,1249,58155,58236
latency,weave,2,burst_small,256,1250,58266,58346
latency,weave,2,burst_small,256,1251,58336,58407
latency,weave,2,burst_small,256,1252,58507,58587
latency,weave,2,burst_small,256,1253,58666,58747
latency,weave,2,burst_small,256,1254,58827,58907
latency,weave,2,burst_small,256,1255,58987,59058
latency,weave,2,burst_small,256,1256,59158,59228
latency,weave,2,burst_small,256,1257,59288,59369
latency,weave,2,burst_small,256,1258,58777,58847
latency,weave,2,burst_small,256,1259,58867,58938
latency,weave,2,burst_small,256,1260,59008,59088
latency,weave,2,burst_small,256,1261,59187,59268
latency,weave,2,burst_small,256,1262,59328,59408
latency,weave,2,burst_small,256,1263,59488,59559
latency,weave,2,burst_small,256,1264,59639,59719
latency,weave,2,burst_small,256,1265,59829,59900
latency,weave,2,burst_small,256,1266,59919,59989
latency,weave,2,burst_small,256,1267,60009,60089
latency,weave,2,burst_small,256,1268,60180,60250
latency,weave,2,burst_small,256,1269,60330,60400
latency,weave,2,burst_small,256,1270,60470,60550
latency,weave,2,burst_small,256,1271,60700,60781
latency,weave,2,burst_small,256,1272,60841,60921
latency,weave,2,burst_small,256,1273,61011,61082
latency,weave,2,burst_small,256,1274,61091,61171
latency,weave,2,burst_small,256,1275,61221,61292
latency,weave,2,burst_small,256,1276,61392,61462
latency,weave,2,burst_small,256,1277,61542,61623
latency,weave,2,burst_small,256,1278,61703,61773
latency,weave,2,burst_small,256,1279,61842,61923
latency,weave,2,burst_small,256,1280,43888,44028
latency,weave,2,burst_small,256,1281,29141,29211
latency,weave,2,burst_small,256,1282,27708,27839
latency,weave,2,burst_small,256,1283,28029,28159
latency,weave,2,burst_small,256,1284,35112,35242
latency,weave,2,burst_small,256,1285,677,747
latency,weave,2,burst_small,256,1286,637,737
latency,weave,2,burst_small,256,1287,767,848
latency,weave,2,burst_small,256,1288,1077,1148
latency,weave,2,burst_small,256,1289,1208,1278
latency,weave,2,burst_small,256,1290,1098,1178
latency,weave,2,burst_small,256,1291,1038,1138
latency,weave,2,burst_small,256,1292,11137,11267
latency,weave,2,burst_small,256,1293,11508,11578
latency,weave,2,burst_small,256,1294,11688,11758
latency,weave,2,burst_small,256,1295,11758,11839
latency,weave,2,burst_small,256,1296,2460,2530
latency,weave,2,burst_small,256,1297,2791,2861
latency,weave,2,burst_small,256,1298,2811,2891
latency,weave,2,burst_small,256,1299,2912,2992
latency,weave,2,burst_small,256,1300,2921,3002
latency,weave,2,burst_small,256,1301,3141,3221
latency,weave,2,burst_small,256,1302,3322,3392
latency,weave,2,burst_small,256,1303,4830,4970
latency,weave,2,burst_small,256,1304,5671,5741
latency,weave,2,burst_small,256,1305,5701,5771
latency,weave,2,burst_small,256,1306,5626,5706
latency,weave,2,burst_small,256,1307,5601,5681
latency,weave,2,burst_small,256,1308,5426,5496
latency,weave,2,burst_small,256,1309,5550,5621
latency,weave,2,burst_small,256,1310,5406,5477
latency,weave,2,burst_small,256,1311,5490,5560
latency,weave,2,burst_small,256,1312,5376,5446
latency,weave,2,burst_small,256,1313,5260,5330
latency,weave,2,burst_small,256,1314,4845,4925
latency,weave,2,burst_small,256,1315,9083,9153
latency,weave,2,burst_small,256,1316,21567,21697
latency,weave,2,burst_small,256,1317,27352,27493
latency,weave,2,burst_small,256,1318,42155,42285
latency,weave,2,burst_small,256,1319,24873,24943
latency,weave,2,burst_small,256,1320,23660,23790
latency,weave,2,burst_small,256,1321,35967,36108
latency,weave,2,burst_small,256,1322,3015,3116
latency,weave,2,burst_small,256,1323,2845,2915
latency,weave,2,burst_small,256,1324,2835,2935
latency,weave,2,burst_small,256,1325,3186,3266
latency,weave,2,burst_small,256,1326,3476,3566
latency,weave,2,burst_small,256,1327,3767,3847
latency,weave,2,burst_small,256,1328,3977,4057
latency,weave,2,burst_small,256,1329,4268,4338
latency,weave,2,burst_small,256,1330,4388,4458
latency,weave,2,burst_small,256,1331,4498,4568
latency,weave,2,burst_small,256,1332,4278,4348
latency,weave,2,burst_small,256,1333,4348,4418
latency,weave,2,burst_small,256,1334,4669,4749
latency,weave,2,burst_small,256,1335,4729,4809
latency,weave,2,burst_small,256,1336,4859,4949
latency,weave,2,burst_small,256,1337,4909,4989
latency,weave,2,burst_small,256,1338,4960,5060
latency,weave,2,burst_small,256,1339,5600,5670
latency,weave,2,burst_small,256,1340,5680,5751
latency,weave,2,burst_small,256,1341,5811,5881
latency,weave,2,burst_small,256,1342,5820,5901
latency,weave,2,burst_small,256,1343,5911,5981
latency,weave,2,burst_small,256,1344,5951,6032
latency,weave,2,burst_small,256,1345,5921,6001
latency,weave,2,burst_small,256,1346,5891,5961
latency,weave,2,burst_small,256,1347,7755,7895
latency,weave,2,burst_small,256,1348,5931,6011
latency,weave,2,burst_small,256,1349,6021,6101
latency,weave,2,burst_small,256,1350,6382,6482
latency,weave,2,burst_small,256,1351,6211,6281
latency,weave,2,burst_small,256,1352,6603,6683
latency,weave,2,burst_small,256,1353,6703,6783
latency,weave,2,burst_small,256,1354,6743,6813
latency,weave,2,burst_small,256,1355,6452,6542
latency,weave,2,burst_small,256,1356,6583,6663
latency,weave,2,burst_small,256,1357,6472,6552
latency,weave,2,burst_small,256,1358,6663,6763
latency,weave,2,burst_small,256,1359,2034,2114
latency,weave,2,burst_small,256,1360,1913,2014
latency,weave,2,burst_small,256,1361,1864,1944
latency,weave,2,burst_small,256,1362,1794,1864
latency,weave,2,burst_small,256,1363,1453,1523
latency,weave,2,burst_small,256,1364,1313,1393
latency,weave,2,burst_small,256,1365,1402,1492
latency,weave,2,burst_small,256,1366,1363,1453
latency,weave,2,burst_small,256,1367,992,1072
latency,weave,2,burst_small,256,1368,962,1042
latency,weave,2,burst_small,256,1369,951,1021
latency,weave,2,burst_small,256,1370,862,942
latency,weave,2,burst_small,256,1371,2925,3005
latency,weave,2,burst_small,256,1372,551,631
latency,weave,2,burst_small,256,1373,551,621
latency,weave,2,burst_small,256,1374,461,541
latency,weave,2,burst_small,256,1375,381,471
latency,weave,2,burst_small,256,1376,431,501
latency,weave,2,burst_small,256,1377,2584,2675
latency,weave,2,burst_small,256,1378,521,601
latency,weave,2,burst_small,256,1379,581,671
latency,weave,2,burst_small,256,1380,501,571
latency,weave,2,burst_small,256,1381,521,591
latency,weave,2,burst_small,256,1382,1022,1102
latency,weave,2,burst_small,256,1383,591,661
latency,weave,2,burst_small,256,1384,561,631
latency,weave,2,burst_small,256,1385,1883,1953
latency,weave,2,burst_small,256,1386,521,591
latency,weave,2,burst_small,256,1387,591,661
latency,weave,2,burst_small,256,1388,481,561
latency,weave,2,burst_small,256,1389,551,621
latency,weave,2,burst_small,256,1390,471,541
latency,weave,2,burst_small,256,1391,2004,2084
latency,weave,2,burst_small,256,1392,571,641
latency,weave,2,burst_small,256,1393,551,632
latency,weave,2,burst_small,256,1394,1192,1272
latency,weave,2,burst_small,256,1395,561,641
latency,weave,2,burst_small,256,1396,550,621
latency,weave,2,burst_small,256,1397,1763,1844
latency,weave,2,burst_small,256,1398,571,671
latency,weave,2,burst_small,256,1399,611,691
latency,weave,2,burst_small,256,1400,560,631
latency,weave,2,burst_small,256,1401,27697,27838
latency,weave,2,burst_small,256,1402,26475,26555
latency,weave,2,burst_small,256,1403,18471,18611
latency,weave,2,burst_small,256,1404,2340,2410
latency,weave,2,burst_small,256,1405,1709,1789
latency,weave,2,burst_small,256,1406,1949,2019
latency,weave,2,burst_small,256,1407,2419,2500
latency,weave,2,burst_small,256,1408,2720,2800
latency,weave,2,burst_small,256,1409,3171,3252
latency,weave,2,burst_small,256,1410,3291,3372
latency,weave,2,burst_small,256,1411,3311,3391
latency,weave,2,burst_small,256,1412,3492,3572
latency,weave,2,burst_small,256,1413,3522,3593
latency,weave,2,burst_small,256,1414,3842,3932
latency,weave,2,burst_small,256,1415,4103,4183
latency,weave,2,burst_small,256,1416,4203,4273
latency,weave,2,burst_small,256,1417,4324,4394
latency,weave,2,burst_small,256,1418,4418,4549
latency,weave,2,burst_small,256,1419,4193,4263
latency,weave,2,burst_small,256,1420,4464,4534
latency,weave,2,burst_small,256,1421,4989,5059
latency,weave,2,burst_small,256,1422,4935,5035
latency,weave,2,burst_small,256,1423,5199,5279
latency,weave,2,burst_small,256,1424,5450,5530
latency,weave,2,burst_small,256,1425,6298,6368
latency,weave,2,burst_small,256,1426,6357,6427
latency,weave,2,burst_small,256,1427,6177,6247
latency,weave,2,burst_small,256,1428,6197,6267
latency,weave,2,burst_small,256,1429,6267,6337
latency,weave,2,burst_small,256,1430,6538,6618
latency,weave,2,burst_small,256,1431,6859,6939
latency,weave,2,burst_small,256,1432,6908,6978
latency,weave,2,burst_small,256,1433,6999,7079
latency,weave,2,burst_small,256,1434,6588,6658
latency,weave,2,burst_small,256,1435,6578,6658
latency,weave,2,burst_small,256,1436,6578,6648
latency,weave,2,burst_small,256,1437,6568,6638
latency,weave,2,burst_small,256,1438,6407,6477
latency,weave,2,burst_small,256,1439,5837,5917
latency,weave,2,burst_small,256,1440,5870,5941
latency,weave,2,burst_small,256,1441,5816,5896
latency,weave,2,burst_small,256,1442,3667,3767
latency,weave,2,burst_small,256,1443,8806,8876
latency,weave,2,burst_small,256,1444,18214,18334
latency,weave,2,burst_small,256,1445,1653,1723
latency,weave,2,burst_small,256,1446,1393,1473
latency,weave,2,burst_small,256,1447,1763,1863
latency,weave,2,burst_small,256,1448,1973,2043
latency,weave,2,burst_small,256,1449,2344,2414
latency,weave,2,burst_small,256,1450,2254,2324
latency,weave,2,burst_small,256,1451,2084,2154
latency,weave,2,burst_small,256,1452,2224,2295
latency,weave,2,burst_small,256,1453,2284,2374
latency,weave,2,burst_small,256,1454,2535,2605
latency,weave,2,burst_small,256,1455,2695,2785
latency,weave,2,burst_small,256,1456,3312,3452
latency,weave,2,burst_small,256,1457,3256,3326
latency,weave,2,burst_small,256,1458,3737,3807
latency,weave,2,burst_small,256,1459,3793,3863
latency,weave,2,burst_small,256,1460,4184,4264
latency,weave,2,burst_small,256,1461,4278,4348
latency,weave,2,burst_small,256,1462,4298,4379
latency,weave,2,burst_small,256,1463,4448,4518
latency,weave,2,burst_small,256,1464,4478,4559
latency,weave,2,burst_small,256,1465,4568,4638
latency,weave,2,burst_small,256,1466,4499,4579
latency,weave,2,burst_small,256,1467,4067,4147
latency,weave,2,burst_small,256,1468,4158,4228
latency,weave,2,burst_small,256,1469,4158,4238
latency,weave,2,burst_small,256,1470,3727,3807
latency,weave,2,burst_small,256,1471,3316,3386
latency,weave,2,burst_small,256,1472,75533,75673
latency,weave,2,burst_small,256,1473,28284,28364
latency,weave,2,burst_small,256,1474,22894,23014
latency,weave,2,burst_small,256,1475,22313,22443
latency,weave,2,burst_small,256,1476,27723,27853
latency,weave,2,burst_small,256,1477,23931,24061
latency,weave,2,burst_small,256,1478,22047,22178
latency,weave,2,burst_small,256,1479,22368,22498
latency,weave,2,burst_small,256,1480,22348,22479
latency,weave,2,burst_small,256,1481,22809,22940
latency,weave,2,burst_small,256,1482,25093,25214
latency,weave,2,burst_small,256,1483,28734,28865
latency,weave,2,burst_small,256,1484,29315,29446
latency,weave,2,burst_small,256,1485,24006,24136
latency,weave,2,burst_small,256,1486,23931,24071
latency,weave,2,burst_small,256,1487,26500,26630
latency,weave,2,burst_small,256,1488,8266,8336
latency,weave,2,burst_small,256,1489,8055,8136
latency,weave,2,burst_small,256,1490,8326,8396
latency,weave,2,burst_small,256,1491,8516,8597
latency,weave,2,burst_small,256,1492,8707,8777
latency,weave,2,burst_small,256,1493,9338,9468
latency,weave,2,burst_small,256,1494,9308,9388
latency,weave,2,burst_small,256,1495,9789,9859
latency,weave,2,burst_small,256,1496,10360,10430
latency,weave,2,burst_small,256,1497,10671,10741
latency,weave,2,burst_small,256,1498,10790,10860
latency,weave,2,burst_small,256,1499,10891,10971
latency,weave,2,burst_small,256,1500,11061,11131
latency,weave,2,burst_small,256,1501,11212,11292
latency,weave,2,burst_small,256,1502,11381,11451
latency,weave,2,burst_small,256,1503,11562,11642
latency,weave,2,burst_small,256,1504,11953,12033
latency,weave,2,burst_small,256,1505,14708,14779
latency,weave,2,burst_small,256,1506,16482,16562
latency,weave,2,burst_small,256,1507,48662,48793
latency,weave,2,burst_small,256,1508,83108,83238
latency,weave,2,burst_small,256,1509,83940,84010
latency,weave,2,burst_small,256,1510,84099,84179
latency,weave,2,burst_small,256,1511,84280,84360
latency,weave,2,burst_small,256,1512,84420,84491
latency,weave,2,burst_small,256,1513,84591,84671
latency,weave,2,burst_small,256,1514,79721,79792
latency,weave,2,burst_small,256,1515,79681,79761
latency,weave,2,burst_small,256,1516,79841,79922
latency,weave,2,burst_small,256,1517,79872,79942
latency,weave,2,burst_small,256,1518,80041,80122
latency,weave,2,burst_small,256,1519,80102,80182
latency,weave,2,burst_small,256,1520,79811,79882
latency,weave,2,burst_small,256,1521,79822,79892
latency,weave,2,burst_small,256,1522,79702,79782
latency,weave,2,burst_small,256,1523,79681,79761
latency,weave,2,burst_small,256,1524,79782,79852
latency,weave,2,burst_small,256,1525,77738,77808
latency,weave,2,burst_small,256,1526,77848,77918
latency,weave,2,burst_small,256,1527,77838,77918
latency,weave,2,burst_small,256,1528,77848,77918
latency,weave,2,burst_small,256,1529,77878,77948
latency,weave,2,burst_small,256,1530,77838,77918
latency,weave,2,burst_small,256,1531,77888,77968
latency,weave,2,burst_small,256,1532,78059,78139
latency,weave,2,burst_small,256,1533,78739,78809
latency,weave,2,burst_small,256,1534,78950,79020
latency,weave,2,burst_small,256,1535,79807,79957
latency,weave,2,burst_small,256,1536,43974,44114
latency,weave,2,burst_small,256,1537,28264,28334
latency,weave,2,burst_small,256,1538,26691,26821
latency,weave,2,burst_small,256,1539,54754,54884
latency,weave,2,burst_small,256,1540,26821,26952
latency,weave,2,burst_small,256,1541,28865,28995
latency,weave,2,burst_small,256,1542,31966,32196
latency,weave,2,burst_small,256,1543,958,1038
latency,weave,2,burst_small,256,1544,577,677
latency,weave,2,burst_small,256,1545,1038,1108
latency,weave,2,burst_small,256,1546,978,1058
latency,weave,2,burst_small,256,1547,1158,1258
latency,weave,2,burst_small,256,1548,1468,1539
latency,weave,2,burst_small,256,1549,1468,1568
latency,weave,2,burst_small,256,1550,1479,1549
latency,weave,2,burst_small,256,1551,1779,1859
latency,weave,2,burst_small,256,1552,1889,1960
latency,weave,2,burst_small,256,1553,2160,2230
latency,weave,2,burst_small,256,1554,2050,2130
latency,weave,2,burst_small,256,1555,2109,2179
latency,weave,2,burst_small,256,1556,2330,2400
latency,weave,2,burst_small,256,1557,2450,2540
latency,weave,2,burst_small,256,1558,2671,2751
latency,weave,2,burst_small,256,1559,2891,2962
latency,weave,2,burst_small,256,1560,5380,5511
latency,weave,2,burst_small,256,1561,6553,6633
latency,weave,2,burst_small,256,1562,6713,6783
latency,weave,2,burst_small,256,1563,6884,6964
latency,weave,2,burst_small,256,1564,6913,7014
latency,weave,2,burst_small,256,1565,7214,7285
latency,weave,2,burst_small,256,1566,7224,7294
latency,weave,2,burst_small,256,1567,7134,7205
latency,weave,2,burst_small,256,1568,7334,7404
latency,weave,2,burst_small,256,1569,7721,7801
latency,weave,2,burst_small,256,1570,6754,6834
latency,weave,2,burst_small,256,1571,6819,6899
latency,weave,2,burst_small,256,1572,6864,6934
latency,weave,2,burst_small,256,1573,6959,7040
latency,weave,2,burst_small,256,1574,7003,7084
latency,weave,2,burst_small,256,1575,7249,7320
latency,weave,2,burst_small,256,1576,7475,7575
latency,weave,2,burst_small,256,1577,7671,7741
latency,weave,2,burst_small,256,1578,7765,7845
latency,weave,2,burst_small,256,1579,7781,7871
latency,weave,2,burst_small,256,1580,8612,8693
latency,weave,2,burst_small,256,1581,8616,8686
latency,weave,2,burst_small,256,1582,8822,8892
latency,weave,2,burst_small,256,1583,8947,9017
latency,weave,2,burst_small,256,1584,9103,9183
latency,weave,2,burst_small,256,1585,9078,9168
latency,weave,2,burst_small,256,1586,9203,9283
latency,weave,2,burst_small,256,1587,9339,9409
latency,weave,2,burst_small,256,1588,9373,9443
latency,weave,2,burst_small,256,1589,9198,9278
latency,weave,2,burst_small,256,1590,9924,9994
latency,weave,2,burst_small,256,1591,10065,10135
latency,weave,2,burst_small,256,1592,10024,10104
latency,weave,2,burst_small,256,1593,10105,10175
latency,weave,2,burst_small,256,1594,10064,10135
latency,weave,2,burst_small,256,1595,10085,10175
latency,weave,2,burst_small,256,1596,9424,9534
latency,weave,2,burst_small,256,1597,10275,10355
latency,weave,2,burst_small,256,1598,10500,10571
latency,weave,2,burst_small,256,1599,10897,10987
latency,weave,2,burst_small,256,1600,11317,11387
latency,weave,2,burst_small,256,1601,11387,11457
latency,weave,2,burst_small,256,1602,11227,11308
latency,weave,2,burst_small,256,1603,11007,11077
latency,weave,2,burst_small,256,1604,10926,11007
latency,weave,2,burst_small,256,1605,10846,10926
latency,weave,2,burst_small,256,1606,10806,10886
latency,weave,2,burst_small,256,1607,10796,10866
latency,weave,2,burst_small,256,1608,10967,11047
latency,weave,2,burst_small,256,1609,10807,10877
latency,weave,2,burst_small,256,1610,10731,10811
latency,weave,2,burst_small,256,1611,10406,10476
latency,weave,2,burst_small,256,1612,10470,10540
latency,weave,2,burst_small,256,1613,10115,10195
latency,weave,2,burst_small,256,1614,9649,9719
latency,weave,2,burst_small,256,1615,7891,7961
latency,weave,2,burst_small,256,1616,7986,8066
latency,weave,2,burst_small,256,1617,7881,7951
latency,weave,2,burst_small,256,1618,7936,8006
latency,weave,2,burst_small,256,1619,7520,7590
latency,weave,2,burst_small,256,1620,7455,7535
latency,weave,2,burst_small,256,1621,7660,7730
latency,weave,2,burst_small,256,1622,7755,7825
latency,weave,2,burst_small,256,1623,7770,7840
latency,weave,2,burst_small,256,1624,7584,7665
latency,weave,2,burst_small,256,1625,5336,5416
latency,weave,2,burst_small,256,1626,5160,5240
latency,weave,2,burst_small,256,1627,4925,5015
latency,weave,2,burst_small,256,1628,5100,5181
latency,weave,2,burst_small,256,1629,5055,5125
latency,weave,2,burst_small,256,1630,4800,4870
latency,weave,2,burst_small,256,1631,4774,4855
latency,weave,2,burst_small,256,1632,4649,4720
latency,weave,2,burst_small,256,1633,4834,4905
latency,weave,2,burst_small,256,1634,4674,4765
latency,weave,2,burst_small,256,1635,4449,4529
latency,weave,2,burst_small,256,1636,4304,4374
latency,weave,2,burst_small,256,1637,4188,4259
latency,weave,2,burst_small,256,1638,3712,3782
latency,weave,2,burst_small,256,1639,3678,3748
latency,weave,2,burst_small,256,1640,3612,3682
latency,weave,2,burst_small,256,1641,3537,3608
latency,weave,2,burst_small,256,1642,3152,3222
latency,weave,2,burst_small,256,1643,2966,3036
latency,weave,2,burst_small,256,1644,2531,2611
latency,weave,2,burst_small,256,1645,2871,2941
latency,weave,2,burst_small,256,1646,2746,2816
latency,weave,2,burst_small,256,1647,2591,2661
latency,weave,2,burst_small,256,1648,2655,2735
latency,weave,2,burst_small,256,1649,2611,2691
latency,weave,2,burst_small,256,1650,2415,2485
latency,weave,2,burst_small,256,1651,2144,2214
latency,weave,2,burst_small,256,1652,1894,1974
latency,weave,2,burst_small,256,1653,1854,1925
latency,weave,2,burst_small,256,1654,1854,1934
latency,weave,2,burst_small,256,1655,30634,30764
latency,weave,2,burst_small,256,1656,28545,28675
latency,weave,2,burst_small,256,1657,29847,29977
latency,weave,2,burst_small,256,1658,259592,259733
latency,weave,2,burst_small,256,1659,78138,78218
latency,weave,2,burst_small,256,1660,77547,77617
latency,weave,2,burst_small,256,1661,77767,77847
latency,weave,2,burst_small,256,1662,77898,77968
latency,weave,2,burst_small,256,1663,78067,78137
latency,weave,2,burst_small,256,1664,78238,78308
latency,weave,2,burst_small,256,1665,78579,78649
latency,weave,2,burst_small,256,1666,78578,78659
latency,weave,2,burst_small,256,1667,78639,78709
latency,weave,2,burst_small,256,1668,78789,78860
latency,weave,2,burst_small,256,1669,78950,79020
latency,weave,2,burst_small,256,1670,79099,79170
latency,weave,2,burst_small,256,1671,79260,79330
latency,weave,2,burst_small,256,1672,79400,79481
latency,weave,2,burst_small,256,1673,79561,79631
latency,weave,2,burst_small,256,1674,21014,21095
latency,weave,2,burst_small,256,1675,20183,20263
latency,weave,2,burst_small,256,1676,20293,20364
latency,weave,2,burst_small,256,1677,20454,20524
latency,weave,2,burst_small,256,1678,20613,20684
latency,weave,2,burst_small,256,1679,20774,20844
latency,weave,2,burst_small,256,1680,20914,20985
latency,weave,2,burst_small,256,1681,21065,21145
latency,weave,2,burst_small,256,1682,21044,21125
latency,weave,2,burst_small,256,1683,21075,21145
latency,weave,2,burst_small,256,1684,21205,21276
latency,weave,2,burst_small,256,1685,21355,21435
latency,weave,2,burst_small,256,1686,21495,21576
latency,weave,2,burst_small,256,1687,21666,21736
latency,weave,2,burst_small,256,1688,21816,21886
latency,weave,2,burst_small,256,1689,21977,22047
latency,weave,2,burst_small,256,1690,22076,22147
latency,weave,2,burst_small,256,1691,22167,22247
latency,weave,2,burst_small,256,1692,22327,22397
latency,weave,2,burst_small,256,1693,22468,22548
latency,weave,2,burst_small,256,1694,22627,22697
latency,weave,2,burst_small,256,1695,22788,22868
latency,weave,2,burst_small,256,1696,22938,23008
latency,weave,2,burst_small,256,1697,23079,23149
latency,weave,2,burst_small,256,1698,23148,23228
latency,weave,2,burst_small,256,1699,23179,23259
latency,weave,2,burst_small,256,1700,23329,23409
latency,weave,2,burst_small,256,1701,23480,23560
latency,weave,2,burst_small,256,1702,23649,23719
latency,weave,2,burst_small,256,1703,23800,23880
latency,weave,2,burst_small,256,1704,23950,24030
latency,weave,2,burst_small,256,1705,24111,24181
latency,weave,2,burst_small,256,1706,24140,24210
latency,weave,2,burst_small,256,1707,24211,24281
latency,weave,2,burst_small,256,1708,24371,24451
latency,weave,2,burst_small,256,1709,24542,24612
latency,weave,2,burst_small,256,1710,24681,24761
latency,weave,2,burst_small,256,1711,24852,24922
latency,weave,2,burst_small,256,1712,25002,25072
latency,weave,2,burst_small,256,1713,25173,25243
latency,weave,2,burst_small,256,1714,25142,25212
latency,weave,2,burst_small,256,1715,25213,25283
latency,weave,2,burst_small,256,1716,25463,25564
latency,weave,2,burst_small,256,1717,25995,26065
latency,weave,2,burst_small,256,1718,26284,26354
latency,weave,2,burst_small,256,1719,26645,26725
latency,weave,2,burst_small,256,1720,26846,26916
latency,weave,2,burst_small,256,1721,26996,27066
latency,weave,2,burst_small,256,1722,26966,27046
latency,weave,2,burst_small,256,1723,27046,27116
latency,weave,2,burst_small,256,1724,27197,27277
latency,weave,2,burst_small,256,1725,27357,27437
latency,weave,2,burst_small,256,1726,27517,27587
latency,weave,2,burst_small,256,1727,27657,27737
latency,weave,2,burst_small,256,1728,27818,27888
latency,weave,2,burst_small,256,1729,27968,28038
latency,weave,2,burst_small,256,1730,27788,27868
latency,weave,2,burst_small,256,1731,27868,27938
latency,weave,2,burst_small,256,1732,28018,28088
latency,weave,2,burst_small,256,1733,28178,28248
latency,weave,2,burst_small,256,1734,28319,28389
latency,weave,2,burst_small,256,1735,28469,28549
latency,weave,2,burst_small,256,1736,28629,28700
latency,weave,2,burst_small,256,1737,28799,28869
latency,weave,2,burst_small,256,1738,28689,28770
latency,weave,2,burst_small,256,1739,28769,28839
latency,weave,2,burst_small,256,1740,28919,29000
latency,weave,2,burst_small,256,1741,29080,29150
latency,weave,2,burst_small,256,1742,29230,29311
latency,weave,2,burst_small,256,1743,29381,29461
latency,weave,2,burst_small,256,1744,29540,29611
latency,weave,2,burst_small,256,1745,29681,29761
latency,weave,2,burst_small,256,1746,29390,29461
latency,weave,2,burst_small,256,1747,29491,29561
latency,weave,2,burst_small,256,1748,32222,32362
latency,weave,2,burst_small,256,1749,32912,32992
latency,weave,2,burst_small,256,1750,33113,33183
latency,weave,2,burst_small,256,1751,33283,33353
latency,weave,2,burst_small,256,1752,33464,33534
latency,weave,2,burst_small,256,1753,33644,33714
latency,weave,2,burst_small,256,1754,33494,33564
latency,weave,2,burst_small,256,1755,33553,33623
latency,weave,2,burst_small,256,1756,33754,33834
latency,weave,2,burst_small,256,1757,33959,34039
latency,weave,2,burst_small,256,1758,34035,34105
latency,weave,2,burst_small,256,1759,34090,34160
latency,weave,2,burst_small,256,1760,34164,34235
latency,weave,2,burst_small,256,1761,34209,34280
latency,weave,2,burst_small,256,1762,34345,34415
latency,weave,2,burst_small,256,1763,34280,34360
latency,weave,2,burst_small,256,1764,34385,34485
latency,weave,2,burst_small,256,1765,34390,34470
latency,weave,2,burst_small,256,1766,34576,34656
latency,weave,2,burst_small,256,1767,34591,34661
latency,weave,2,burst_small,256,1768,34665,34746
latency,weave,2,burst_small,256,1769,17197,17277
latency,weave,2,burst_small,256,1770,16622,16702
latency,weave,2,burst_small,256,1771,16466,16546
latency,weave,2,burst_small,256,1772,16381,16481
latency,weave,2,burst_small,256,1773,71801,71941
latency,weave,2,burst_small,256,1774,30809,30889
latency,weave,2,burst_small,256,1775,30613,30744
latency,weave,2,burst_small,256,1776,41729,41869
latency,weave,2,burst_small,256,1777,24327,24407
latency,weave,2,burst_small,256,1778,6503,6573
latency,weave,2,burst_small,256,1779,6232,6312
latency,weave,2,burst_small,256,1780,6403,6483
latency,weave,2,burst_small,256,1781,6573,6643
latency,weave,2,burst_small,256,1782,6744,6814
latency,weave,2,burst_small,256,1783,6923,6993
latency,weave,2,burst_small,256,1784,7224,7304
latency,weave,2,burst_small,256,1785,7745,7815
latency,weave,2,burst_small,256,1786,7816,7886
latency,weave,2,burst_small,256,1787,7945,8015
latency,weave,2,burst_small,256,1788,8106,8176
latency,weave,2,burst_small,256,1789,8256,8336
latency,weave,2,burst_small,256,1790,8397,8477
latency,weave,2,burst_small,256,1791,3527,3597
latency,weave,2,burst_small,256,1792,43312,43452
latency,weave,2,burst_small,256,1793,27422,27492
latency,weave,2,burst_small,256,1794,25268,25398
latency,weave,2,burst_small,256,1795,24215,24356
latency,weave,2,burst_small,256,1796,7003,7083
latency,weave,2,burst_small,256,1797,7103,7183
latency,weave,2,burst_small,256,1798,8106,8176
latency,weave,2,burst_small,256,1799,8285,8355
latency,weave,2,burst_small,256,1800,8586,8726
latency,weave,2,burst_small,256,1801,8456,8526
latency,weave,2,burst_small,256,1802,8796,8876
latency,weave,2,burst_small,256,1803,9377,9447
latency,weave,2,burst_small,256,1804,9488,9588
latency,weave,2,burst_small,256,1805,9698,9778
latency,weave,2,burst_small,256,1806,9888,9988
latency,weave,2,burst_small,256,1807,10088,10189
latency,weave,2,burst_small,256,1808,10199,10269
latency,weave,2,burst_small,256,1809,10349,10419
latency,weave,2,burst_small,256,1810,10450,10520
latency,weave,2,burst_small,256,1811,10519,10599
latency,weave,2,burst_small,256,1812,10720,10800
latency,weave,2,burst_small,256,1813,10961,11031
latency,weave,2,burst_small,256,1814,12353,12433
latency,weave,2,burst_small,256,1815,6231,6311
latency,weave,2,burst_small,256,1816,6512,6612
latency,weave,2,burst_small,256,1817,6763,6843
latency,weave,2,burst_small,256,1818,6893,6973
latency,weave,2,burst_small,256,1819,7214,7284
latency,weave,2,burst_small,256,1820,6533,6603
latency,weave,2,burst_small,256,1821,6512,6592
latency,weave,2,burst_small,256,1822,6553,6623
latency,weave,2,burst_small,256,1823,6292,6362
latency,weave,2,burst_small,256,1824,6292,6362
latency,weave,2,burst_small,256,1825,6332,6412
latency,weave,2,burst_small,256,1826,6171,6241
latency,weave,2,burst_small,256,1827,6282,6352
latency,weave,2,burst_small,256,1828,6682,6762
latency,weave,2,burst_small,256,1829,6833,6913
latency,weave,2,burst_small,256,1830,7013,7083
latency,weave,2,burst_small,256,1831,7164,7244
latency,weave,2,burst_small,256,1832,7314,7384
latency,weave,2,burst_small,256,1833,7314,7394
latency,weave,2,burst_small,256,1834,7113,7183
latency,weave,2,burst_small,256,1835,7174,7254
latency,weave,2,burst_small,256,1836,8726,8797
latency,weave,2,burst_small,256,1837,7223,7303
latency,weave,2,burst_small,256,1838,7283,7363
latency,weave,2,burst_small,256,1839,7144,7214
latency,weave,2,burst_small,256,1840,7023,7103
latency,weave,2,burst_small,256,1841,4859,4940
latency,weave,2,burst_small,256,1842,4679,4749
latency,weave,2,burst_small,256,1843,4398,4468
latency,weave,2,burst_small,256,1844,269951,270091
latency,weave,2,burst_small,256,1845,31349,31429
latency,weave,2,burst_small,256,1846,23379,23520
latency,weave,2,burst_small,256,1847,6387,6457
latency,weave,2,burst_small,256,1848,6277,6347
latency,weave,2,burst_small,256,1849,6467,6538
latency,weave,2,burst_small,256,1850,6367,6467
latency,weave,2,burst_small,256,1851,6628,6698
latency,weave,2,burst_small,256,1852,6829,6929
latency,weave,2,burst_small,256,1853,7178,7249
latency,weave,2,burst_small,256,1854,7429,7509
latency,weave,2,burst_small,256,1855,7700,7790
latency,weave,2,burst_small,256,1856,8191,8261
latency,weave,2,burst_small,256,1857,8461,8541
latency,weave,2,burst_small,256,1858,8572,8642
latency,weave,2,burst_small,256,1859,3772,3842
latency,weave,2,burst_small,256,1860,3893,3973
latency,weave,2,burst_small,256,1861,3973,4043
latency,weave,2,burst_small,256,1862,3913,3993
latency,weave,2,burst_small,256,1863,3863,3933
latency,weave,2,burst_small,256,1864,3883,3953
latency,weave,2,burst_small,256,1865,3802,3872
latency,weave,2,burst_small,256,1866,3753,3833
latency,weave,2,burst_small,256,1867,3712,3782
latency,weave,2,burst_small,256,1868,25739,25859
latency,weave,2,burst_small,256,1869,124581,124712
latency,weave,2,burst_small,256,1870,29191,29261
latency,weave,2,burst_small,256,1871,33874,34015
latency,weave,2,burst_small,256,1872,1223,1293
latency,weave,2,burst_small,256,1873,1283,1383
latency,weave,2,burst_small,256,1874,992,1072
latency,weave,2,burst_small,256,1875,701,782
latency,weave,2,burst_small,256,1876,1133,1203
latency,weave,2,burst_small,256,1877,1473,1553
latency,weave,2,burst_small,256,1878,1884,1954
latency,weave,2,burst_small,256,1879,2045,2125
latency,weave,2,burst_small,256,1880,2325,2395
latency,weave,2,burst_small,256,1881,2365,2435
latency,weave,2,burst_small,256,1882,2425,2515
latency,weave,2,burst_small,256,1883,2555,2655
latency,weave,2,burst_small,256,1884,2686,2766
latency,weave,2,burst_small,256,1885,2745,2835
latency,weave,2,burst_small,256,1886,2846,2926
latency,weave,2,burst_small,256,1887,2966,3036
latency,weave,2,burst_small,256,1888,3037,3107
latency,weave,2,burst_small,256,1889,3016,3116
latency,weave,2,burst_small,256,1890,2966,3046
latency,weave,2,burst_small,256,1891,2896,2966
latency,weave,2,burst_small,256,1892,2906,2976
latency,weave,2,burst_small,256,1893,3016,3096
latency,weave,2,burst_small,256,1894,3157,3227
latency,weave,2,burst_small,256,1895,3247,3347
latency,weave,2,burst_small,256,1896,3316,3386
latency,weave,2,burst_small,256,1897,3547,3627
latency,weave,2,burst_small,256,1898,3738,3818
latency,weave,2,burst_small,256,1899,3888,3968
latency,weave,2,burst_small,256,1900,3938,4038
latency,weave,2,burst_small,256,1901,4208,4278
latency,weave,2,burst_small,256,1902,4429,4499
latency,weave,2,burst_small,256,1903,4479,4559
latency,weave,2,burst_small,256,1904,5096,5226
latency,weave,2,burst_small,256,1905,5260,5341
latency,weave,2,burst_small,256,1906,5416,5516
latency,weave,2,burst_small,256,1907,5511,5581
latency,weave,2,burst_small,256,1908,6167,6237
latency,weave,2,burst_small,256,1909,6238,6318
latency,weave,2,burst_small,256,1910,6338,6408
latency,weave,2,burst_small,256,1911,6348,6428
latency,weave,2,burst_small,256,1912,6378,6458
latency,weave,2,burst_small,256,1913,6428,6498
latency,weave,2,burst_small,256,1914,6418,6488
latency,weave,2,burst_small,256,1915,6468,6568
latency,weave,2,burst_small,256,1916,6618,6698
latency,weave,2,burst_small,256,1917,6668,6739
latency,weave,2,burst_small,256,1918,6689,6769
latency,weave,2,burst_small,256,1919,6588,6669
latency,weave,2,burst_small,256,1920,6558,6638
latency,weave,2,burst_small,256,1921,6017,6087
latency,weave,2,burst_small,256,1922,5937,6007
latency,weave,2,burst_small,256,1923,5727,5817
latency,weave,2,burst_small,256,1924,3367,3447
latency,weave,2,burst_small,256,1925,3413,3493
latency,weave,2,burst_small,256,1926,3347,3427
latency,weave,2,burst_small,256,1927,53021,53161
latency,weave,2,burst_small,256,1928,33103,33183
latency,weave,2,burst_small,256,1929,35007,35137
latency,weave,2,burst_small,256,1930,18716,18816
latency,weave,2,burst_small,256,1931,1974,2054
latency,weave,2,burst_small,256,1932,1784,1854
latency,weave,2,burst_small,256,1933,2625,2696
latency,weave,2,burst_small,256,1934,3257,3327
latency,weave,2,burst_small,256,1935,3197,3267
latency,weave,2,burst_small,256,1936,3146,3216
latency,weave,2,burst_small,256,1937,3407,3497
latency,weave,2,burst_small,256,1938,3607,3677
latency,weave,2,burst_small,256,1939,3648,3728
latency,weave,2,burst_small,256,1940,3817,3908
latency,weave,2,burst_small,256,1941,3747,3827
latency,weave,2,burst_small,256,1942,3467,3547
latency,weave,2,burst_small,256,1943,3538,3618
latency,weave,2,burst_small,256,1944,3737,3807
latency,weave,2,burst_small,256,1945,3898,3998
latency,weave,2,burst_small,256,1946,3958,4038
latency,weave,2,burst_small,256,1947,3998,4068
latency,weave,2,burst_small,256,1948,4229,4309
latency,weave,2,burst_small,256,1949,4248,4328
latency,weave,2,burst_small,256,1950,4705,4845
latency,weave,2,burst_small,256,1951,4549,4619
latency,weave,2,burst_small,256,1952,4800,4880
latency,weave,2,burst_small,256,1953,5315,5406
latency,weave,2,burst_small,256,1954,5291,5361
latency,weave,2,burst_small,256,1955,5256,5326
latency,weave,2,burst_small,256,1956,5521,5591
latency,weave,2,burst_small,256,1957,5621,5692
latency,weave,2,burst_small,256,1958,5551,5621
latency,weave,2,burst_small,256,1959,5581,5652
latency,weave,2,burst_small,256,1960,5611,5681
latency,weave,2,burst_small,256,1961,5681,5762
latency,weave,2,burst_small,256,1962,5691,5761
latency,weave,2,burst_small,256,1963,5461,5531
latency,weave,2,burst_small,256,1964,5581,5651
latency,weave,2,burst_small,256,1965,5550,5621
latency,weave,2,burst_small,256,1966,5160,5230
latency,weave,2,burst_small,256,1967,5240,5311
latency,weave,2,burst_small,256,1968,5210,5290
latency,weave,2,burst_small,256,1969,5260,5341
latency,weave,2,burst_small,256,1970,4579,4649
latency,weave,2,burst_small,256,1971,112814,112954
latency,weave,2,burst_small,256,1972,36880,36950
latency,weave,2,burst_small,256,1973,28714,28854
latency,weave,2,burst_small,256,1974,27282,27412
latency,weave,2,burst_small,256,1975,26190,26320
latency,weave,2,burst_small,256,1976,26330,26460
latency,weave,2,burst_small,256,1977,110769,110900
latency,weave,2,burst_small,256,1978,40386,40527
latency,weave,2,burst_small,256,1979,63881,64012
latency,weave,2,burst_small,256,1980,64211,64292
latency,weave,2,burst_small,256,1981,64402,64472
latency,weave,2,burst_small,256,1982,64583,64653
latency,weave,2,burst_small,256,1983,64733,64813
latency,weave,2,burst_small,256,1984,64873,64954
latency,weave,2,burst_small,256,1985,65063,65133
latency,weave,2,burst_small,256,1986,65104,65184
latency,weave,2,burst_small,256,1987,65113,65183
latency,weave,2,burst_small,256,1988,65264,65344
latency,weave,2,burst_small,256,1989,65424,65504
latency,weave,2,burst_small,256,1990,65575,65645
latency,weave,2,burst_small,256,1991,65725,65805
latency,weave,2,burst_small,256,1992,65885,65955
latency,weave,2,burst_small,256,1993,66055,66125
latency,weave,2,burst_small,256,1994,66156,66226
latency,weave,2,burst_small,256,1995,66266,66336
latency,weave,2,burst_small,256,1996,66406,66476
latency,weave,2,burst_small,256,1997,66546,66626
latency,weave,2,burst_small,256,1998,66697,66767
latency,weave,2,burst_small,256,1999,66837,66917
latency,weave,2,burst_small,256,2000,66977,67057
latency,weave,2,burst_small,256,2001,67127,67197
latency,weave,2,burst_small,256,2002,67178,67258
latency,weave,2,burst_small,256,2003,67298,67378
latency,weave,2,burst_small,256,2004,67458,67528
latency,weave,2,burst_small,256,2005,67608,67678
latency,weave,2,burst_small,256,2006,67749,67819
latency,weave,2,burst_small,256,2007,68500,68580
latency,weave,2,burst_small,256,2008,68721,68791
latency,weave,2,burst_small,256,2009,69281,69362
latency,weave,2,burst_small,256,2010,69587,69747
latency,weave,2,burst_small,256,2011,69392,69472
latency,weave,2,burst_small,256,2012,69712,69792
latency,weave,2,burst_small,256,2013,69777,69858
latency,weave,2,burst_small,256,2014,69792,69872
latency,weave,2,burst_small,256,2015,69928,70008
latency,weave,2,burst_small,256,2016,69933,70003
latency,weave,2,burst_small,256,2017,70038,70138
latency,weave,2,burst_small,256,2018,70013,70093
latency,weave,2,burst_small,256,2019,70179,70259
latency,weave,2,burst_small,256,2020,70133,70203
latency,weave,2,burst_small,256,2021,70368,70438
latency,weave,2,burst_small,256,2022,70373,70443
latency,weave,2,burst_small,256,2023,70509,70609
latency,weave,2,burst_small,256,2024,70514,70614
latency,weave,2,burst_small,256,2025,70620,70690
latency,weave,2,burst_small,256,2026,70604,70684
latency,weave,2,burst_small,256,2027,70599,70679
latency,weave,2,burst_small,256,2028,70614,70694
latency,weave,2,burst_small,256,2029,70710,70780
latency,weave,2,burst_small,256,2030,70734,70804
latency,weave,2,burst_small,256,2031,70840,70930
latency,weave,2,burst_small,256,2032,70854,70955
latency,weave,2,burst_small,256,2033,70990,71060
latency,weave,2,burst_small,256,2034,70944,71014
latency,weave,2,burst_small,256,2035,71000,71070
latency,weave,2,burst_small,256,2036,71005,71085
latency,weave,2,burst_small,256,2037,71221,71291
latency,weave,2,burst_small,256,2038,71205,71275
latency,weave,2,burst_small,256,2039,71370,71451
latency,weave,2,burst_small,256,2040,71355,71425
latency,weave,2,burst_small,256,2041,71471,71551
latency,weave,2,burst_small,256,2042,71446,71526
latency,weave,2,burst_small,256,2043,71481,71561
latency,weave,2,burst_small,256,2044,71526,71606
latency,weave,2,burst_small,256,2045,71581,71651
latency,weave,2,burst_small,256,2046,71626,71696
latency,weave,2,burst_small,256,2047,71722,71792
latency,weave,2,burst_small,256,2048,198235,198376
latency,weave,2,burst_small,256,2049,38252,38322
latency,weave,2,burst_small,256,2050,4117,4187
latency,weave,2,burst_small,256,2051,3747,3827
latency,weave,2,burst_small,256,2052,3637,3717
latency,weave,2,burst_small,256,2053,4048,4118
latency,weave,2,burst_small,256,2054,4348,4429
latency,weave,2,burst_small,256,2055,4638,4708
latency,weave,2,burst_small,256,2056,4839,4939
latency,weave,2,burst_small,256,2057,5100,5170
latency,weave,2,burst_small,256,2058,5229,5299
latency,weave,2,burst_small,256,2059,5420,5500
latency,weave,2,burst_small,256,2060,5721,5791
latency,weave,2,burst_small,256,2061,6282,6352
latency,weave,2,burst_small,256,2062,6442,6522
latency,weave,2,burst_small,256,2063,6762,6843
latency,weave,2,burst_small,256,2064,7414,7494
latency,weave,2,burst_small,256,2065,7323,7393
latency,weave,2,burst_small,256,2066,7304,7374
latency,weave,2,burst_small,256,2067,7233,7313
latency,weave,2,burst_small,256,2068,7134,7204
latency,weave,2,burst_small,256,2069,7113,7183
latency,weave,2,burst_small,256,2070,7234,7304
latency,weave,2,burst_small,256,2071,7374,7444
latency,weave,2,burst_small,256,2072,7294,7374
latency,weave,2,burst_small,256,2073,10089,10230
latency,weave,2,burst_small,256,2074,7143,7223
latency,weave,2,burst_small,256,2075,7273,7343
latency,weave,2,burst_small,256,2076,7515,7585
latency,weave,2,burst_small,256,2077,7494,7565
latency,weave,2,burst_small,256,2078,7494,7595
latency,weave,2,burst_small,256,2079,7344,7424
latency,weave,2,burst_small,256,2080,7534,7614
latency,weave,2,burst_small,256,2081,7755,7825
latency,weave,2,burst_small,256,2082,7444,7514
latency,weave,2,burst_small,256,2083,7294,7374
latency,weave,2,burst_small,256,2084,7224,7294
latency,weave,2,burst_small,256,2085,7354,7424
latency,weave,2,burst_small,256,2086,7314,7384
latency,weave,2,burst_small,256,2087,7354,7424
latency,weave,2,burst_small,256,2088,2194,2264
latency,weave,2,burst_small,256,2089,2285,2365
latency,weave,2,burst_small,256,2090,2014,2114
latency,weave,2,burst_small,256,2091,1724,1804
latency,weave,2,burst_small,256,2092,1623,1693
latency,weave,2,burst_small,256,2093,1563,1653
latency,weave,2,burst_small,256,2094,1372,1472
latency,weave,2,burst_small,256,2095,1403,1483
latency,weave,2,burst_small,256,2096,1332,1412
latency,weave,2,burst_small,256,2097,1052,1122
latency,weave,2,burst_small,256,2098,1122,1202
latency,weave,2,burst_small,256,2099,941,1021
latency,weave,2,burst_small,256,2100,3176,3256
latency,weave,2,burst_small,256,2101,1202,1282
latency,weave,2,burst_small,256,2102,1442,1513
latency,weave,2,burst_small,256,2103,1783,1874
latency,weave,2,burst_small,256,2104,1964,2044
latency,weave,2,burst_small,256,2105,2103,2184
latency,weave,2,burst_small,256,2106,1974,2044
latency,weave,2,burst_small,256,2107,1853,1934
latency,weave,2,burst_small,256,2108,1853,1923
latency,weave,2,burst_small,256,2109,1041,1121
latency,weave,2,burst_small,256,2110,952,1022
latency,weave,2,burst_small,256,2111,962,1042
latency,weave,2,burst_small,256,2112,1352,1423
latency,weave,2,burst_small,256,2113,1623,1693
latency,weave,2,burst_small,256,2114,1754,1824
latency,weave,2,burst_small,256,2115,1673,1753
latency,weave,2,burst_small,256,2116,1563,1633
latency,weave,2,burst_small,256,2117,1463,1533
latency,weave,2,burst_small,256,2118,1232,1312
latency,weave,2,burst_small,256,2119,1202,1272
latency,weave,2,burst_small,256,2120,791,881
latency,weave,2,burst_small,256,2121,611,681
latency,weave,2,burst_small,256,2122,1763,1833
latency,weave,2,burst_small,256,2123,491,591
latency,weave,2,burst_small,256,2124,561,632
latency,weave,2,burst_small,256,2125,842,912
latency,weave,2,burst_small,256,2126,1152,1233
latency,weave,2,burst_small,256,2127,1253,1343
latency,weave,2,burst_small,256,2128,1423,1503
latency,weave,2,burst_small,256,2129,1473,1543
latency,weave,2,burst_small,256,2130,1503,1574
latency,weave,2,burst_small,256,2131,1553,1623
latency,weave,2,burst_small,256,2132,1844,1924
latency,weave,2,burst_small,256,2133,2014,2084
latency,weave,2,burst_small,256,2134,2104,2174
latency,weave,2,burst_small,256,2135,2214,2284
latency,weave,2,burst_small,256,2136,2254,2335
latency,weave,2,burst_small,256,2137,2354,2424
latency,weave,2,burst_small,256,2138,2364,2445
latency,weave,2,burst_small,256,2139,2374,2464
latency,weave,2,burst_small,256,2140,2615,2715
latency,weave,2,burst_small,256,2141,2725,2835
latency,weave,2,burst_small,256,2142,1563,1643
latency,weave,2,burst_small,256,2143,1633,1714
latency,weave,2,burst_small,256,2144,1713,1793
latency,weave,2,burst_small,256,2145,2014,2094
latency,weave,2,burst_small,256,2146,2134,2204
latency,weave,2,burst_small,256,2147,1634,1714
latency,weave,2,burst_small,256,2148,1783,1883
latency,weave,2,burst_small,256,2149,1894,1964
latency,weave,2,burst_small,256,2150,2214,2294
latency,weave,2,burst_small,256,2151,2255,2325
latency,weave,2,burst_small,256,2152,2695,2785
latency,weave,2,burst_small,256,2153,2685,2765
latency,weave,2,burst_small,256,2154,2545,2625
latency,weave,2,burst_small,256,2155,2685,2755
latency,weave,2,burst_small,256,2156,2685,2755
latency,weave,2,burst_small,256,2157,2554,2624
latency,weave,2,burst_small,256,2158,2685,2775
latency,weave,2,burst_small,256,2159,3075,3145
latency,weave,2,burst_small,256,2160,2976,3046
latency,weave,2,burst_small,256,2161,2885,2966
latency,weave,2,burst_small,256,2162,1773,1843
latency,weave,2,burst_small,256,2163,37260,37391
latency,weave,2,burst_small,256,2164,18435,18506
latency,weave,2,burst_small,256,2165,1944,2044
latency,weave,2,burst_small,256,2166,1954,2024
latency,weave,2,burst_small,256,2167,2134,2214
latency,weave,2,burst_small,256,2168,2425,2495
latency,weave,2,burst_small,256,2169,2725,2806
latency,weave,2,burst_small,256,2170,2325,2395
latency,weave,2,burst_small,256,2171,2465,2535
latency,weave,2,burst_small,256,2172,2565,2655
latency,weave,2,burst_small,256,2173,2615,2696
latency,weave,2,burst_small,256,2174,2725,2795
latency,weave,2,burst_small,256,2175,3086,3156
latency,weave,2,burst_small,256,2176,3336,3416
latency,weave,2,burst_small,256,2177,3757,3827
latency,weave,2,burst_small,256,2178,3958,4028
latency,weave,2,burst_small,256,2179,3828,3918
latency,weave,2,burst_small,256,2180,3988,4088
latency,weave,2,burst_small,256,2181,4138,4208
latency,weave,2,burst_small,256,2182,4328,4398
latency,weave,2,burst_small,256,2183,4509,4589
latency,weave,2,burst_small,256,2184,4819,4899
latency,weave,2,burst_small,256,2185,4479,4579
latency,weave,2,burst_small,256,2186,5069,5200
latency,weave,2,burst_small,256,2187,4358,4429
latency,weave,2,burst_small,256,2188,4850,4930
latency,weave,2,burst_small,256,2189,5710,5780
latency,weave,2,burst_small,256,2190,5681,5751
latency,weave,2,burst_small,256,2191,5690,5760
latency,weave,2,burst_small,256,2192,5701,5771
latency,weave,2,burst_small,256,2193,5791,5861
latency,weave,2,burst_small,256,2194,5841,5911
latency,weave,2,burst_small,256,2195,5650,5720
latency,weave,2,burst_small,256,2196,5791,5871
latency,weave,2,burst_small,256,2197,5700,5770
latency,weave,2,burst_small,256,2198,5791,5861
latency,weave,2,burst_small,256,2199,5711,5791
latency,weave,2,burst_small,256,2200,5701,5771
latency,weave,2,burst_small,256,2201,5580,5661
latency,weave,2,burst_small,256,2202,4929,5019
latency,weave,2,burst_small,256,2203,4659,4729
latency,weave,2,burst_small,256,2204,4749,4819
latency,weave,2,burst_small,256,2205,4398,4478
latency,weave,2,burst_small,256,2206,6332,6402
latency,weave,2,burst_small,256,2207,551,631
latency,weave,2,burst_small,256,2208,522,602
latency,weave,2,burst_small,256,2209,801,871
latency,weave,2,burst_small,256,2210,1614,1684
latency,weave,2,burst_small,256,2211,1553,1633
latency,weave,2,burst_small,256,2212,1432,1512
latency,weave,2,burst_small,256,2213,1423,1493
latency,weave,2,burst_small,256,2214,1543,1623
latency,weave,2,burst_small,256,2215,1873,1953
latency,weave,2,burst_small,256,2216,881,961
latency,weave,2,burst_small,256,2217,6302,6372
latency,weave,2,burst_small,256,2218,25999,26140
latency,weave,2,burst_small,256,2219,30913,40492
latency,weave,2,burst_small,256,2220,2981,3061
latency,weave,2,burst_small,256,2221,2921,2991
latency,weave,2,burst_small,256,2222,3292,3372
latency,weave,2,burst_small,256,2223,3602,3682
latency,weave,2,burst_small,256,2224,4665,4735
latency,weave,2,burst_small,256,2225,7409,7549
latency,weave,2,burst_small,256,2226,8071,8151
latency,weave,2,burst_small,256,2227,62283,62413
latency,weave,2,burst_small,256,2228,70934,71075
latency,weave,2,burst_small,256,2229,97140,97270
latency,weave,2,burst_small,256,2230,130433,130563
latency,weave,2,burst_small,256,2231,130252,130322
latency,weave,2,burst_small,256,2232,130041,130121
latency,weave,2,burst_small,256,2233,130202,130282
latency,weave,2,burst_small,256,2234,130102,130183
latency,weave,2,burst_small,256,2235,129902,129972
latency,weave,2,burst_small,256,2236,130011,130091
latency,weave,2,burst_small,256,2237,129932,130002
latency,weave,2,burst_small,256,2238,129791,129862
latency,weave,2,burst_small,256,2239,129872,129952
latency,weave,2,burst_small,256,2240,129961,130041
latency,weave,2,burst_small,256,2241,109784,109854
latency,weave,2,burst_small,256,2242,109192,109262
latency,weave,2,burst_small,256,2243,109172,109252
latency,weave,2,burst_small,256,2244,109312,109392
latency,weave,2,burst_small,256,2245,109483,109553
latency,weave,2,burst_small,256,2246,109623,109704
latency,weave,2,burst_small,256,2247,109774,109854
latency,weave,2,burst_small,256,2248,109943,110023
latency,weave,2,burst_small,256,2249,110114,110184
latency,weave,2,burst_small,256,2250,110144,110224
latency,weave,2,burst_small,256,2251,110194,110264
latency,weave,2,burst_small,256,2252,110334,110404
latency,weave,2,burst_small,256,2253,110395,110465
latency,weave,2,burst_small,256,2254,110776,110846
latency,weave,2,burst_small,256,2255,110985,111055
latency,weave,2,burst_small,256,2256,111196,111276
latency,weave,2,burst_small,256,2257,111687,111757
latency,weave,2,burst_small,256,2258,111637,111707
latency,weave,2,burst_small,256,2259,111983,112113
latency,weave,2,burst_small,256,2260,111817,111887
latency,weave,2,burst_small,256,2261,112183,112263
latency,weave,2,burst_small,256,2262,112128,112198
latency,weave,2,burst_small,256,2263,112494,112564
latency,weave,2,burst_small,256,2264,112508,112578
latency,weave,2,burst_small,256,2265,112603,112703
latency,weave,2,burst_small,256,2266,112549,112629
latency,weave,2,burst_small,256,2267,112613,112683
latency,weave,2,burst_small,256,2268,112608,112679
latency,weave,2,burst_small,256,2269,112704,112784
latency,weave,2,burst_small,256,2270,112709,112789
latency,weave,2,burst_small,256,2271,112824,112924
latency,weave,2,burst_small,256,2272,112799,112869
latency,weave,2,burst_small,256,2273,113064,113134
latency,weave,2,burst_small,256,2274,113010,113080
latency,weave,2,burst_small,256,2275,113115,113185
latency,weave,2,burst_small,256,2276,113089,113159
latency,weave,2,burst_small,256,2277,113264,113345
latency,weave,2,burst_small,256,2278,113200,113280
latency,weave,2,burst_small,256,2279,113395,113495
latency,weave,2,burst_small,256,2280,113411,113491
latency,weave,2,burst_small,256,2281,113525,113595
latency,weave,2,burst_small,256,2282,113430,113510
latency,weave,2,burst_small,256,2283,113465,113546
latency,weave,2,burst_small,256,2284,113460,113540
latency,weave,2,burst_small,256,2285,113585,113655
latency,weave,2,burst_small,256,2286,113601,113671
latency,weave,2,burst_small,256,2287,113686,113756
latency,weave,2,burst_small,256,2288,113691,113761
latency,weave,2,burst_small,256,2289,113805,113885
latency,weave,2,burst_small,256,2290,113761,113831
latency,weave,2,burst_small,256,2291,113826,113916
latency,weave,2,burst_small,256,2292,113821,113902
latency,weave,2,burst_small,256,2293,113956,114056
latency,weave,2,burst_small,256,2294,113931,114001
latency,weave,2,burst_small,256,2295,114076,114146
latency,weave,2,burst_small,256,2296,114102,114182
latency,weave,2,burst_small,256,2297,114157,114237
latency,weave,2,burst_small,256,2298,114111,114192
latency,weave,2,burst_small,256,2299,114076,114147
latency,weave,2,burst_small,256,2300,114092,114162
latency,weave,2,burst_small,256,2301,114186,114256
latency,weave,2,burst_small,256,2302,114182,114252
latency,weave,2,burst_small,256,2303,114287,114377
latency,weave,2,priority_mix_high,256,0,43623,43753
latency,weave,2,priority_mix_normal,256,1,25939,26009
latency,weave,2,priority_mix_low,256,2,26741,26871
latency,weave,2,priority_mix_high,256,3,30118,30248
latency,weave,2,priority_mix_normal,256,4,30539,30669
latency,weave,2,priority_mix_low,256,5,32973,33113
latency,weave,2,priority_mix_high,256,6,1112,1193
latency,weave,2,priority_mix_normal,256,7,691,772
latency,weave,2,priority_mix_low,256,8,852,932
latency,weave,2,priority_mix_high,256,9,1012,1092
latency,weave,2,priority_mix_high,256,10,831,902
latency,weave,2,priority_mix_high,256,11,311,391
latency,weave,2,priority_mix_normal,256,12,1864,1944
latency,weave,2,priority_mix_normal,256,13,1884,1964
latency,weave,2,priority_mix_normal,256,14,1363,1433
latency,weave,2,priority_mix_high,256,15,641,721
latency,weave,2,priority_mix_high,256,16,281,381
latency,weave,2,priority_mix_normal,256,17,1062,1142
latency,weave,2,priority_mix_high,256,18,782,852
latency,weave,2,priority_mix_normal,256,19,1614,1684
latency,weave,2,priority_mix_high,256,20,571,642
latency,weave,2,priority_mix_normal,256,21,1684,1754
latency,weave,2,priority_mix_high,256,22,511,582
latency,weave,2,priority_mix_normal,256,23,1563,1633
latency,weave,2,priority_mix_normal,256,24,912,1012
latency,weave,2,priority_mix_low,256,25,7174,7244
latency,weave,2,priority_mix_low,256,26,6352,6422
latency,weave,2,priority_mix_low,256,27,5681,5761
latency,weave,2,priority_mix_low,256,28,5390,5460
latency,weave,2,priority_mix_low,256,29,4679,4759
latency,weave,2,priority_mix_low,256,30,4038,4108
latency,weave,2,priority_mix_low,256,31,9840,9980
latency,weave,2,priority_mix_low,256,32,7064,7134
latency,weave,2,priority_mix_high,256,33,922,992
latency,weave,2,priority_mix_high,256,34,742,822
latency,weave,2,priority_mix_high,256,35,301,372
latency,weave,2,priority_mix_normal,256,36,1824,1904
latency,weave,2,priority_mix_normal,256,37,1443,1543
latency,weave,2,priority_mix_high,256,38,652,732
latency,weave,2,priority_mix_high,256,39,411,501
latency,weave,2,priority_mix_normal,256,40,2284,2385
latency,weave,2,priority_mix_normal,256,41,1362,1443
latency,weave,2,priority_mix_normal,256,42,1243,1323
latency,weave,2,priority_mix_low,256,43,4308,4378
latency,weave,2,priority_mix_high,256,44,1423,1503
latency,weave,2,priority_mix_low,256,45,4208,4298
latency,weave,2,priority_mix_normal,256,46,782,852
latency,weave,2,priority_mix_low,256,47,3827,3907
latency,weave,2,priority_mix_high,256,48,792,872
latency,weave,2,priority_mix_normal,256,49,732,832
latency,weave,2,priority_mix_low,256,50,4279,4379
latency,weave,2,priority_mix_low,256,51,3888,3968
latency,weave,2,priority_mix_high,256,52,482,552
latency,weave,2,priority_mix_low,256,53,2616,2696
latency,weave,2,priority_mix_low,256,54,1934,2014
latency,weave,2,priority_mix_normal,256,55,33594,33724
latency,weave,2,priority_mix_low,256,56,30619,30689
latency,weave,2,priority_mix_high,256,57,26200,26330
latency,weave,2,priority_mix_normal,256,58,27282,27412
latency,weave,2,priority_mix_high,256,59,25284,25424
latency,weave,2,priority_mix_high,256,60,25654,25734
latency,weave,2,priority_mix_high,256,61,25284,25354
latency,weave,2,priority_mix_high,256,62,25233,25303
latency,weave,2,priority_mix_high,256,63,25164,25244
latency,weave,2,priority_mix_high,256,64,24893,24963
latency,weave,2,priority_mix_high,256,65,25033,25113
latency,weave,2,priority_mix_high,256,66,24863,24933
latency,weave,2,priority_mix_high,256,67,24782,24862
latency,weave,2,priority_mix_high,256,68,24713,24783
latency,weave,2,priority_mix_high,256,69,24482,24562
latency,weave,2,priority_mix_high,256,70,24412,24482
latency,weave,2,priority_mix_high,256,71,24342,24422
latency,weave,2,priority_mix_high,256,72,24172,24252
latency,weave,2,priority_mix_high,256,73,24101,24171
latency,weave,2,priority_mix_normal,256,74,30083,30153
latency,weave,2,priority_mix_normal,256,75,29982,30053
latency,weave,2,priority_mix_normal,256,76,29622,29702
latency,weave,2,priority_mix_normal,256,77,29542,29612
latency,weave,2,priority_mix_normal,256,78,29301,29371
latency,weave,2,priority_mix_normal,256,79,29202,29272
latency,weave,2,priority_mix_normal,256,80,29121,29191
latency,weave,2,priority_mix_normal,256,81,28881,28951
latency,weave,2,priority_mix_normal,256,82,28800,28880
latency,weave,2,priority_mix_normal,256,83,28741,28811
latency,weave,2,priority_mix_normal,256,84,28500,28580
latency,weave,2,priority_mix_normal,256,85,28420,28500
latency,weave,2,priority_mix_normal,256,86,28219,28289
latency,weave,2,priority_mix_normal,256,87,28139,28220
latency,weave,2,priority_mix_normal,256,88,28059,28139
latency,weave,2,priority_mix_low,256,89,88804,88874
latency,weave,2,priority_mix_low,256,90,34271,34351
latency,weave,2,priority_mix_low,256,91,33870,33950
latency,weave,2,priority_mix_low,256,92,33800,33880
latency,weave,2,priority_mix_low,256,93,33720,33790
latency,weave,2,priority_mix_low,256,94,33439,33519
latency,weave,2,priority_mix_low,256,95,33359,33429
latency,weave,2,priority_mix_low,256,96,33259,33339
latency,weave,2,priority_mix_low,256,97,51578,51709
latency,weave,2,priority_mix_low,256,98,52360,52430
latency,weave,2,priority_mix_low,256,99,52149,52219
latency,weave,2,priority_mix_low,256,100,52089,52169
latency,weave,2,priority_mix_low,256,101,52069,52139
latency,weave,2,priority_mix_low,256,102,51879,51949
latency,weave,2,priority_mix_low,256,103,51798,51878
latency,weave,2,priority_mix_low,256,104,88153,88283
latency,weave,2,priority_mix_high,256,105,25103,25234
latency,weave,2,priority_mix_normal,256,106,33073,33213
latency,weave,2,priority_mix_low,256,107,862,932
latency,weave,2,priority_mix_high,256,108,661,731
latency,weave,2,priority_mix_normal,256,109,752,822
latency,weave,2,priority_mix_high,256,110,582,652
latency,weave,2,priority_mix_low,256,111,1282,1382
latency,weave,2,priority_mix_normal,256,112,982,1052
latency,weave,2,priority_mix_low,256,113,682,792
latency,weave,2,priority_mix_high,256,114,641,722
latency,weave,2,priority_mix_normal,256,115,671,741
latency,weave,2,priority_mix_high,256,116,582,662
latency,weave,2,priority_mix_normal,256,117,642,722
latency,weave,2,priority_mix_low,256,118,1653,1743
latency,weave,2,priority_mix_high,256,119,1112,1192
latency,weave,2,priority_mix_high,256,120,421,491
latency,weave,2,priority_mix_normal,256,121,1173,1253
latency,weave,2,priority_mix_normal,256,122,861,952
latency,weave,2,priority_mix_high,256,123,641,721
latency,weave,2,priority_mix_high,256,124,621,701
latency,weave,2,priority_mix_normal,256,125,1674,1744
latency,weave,2,priority_mix_low,256,126,4599,4679
latency,weave,2,priority_mix_low,256,127,3667,3747
latency,weave,2,priority_mix_low,256,128,3116,3186
latency,weave,2,priority_mix_low,256,129,2775,2845
latency,weave,2,priority_mix_high,256,130,882,952
latency,weave,2,priority_mix_high,256,131,972,1042
latency,weave,2,priority_mix_high,256,132,461,531
latency,weave,2,priority_mix_normal,256,133,2885,2986
latency,weave,2,priority_mix_high,256,134,591,661
latency,weave,2,priority_mix_normal,256,135,2946,3016
latency,weave,2,priority_mix_normal,256,136,2906,2976
latency,weave,2,priority_mix_high,256,137,922,992
latency,weave,2,priority_mix_normal,256,138,2435,2515
latency,weave,2,priority_mix_high,256,139,361,441
latency,weave,2,priority_mix_normal,256,140,2626,2696
latency,weave,2,priority_mix_high,256,141,511,591
latency,weave,2,priority_mix_normal,256,142,2244,2324
latency,weave,2,priority_mix_normal,256,143,1774,1844
latency,weave,2,priority_mix_high,256,144,672,742
latency,weave,2,priority_mix_high,256,145,421,491
latency,weave,2,priority_mix_normal,256,146,2364,2445
latency,weave,2,priority_mix_high,256,147,611,681
latency,weave,2,priority_mix_normal,256,148,2254,2324
latency,weave,2,priority_mix_high,256,149,661,741
latency,weave,2,priority_mix_high,256,150,371,441
latency,weave,2,priority_mix_normal,256,151,2826,2896
latency,weave,2,priority_mix_normal,256,152,2505,2585
latency,weave,2,priority_mix_high,256,153,591,661
latency,weave,2,priority_mix_normal,256,154,2385,2465
latency,weave,2,priority_mix_high,256,155,2180,2300
latency,weave,2,priority_mix_normal,256,156,4484,4554
latency,weave,2,priority_mix_normal,256,157,3823,3904
latency,weave,2,priority_mix_low,256,158,14583,14653
latency,weave,2,priority_mix_low,256,159,14474,14544
latency,weave,2,priority_mix_low,256,160,14723,14794
latency,weave,2,priority_mix_low,256,161,14022,14102
latency,weave,2,priority_mix_low,256,162,13712,13782
latency,weave,2,priority_mix_low,256,163,12700,12770
latency,weave,2,priority_mix_low,256,164,12209,12289
latency,weave,2,priority_mix_low,256,165,11678,11748
latency,weave,2,priority_mix_low,256,166,10937,11017
latency,weave,2,priority_mix_low,256,167,10435,10515
latency,weave,2,priority_mix_low,256,168,9835,9905
latency,weave,2,priority_mix_low,256,169,9403,9473
latency,weave,2,priority_mix_low,256,170,8943,9023
latency,weave,2,priority_mix_low,256,171,8211,8281
latency,weave,2,priority_mix_normal,256,172,73895,74026
latency,weave,2,priority_mix_low,256,173,31159,31229
latency,weave,2,priority_mix_high,256,174,24876,25007
latency,weave,2,priority_mix_normal,256,175,25639,25759
latency,weave,2,priority_mix_high,256,176,18755,18895
latency,weave,2,priority_mix_high,256,177,1913,1983
latency,weave,2,priority_mix_high,256,178,2083,2153
latency,weave,2,priority_mix_high,256,179,1773,1853
latency,weave,2,priority_mix_high,256,180,1132,1212
latency,weave,2,priority_mix_high,256,181,791,871
latency,weave,2,priority_mix_normal,256,182,5180,5280
latency,weave,2,priority_mix_high,256,183,711,781
latency,weave,2,priority_mix_high,256,184,300,370
latency,weave,2,priority_mix_normal,256,185,5380,5460
latency,weave,2,priority_mix_normal,256,186,5510,5580
latency,weave,2,priority_mix_high,256,187,561,641
latency,weave,2,priority_mix_normal,256,188,5530,5600
latency,weave,2,priority_mix_normal,256,189,4829,4899
latency,weave,2,priority_mix_high,256,190,571,641
latency,weave,2,priority_mix_normal,256,191,4217,4297
latency,weave,2,priority_mix_high,256,192,711,791
latency,weave,2,priority_mix_normal,256,193,4238,4318
latency,weave,2,priority_mix_high,256,194,490,561
latency,weave,2,priority_mix_normal,256,195,4408,4478
latency,weave,2,priority_mix_normal,256,196,3546,3626
latency,weave,2,priority_mix_high,256,197,681,751
latency,weave,2,priority_mix_normal,256,198,3416,3497
latency,weave,2,priority_mix_normal,256,199,3075,3145
latency,weave,2,priority_mix_normal,256,200,3076,3156
latency,weave,2,priority_mix_high,256,201,1523,1673
latency,weave,2,priority_mix_high,256,202,611,681
latency,weave,2,priority_mix_normal,256,203,3467,3547
latency,weave,2,priority_mix_normal,256,204,2595,2665
latency,weave,2,priority_mix_normal,256,205,1613,1693
latency,weave,2,priority_mix_high,256,206,1653,1723
latency,weave,2,priority_mix_normal,256,207,590,661
latency,weave,2,priority_mix_low,256,208,53271,53341
latency,weave,2,priority_mix_low,256,209,15740,15810
latency,weave,2,priority_mix_low,256,210,15299,15399
latency,weave,2,priority_mix_low,256,211,14868,14968
latency,weave,2,priority_mix_high,256,212,1132,1212
latency,weave,2,priority_mix_low,256,213,14868,14938
latency,weave,2,priority_mix_low,256,214,14216,14286
latency,weave,2,priority_mix_low,256,215,13205,13285
latency,weave,2,priority_mix_low,256,216,12733,12813
latency,weave,2,priority_mix_low,256,217,12383,12453
latency,weave,2,priority_mix_low,256,218,11431,11512
latency,weave,2,priority_mix_low,256,219,10900,10970
latency,weave,2,priority_mix_low,256,220,10098,10179
latency,weave,2,priority_mix_low,256,221,9638,9708
latency,weave,2,priority_mix_low,256,222,8976,9047
latency,weave,2,priority_mix_low,256,223,7704,7784
latency,weave,2,priority_mix_low,256,224,6933,7013
latency,weave,2,priority_mix_low,256,225,5360,5460
latency,weave,2,priority_mix_high,256,226,671,741
latency,weave,2,priority_mix_high,256,227,752,832
latency,weave,2,priority_mix_normal,256,228,8236,8316
latency,weave,2,priority_mix_high,256,229,681,752
latency,weave,2,priority_mix_high,256,230,450,531
latency,weave,2,priority_mix_normal,256,231,2805,2875
latency,weave,2,priority_mix_normal,256,232,2815,2885
latency,weave,2,priority_mix_normal,256,233,1803,1873
latency,weave,2,priority_mix_normal,256,234,1363,1443
latency,weave,2,priority_mix_low,256,235,4368,4448
latency,weave,2,priority_mix_high,256,236,1202,1272
latency,weave,2,priority_mix_normal,256,237,440,520
latency,weave,2,priority_mix_low,256,238,4719,4799
latency,weave,2,priority_mix_low,256,239,3947,4027
latency,weave,2,priority_mix_high,256,240,721,801
latency,weave,2,priority_mix_normal,256,241,570,660
latency,weave,2,priority_mix_low,256,242,4198,4278
latency,weave,2,priority_mix_low,256,243,3476,3546
latency,weave,2,priority_mix_low,256,244,2084,2154
latency,weave,2,priority_mix_high,256,245,590,660
latency,weave,2,priority_mix_normal,256,246,601,681
latency,weave,2,priority_mix_low,256,247,1893,1974
latency,weave,2,priority_mix_high,256,248,590,660
latency,weave,2,priority_mix_low,256,249,1563,1643
latency,weave,2,priority_mix_normal,256,250,341,421
latency,weave,2,priority_mix_low,256,251,691,771
latency,weave,2,priority_mix_high,256,252,48822,48953
latency,weave,2,priority_mix_normal,256,253,31469,31540
latency,weave,2,priority_mix_low,256,254,31830,31960
latency,weave,2,priority_mix_high,256,255,3857,3927
latency,weave,2,priority_mix_high,256,256,49564,49704
latency,weave,2,priority_mix_normal,256,257,33814,33894
latency,weave,2,priority_mix_high,256,258,1632,1702
latency,weave,2,priority_mix_high,256,259,1573,1643
latency,weave,2,priority_mix_high,256,260,1332,1402
latency,weave,2,priority_mix_high,256,261,1413,1513
latency,weave,2,priority_mix_high,256,262,882,952
latency,weave,2,priority_mix_high,256,263,620,690
latency,weave,2,priority_mix_normal,256,264,3937,4007
latency,weave,2,priority_mix_high,256,265,370,450
latency,weave,2,priority_mix_normal,256,266,4498,4568
latency,weave,2,priority_mix_normal,256,267,4187,4268
latency,weave,2,priority_mix_high,256,268,611,681
latency,weave,2,priority_mix_high,256,269,430,531
latency,weave,2,priority_mix_normal,256,270,5069,5159
latency,weave,2,priority_mix_high,256,271,471,541
latency,weave,2,priority_mix_normal,256,272,5059,5129
latency,weave,2,priority_mix_high,256,273,311,381
latency,weave,2,priority_mix_normal,256,274,4929,5029
latency,weave,2,priority_mix_high,256,275,280,350
latency,weave,2,priority_mix_normal,256,276,4698,4769
latency,weave,2,priority_mix_normal,256,277,3897,3977
latency,weave,2,priority_mix_high,256,278,1042,1122
latency,weave,2,priority_mix_normal,256,279,4308,4378
latency,weave,2,priority_mix_normal,256,280,3947,4027
latency,weave,2,priority_mix_normal,256,281,3185,3265
latency,weave,2,priority_mix_normal,256,282,2735,2805
latency,weave,2,priority_mix_low,256,283,14336,14416
latency,weave,2,priority_mix_low,256,284,11932,12013
latency,weave,2,priority_mix_normal,256,285,20473,20614
latency,weave,2,priority_mix_low,256,286,32657,32737
latency,weave,2,priority_mix_low,256,287,32326,32397
latency,weave,2,priority_mix_low,256,288,31795,31865
latency,weave,2,priority_mix_low,256,289,31455,31535
latency,weave,2,priority_mix_low,256,290,30924,31004
latency,weave,2,priority_mix_low,256,291,30352,30422
latency,weave,2,priority_mix_low,256,292,29491,29561
latency,weave,2,priority_mix_low,256,293,29070,29140
latency,weave,2,priority_mix_low,256,294,28860,28940
latency,weave,2,priority_mix_low,256,295,27988,28068
latency,weave,2,priority_mix_low,256,296,27558,27628
latency,weave,2,priority_mix_high,256,297,24447,24587
latency,weave,2,priority_mix_low,256,298,116741,116811
latency,weave,2,priority_mix_normal,256,299,25138,25269
latency,weave,2,priority_mix_low,256,300,26400,26530
latency,weave,2,priority_mix_high,256,301,21847,21987
latency,weave,2,priority_mix_high,256,302,4344,4414
latency,weave,2,priority_mix_high,256,303,4093,4163
latency,weave,2,priority_mix_high,256,304,4224,4294
latency,weave,2,priority_mix_high,256,305,4124,4204
latency,weave,2,priority_mix_high,256,306,4274,4354
latency,weave,2,priority_mix_high,256,307,4384,4454
latency,weave,2,priority_mix_high,256,308,3773,3853
latency,weave,2,priority_mix_high,256,309,3833,3913
latency,weave,2,priority_mix_high,256,310,3787,3918
latency,weave,2,priority_mix_high,256,311,3081,3151
latency,weave,2,priority_mix_high,256,312,2911,2981
latency,weave,2,priority_mix_high,256,313,2354,2435
latency,weave,2,priority_mix_high,256,314,1999,2079
latency,weave,2,priority_mix_high,256,315,1473,1554
latency,weave,2,priority_mix_high,256,316,597,697
latency,weave,2,priority_mix_normal,256,317,10721,10801
latency,weave,2,priority_mix_high,256,318,427,507
latency,weave,2,priority_mix_normal,256,319,10350,10430
latency,weave,2,priority_mix_normal,256,320,10315,10385
latency,weave,2,priority_mix_normal,256,321,10149,10219
latency,weave,2,priority_mix_high,256,322,1208,1288
latency,weave,2,priority_mix_high,256,323,501,582
latency,weave,2,priority_mix_normal,256,324,11136,11207
latency,weave,2,priority_mix_normal,256,325,11021,11102
latency,weave,2,priority_mix_high,256,326,492,572
latency,weave,2,priority_mix_normal,256,327,11056,11137
latency,weave,2,priority_mix_normal,256,328,10811,10881
latency,weave,2,priority_mix_normal,256,329,10851,10931
latency,weave,2,priority_mix_normal,256,330,10536,10616
latency,weave,2,priority_mix_high,256,331,421,491
latency,weave,2,priority_mix_normal,256,332,10886,10956
latency,weave,2,priority_mix_normal,256,333,10350,10420
latency,weave,2,priority_mix_high,256,334,627,697
latency,weave,2,priority_mix_normal,256,335,10019,10100
latency,weave,2,priority_mix_normal,256,336,9734,9804
latency,weave,2,priority_mix_normal,256,337,9067,9147
latency,weave,2,priority_mix_high,256,338,597,677
latency,weave,2,priority_mix_normal,256,339,8156,8226
latency,weave,2,priority_mix_normal,256,340,7690,7770
latency,weave,2,priority_mix_normal,256,341,6713,6824
latency,weave,2,priority_mix_normal,256,342,6317,6387
latency,weave,2,priority_mix_normal,256,343,5301,5401
latency,weave,2,priority_mix_high,256,344,456,527
latency,weave,2,priority_mix_normal,256,345,4359,4439
latency,weave,2,priority_mix_normal,256,346,3513,3613
latency,weave,2,priority_mix_high,256,347,522,612
latency,weave,2,priority_mix_normal,256,348,3022,3132
latency,weave,2,priority_mix_normal,256,349,1604,1674
latency,weave,2,priority_mix_normal,256,350,898,978
latency,weave,2,priority_mix_low,256,351,21371,21451
latency,weave,2,priority_mix_low,256,352,20876,20946
latency,weave,2,priority_mix_high,256,353,832,932
latency,weave,2,priority_mix_normal,256,354,487,557
latency,weave,2,priority_mix_low,256,355,21481,21571
latency,weave,2,priority_mix_low,256,356,21346,21426
latency,weave,2,priority_mix_high,256,357,1198,1269
latency,weave,2,priority_mix_normal,256,358,661,731
latency,weave,2,priority_mix_low,256,359,21997,22087
latency,weave,2,priority_mix_high,256,360,687,757
latency,weave,2,priority_mix_low,256,361,22449,22519
latency,weave,2,priority_mix_low,256,362,21757,21837
latency,weave,2,priority_mix_low,256,363,21707,21787
latency,weave,2,priority_mix_low,256,364,21616,21686
latency,weave,2,priority_mix_low,256,365,21076,21146
latency,weave,2,priority_mix_low,256,366,20615,20695
latency,weave,2,priority_mix_low,256,367,20204,20284
latency,weave,2,priority_mix_low,256,368,19653,19733
latency,weave,2,priority_mix_low,256,369,19216,19297
latency,weave,2,priority_mix_low,256,370,18240,18310
latency,weave,2,priority_mix_low,256,371,17493,17563
latency,weave,2,priority_mix_low,256,372,16638,16718
latency,weave,2,priority_mix_low,256,373,15800,15880
latency,weave,2,priority_mix_low,256,374,15064,15135
latency,weave,2,priority_mix_low,256,375,13546,13626
latency,weave,2,priority_mix_low,256,376,12519,12599
latency,weave,2,priority_mix_low,256,377,11652,11722
latency,weave,2,priority_mix_low,256,378,9895,9965
latency,weave,2,priority_mix_low,256,379,9198,9268
latency,weave,2,priority_mix_low,256,380,8281,8352
latency,weave,2,priority_mix_normal,256,381,4815,4885
latency,weave,2,priority_mix_low,256,382,7390,7470
latency,weave,2,priority_mix_low,256,383,6448,6518
latency,weave,2,priority_mix_high,256,384,1053,1133
latency,weave,2,priority_mix_low,256,385,2225,2295
latency,weave,2,priority_mix_normal,256,386,1779,1859
latency,weave,2,priority_mix_low,256,387,441,511
latency,weave,2,priority_mix_high,256,388,2606,2676
latency,weave,2,priority_mix_normal,256,389,511,581
latency,weave,2,priority_mix_low,256,390,632,702
latency,weave,2,priority_mix_high,256,391,662,742
latency,weave,2,priority_mix_normal,256,392,742,822
latency,weave,2,priority_mix_low,256,393,511,591
latency,weave,2,priority_mix_high,256,394,702,772
latency,weave,2,priority_mix_normal,256,395,637,707
latency,weave,2,priority_mix_low,256,396,622,702
latency,weave,2,priority_mix_high,256,397,737,827
latency,weave,2,priority_mix_normal,256,398,55736,55866
latency,weave,2,priority_mix_low,256,399,25469,25549
latency,weave,2,priority_mix_high,256,400,20739,20880
latency,weave,2,priority_mix_high,256,401,811,881
latency,weave,2,priority_mix_high,256,402,1083,1153
latency,weave,2,priority_mix_high,256,403,792,872
latency,weave,2,priority_mix_high,256,404,290,360
latency,weave,2,priority_mix_normal,256,405,9228,9359
latency,weave,2,priority_mix_normal,256,406,3006,3076
latency,weave,2,priority_mix_high,256,407,842,912
latency,weave,2,priority_mix_normal,256,408,3446,3546
latency,weave,2,priority_mix_normal,256,409,2505,2575
latency,weave,2,priority_mix_normal,256,410,2274,2354
latency,weave,2,priority_mix_low,256,411,5190,5260
latency,weave,2,priority_mix_normal,256,412,2094,2164
latency,weave,2,priority_mix_low,256,413,5411,5481
latency,weave,2,priority_mix_low,256,414,5431,5501
latency,weave,2,priority_mix_low,256,415,4549,4629
latency,weave,2,priority_mix_low,256,416,4259,4339
latency,weave,2,priority_mix_high,256,417,662,732
latency,weave,2,priority_mix_low,256,418,2665,2745
latency,weave,2,priority_mix_normal,256,419,9648,9718
latency,weave,2,priority_mix_low,256,420,26852,26992
latency,weave,2,priority_mix_high,256,421,24978,25098
latency,weave,2,priority_mix_normal,256,422,25188,25319
latency,weave,2,priority_mix_low,256,423,24948,25078
latency,weave,2,priority_mix_high,256,424,25138,25268
latency,weave,2,priority_mix_normal,256,425,24847,24977
latency,weave,2,priority_mix_low,256,426,24307,24437
latency,weave,2,priority_mix_high,256,427,24827,24957
latency,weave,2,priority_mix_normal,256,428,24146,24276
latency,weave,2,priority_mix_low,256,429,23555,23686
latency,weave,2,priority_mix_high,256,430,41058,41198
latency,weave,2,priority_mix_high,256,431,7745,7845
latency,weave,2,priority_mix_high,256,432,7865,7936
latency,weave,2,priority_mix_high,256,433,7935,8015
latency,weave,2,priority_mix_high,256,434,7815,7895
latency,weave,2,priority_mix_high,256,435,7865,7965
latency,weave,2,priority_mix_high,256,436,7925,7995
latency,weave,2,priority_mix_high,256,437,7795,7865
latency,weave,2,priority_mix_high,256,438,7865,7945
latency,weave,2,priority_mix_high,256,439,7765,7846
latency,weave,2,priority_mix_high,256,440,7975,8046
latency,weave,2,priority_mix_high,256,441,8286,8356
latency,weave,2,priority_mix_high,256,442,8606,8686
latency,weave,2,priority_mix_high,256,443,8557,8627
latency,weave,2,priority_mix_high,256,444,8496,8576
latency,weave,2,priority_mix_high,256,445,8356,8426
latency,weave,2,priority_mix_high,256,446,7915,7995
latency,weave,2,priority_mix_high,256,447,7675,7765
latency,weave,2,priority_mix_high,256,448,7584,7664
latency,weave,2,priority_mix_high,256,449,7354,7424
latency,weave,2,priority_mix_high,256,450,9388,9528
latency,weave,2,priority_mix_high,256,451,10009,10079
latency,weave,2,priority_mix_high,256,452,9669,9739
latency,weave,2,priority_mix_high,256,453,8857,8927
latency,weave,2,priority_mix_high,256,454,8376,8456
latency,weave,2,priority_mix_high,256,455,5210,5281
latency,weave,2,priority_mix_normal,256,456,21641,21721
latency,weave,2,priority_mix_normal,256,457,20860,20930
latency,weave,2,priority_mix_normal,256,458,20799,20869
latency,weave,2,priority_mix_normal,256,459,20770,20840
latency,weave,2,priority_mix_normal,256,460,20549,20619
latency,weave,2,priority_mix_normal,256,461,20509,20589
latency,weave,2,priority_mix_normal,256,462,20348,20418
latency,weave,2,priority_mix_normal,256,463,20289,20369
latency,weave,2,priority_mix_normal,256,464,20248,20318
latency,weave,2,priority_mix_normal,256,465,20058,20138
latency,weave,2,priority_mix_normal,256,466,20038,20109
latency,weave,2,priority_mix_normal,256,467,19988,20058
latency,weave,2,priority_mix_normal,256,468,19797,19868
latency,weave,2,priority_mix_normal,256,469,19758,19828
latency,weave,2,priority_mix_normal,256,470,19587,19658
latency,weave,2,priority_mix_normal,256,471,19527,19597
latency,weave,2,priority_mix_normal,256,472,19116,19187
latency,weave,2,priority_mix_normal,256,473,18776,18856
latency,weave,2,priority_mix_normal,256,474,18706,18776
latency,weave,2,priority_mix_normal,256,475,17914,17984
latency,weave,2,priority_mix_normal,256,476,17393,17474
latency,weave,2,priority_mix_normal,256,477,17012,17082
latency,weave,2,priority_mix_normal,256,478,16462,16532
latency,weave,2,priority_mix_normal,256,479,15870,15940
latency,weave,2,priority_mix_normal,256,480,13216,13296
latency,weave,2,priority_mix_low,256,481,28093,28163
latency,weave,2,priority_mix_low,256,482,27683,27753
latency,weave,2,priority_mix_low,256,483,27612,27682
latency,weave,2,priority_mix_low,256,484,27382,27452
latency,weave,2,priority_mix_low,256,485,27322,27392
latency,weave,2,priority_mix_low,256,486,27272,27342
latency,weave,2,priority_mix_low,256,487,27081,27151
latency,weave,2,priority_mix_low,256,488,27012,27082
latency,weave,2,priority_mix_low,256,489,26951,27021
latency,weave,2,priority_mix_low,256,490,26741,26811
latency,weave,2,priority_mix_low,256,491,26681,26751
latency,weave,2,priority_mix_low,256,492,26501,26581
latency,weave,2,priority_mix_low,256,493,26430,26510
latency,weave,2,priority_mix_low,256,494,26370,26440
latency,weave,2,priority_mix_low,256,495,26220,26300
latency,weave,2,priority_mix_low,256,496,26130,26210
latency,weave,2,priority_mix_low,256,497,25759,25829
latency,weave,2,priority_mix_low,256,498,25369,25439
latency,weave,2,priority_mix_low,256,499,24947,25017
latency,weave,2,priority_mix_low,256,500,24276,24356
latency,weave,2,priority_mix_low,256,501,23865,23945
latency,weave,2,priority_mix_low,256,502,23605,23685
latency,weave,2,priority_mix_low,256,503,22893,22973
latency,weave,2,priority_mix_low,256,504,22263,22343
latency,weave,2,priority_mix_low,256,505,19747,19817
latency,weave,2,priority_mix_high,256,506,2770,2911
latency,weave,2,priority_mix_high,256,507,5576,5656
latency,weave,2,priority_mix_normal,256,508,82722,82802
latency,weave,2,priority_mix_normal,256,509,6537,6618
latency,weave,2,priority_mix_low,256,510,27056,27126
latency,weave,2,priority_mix_low,256,511,7700,7840
latency,weave,2,priority_mix_high,256,512,37837,37957
latency,weave,2,priority_mix_normal,256,513,22418,22498
latency,weave,2,priority_mix_low,256,514,20464,20594
latency,weave,2,priority_mix_high,256,515,28423,28563
latency,weave,2,priority_mix_normal,256,516,23289,23419
latency,weave,2,priority_mix_low,256,517,21781,21921
latency,weave,2,priority_mix_high,256,518,24141,24271
latency,weave,2,priority_mix_normal,256,519,22137,22267
latency,weave,2,priority_mix_low,256,520,22477,22608
latency,weave,2,priority_mix_high,256,521,21546,21666
latency,weave,2,priority_mix_normal,256,522,20985,21115
latency,weave,2,priority_mix_low,256,523,23990,24120
latency,weave,2,priority_mix_high,256,524,21145,21275
latency,weave,2,priority_mix_normal,256,525,21977,22107
latency,weave,2,priority_mix_low,256,526,22938,23069
latency,weave,2,priority_mix_high,256,527,21205,21335
latency,weave,2,priority_mix_normal,256,528,22969,23099
latency,weave,2,priority_mix_low,256,529,23299,23429
latency,weave,2,priority_mix_high,256,530,21846,21977
latency,weave,2,priority_mix_normal,256,531,21917,22047
latency,weave,2,priority_mix_low,256,532,25273,25403
latency,weave,2,priority_mix_high,256,533,19381,19512
latency,weave,2,priority_mix_normal,256,534,22227,22358
latency,weave,2,priority_mix_low,256,535,23059,23189
latency,weave,2,priority_mix_high,256,536,22703,22843
latency,weave,2,priority_mix_high,256,537,5631,5711
latency,weave,2,priority_mix_high,256,538,5480,5550
latency,weave,2,priority_mix_high,256,539,8607,8687
latency,weave,2,priority_mix_high,256,540,8546,8646
latency,weave,2,priority_mix_normal,256,541,11421,11512
latency,weave,2,priority_mix_high,256,542,2440,2580
latency,weave,2,priority_mix_high,256,543,2234,2314
latency,weave,2,priority_mix_high,256,544,491,561
latency,weave,2,priority_mix_normal,256,545,12459,12539
latency,weave,2,priority_mix_normal,256,546,12373,12454
latency,weave,2,priority_mix_normal,256,547,11777,11847
latency,weave,2,priority_mix_high,256,548,792,862
latency,weave,2,priority_mix_normal,256,549,5851,5932
latency,weave,2,priority_mix_normal,256,550,5781,5861
latency,weave,2,priority_mix_normal,256,551,3567,3637
latency,weave,2,priority_mix_normal,256,552,2925,3005
latency,weave,2,priority_mix_normal,256,553,1784,1854
latency,weave,2,priority_mix_low,256,554,15559,15639
latency,weave,2,priority_mix_low,256,555,15429,15499
latency,weave,2,priority_mix_low,256,556,15349,15419
latency,weave,2,priority_mix_low,256,557,14828,14898
latency,weave,2,priority_mix_low,256,558,8275,8355
latency,weave,2,priority_mix_low,256,559,8035,8105
latency,weave,2,priority_mix_low,256,560,5841,5912
latency,weave,2,priority_mix_low,256,561,5180,5250
latency,weave,2,priority_mix_high,256,562,28213,28353
latency,weave,2,priority_mix_low,256,563,74962,75042
latency,weave,2,priority_mix_normal,256,564,20820,20960
latency,weave,2,priority_mix_high,256,565,802,872
latency,weave,2,priority_mix_high,256,566,521,591
latency,weave,2,priority_mix_normal,256,567,1593,1673
latency,weave,2,priority_mix_high,256,568,802,872
latency,weave,2,priority_mix_normal,256,569,1804,1934
latency,weave,2,priority_mix_high,256,570,592,662
latency,weave,2,priority_mix_normal,256,571,1713,1784
latency,weave,2,priority_mix_normal,256,572,1092,1162
latency,weave,2,priority_mix_low,256,573,10601,10671
latency,weave,2,priority_mix_low,256,574,4208,4288
latency,weave,2,priority_mix_low,256,575,3367,3447
latency,weave,2,priority_mix_high,256,576,531,611
latency,weave,2,priority_mix_low,256,577,3146,3226
latency,weave,2,priority_mix_normal,256,578,1142,1212
latency,weave,2,priority_mix_high,256,579,672,742
latency,weave,2,priority_mix_low,256,580,2835,2935
latency,weave,2,priority_mix_normal,256,581,742,822
latency,weave,2,priority_mix_low,256,582,1713,1793
latency,weave,2,priority_mix_low,256,583,642,712
latency,weave,2,priority_mix_high,256,584,1162,1242
latency,weave,2,priority_mix_normal,256,585,791,871
latency,weave,2,priority_mix_low,256,586,441,511
latency,weave,2,priority_mix_high,256,587,602,682
latency,weave,2,priority_mix_normal,256,588,1383,1453
latency,weave,2,priority_mix_low,256,589,1213,1283
latency,weave,2,priority_mix_high,256,590,8887,8957
latency,weave,2,priority_mix_normal,256,591,29577,29707
latency,weave,2,priority_mix_high,256,592,99694,99824
latency,weave,2,priority_mix_high,256,593,100015,100096
latency,weave,2,priority_mix_high,256,594,99735,99815
latency,weave,2,priority_mix_high,256,595,99334,99404
latency,weave,2,priority_mix_high,256,596,99264,99344
latency,weave,2,priority_mix_high,256,597,99214,99294
latency,weave,2,priority_mix_high,256,598,98963,99033
latency,weave,2,priority_mix_high,256,599,98873,98953
latency,weave,2,priority_mix_high,256,600,98592,98662
latency,weave,2,priority_mix_high,256,601,98523,98593
latency,weave,2,priority_mix_high,256,602,98532,98602
latency,weave,2,priority_mix_high,256,603,98322,98402
latency,weave,2,priority_mix_high,256,604,98322,98403
latency,weave,2,priority_mix_high,256,605,35643,35723
latency,weave,2,priority_mix_high,256,606,35262,35342
latency,weave,2,priority_mix_high,256,607,35233,35313
latency,weave,2,priority_mix_high,256,608,35032,35103
latency,weave,2,priority_mix_high,256,609,34982,35062
latency,weave,2,priority_mix_high,256,610,25283,25364
latency,weave,2,priority_mix_normal,256,611,105415,105485
latency,weave,2,priority_mix_normal,256,612,105065,105145
latency,weave,2,priority_mix_normal,256,613,104934,105014
latency,weave,2,priority_mix_normal,256,614,104514,104584
latency,weave,2,priority_mix_normal,256,615,104403,104473
latency,weave,2,priority_mix_normal,256,616,104153,104223
latency,weave,2,priority_mix_normal,256,617,104073,104143
latency,weave,2,priority_mix_normal,256,618,103983,104053
latency,weave,2,priority_mix_normal,256,619,103682,103752
latency,weave,2,priority_mix_normal,256,620,103611,103692
latency,weave,2,priority_mix_normal,256,621,103562,103632
latency,weave,2,priority_mix_normal,256,622,103351,103422
latency,weave,2,priority_mix_normal,256,623,41184,41254
latency,weave,2,priority_mix_normal,256,624,40843,40913
latency,weave,2,priority_mix_normal,256,625,40833,40903
latency,weave,2,priority_mix_normal,256,626,40602,40682
latency,weave,2,priority_mix_normal,256,627,31496,31566
latency,weave,2,priority_mix_low,256,628,128699,128769
latency,weave,2,priority_mix_low,256,629,110896,110966
latency,weave,2,priority_mix_low,256,630,110555,110635
latency,weave,2,priority_mix_low,256,631,110095,110175
latency,weave,2,priority_mix_low,256,632,109974,110044
latency,weave,2,priority_mix_low,256,633,109894,109974
latency,weave,2,priority_mix_low,256,634,109623,109703
latency,weave,2,priority_mix_low,256,635,109524,109604
latency,weave,2,priority_mix_low,256,636,109463,109533
latency,weave,2,priority_mix_low,256,637,109173,109253
latency,weave,2,priority_mix_low,256,638,109112,109182
latency,weave,2,priority_mix_low,256,639,108902,108972
latency,weave,2,priority_mix_low,256,640,108842,108922
latency,weave,2,priority_mix_low,256,641,46404,46474
latency,weave,2,priority_mix_low,256,642,46002,46083
latency,weave,2,priority_mix_low,256,643,45923,46003
latency,weave,2,priority_mix_low,256,644,45862,45933
latency,weave,2,priority_mix_low,256,645,45642,45722
latency,weave,2,priority_mix_low,256,646,36004,36085
latency,weave,2,priority_mix_normal,256,647,58812,58952
latency,weave,2,priority_mix_high,256,648,4218,4358
latency,weave,2,priority_mix_high,256,649,4980,5060
latency,weave,2,priority_mix_high,256,650,5050,5120
latency,weave,2,priority_mix_high,256,651,4799,4869
latency,weave,2,priority_mix_high,256,652,4879,4959
latency,weave,2,priority_mix_high,256,653,4729,4809
latency,weave,2,priority_mix_high,256,654,4789,4869
latency,weave,2,priority_mix_high,256,655,4829,4910
latency,weave,2,priority_mix_high,256,656,4318,4418
latency,weave,2,priority_mix_high,256,657,4388,4468
latency,weave,2,priority_mix_high,256,658,3938,4008
latency,weave,2,priority_mix_high,256,659,3466,3536
latency,weave,2,priority_mix_high,256,660,3266,3346
latency,weave,2,priority_mix_high,256,661,2555,2625
latency,weave,2,priority_mix_high,256,662,2444,2514
latency,weave,2,priority_mix_high,256,663,2114,2194
latency,weave,2,priority_mix_high,256,664,1593,1673
latency,weave,2,priority_mix_high,256,665,1543,1633
latency,weave,2,priority_mix_high,256,666,852,932
latency,weave,2,priority_mix_high,256,667,1779,1919
latency,weave,2,priority_mix_normal,256,668,136769,136869
latency,weave,2,priority_mix_high,256,669,1297,1378
latency,weave,2,priority_mix_normal,256,670,14026,14106
latency,weave,2,priority_mix_normal,256,671,13831,13931
latency,weave,2,priority_mix_normal,256,672,13475,13555
latency,weave,2,priority_mix_high,256,673,577,647
latency,weave,2,priority_mix_normal,256,674,13725,13796
latency,weave,2,priority_mix_normal,256,675,13742,13812
latency,weave,2,priority_mix_normal,256,676,13415,13496
latency,weave,2,priority_mix_normal,256,677,13461,13531
latency,weave,2,priority_mix_normal,256,678,13120,13191
latency,weave,2,priority_mix_high,256,679,897,967
latency,weave,2,priority_mix_normal,256,680,13355,13425
latency,weave,2,priority_mix_normal,256,681,13996,14067
latency,weave,2,priority_mix_normal,256,682,13195,13265
latency,weave,2,priority_mix_normal,256,683,12874,12955
latency,weave,2,priority_mix_normal,256,684,12514,12594
latency,weave,2,priority_mix_normal,256,685,11842,11913
latency,weave,2,priority_mix_normal,256,686,11532,11602
latency,weave,2,priority_mix_normal,256,687,11176,11256
latency,weave,2,priority_mix_normal,256,688,10460,10530
latency,weave,2,priority_mix_normal,256,689,10265,10335
latency,weave,2,priority_mix_normal,256,690,9608,9678
latency,weave,2,priority_mix_normal,256,691,8742,8822
latency,weave,2,priority_mix_normal,256,692,8035,8105
latency,weave,2,priority_mix_normal,256,693,6397,6467
latency,weave,2,priority_mix_normal,256,694,4528,4598
latency,weave,2,priority_mix_low,256,695,39440,39510
latency,weave,2,priority_mix_low,256,696,21461,21531
latency,weave,2,priority_mix_low,256,697,21396,21476
latency,weave,2,priority_mix_high,256,698,4965,5035
latency,weave,2,priority_mix_low,256,699,21366,21436
latency,weave,2,priority_mix_low,256,700,21306,21376
latency,weave,2,priority_mix_low,256,701,21255,21335
latency,weave,2,priority_mix_low,256,702,21046,21126
latency,weave,2,priority_mix_low,256,703,20935,21015
latency,weave,2,priority_mix_low,256,704,20324,20394
latency,weave,2,priority_mix_low,256,705,20183,20253
latency,weave,2,priority_mix_low,256,706,20124,20194
latency,weave,2,priority_mix_low,256,707,19312,19382
latency,weave,2,priority_mix_low,256,708,19041,19121
latency,weave,2,priority_mix_normal,256,709,967,1037
latency,weave,2,priority_mix_low,256,710,19302,19402
latency,weave,2,priority_mix_high,256,711,686,756
latency,weave,2,priority_mix_normal,256,712,1068,1148
latency,weave,2,priority_mix_low,256,713,19712,19782
latency,weave,2,priority_mix_low,256,714,19206,19276
latency,weave,2,priority_mix_low,256,715,18470,18560
latency,weave,2,priority_mix_low,256,716,18124,18194
latency,weave,2,priority_mix_low,256,717,17933,18004
latency,weave,2,priority_mix_low,256,718,17423,17493
latency,weave,2,priority_mix_high,256,719,361,451
latency,weave,2,priority_mix_normal,256,720,802,882
latency,weave,2,priority_mix_low,256,721,17563,17633
latency,weave,2,priority_mix_low,256,722,17112,17182
latency,weave,2,priority_mix_low,256,723,15118,15188
latency,weave,2,priority_mix_low,256,724,13806,13886
latency,weave,2,priority_mix_low,256,725,5620,5691
latency,weave,2,priority_mix_low,256,726,4729,4799
latency,weave,2,priority_mix_low,256,727,2454,2525
latency,weave,2,priority_mix_high,256,728,4764,4834
latency,weave,2,priority_mix_high,256,729,3522,3592
latency,weave,2,priority_mix_high,256,730,3512,3582
latency,weave,2,priority_mix_high,256,731,3322,3392
latency,weave,2,priority_mix_high,256,732,3452,3532
latency,weave,2,priority_mix_high,256,733,3492,3562
latency,weave,2,priority_mix_high,256,734,3302,3382
latency,weave,2,priority_mix_high,256,735,3332,3402
latency,weave,2,priority_mix_high,256,736,2691,2761
latency,weave,2,priority_mix_high,256,737,1809,1889
latency,weave,2,priority_mix_high,256,738,1739,1809
latency,weave,2,priority_mix_high,256,739,1147,1217
latency,weave,2,priority_mix_high,256,740,857,937
latency,weave,2,priority_mix_normal,256,741,8661,8732
latency,weave,2,priority_mix_high,256,742,626,696
latency,weave,2,priority_mix_normal,256,743,8993,9073
latency,weave,2,priority_mix_normal,256,744,9163,9243
latency,weave,2,priority_mix_normal,256,745,9233,9313
latency,weave,2,priority_mix_normal,256,746,9153,9223
latency,weave,2,priority_mix_normal,256,747,9062,9142
latency,weave,2,priority_mix_normal,256,748,8792,8872
latency,weave,2,priority_mix_normal,256,749,8391,8461
latency,weave,2,priority_mix_normal,256,750,7299,7369
latency,weave,2,priority_mix_normal,256,751,6908,6978
latency,weave,2,priority_mix_normal,256,752,6608,6688
latency,weave,2,priority_mix_normal,256,753,5721,5851
latency,weave,2,priority_mix_normal,256,754,5185,5266
latency,weave,2,priority_mix_low,256,755,13361,13441
latency,weave,2,priority_mix_low,256,756,13541,13631
latency,weave,2,priority_mix_low,256,757,13315,13385
latency,weave,2,priority_mix_low,256,758,12869,12949
latency,weave,2,priority_mix_low,256,759,12674,12744
latency,weave,2,priority_mix_low,256,760,12529,12599
latency,weave,2,priority_mix_low,256,761,12774,12844
latency,weave,2,priority_mix_low,256,762,12128,12198
latency,weave,2,priority_mix_low,256,763,11251,11331
latency,weave,2,priority_mix_low,256,764,10996,11066
latency,weave,2,priority_mix_low,256,765,10549,10620
latency,weave,2,priority_mix_low,256,766,9955,10025
latency,weave,2,priority_mix_low,256,767,9378,9448
latency,weave,2,priority_mix_high,256,768,47109,47250
latency,weave,2,priority_mix_normal,256,769,31510,31590
latency,weave,2,priority_mix_high,256,770,2244,2324
latency,weave,2,priority_mix_high,256,771,2254,2324
latency,weave,2,priority_mix_high,256,772,2064,2134
latency,weave,2,priority_mix_high,256,773,2305,2385
latency,weave,2,priority_mix_high,256,774,2315,2415
latency,weave,2,priority_mix_high,256,775,1864,1944
latency,weave,2,priority_mix_high,256,776,2771,2911
latency,weave,2,priority_mix_high,256,777,1763,1834
latency,weave,2,priority_mix_high,256,778,1032,1132
latency,weave,2,priority_mix_high,256,779,897,967
latency,weave,2,priority_mix_normal,256,780,6663,6733
latency,weave,2,priority_mix_high,256,781,516,587
latency,weave,2,priority_mix_normal,256,782,7104,7194
latency,weave,2,priority_mix_normal,256,783,6929,7009
latency,weave,2,priority_mix_normal,256,784,6803,6893
latency,weave,2,priority_mix_normal,256,785,6839,6909
latency,weave,2,priority_mix_high,256,786,521,601
latency,weave,2,priority_mix_normal,256,787,6828,6918
latency,weave,2,priority_mix_normal,256,788,6392,6473
latency,weave,2,priority_mix_high,256,789,516,597
latency,weave,2,priority_mix_normal,256,790,5340,5420
latency,weave,2,priority_mix_normal,256,791,4885,4965
latency,weave,2,priority_mix_normal,256,792,4649,4720
latency,weave,2,priority_mix_normal,256,793,3872,3943
latency,weave,2,priority_mix_normal,256,794,2596,2666
latency,weave,2,priority_mix_high,256,795,496,587
latency,weave,2,priority_mix_normal,256,796,2014,2084
latency,weave,2,priority_mix_normal,256,797,686,767
latency,weave,2,priority_mix_low,256,798,13747,13817
latency,weave,2,priority_mix_low,256,799,12409,12480
latency,weave,2,priority_mix_low,256,800,12183,12253
latency,weave,2,priority_mix_low,256,801,11818,11888
latency,weave,2,priority_mix_high,256,802,431,501
latency,weave,2,priority_mix_low,256,803,12063,12143
latency,weave,2,priority_mix_low,256,804,11862,11943
latency,weave,2,priority_mix_low,256,805,11452,11532
latency,weave,2,priority_mix_low,256,806,11102,11182
latency,weave,2,priority_mix_low,256,807,9749,9819
latency,weave,2,priority_mix_low,256,808,9348,9428
latency,weave,2,priority_mix_low,256,809,8947,9017
latency,weave,2,priority_mix_low,256,810,7830,7910
latency,weave,2,priority_mix_low,256,811,6633,6703
latency,weave,2,priority_mix_low,256,812,5076,5156
latency,weave,2,priority_mix_low,256,813,4038,4108
latency,weave,2,priority_mix_normal,256,814,6793,6863
latency,weave,2,priority_mix_low,256,815,2745,2825
latency,weave,2,priority_mix_high,256,816,1093,1173
latency,weave,2,priority_mix_normal,256,817,496,597
latency,weave,2,priority_mix_low,256,818,421,501
latency,weave,2,priority_mix_high,256,819,467,537
latency,weave,2,priority_mix_normal,256,820,411,501
latency,weave,2,priority_mix_low,256,821,437,517
latency,weave,2,priority_mix_high,256,822,747,817
latency,weave,2,priority_mix_normal,256,823,2981,3061
latency,weave,2,priority_mix_high,256,824,597,677
latency,weave,2,priority_mix_high,256,825,607,677
latency,weave,2,priority_mix_high,256,826,357,427
latency,weave,2,priority_mix_normal,256,827,1943,2024
latency,weave,2,priority_mix_normal,256,828,2034,2124
latency,weave,2,priority_mix_normal,256,829,1483,1553
latency,weave,2,priority_mix_low,256,830,4148,4219
latency,weave,2,priority_mix_low,256,831,3156,3236
latency,weave,2,priority_mix_low,256,832,2995,3066
latency,weave,2,priority_mix_high,256,833,421,492
latency,weave,2,priority_mix_normal,256,834,631,701
latency,weave,2,priority_mix_low,256,835,2871,2941
latency,weave,2,priority_mix_high,256,836,617,697
latency,weave,2,priority_mix_low,256,837,1193,1263
latency,weave,2,priority_mix_normal,256,838,397,467
latency,weave,2,priority_mix_low,256,839,581,651
latency,weave,2,priority_mix_high,256,840,1162,1232
latency,weave,2,priority_mix_normal,256,841,517,597
latency,weave,2,priority_mix_low,256,842,451,541
latency,weave,2,priority_mix_high,256,843,587,657
latency,weave,2,priority_mix_normal,256,844,521,601
latency,weave,2,priority_mix_low,256,845,747,817
latency,weave,2,priority_mix_high,256,846,797,868
latency,weave,2,priority_mix_normal,256,847,63726,63866
latency,weave,2,priority_mix_low,256,848,33900,33980
latency,weave,2,priority_mix_high,256,849,2901,2971
latency,weave,2,priority_mix_high,256,850,1237,1317
latency,weave,2,priority_mix_high,256,851,1378,1448
latency,weave,2,priority_mix_high,256,852,817,887
latency,weave,2,priority_mix_high,256,853,346,416
latency,weave,2,priority_mix_normal,256,854,3001,3071
latency,weave,2,priority_mix_normal,256,855,3632,3773
latency,weave,2,priority_mix_normal,256,856,2940,3011
latency,weave,2,priority_mix_high,256,857,1048,1148
latency,weave,2,priority_mix_normal,256,858,3111,3191
latency,weave,2,priority_mix_normal,256,859,2651,2741
latency,weave,2,priority_mix_normal,256,860,1318,1398
latency,weave,2,priority_mix_low,256,861,5867,5937
latency,weave,2,priority_mix_high,256,862,836,907
latency,weave,2,priority_mix_low,256,863,5997,6067
latency,weave,2,priority_mix_normal,256,864,747,827
latency,weave,2,priority_mix_low,256,865,5826,5906
latency,weave,2,priority_mix_low,256,866,5376,5456
latency,weave,2,priority_mix_high,256,867,556,647
latency,weave,2,priority_mix_normal,256,868,456,536
latency,weave,2,priority_mix_low,256,869,5365,5466
latency,weave,2,priority_mix_low,256,870,3512,3582
latency,weave,2,priority_mix_low,256,871,2310,2400
latency,weave,2,priority_mix_high,256,872,566,636
latency,weave,2,priority_mix_normal,256,873,467,547
latency,weave,2,priority_mix_low,256,874,2130,2200
latency,weave,2,priority_mix_low,256,875,827,917
latency,weave,2,priority_mix_high,256,876,837,937
latency,weave,2,priority_mix_high,256,877,316,396
latency,weave,2,priority_mix_normal,256,878,1619,1689
latency,weave,2,priority_mix_normal,256,879,937,1008
latency,weave,2,priority_mix_low,256,880,1979,2049
latency,weave,2,priority_mix_high,256,881,28133,28273
latency,weave,2,priority_mix_low,256,882,50436,50506
latency,weave,2,priority_mix_normal,256,883,25408,25538
latency,weave,2,priority_mix_low,256,884,25378,25508
latency,weave,2,priority_mix_high,256,885,24737,24867
latency,weave,2,priority_mix_normal,256,886,24617,24747
latency,weave,2,priority_mix_low,256,887,24967,25098
latency,weave,2,priority_mix_high,256,888,29682,29822
latency,weave,2,priority_mix_normal,256,889,26561,26701
latency,weave,2,priority_mix_low,256,890,24898,25018
latency,weave,2,priority_mix_high,256,891,25087,25217
latency,weave,2,priority_mix_normal,256,892,24877,25007
latency,weave,2,priority_mix_high,256,893,6092,6232
latency,weave,2,priority_mix_high,256,894,6001,6071
latency,weave,2,priority_mix_high,256,895,5821,5901
latency,weave,2,priority_mix_high,256,896,6082,6162
latency,weave,2,priority_mix_high,256,897,6352,6422
latency,weave,2,priority_mix_high,256,898,6322,6392
latency,weave,2,priority_mix_high,256,899,1724,1804
latency,weave,2,priority_mix_high,256,900,1402,1502
latency,weave,2,priority_mix_high,256,901,1212,1282
latency,weave,2,priority_mix_high,256,902,1031,1131
latency,weave,2,priority_mix_high,256,903,621,701
latency,weave,2,priority_mix_high,256,904,481,561
latency,weave,2,priority_mix_normal,256,905,11853,11933
latency,weave,2,priority_mix_high,256,906,381,451
latency,weave,2,priority_mix_normal,256,907,30197,30327
latency,weave,2,priority_mix_normal,256,908,30928,31009
latency,weave,2,priority_mix_normal,256,909,30889,30959
latency,weave,2,priority_mix_normal,256,910,30578,30658
latency,weave,2,priority_mix_normal,256,911,30478,30558
latency,weave,2,priority_mix_normal,256,912,25589,25659
latency,weave,2,priority_mix_normal,256,913,25178,25258
latency,weave,2,priority_mix_normal,256,914,24908,24978
latency,weave,2,priority_mix_normal,256,915,24436,24517
latency,weave,2,priority_mix_normal,256,916,23916,23986
latency,weave,2,priority_mix_normal,256,917,23675,23746
latency,weave,2,priority_mix_low,256,918,69341,69421
latency,weave,2,priority_mix_low,256,919,35117,35197
latency,weave,2,priority_mix_low,256,920,34676,34756
latency,weave,2,priority_mix_low,256,921,34576,34646
latency,weave,2,priority_mix_low,256,922,34355,34435
latency,weave,2,priority_mix_low,256,923,34135,34205
latency,weave,2,priority_mix_low,256,924,29476,29546
latency,weave,2,priority_mix_low,256,925,29096,29166
latency,weave,2,priority_mix_low,256,926,28694,28774
latency,weave,2,priority_mix_low,256,927,28374,28454
latency,weave,2,priority_mix_low,256,928,27702,27782
latency,weave,2,priority_mix_low,256,929,27422,27492
latency,weave,2,priority_mix_low,256,930,26721,26791
latency,weave,2,priority_mix_normal,256,931,59247,59388
latency,weave,2,priority_mix_low,256,932,26506,26636
latency,weave,2,priority_mix_high,256,933,24998,25128
latency,weave,2,priority_mix_high,256,934,5536,5656
latency,weave,2,priority_mix_high,256,935,5351,5421
latency,weave,2,priority_mix_high,256,936,5596,5706
latency,weave,2,priority_mix_high,256,937,5090,5160
latency,weave,2,priority_mix_high,256,938,5135,5215
latency,weave,2,priority_mix_high,256,939,4920,4990
latency,weave,2,priority_mix_normal,256,940,8647,8717
latency,weave,2,priority_mix_normal,256,941,7690,7760
latency,weave,2,priority_mix_normal,256,942,7635,7715
latency,weave,2,priority_mix_normal,256,943,7610,7710
latency,weave,2,priority_mix_high,256,944,492,592
latency,weave,2,priority_mix_normal,256,945,7600,7671
latency,weave,2,priority_mix_normal,256,946,7605,7705
latency,weave,2,priority_mix_high,256,947,467,537
latency,weave,2,priority_mix_normal,256,948,3287,3357
latency,weave,2,priority_mix_normal,256,949,1689,1759
latency,weave,2,priority_mix_normal,256,950,1148,1228
latency,weave,2,priority_mix_low,256,951,11372,11443
latency,weave,2,priority_mix_low,256,952,10981,11051
latency,weave,2,priority_mix_low,256,953,10706,10786
latency,weave,2,priority_mix_low,256,954,10751,10821
latency,weave,2,priority_mix_high,256,955,1128,1198
latency,weave,2,priority_mix_low,256,956,10730,10800
latency,weave,2,priority_mix_normal,256,957,617,687
latency,weave,2,priority_mix_low,256,958,10871,10961
latency,weave,2,priority_mix_low,256,959,5205,5305
latency,weave,2,priority_mix_high,256,960,491,572
latency,weave,2,priority_mix_normal,256,961,577,657
latency,weave,2,priority_mix_high,256,962,461,531
latency,weave,2,priority_mix_low,256,963,5446,5526
latency,weave,2,priority_mix_normal,256,964,552,622
latency,weave,2,priority_mix_low,256,965,4955,5025
latency,weave,2,priority_mix_low,256,966,2655,2736
latency,weave,2,priority_mix_low,256,967,1789,1859
latency,weave,2,priority_mix_low,256,968,1268,1338
latency,weave,2,priority_mix_high,256,969,1122,1233
latency,weave,2,priority_mix_normal,256,970,968,1038
latency,weave,2,priority_mix_low,256,971,712,792
latency,weave,2,priority_mix_high,256,972,752,822
latency,weave,2,priority_mix_normal,256,973,557,637
latency,weave,2,priority_mix_low,256,974,2320,2390
latency,weave,2,priority_mix_high,256,975,546,627
latency,weave,2,priority_mix_normal,256,976,717,787
latency,weave,2,priority_mix_low,256,977,787,858
latency,weave,2,priority_mix_high,256,978,1138,1218
latency,weave,2,priority_mix_high,256,979,717,787
latency,weave,2,priority_mix_normal,256,980,1619,1699
latency,weave,2,priority_mix_high,256,981,1168,1248
latency,weave,2,priority_mix_high,256,982,361,472
latency,weave,2,priority_mix_normal,256,983,2270,2340
latency,weave,2,priority_mix_normal,256,984,1574,1644
latency,weave,2,priority_mix_high,256,985,667,737
latency,weave,2,priority_mix_normal,256,986,1343,1413
latency,weave,2,priority_mix_normal,256,987,1249,1329
latency,weave,2,priority_mix_low,256,988,4680,4750
latency,weave,2,priority_mix_low,256,989,4133,4204
latency,weave,2,priority_mix_low,256,990,3326,3417
latency,weave,2,priority_mix_high,256,991,958,1058
latency,weave,2,priority_mix_low,256,992,3352,3422
latency,weave,2,priority_mix_low,256,993,2771,2841
latency,weave,2,priority_mix_high,256,994,641,711
latency,weave,2,priority_mix_high,256,995,357,437
latency,weave,2,priority_mix_high,256,996,2090,2160
latency,weave,2,priority_mix_high,256,997,2190,2260
latency,weave,2,priority_mix_high,256,998,2370,2450
latency,weave,2,priority_mix_high,256,999,2100,2170
latency,weave,2,priority_mix_high,256,1000,2230,2300
latency,weave,2,priority_mix_high,256,1001,2060,2140
latency,weave,2,priority_mix_high,256,1002,1829,1909
latency,weave,2,priority_mix_high,256,1003,1824,1904
latency,weave,2,priority_mix_normal,256,1004,12219,12309
latency,weave,2,priority_mix_normal,256,1005,8456,8536
latency,weave,2,priority_mix_normal,256,1006,8352,8432
latency,weave,2,priority_mix_normal,256,1007,7314,7394
latency,weave,2,priority_mix_normal,256,1008,7140,7230
latency,weave,2,priority_mix_normal,256,1009,6683,6753
latency,weave,2,priority_mix_normal,256,1010,6488,6568
latency,weave,2,priority_mix_normal,256,1011,6302,6382
latency,weave,2,priority_mix_normal,256,1012,5757,5837
latency,weave,2,priority_mix_normal,256,1013,5270,5360
latency,weave,2,priority_mix_low,256,1014,10275,10346
latency,weave,2,priority_mix_low,256,1015,10260,10330
latency,weave,2,priority_mix_low,256,1016,9604,9674
latency,weave,2,priority_mix_low,256,1017,9318,9388
latency,weave,2,priority_mix_low,256,1018,42981,43112
latency,weave,2,priority_mix_low,256,1019,76786,76906
latency,weave,2,priority_mix_low,256,1020,110960,111090
latency,weave,2,priority_mix_low,256,1021,144154,144284
latency,weave,2,priority_mix_low,256,1022,143902,143973
latency,weave,2,priority_mix_low,256,1023,143302,143382
latency,weave,2,priority_mix_high,256,1024,197234,197374
latency,weave,2,priority_mix_high,256,1025,11252,11322
latency,weave,2,priority_mix_high,256,1026,11192,11262
latency,weave,2,priority_mix_high,256,1027,10841,10921
latency,weave,2,priority_mix_high,256,1028,10781,10861
latency,weave,2,priority_mix_high,256,1029,10891,10972
latency,weave,2,priority_mix_high,256,1030,10721,10791
latency,weave,2,priority_mix_high,256,1031,10661,10741
latency,weave,2,priority_mix_high,256,1032,10580,10660
latency,weave,2,priority_mix_high,256,1033,10411,10491
latency,weave,2,priority_mix_high,256,1034,10350,10420
latency,weave,2,priority_mix_high,256,1035,10130,10210
latency,weave,2,priority_mix_high,256,1036,10069,10139
latency,weave,2,priority_mix_high,256,1037,10020,10090
latency,weave,2,priority_mix_high,256,1038,9809,9879
latency,weave,2,priority_mix_high,256,1039,9749,9819
latency,weave,2,priority_mix_high,256,1040,9699,9769
latency,weave,2,priority_mix_high,256,1041,9539,9609
latency,weave,2,priority_mix_high,256,1042,9458,9528
latency,weave,2,priority_mix_high,256,1043,9208,9288
latency,weave,2,priority_mix_high,256,1044,9118,9198
latency,weave,2,priority_mix_high,256,1045,9048,9128
latency,weave,2,priority_mix_normal,256,1046,187696,187766
latency,weave,2,priority_mix_normal,256,1047,17374,17444
latency,weave,2,priority_mix_normal,256,1048,17343,17414
latency,weave,2,priority_mix_normal,256,1049,16963,17033
latency,weave,2,priority_mix_normal,256,1050,16882,16953
latency,weave,2,priority_mix_normal,256,1051,16822,16892
latency,weave,2,priority_mix_normal,256,1052,16631,16712
latency,weave,2,priority_mix_normal,256,1053,16582,16652
latency,weave,2,priority_mix_normal,256,1054,16371,16452
latency,weave,2,priority_mix_normal,256,1055,16301,16381
latency,weave,2,priority_mix_normal,256,1056,16231,16302
latency,weave,2,priority_mix_normal,256,1057,16031,16101
latency,weave,2,priority_mix_normal,256,1058,15980,16051
latency,weave,2,priority_mix_normal,256,1059,15901,15971
latency,weave,2,priority_mix_normal,256,1060,15710,15781
latency,weave,2,priority_mix_normal,256,1061,15650,15720
latency,weave,2,priority_mix_normal,256,1062,15459,15530
latency,weave,2,priority_mix_normal,256,1063,15410,15490
latency,weave,2,priority_mix_normal,256,1064,15339,15410
latency,weave,2,priority_mix_normal,256,1065,15079,15159
latency,weave,2,priority_mix_normal,256,1066,14958,15029
latency,weave,2,priority_mix_normal,256,1067,14899,14969
latency,weave,2,priority_mix_low,256,1068,23785,23866
latency,weave,2,priority_mix_low,256,1069,23114,23184
latency,weave,2,priority_mix_low,256,1070,23034,23115
latency,weave,2,priority_mix_low,256,1071,22633,22713
latency,weave,2,priority_mix_low,256,1072,22553,22623
latency,weave,2,priority_mix_low,256,1073,22343,22423
latency,weave,2,priority_mix_low,256,1074,22393,22463
latency,weave,2,priority_mix_high,256,1075,853,923
latency,weave,2,priority_mix_normal,256,1076,902,982
latency,weave,2,priority_mix_high,256,1077,692,762
latency,weave,2,priority_mix_normal,256,1078,812,892
latency,weave,2,priority_mix_low,256,1079,24657,24738
latency,weave,2,priority_mix_high,256,1080,1132,1212
latency,weave,2,priority_mix_high,256,1081,281,361
latency,weave,2,priority_mix_normal,256,1082,1043,1143
latency,weave,2,priority_mix_high,256,1083,341,412
latency,weave,2,priority_mix_normal,256,1084,1273,1343
latency,weave,2,priority_mix_normal,256,1085,932,1002
latency,weave,2,priority_mix_high,256,1086,642,712
latency,weave,2,priority_mix_high,256,1087,291,361
latency,weave,2,priority_mix_normal,256,1088,1042,1112
latency,weave,2,priority_mix_high,256,1089,712,782
latency,weave,2,priority_mix_normal,256,1090,1413,1483
latency,weave,2,priority_mix_high,256,1091,702,772
latency,weave,2,priority_mix_high,256,1092,342,412
latency,weave,2,priority_mix_normal,256,1093,2224,2295
latency,weave,2,priority_mix_normal,256,1094,1734,1814
latency,weave,2,priority_mix_high,256,1095,952,1022
latency,weave,2,priority_mix_high,256,1096,431,511
latency,weave,2,priority_mix_normal,256,1097,2325,2405
latency,weave,2,priority_mix_high,256,1098,622,692
latency,weave,2,priority_mix_normal,256,1099,2074,2144
latency,weave,2,priority_mix_high,256,1100,712,782
latency,weave,2,priority_mix_high,256,1101,361,431
latency,weave,2,priority_mix_normal,256,1102,2916,2996
latency,weave,2,priority_mix_high,256,1103,542,622
latency,weave,2,priority_mix_normal,256,1104,2986,3057
latency,weave,2,priority_mix_high,256,1105,381,451
latency,weave,2,priority_mix_normal,256,1106,2996,3066
latency,weave,2,priority_mix_high,256,1107,622,692
latency,weave,2,priority_mix_normal,256,1108,3167,3267
latency,weave,2,priority_mix_high,256,1109,692,762
latency,weave,2,priority_mix_normal,256,1110,3176,3256
latency,weave,2,priority_mix_high,256,1111,621,691
latency,weave,2,priority_mix_high,256,1112,361,431
latency,weave,2,priority_mix_normal,256,1113,3547,3647
latency,weave,2,priority_mix_normal,256,1114,3247,3327
latency,weave,2,priority_mix_high,256,1115,601,691
latency,weave,2,priority_mix_normal,256,1116,3196,3266
latency,weave,2,priority_mix_high,256,1117,602,682
latency,weave,2,priority_mix_high,256,1118,331,401
latency,weave,2,priority_mix_normal,256,1119,3888,3958
latency,weave,2,priority_mix_high,256,1120,321,392
latency,weave,2,priority_mix_normal,256,1121,3928,4008
latency,weave,2,priority_mix_high,256,1122,832,902
latency,weave,2,priority_mix_normal,256,1123,3828,3908
latency,weave,2,priority_mix_high,256,1124,622,692
latency,weave,2,priority_mix_normal,256,1125,3788,3878
latency,weave,2,priority_mix_high,256,1126,691,762
latency,weave,2,priority_mix_normal,256,1127,4018,4098
latency,weave,2,priority_mix_high,256,1128,582,662
latency,weave,2,priority_mix_normal,256,1129,3938,4008
latency,weave,2,priority_mix_normal,256,1130,3667,3737
latency,weave,2,priority_mix_high,256,1131,311,381
latency,weave,2,priority_mix_high,256,1132,391,492
latency,weave,2,priority_mix_normal,256,1133,4088,4168
latency,weave,2,priority_mix_high,256,1134,522,592
latency,weave,2,priority_mix_normal,256,1135,3968,4038
latency,weave,2,priority_mix_normal,256,1136,3447,3517
latency,weave,2,priority_mix_high,256,1137,502,582
latency,weave,2,priority_mix_normal,256,1138,2976,3047
latency,weave,2,priority_mix_high,256,1139,541,611
latency,weave,2,priority_mix_normal,256,1140,3096,3176
latency,weave,2,priority_mix_high,256,1141,662,732
latency,weave,2,priority_mix_normal,256,1142,3327,3397
latency,weave,2,priority_mix_high,256,1143,611,692
latency,weave,2,priority_mix_high,256,1144,341,411
latency,weave,2,priority_mix_normal,256,1145,3697,3767
latency,weave,2,priority_mix_high,256,1146,341,411
latency,weave,2,priority_mix_normal,256,1147,3808,3888
latency,weave,2,priority_mix_high,256,1148,551,622
latency,weave,2,priority_mix_normal,256,1149,3767,3837
latency,weave,2,priority_mix_high,256,1150,491,561
latency,weave,2,priority_mix_normal,256,1151,3828,3898
latency,weave,2,priority_mix_high,256,1152,331,411
latency,weave,2,priority_mix_normal,256,1153,4058,4138
latency,weave,2,priority_mix_high,256,1154,521,591
latency,weave,2,priority_mix_normal,256,1155,3958,4038
latency,weave,2,priority_mix_high,256,1156,602,682
latency,weave,2,priority_mix_normal,256,1157,4068,4138
latency,weave,2,priority_mix_high,256,1158,602,692
latency,weave,2,priority_mix_high,256,1159,371,442
latency,weave,2,priority_mix_normal,256,1160,4549,4619
latency,weave,2,priority_mix_normal,256,1161,3918,4008
latency,weave,2,priority_mix_high,256,1162,632,712
latency,weave,2,priority_mix_high,256,1163,301,381
latency,weave,2,priority_mix_normal,256,1164,4389,4469
latency,weave,2,priority_mix_high,256,1165,492,562
latency,weave,2,priority_mix_normal,256,1166,4168,4249
latency,weave,2,priority_mix_normal,256,1167,3848,3918
latency,weave,2,priority_mix_high,256,1168,492,562
latency,weave,2,priority_mix_normal,256,1169,7444,7584
latency,weave,2,priority_mix_normal,256,1170,7534,7614
latency,weave,2,priority_mix_normal,256,1171,7384,7454
latency,weave,2,priority_mix_normal,256,1172,6944,7024
latency,weave,2,priority_mix_normal,256,1173,6172,6252
latency,weave,2,priority_mix_low,256,1174,67629,67709
latency,weave,2,priority_mix_low,256,1175,67598,67668
latency,weave,2,priority_mix_low,256,1176,67559,67629
latency,weave,2,priority_mix_low,256,1177,67358,67438
latency,weave,2,priority_mix_low,256,1178,67328,67408
latency,weave,2,priority_mix_low,256,1179,67147,67228
latency,weave,2,priority_mix_low,256,1180,67128,67198
latency,weave,2,priority_mix_low,256,1181,67088,67168
latency,weave,2,priority_mix_low,256,1182,66927,67007
latency,weave,2,priority_mix_low,256,1183,66887,66957
latency,weave,2,priority_mix_low,256,1184,66827,66907
latency,weave,2,priority_mix_low,256,1185,66587,66657
latency,weave,2,priority_mix_low,256,1186,66526,66596
latency,weave,2,priority_mix_low,256,1187,66316,66386
latency,weave,2,priority_mix_low,256,1188,49414,49484
latency,weave,2,priority_mix_low,256,1189,48663,48733
latency,weave,2,priority_mix_low,256,1190,47791,47862
latency,weave,2,priority_mix_low,256,1191,47440,47510
latency,weave,2,priority_mix_low,256,1192,47030,47100
latency,weave,2,priority_mix_low,256,1193,46368,46438
latency,weave,2,priority_mix_low,256,1194,46038,46118
latency,weave,2,priority_mix_low,256,1195,45456,45526
latency,weave,2,priority_mix_low,256,1196,45066,45136
latency,weave,2,priority_mix_low,256,1197,44635,44705
latency,weave,2,priority_mix_low,256,1198,43884,43964
latency,weave,2,priority_mix_low,256,1199,43402,43472
latency,weave,2,priority_mix_low,256,1200,43042,43122
latency,weave,2,priority_mix_low,256,1201,42481,42551
latency,weave,2,priority_mix_low,256,1202,42000,42070
latency,weave,2,priority_mix_low,256,1203,41258,41328
latency,weave,2,priority_mix_low,256,1204,40818,40888
latency,weave,2,priority_mix_low,256,1205,40437,40507
latency,weave,2,priority_mix_low,256,1206,39686,39766
latency,weave,2,priority_mix_low,256,1207,39345,39415
latency,weave,2,priority_mix_low,256,1208,38894,38964
latency,weave,2,priority_mix_low,256,1209,37962,38032
latency,weave,2,priority_mix_low,256,1210,37572,37642
latency,weave,2,priority_mix_low,256,1211,36860,36940
latency,weave,2,priority_mix_low,256,1212,36590,36660
latency,weave,2,priority_mix_low,256,1213,36139,36209
latency,weave,2,priority_mix_low,256,1214,35418,35488
latency,weave,2,priority_mix_low,256,1215,34986,35056
latency,weave,2,priority_mix_low,256,1216,34235,34305
latency,weave,2,priority_mix_low,256,1217,33313,33394
latency,weave,2,priority_mix_low,256,1218,33033,33103
latency,weave,2,priority_mix_low,256,1219,32482,32552
latency,weave,2,priority_mix_low,256,1220,31891,31971
latency,weave,2,priority_mix_low,256,1221,31581,31661
latency,weave,2,priority_mix_low,256,1222,30779,30849
latency,weave,2,priority_mix_low,256,1223,30378,30448
latency,weave,2,priority_mix_low,256,1224,29977,30047
latency,weave,2,priority_mix_low,256,1225,29306,29376
latency,weave,2,priority_mix_low,256,1226,28755,28825
latency,weave,2,priority_mix_low,256,1227,28004,28074
latency,weave,2,priority_mix_low,256,1228,27573,27653
latency,weave,2,priority_mix_low,256,1229,27042,27112
latency,weave,2,priority_mix_low,256,1230,26450,26530
latency,weave,2,priority_mix_low,256,1231,26080,26150
latency,weave,2,priority_mix_low,256,1232,25629,25699
latency,weave,2,priority_mix_low,256,1233,24998,25078
latency,weave,2,priority_mix_low,256,1234,24627,24697
latency,weave,2,priority_mix_low,256,1235,23896,24026
latency,weave,2,priority_mix_high,256,1236,30673,30803
latency,weave,2,priority_mix_low,256,1237,85342,85422
latency,weave,2,priority_mix_normal,256,1238,31814,31945
latency,weave,2,priority_mix_low,256,1239,656,736
latency,weave,2,priority_mix_high,256,1240,5646,5746
latency,weave,2,priority_mix_high,256,1241,3591,3662
latency,weave,2,priority_mix_high,256,1242,3591,3691
latency,weave,2,priority_mix_high,256,1243,3561,3641
latency,weave,2,priority_mix_high,256,1244,3692,3762
latency,weave,2,priority_mix_high,256,1245,27617,27757
latency,weave,2,priority_mix_high,256,1246,55169,55300
latency,weave,2,priority_mix_high,256,1247,94653,94784
latency,weave,2,priority_mix_high,256,1248,94804,94885
latency,weave,2,priority_mix_high,256,1249,94253,94333
latency,weave,2,priority_mix_high,256,1250,93682,93752
latency,weave,2,priority_mix_high,256,1251,92279,92359
latency,weave,2,priority_mix_high,256,1252,92079,92149
latency,weave,2,priority_mix_high,256,1253,91999,92069
latency,weave,2,priority_mix_normal,256,1254,99734,99804
latency,weave,2,priority_mix_normal,256,1255,99603,99673
latency,weave,2,priority_mix_normal,256,1256,99523,99603
latency,weave,2,priority_mix_normal,256,1257,99222,99292
latency,weave,2,priority_mix_normal,256,1258,99132,99212
latency,weave,2,priority_mix_normal,256,1259,99022,99092
latency,weave,2,priority_mix_normal,256,1260,98752,98822
latency,weave,2,priority_mix_normal,256,1261,98651,98731
latency,weave,2,priority_mix_normal,256,1262,98431,98501
latency,weave,2,priority_mix_normal,256,1263,97839,97910
latency,weave,2,priority_mix_normal,256,1264,97329,97399
latency,weave,2,priority_mix_normal,256,1265,96006,96076
latency,weave,2,priority_mix_normal,256,1266,95816,95896
latency,weave,2,priority_mix_low,256,1267,103069,103150
latency,weave,2,priority_mix_low,256,1268,102970,103040
latency,weave,2,priority_mix_low,256,1269,102879,102950
latency,weave,2,priority_mix_low,256,1270,102559,102639
latency,weave,2,priority_mix_low,256,1271,102488,102558
latency,weave,2,priority_mix_low,256,1272,102178,102248
latency,weave,2,priority_mix_low,256,1273,102097,102178
latency,weave,2,priority_mix_low,256,1274,102018,102098
latency,weave,2,priority_mix_low,256,1275,101667,101738
latency,weave,2,priority_mix_low,256,1276,101016,101086
latency,weave,2,priority_mix_low,256,1277,100544,100625
latency,weave,2,priority_mix_low,256,1278,99233,99313
latency,weave,2,priority_mix_low,256,1279,99152,99222
latency,weave,2,priority_mix_high,256,1280,56557,56698
latency,weave,2,priority_mix_normal,256,1281,26180,26260
latency,weave,2,priority_mix_low,256,1282,26676,26806
latency,weave,2,priority_mix_high,256,1283,36059,36199
latency,weave,2,priority_mix_high,256,1284,3107,3187
latency,weave,2,priority_mix_high,256,1285,3106,3206
latency,weave,2,priority_mix_high,256,1286,2826,2896
latency,weave,2,priority_mix_high,256,1287,2816,2896
latency,weave,2,priority_mix_high,256,1288,2234,2304
latency,weave,2,priority_mix_high,256,1289,1914,1994
latency,weave,2,priority_mix_high,256,1290,1583,1654
latency,weave,2,priority_mix_high,256,1291,1092,1172
latency,weave,2,priority_mix_normal,256,1292,23846,23916
latency,weave,2,priority_mix_normal,256,1293,6382,6452
latency,weave,2,priority_mix_normal,256,1294,5661,5741
latency,weave,2,priority_mix_normal,256,1295,5601,5671
latency,weave,2,priority_mix_normal,256,1296,5351,5431
latency,weave,2,priority_mix_normal,256,1297,4409,4479
latency,weave,2,priority_mix_normal,256,1298,4279,4359
latency,weave,2,priority_mix_normal,256,1299,3697,3767
latency,weave,2,priority_mix_normal,256,1300,3377,3447
latency,weave,2,priority_mix_low,256,1301,9268,9339
latency,weave,2,priority_mix_low,256,1302,8687,8757
latency,weave,2,priority_mix_low,256,1303,8025,8106
latency,weave,2,priority_mix_low,256,1304,7885,7965
latency,weave,2,priority_mix_low,256,1305,7434,7515
latency,weave,2,priority_mix_low,256,1306,6763,6833
latency,weave,2,priority_mix_low,256,1307,6452,6533
latency,weave,2,priority_mix_low,256,1308,5952,6022
latency,weave,2,priority_mix_high,256,1309,29417,29547
latency,weave,2,priority_mix_low,256,1310,48101,48181
latency,weave,2,priority_mix_normal,256,1311,25068,25198
latency,weave,2,priority_mix_low,256,1312,28901,29041
latency,weave,2,priority_mix_high,256,1313,53196,53336
latency,weave,2,priority_mix_normal,256,1314,24632,24762
latency,weave,2,priority_mix_low,256,1315,26516,26646
latency,weave,2,priority_mix_high,256,1316,29872,30002
latency,weave,2,priority_mix_normal,256,1317,24782,24913
latency,weave,2,priority_mix_low,256,1318,24983,25103
latency,weave,2,priority_mix_high,256,1319,25054,25174
latency,weave,2,priority_mix_normal,256,1320,25444,25574
latency,weave,2,priority_mix_low,256,1321,30959,31099
latency,weave,2,priority_mix_high,256,1322,26371,26511
latency,weave,2,priority_mix_normal,256,1323,25058,25188
latency,weave,2,priority_mix_low,256,1324,24928,25058
latency,weave,2,priority_mix_high,256,1325,27222,27362
latency,weave,2,priority_mix_high,256,1326,5376,5516
latency,weave,2,priority_mix_high,256,1327,6017,6087
latency,weave,2,priority_mix_high,256,1328,6258,6338
latency,weave,2,priority_mix_high,256,1329,6137,6208
latency,weave,2,priority_mix_high,256,1330,6267,6347
latency,weave,2,priority_mix_high,256,1331,6268,6348
latency,weave,2,priority_mix_high,256,1332,6238,6308
latency,weave,2,priority_mix_high,256,1333,6257,6328
latency,weave,2,priority_mix_high,256,1334,6378,6448
latency,weave,2,priority_mix_high,256,1335,6488,6568
latency,weave,2,priority_mix_high,256,1336,6578,6678
latency,weave,2,priority_mix_high,256,1337,5847,5927
latency,weave,2,priority_mix_high,256,1338,5887,5967
latency,weave,2,priority_mix_high,256,1339,5817,5887
latency,weave,2,priority_mix_high,256,1340,5406,5476
latency,weave,2,priority_mix_high,256,1341,4855,4925
latency,weave,2,priority_mix_high,256,1342,4665,4735
latency,weave,2,priority_mix_high,256,1343,4395,4475
latency,weave,2,priority_mix_high,256,1344,4183,4264
latency,weave,2,priority_mix_high,256,1345,3843,3923
latency,weave,2,priority_mix_high,256,1346,3111,3191
latency,weave,2,priority_mix_high,256,1347,2871,2941
latency,weave,2,priority_mix_high,256,1348,1960,2030
latency,weave,2,priority_mix_high,256,1349,1839,1910
latency,weave,2,priority_mix_high,256,1350,1729,1799
latency,weave,2,priority_mix_high,256,1351,1288,1358
latency,weave,2,priority_mix_high,256,1352,958,1028
latency,weave,2,priority_mix_normal,256,1353,51904,51975
latency,weave,2,priority_mix_high,256,1354,517,607
latency,weave,2,priority_mix_normal,256,1355,17970,18040
latency,weave,2,priority_mix_high,256,1356,647,727
latency,weave,2,priority_mix_high,256,1357,337,407
latency,weave,2,priority_mix_normal,256,1358,18911,18981
latency,weave,2,priority_mix_normal,256,1359,18972,19042
latency,weave,2,priority_mix_high,256,1360,497,577
latency,weave,2,priority_mix_normal,256,1361,19283,19363
latency,weave,2,priority_mix_high,256,1362,576,657
latency,weave,2,priority_mix_normal,256,1363,19733,19803
latency,weave,2,priority_mix_high,256,1364,697,777
latency,weave,2,priority_mix_normal,256,1365,20304,20374
latency,weave,2,priority_mix_high,256,1366,587,667
latency,weave,2,priority_mix_high,256,1367,427,497
latency,weave,2,priority_mix_normal,256,1368,21246,21317
latency,weave,2,priority_mix_high,256,1369,306,386
latency,weave,2,priority_mix_normal,256,1370,21707,21777
latency,weave,2,priority_mix_high,256,1371,327,407
latency,weave,2,priority_mix_normal,256,1372,22178,22248
latency,weave,2,priority_mix_high,256,1373,516,607
latency,weave,2,priority_mix_normal,256,1374,22589,22669
latency,weave,2,priority_mix_high,256,1375,357,437
latency,weave,2,priority_mix_normal,256,1376,23120,23220
latency,weave,2,priority_mix_high,256,1377,586,657
latency,weave,2,priority_mix_normal,256,1378,22809,22879
latency,weave,2,priority_mix_high,256,1379,687,757
latency,weave,2,priority_mix_normal,256,1380,23380,23450
latency,weave,2,priority_mix_normal,256,1381,23855,23996
latency,weave,2,priority_mix_high,256,1382,688,788
latency,weave,2,priority_mix_high,256,1383,457,527
latency,weave,2,priority_mix_normal,256,1384,24076,24156
latency,weave,2,priority_mix_normal,256,1385,23555,23635
latency,weave,2,priority_mix_normal,256,1386,23084,23154
latency,weave,2,priority_mix_normal,256,1387,22713,22794
latency,weave,2,priority_mix_normal,256,1388,22283,22353
latency,weave,2,priority_mix_normal,256,1389,21571,21652
latency,weave,2,priority_mix_normal,256,1390,20870,20940
latency,weave,2,priority_mix_normal,256,1391,20510,20580
latency,weave,2,priority_mix_normal,256,1392,19457,19527
latency,weave,2,priority_mix_normal,256,1393,19287,19357
latency,weave,2,priority_mix_normal,256,1394,18896,18966
latency,weave,2,priority_mix_normal,256,1395,18311,18381
latency,weave,2,priority_mix_normal,256,1396,17694,17774
latency,weave,2,priority_mix_normal,256,1397,16717,16797
latency,weave,2,priority_mix_normal,256,1398,16171,16251
latency,weave,2,priority_mix_normal,256,1399,15635,15715
latency,weave,2,priority_mix_normal,256,1400,14788,14888
latency,weave,2,priority_mix_normal,256,1401,14103,14183
latency,weave,2,priority_mix_normal,256,1402,13406,13516
latency,weave,2,priority_mix_normal,256,1403,12790,12860
latency,weave,2,priority_mix_normal,256,1404,12363,12444
latency,weave,2,priority_mix_normal,256,1405,11588,11668
latency,weave,2,priority_mix_normal,256,1406,11041,11121
latency,weave,2,priority_mix_normal,256,1407,10456,10526
latency,weave,2,priority_mix_normal,256,1408,9759,9829
latency,weave,2,priority_mix_normal,256,1409,9213,9283
latency,weave,2,priority_mix_normal,256,1410,8797,8887
latency,weave,2,priority_mix_normal,256,1411,7710,7791
latency,weave,2,priority_mix_normal,256,1412,7434,7514
latency,weave,2,priority_mix_low,256,1413,38409,38499
latency,weave,2,priority_mix_high,256,1414,792,872
latency,weave,2,priority_mix_low,256,1415,38028,38108
latency,weave,2,priority_mix_normal,256,1416,913,983
latency,weave,2,priority_mix_low,256,1417,38378,38469
latency,weave,2,priority_mix_high,256,1418,492,562
latency,weave,2,priority_mix_normal,256,1419,457,527
latency,weave,2,priority_mix_low,256,1420,38944,39014
latency,weave,2,priority_mix_low,256,1421,38829,38899
latency,weave,2,priority_mix_low,256,1422,38664,38744
latency,weave,2,priority_mix_high,256,1423,717,797
latency,weave,2,priority_mix_low,256,1424,38604,38684
latency,weave,2,priority_mix_low,256,1425,38528,38609
latency,weave,2,priority_mix_low,256,1426,38433,38514
latency,weave,2,priority_mix_normal,256,1427,1077,1178
latency,weave,2,priority_mix_low,256,1428,38584,38654
latency,weave,2,priority_mix_low,256,1429,38538,38609
latency,weave,2,priority_mix_high,256,1430,402,482
latency,weave,2,priority_mix_normal,256,1431,581,651
latency,weave,2,priority_mix_low,256,1432,39000,39090
latency,weave,2,priority_mix_low,256,1433,38253,38333
latency,weave,2,priority_mix_high,256,1434,637,707
latency,weave,2,priority_mix_low,256,1435,38413,38483
latency,weave,2,priority_mix_normal,256,1436,657,737
latency,weave,2,priority_mix_low,256,1437,38273,38343
latency,weave,2,priority_mix_low,256,1438,37447,37527
latency,weave,2,priority_mix_low,256,1439,37030,37110
latency,weave,2,priority_mix_low,256,1440,36525,36595
latency,weave,2,priority_mix_high,256,1441,1358,1428
latency,weave,2,priority_mix_normal,256,1442,627,727
latency,weave,2,priority_mix_low,256,1443,37031,37101
latency,weave,2,priority_mix_high,256,1444,732,802
latency,weave,2,priority_mix_low,256,1445,37090,37161
latency,weave,2,priority_mix_low,256,1446,36189,36269
latency,weave,2,priority_mix_low,256,1447,35698,35778
latency,weave,2,priority_mix_low,256,1448,34451,34531
latency,weave,2,priority_mix_low,256,1449,34295,34376
latency,weave,2,priority_mix_normal,256,1450,2094,2174
latency,weave,2,priority_mix_low,256,1451,34346,34426
latency,weave,2,priority_mix_low,256,1452,33935,34015
latency,weave,2,priority_mix_low,256,1453,33424,33504
latency,weave,2,priority_mix_low,256,1454,32943,33013
latency,weave,2,priority_mix_low,256,1455,32082,32152
latency,weave,2,priority_mix_low,256,1456,31800,31870
latency,weave,2,priority_mix_high,256,1457,611,681
latency,weave,2,priority_mix_normal,256,1458,752,832
latency,weave,2,priority_mix_low,256,1459,31685,31756
latency,weave,2,priority_mix_low,256,1460,31230,31300
latency,weave,2,priority_mix_high,256,1461,20229,20359
latency,weave,2,priority_mix_high,256,1462,32377,32507
latency,weave,2,priority_mix_high,256,1463,53642,53772
latency,weave,2,priority_mix_high,256,1464,86103,86234
latency,weave,2,priority_mix_high,256,1465,120188,120318
latency,weave,2,priority_mix_high,256,1466,153792,153912
latency,weave,2,priority_mix_high,256,1467,153712,153792
latency,weave,2,priority_mix_high,256,1468,153621,153701
latency,weave,2,priority_mix_high,256,1469,153321,153401
latency,weave,2,priority_mix_high,256,1470,153240,153320
latency,weave,2,priority_mix_high,256,1471,153151,153231
latency,weave,2,priority_mix_high,256,1472,152900,152970
latency,weave,2,priority_mix_high,256,1473,152840,152910
latency,weave,2,priority_mix_high,256,1474,152769,152849
latency,weave,2,priority_mix_high,256,1475,152469,152549
latency,weave,2,priority_mix_high,256,1476,152419,152499
latency,weave,2,priority_mix_high,256,1477,152209,152279
latency,weave,2,priority_mix_high,256,1478,152128,152208
latency,weave,2,priority_mix_high,256,1479,152049,152119
latency,weave,2,priority_mix_normal,256,1480,160223,160294
latency,weave,2,priority_mix_normal,256,1481,159563,159643
latency,weave,2,priority_mix_normal,256,1482,159462,159533
latency,weave,2,priority_mix_normal,256,1483,159102,159182
latency,weave,2,priority_mix_normal,256,1484,159011,159081
latency,weave,2,priority_mix_normal,256,1485,158851,158921
latency,weave,2,priority_mix_normal,256,1486,158801,158881
latency,weave,2,priority_mix_normal,256,1487,158731,158801
latency,weave,2,priority_mix_normal,256,1488,158470,158541
latency,weave,2,priority_mix_normal,256,1489,158887,159017
latency,weave,2,priority_mix_normal,256,1490,158430,158500
latency,weave,2,priority_mix_normal,256,1491,158255,158355
latency,weave,2,priority_mix_normal,256,1492,158010,158080
latency,weave,2,priority_mix_normal,256,1493,158656,158737
latency,weave,2,priority_mix_normal,256,1494,158390,158460
latency,weave,2,priority_mix_normal,256,1495,158415,158485
latency,weave,2,priority_mix_normal,256,1496,158040,158120
latency,weave,2,priority_mix_normal,256,1497,157985,158055
latency,weave,2,priority_mix_low,256,1498,196733,196813
latency,weave,2,priority_mix_low,256,1499,196047,196148
latency,weave,2,priority_mix_low,256,1500,195540,195610
latency,weave,2,priority_mix_low,256,1501,195286,195356
latency,weave,2,priority_mix_low,256,1502,194478,194549
latency,weave,2,priority_mix_low,256,1503,194033,194123
latency,weave,2,priority_mix_low,256,1504,193206,193286
latency,weave,2,priority_mix_low,256,1505,192751,192821
latency,weave,2,priority_mix_low,256,1506,192195,192275
latency,weave,2,priority_mix_low,256,1507,191554,191624
latency,weave,2,priority_mix_low,256,1508,190576,190656
latency,weave,2,priority_mix_low,256,1509,183758,183828
latency,weave,2,priority_mix_low,256,1510,181950,182020
latency,weave,2,priority_mix_low,256,1511,182055,182125
latency,weave,2,priority_mix_low,256,1512,180217,180297
latency,weave,2,priority_mix_low,256,1513,179229,179309
latency,weave,2,priority_mix_low,256,1514,178173,178243
latency,weave,2,priority_mix_low,256,1515,176584,176664
latency,weave,2,priority_mix_low,256,1516,172913,172984
latency,weave,2,priority_mix_low,256,1517,172738,172818
latency,weave,2,priority_mix_low,256,1518,171180,171250
latency,weave,2,priority_mix_low,256,1519,171154,171234
latency,weave,2,priority_mix_low,256,1520,170979,171059
latency,weave,2,priority_mix_low,256,1521,170965,171035
latency,weave,2,priority_mix_low,256,1522,170879,170960
latency,weave,2,priority_mix_low,256,1523,170563,170634
latency,weave,2,priority_mix_low,256,1524,170478,170548
latency,weave,2,priority_mix_low,256,1525,170454,170524
latency,weave,2,priority_mix_low,256,1526,170418,170498
latency,weave,2,priority_mix_low,256,1527,170383,170453
latency,weave,2,priority_mix_low,256,1528,170078,170148
latency,weave,2,priority_mix_low,256,1529,170082,170162
latency,weave,2,priority_mix_low,256,1530,169978,170048
latency,weave,2,priority_mix_low,256,1531,169602,169672
latency,weave,2,priority_mix_low,256,1532,169627,169707
latency,weave,2,priority_mix_low,256,1533,169611,169691
latency,weave,2,priority_mix_low,256,1534,169466,169536
latency,weave,2,priority_mix_low,256,1535,169482,169552
latency,weave,2,priority_mix_high,256,1536,45777,45917
latency,weave,2,priority_mix_normal,256,1537,29046,29116
latency,weave,2,priority_mix_high,256,1538,9885,10025
latency,weave,2,priority_mix_high,256,1539,10025,10105
latency,weave,2,priority_mix_high,256,1540,9714,9794
latency,weave,2,priority_mix_high,256,1541,9864,9934
latency,weave,2,priority_mix_high,256,1542,9874,9944
latency,weave,2,priority_mix_high,256,1543,9603,9674
latency,weave,2,priority_mix_high,256,1544,9524,9594
latency,weave,2,priority_mix_high,256,1545,9504,9574
latency,weave,2,priority_mix_high,256,1546,9293,9373
latency,weave,2,priority_mix_high,256,1547,9214,9284
latency,weave,2,priority_mix_high,256,1548,9023,9093
latency,weave,2,priority_mix_high,256,1549,8973,9053
latency,weave,2,priority_mix_high,256,1550,8913,8993
latency,weave,2,priority_mix_high,256,1551,8743,8823
latency,weave,2,priority_mix_high,256,1552,8682,8752
latency,weave,2,priority_mix_high,256,1553,8643,8713
latency,weave,2,priority_mix_high,256,1554,8492,8572
latency,weave,2,priority_mix_high,256,1555,8442,8512
latency,weave,2,priority_mix_high,256,1556,8281,8361
latency,weave,2,priority_mix_high,256,1557,8202,8282
latency,weave,2,priority_mix_high,256,1558,8151,8231
latency,weave,2,priority_mix_normal,256,1559,16086,16166
latency,weave,2,priority_mix_normal,256,1560,16006,16086
latency,weave,2,priority_mix_normal,256,1561,15636,15716
latency,weave,2,priority_mix_normal,256,1562,15565,15645
latency,weave,2,priority_mix_normal,256,1563,15485,15565
latency,weave,2,priority_mix_normal,256,1564,15244,15324
latency,weave,2,priority_mix_normal,256,1565,15175,15245
latency,weave,2,priority_mix_normal,256,1566,14964,15045
latency,weave,2,priority_mix_normal,256,1567,14904,14984
latency,weave,2,priority_mix_normal,256,1568,14823,14894
latency,weave,2,priority_mix_normal,256,1569,14634,14704
latency,weave,2,priority_mix_normal,256,1570,14593,14664
latency,weave,2,priority_mix_normal,256,1571,14513,14593
latency,weave,2,priority_mix_normal,256,1572,14363,14434
latency,weave,2,priority_mix_normal,256,1573,14303,14383
latency,weave,2,priority_mix_normal,256,1574,14132,14213
latency,weave,2,priority_mix_normal,256,1575,14083,14163
latency,weave,2,priority_mix_normal,256,1576,14032,14113
latency,weave,2,priority_mix_normal,256,1577,13862,13942
latency,weave,2,priority_mix_normal,256,1578,13801,13872
latency,weave,2,priority_mix_normal,256,1579,13712,13782
latency,weave,2,priority_mix_low,256,1580,326443,326514
latency,weave,2,priority_mix_low,256,1581,21857,21937
latency,weave,2,priority_mix_low,256,1582,21787,21858
latency,weave,2,priority_mix_low,256,1583,21436,21506
latency,weave,2,priority_mix_low,256,1584,21366,21447
latency,weave,2,priority_mix_low,256,1585,21096,21176
latency,weave,2,priority_mix_low,256,1586,21036,21106
latency,weave,2,priority_mix_low,256,1587,20945,21025
latency,weave,2,priority_mix_low,256,1588,20725,20806
latency,weave,2,priority_mix_low,256,1589,20645,20725
latency,weave,2,priority_mix_low,256,1590,20564,20635
latency,weave,2,priority_mix_low,256,1591,20354,20434
latency,weave,2,priority_mix_low,256,1592,20284,20355
latency,weave,2,priority_mix_low,256,1593,20114,20194
latency,weave,2,priority_mix_low,256,1594,20083,20184
latency,weave,2,priority_mix_low,256,1595,20194,20284
latency,weave,2,priority_mix_high,256,1596,527,607
latency,weave,2,priority_mix_normal,256,1597,757,837
latency,weave,2,priority_mix_high,256,1598,597,667
latency,weave,2,priority_mix_normal,256,1599,758,838
latency,weave,2,priority_mix_low,256,1600,21947,22018
latency,weave,2,priority_mix_high,256,1601,897,977
latency,weave,2,priority_mix_high,256,1602,366,436
latency,weave,2,priority_mix_normal,256,1603,1258,1328
latency,weave,2,priority_mix_high,256,1604,637,707
latency,weave,2,priority_mix_normal,256,1605,1489,1569
latency,weave,2,priority_mix_high,256,1606,656,727
latency,weave,2,priority_mix_normal,256,1607,1649,1719
latency,weave,2,priority_mix_high,256,1608,697,767
latency,weave,2,priority_mix_high,256,1609,316,396
latency,weave,2,priority_mix_normal,256,1610,2010,2090
latency,weave,2,priority_mix_normal,256,1611,1568,1638
latency,weave,2,priority_mix_high,256,1612,537,607
latency,weave,2,priority_mix_normal,256,1613,1689,1759
latency,weave,2,priority_mix_high,256,1614,597,677
latency,weave,2,priority_mix_normal,256,1615,1468,1538
latency,weave,2,priority_mix_high,256,1616,677,757
latency,weave,2,priority_mix_normal,256,1617,1599,1669
latency,weave,2,priority_mix_high,256,1618,657,727
latency,weave,2,priority_mix_high,256,1619,347,417
latency,weave,2,priority_mix_normal,256,1620,1929,2000
latency,weave,2,priority_mix_normal,256,1621,1639,1709
latency,weave,2,priority_mix_normal,256,1622,1228,1298
latency,weave,2,priority_mix_high,256,1623,507,577
latency,weave,2,priority_mix_normal,256,1624,3157,3287
latency,weave,2,priority_mix_low,256,1625,35207,35277
latency,weave,2,priority_mix_low,256,1626,35247,35318
latency,weave,2,priority_mix_low,256,1627,35097,35177
latency,weave,2,priority_mix_low,256,1628,35057,35137
latency,weave,2,priority_mix_low,256,1629,17644,17714
latency,weave,2,priority_mix_low,256,1630,16732,16802
latency,weave,2,priority_mix_low,256,1631,16101,16181
latency,weave,2,priority_mix_low,256,1632,15440,15520
latency,weave,2,priority_mix_low,256,1633,14989,15059
latency,weave,2,priority_mix_low,256,1634,14608,14678
latency,weave,2,priority_mix_low,256,1635,14007,14077
latency,weave,2,priority_mix_low,256,1636,13406,13476
latency,weave,2,priority_mix_low,256,1637,12654,12724
latency,weave,2,priority_mix_low,256,1638,12134,12214
latency,weave,2,priority_mix_low,256,1639,11772,11843
latency,weave,2,priority_mix_low,256,1640,11021,11091
latency,weave,2,priority_mix_low,256,1641,10600,10681
latency,weave,2,priority_mix_low,256,1642,10160,10230
latency,weave,2,priority_mix_high,256,1643,27862,28003
latency,weave,2,priority_mix_low,256,1644,76475,76545
latency,weave,2,priority_mix_normal,256,1645,24291,24421
latency,weave,2,priority_mix_low,256,1646,22087,22217
latency,weave,2,priority_mix_high,256,1647,22458,22588
latency,weave,2,priority_mix_normal,256,1648,23821,23951
latency,weave,2,priority_mix_low,256,1649,24322,24452
latency,weave,2,priority_mix_high,256,1650,22478,22608
latency,weave,2,priority_mix_normal,256,1651,24557,24687
latency,weave,2,priority_mix_high,256,1652,4358,4488
latency,weave,2,priority_mix_normal,256,1653,4879,4949
latency,weave,2,priority_mix_low,256,1654,22943,23023
latency,weave,2,priority_mix_high,256,1655,5560,5630
latency,weave,2,priority_mix_normal,256,1656,1017,1147
latency,weave,2,priority_mix_low,256,1657,6492,6572
latency,weave,2,priority_mix_high,256,1658,911,991
latency,weave,2,priority_mix_normal,256,1659,1108,1178
latency,weave,2,priority_mix_high,256,1660,952,1032
latency,weave,2,priority_mix_low,256,1661,2931,3011
latency,weave,2,priority_mix_low,256,1662,1823,1923
latency,weave,2,priority_mix_normal,256,1663,1117,1187
latency,weave,2,priority_mix_low,256,1664,2960,3031
latency,weave,2,priority_mix_high,256,1665,927,1007
latency,weave,2,priority_mix_high,256,1666,867,937
latency,weave,2,priority_mix_high,256,1667,346,426
latency,weave,2,priority_mix_normal,256,1668,1999,2080
latency,weave,2,priority_mix_normal,256,1669,1929,1999
latency,weave,2,priority_mix_normal,256,1670,1052,1132
latency,weave,2,priority_mix_high,256,1671,616,686
latency,weave,2,priority_mix_normal,256,1672,491,571
latency,weave,2,priority_mix_low,256,1673,3371,3441
latency,weave,2,priority_mix_high,256,1674,560,630
latency,weave,2,priority_mix_low,256,1675,3282,3352
latency,weave,2,priority_mix_low,256,1676,2224,2294
latency,weave,2,priority_mix_normal,256,1677,887,957
latency,weave,2,priority_mix_low,256,1678,1903,1973
latency,weave,2,priority_mix_low,256,1679,596,666
latency,weave,2,priority_mix_high,256,1680,3182,3252
latency,weave,2,priority_mix_normal,256,1681,676,756
latency,weave,2,priority_mix_high,256,1682,597,667
latency,weave,2,priority_mix_high,256,1683,376,447
latency,weave,2,priority_mix_normal,256,1684,1297,1377
latency,weave,2,priority_mix_normal,256,1685,1037,1107
latency,weave,2,priority_mix_high,256,1686,471,541
latency,weave,2,priority_mix_normal,256,1687,436,516
latency,weave,2,priority_mix_low,256,1688,3215,3306
latency,weave,2,priority_mix_high,256,1689,1332,1433
latency,weave,2,priority_mix_normal,256,1690,787,867
latency,weave,2,priority_mix_high,256,1691,650,761
latency,weave,2,priority_mix_low,256,1692,4264,4334
latency,weave,2,priority_mix_low,256,1693,4038,4108
latency,weave,2,priority_mix_low,256,1694,3181,3251
latency,weave,2,priority_mix_low,256,1695,1863,1953
latency,weave,2,priority_mix_normal,256,1696,1538,1608
latency,weave,2,priority_mix_low,256,1697,761,841
latency,weave,2,priority_mix_high,256,1698,811,911
latency,weave,2,priority_mix_normal,256,1699,2304,2384
latency,weave,2,priority_mix_low,256,1700,561,631
latency,weave,2,priority_mix_high,256,1701,610,690
latency,weave,2,priority_mix_normal,256,1702,1242,1322
latency,weave,2,priority_mix_low,256,1703,607,677
latency,weave,2,priority_mix_high,256,1704,1037,1107
latency,weave,2,priority_mix_normal,256,1705,536,606
latency,weave,2,priority_mix_low,256,1706,687,757
latency,weave,2,priority_mix_high,256,1707,827,927
latency,weave,2,priority_mix_high,256,1708,306,377
latency,weave,2,priority_mix_normal,256,1709,1097,1177
latency,weave,2,priority_mix_normal,256,1710,711,791
latency,weave,2,priority_mix_low,256,1711,1288,1368
latency,weave,2,priority_mix_low,256,1712,1032,1102
latency,weave,2,priority_mix_high,256,1713,851,931
latency,weave,2,priority_mix_normal,256,1714,1813,1883
latency,weave,2,priority_mix_low,256,1715,541,611
latency,weave,2,priority_mix_high,256,1716,610,691
latency,weave,2,priority_mix_normal,256,1717,761,831
latency,weave,2,priority_mix_high,256,1718,446,516
latency,weave,2,priority_mix_low,256,1719,1092,1172
latency,weave,2,priority_mix_normal,256,1720,727,807
latency,weave,2,priority_mix_low,256,1721,707,777
latency,weave,2,priority_mix_high,256,1722,1819,1899
latency,weave,2,priority_mix_normal,256,1723,557,637
latency,weave,2,priority_mix_high,256,1724,336,416
latency,weave,2,priority_mix_normal,256,1725,586,657
latency,weave,2,priority_mix_low,256,1726,1508,1588
latency,weave,2,priority_mix_high,256,1727,947,1017
latency,weave,2,priority_mix_high,256,1728,436,516
latency,weave,2,priority_mix_normal,256,1729,1248,1328
latency,weave,2,priority_mix_normal,256,1730,651,741
latency,weave,2,priority_mix_low,256,1731,2450,2521
latency,weave,2,priority_mix_high,256,1732,480,560
latency,weave,2,priority_mix_low,256,1733,2039,2120
latency,weave,2,priority_mix_normal,256,1734,731,811
latency,weave,2,priority_mix_low,256,1735,1608,1678
latency,weave,2,priority_mix_high,256,1736,28433,28564
latency,weave,2,priority_mix_low,256,1737,96303,96373
latency,weave,2,priority_mix_normal,256,1738,32571,32701
latency,weave,2,priority_mix_high,256,1739,3346,3416
latency,weave,2,priority_mix_high,256,1740,3486,3556
latency,weave,2,priority_mix_high,256,1741,3266,3346
latency,weave,2,priority_mix_high,256,1742,3256,3326
latency,weave,2,priority_mix_high,256,1743,3397,3477
latency,weave,2,priority_mix_high,256,1744,3407,3487
latency,weave,2,priority_mix_high,256,1745,3476,3557
latency,weave,2,priority_mix_high,256,1746,3436,3516
latency,weave,2,priority_mix_high,256,1747,2995,3075
latency,weave,2,priority_mix_high,256,1748,2755,2825
latency,weave,2,priority_mix_high,256,1749,3286,3416
latency,weave,2,priority_mix_high,256,1750,3316,3386
latency,weave,2,priority_mix_high,256,1751,3045,3115
latency,weave,2,priority_mix_high,256,1752,2234,2304
latency,weave,2,priority_mix_high,256,1753,2093,2174
latency,weave,2,priority_mix_high,256,1754,1533,1613
latency,weave,2,priority_mix_normal,256,1755,11221,11301
latency,weave,2,priority_mix_normal,256,1756,11071,11171
latency,weave,2,priority_mix_normal,256,1757,10600,10680
latency,weave,2,priority_mix_high,256,1758,1643,1743
latency,weave,2,priority_mix_normal,256,1759,11031,11131
latency,weave,2,priority_mix_normal,256,1760,10910,10990
latency,weave,2,priority_mix_normal,256,1761,10840,10910
latency,weave,2,priority_mix_normal,256,1762,10790,10870
latency,weave,2,priority_mix_normal,256,1763,10329,10399
latency,weave,2,priority_mix_normal,256,1764,9648,9728
latency,weave,2,priority_mix_normal,256,1765,9287,9357
latency,weave,2,priority_mix_normal,256,1766,8696,8766
latency,weave,2,priority_mix_normal,256,1767,8265,8335
latency,weave,2,priority_mix_normal,256,1768,6792,6872
latency,weave,2,priority_mix_normal,256,1769,6703,6783
latency,weave,2,priority_mix_normal,256,1770,6432,6502
latency,weave,2,priority_mix_normal,256,1771,5811,5891
latency,weave,2,priority_mix_normal,256,1772,3837,3907
latency,weave,2,priority_mix_low,256,1773,17342,17422
latency,weave,2,priority_mix_low,256,1774,15919,15990
latency,weave,2,priority_mix_low,256,1775,15499,15589
latency,weave,2,priority_mix_low,256,1776,15258,15338
latency,weave,2,priority_mix_low,256,1777,15179,15259
latency,weave,2,priority_mix_low,256,1778,15008,15109
latency,weave,2,priority_mix_high,256,1779,480,550
latency,weave,2,priority_mix_low,256,1780,15349,15429
latency,weave,2,priority_mix_low,256,1781,15309,15389
latency,weave,2,priority_mix_low,256,1782,14648,14718
latency,weave,2,priority_mix_low,256,1783,14697,14797
latency,weave,2,priority_mix_low,256,1784,13857,13937
latency,weave,2,priority_mix_low,256,1785,13495,13565
latency,weave,2,priority_mix_low,256,1786,12994,13065
latency,weave,2,priority_mix_low,256,1787,11622,11692
latency,weave,2,priority_mix_low,256,1788,11381,11461
latency,weave,2,priority_mix_low,256,1789,11251,11351
latency,weave,2,priority_mix_low,256,1790,10129,10199
latency,weave,2,priority_mix_low,256,1791,8385,8465
latency,weave,2,priority_mix_high,256,1792,46628,46768
latency,weave,2,priority_mix_normal,256,1793,32100,32171
latency,weave,2,priority_mix_high,256,1794,2424,2505
latency,weave,2,priority_mix_high,256,1795,2424,2494
latency,weave,2,priority_mix_high,256,1796,2114,2194
latency,weave,2,priority_mix_high,256,1797,2254,2324
latency,weave,2,priority_mix_high,256,1798,2304,2374
latency,weave,2,priority_mix_high,256,1799,2193,2263
latency,weave,2,priority_mix_high,256,1800,1953,2023
latency,weave,2,priority_mix_high,256,1801,1773,1853
latency,weave,2,priority_mix_high,256,1802,1513,1613
latency,weave,2,priority_mix_high,256,1803,1362,1432
latency,weave,2,priority_mix_high,256,1804,801,872
latency,weave,2,priority_mix_high,256,1805,520,590
latency,weave,2,priority_mix_high,256,1806,330,400
latency,weave,2,priority_mix_normal,256,1807,7764,7834
latency,weave,2,priority_mix_high,256,1808,361,431
latency,weave,2,priority_mix_high,256,1809,500,580
latency,weave,2,priority_mix_normal,256,1810,9027,9107
latency,weave,2,priority_mix_normal,256,1811,8926,8996
latency,weave,2,priority_mix_high,256,1812,1092,1162
latency,weave,2,priority_mix_normal,256,1813,9428,9498
latency,weave,2,priority_mix_normal,256,1814,11812,11952
latency,weave,2,priority_mix_normal,256,1815,12253,12333
latency,weave,2,priority_mix_normal,256,1816,11743,11813
latency,weave,2,priority_mix_high,256,1817,5169,5240
latency,weave,2,priority_mix_normal,256,1818,12253,12323
latency,weave,2,priority_mix_normal,256,1819,11872,11942
latency,weave,2,priority_mix_normal,256,1820,11602,11672
latency,weave,2,priority_mix_normal,256,1821,10830,10911
latency,weave,2,priority_mix_normal,256,1822,10490,10570
latency,weave,2,priority_mix_normal,256,1823,10219,10300
latency,weave,2,priority_mix_normal,256,1824,9548,9628
latency,weave,2,priority_mix_normal,256,1825,9288,9368
latency,weave,2,priority_mix_normal,256,1826,8345,8426
latency,weave,2,priority_mix_low,256,1827,20178,20258
latency,weave,2,priority_mix_low,256,1828,18906,18976
latency,weave,2,priority_mix_low,256,1829,18805,18875
latency,weave,2,priority_mix_low,256,1830,18415,18495
latency,weave,2,priority_mix_low,256,1831,18355,18425
latency,weave,2,priority_mix_low,256,1832,18145,18225
latency,weave,2,priority_mix_low,256,1833,17904,17984
latency,weave,2,priority_mix_low,256,1834,17413,17493
latency,weave,2,priority_mix_low,256,1835,16962,17042
latency,weave,2,priority_mix_low,256,1836,16642,16712
latency,weave,2,priority_mix_low,256,1837,16240,16310
latency,weave,2,priority_mix_low,256,1838,15540,15620
latency,weave,2,priority_mix_low,256,1839,15279,15349
latency,weave,2,priority_mix_low,256,1840,14698,14768
latency,weave,2,priority_mix_low,256,1841,14217,14297
latency,weave,2,priority_mix_low,256,1842,13726,13796
latency,weave,2,priority_mix_low,256,1843,12894,12974
latency,weave,2,priority_mix_normal,256,1844,26340,26470
latency,weave,2,priority_mix_high,256,1845,4979,5119
latency,weave,2,priority_mix_high,256,1846,4869,4939
latency,weave,2,priority_mix_high,256,1847,4789,4889
latency,weave,2,priority_mix_high,256,1848,4819,4899
latency,weave,2,priority_mix_high,256,1849,401,471
latency,weave,2,priority_mix_normal,256,1850,7274,7354
latency,weave,2,priority_mix_high,256,1851,641,721
latency,weave,2,priority_mix_normal,256,1852,7514,7644
latency,weave,2,priority_mix_normal,256,1853,7363,7463
latency,weave,2,priority_mix_high,256,1854,3577,3647
latency,weave,2,priority_mix_high,256,1855,2905,3005
latency,weave,2,priority_mix_high,256,1856,2244,2314
latency,weave,2,priority_mix_high,256,1857,2194,2274
latency,weave,2,priority_mix_high,256,1858,2123,2204
latency,weave,2,priority_mix_high,256,1859,1964,2044
latency,weave,2,priority_mix_normal,256,1860,12403,12484
latency,weave,2,priority_mix_normal,256,1861,7704,7784
latency,weave,2,priority_mix_normal,256,1862,7063,7133
latency,weave,2,priority_mix_normal,256,1863,6181,6261
latency,weave,2,priority_mix_normal,256,1864,5451,5531
latency,weave,2,priority_mix_normal,256,1865,4729,4799
latency,weave,2,priority_mix_normal,256,1866,4469,4549
latency,weave,2,priority_mix_normal,256,1867,4248,4318
latency,weave,2,priority_mix_normal,256,1868,3957,4027
latency,weave,2,priority_mix_low,256,1869,34344,34425
latency,weave,2,priority_mix_low,256,1870,16070,16150
latency,weave,2,priority_mix_low,256,1871,15519,15599
latency,weave,2,priority_mix_low,256,1872,15809,15880
latency,weave,2,priority_mix_high,256,1873,370,440
latency,weave,2,priority_mix_normal,256,1874,711,791
latency,weave,2,priority_mix_low,256,1875,12063,12133
latency,weave,2,priority_mix_high,256,1876,651,731
latency,weave,2,priority_mix_normal,256,1877,611,691
latency,weave,2,priority_mix_low,256,1878,12323,12393
latency,weave,2,priority_mix_low,256,1879,11462,11532
latency,weave,2,priority_mix_low,256,1880,10931,11021
latency,weave,2,priority_mix_low,256,1881,10329,10419
latency,weave,2,priority_mix_low,256,1882,9698,9779
latency,weave,2,priority_mix_high,256,1883,1523,1593
latency,weave,2,priority_mix_normal,256,1884,461,541
latency,weave,2,priority_mix_low,256,1885,9859,9929
latency,weave,2,priority_mix_low,256,1886,9818,9889
latency,weave,2,priority_mix_high,256,1887,611,682
latency,weave,2,priority_mix_low,256,1888,4829,4909
latency,weave,2,priority_mix_low,256,1889,4097,4168
latency,weave,2,priority_mix_low,256,1890,2385,2455
latency,weave,2,priority_mix_low,256,1891,28304,28434
latency,weave,2,priority_mix_normal,256,1892,108716,108856
latency,weave,2,priority_mix_low,256,1893,28995,29065
latency,weave,2,priority_mix_high,256,1894,25048,25178
latency,weave,2,priority_mix_normal,256,1895,24587,24717
latency,weave,2,priority_mix_low,256,1896,29306,29436
latency,weave,2,priority_mix_high,256,1897,33484,33624
latency,weave,2,priority_mix_high,256,1898,1053,1153
latency,weave,2,priority_mix_high,256,1899,812,912
latency,weave,2,priority_mix_normal,256,1900,2746,2826
latency,weave,2,priority_mix_normal,256,1901,2034,2104
latency,weave,2,priority_mix_low,256,1902,3738,3818
latency,weave,2,priority_mix_low,256,1903,3637,3717
latency,weave,2,priority_mix_normal,256,1904,4915,5075
latency,weave,2,priority_mix_low,256,1905,5335,5416
latency,weave,2,priority_mix_high,256,1906,436,537
latency,weave,2,priority_mix_normal,256,1907,767,837
latency,weave,2,priority_mix_high,256,1908,607,677
latency,weave,2,priority_mix_normal,256,1909,737,807
latency,weave,2,priority_mix_low,256,1910,1669,1739
latency,weave,2,priority_mix_high,256,1911,912,982
latency,weave,2,priority_mix_low,256,1912,1379,1479
latency,weave,2,priority_mix_normal,256,1913,1108,1188
latency,weave,2,priority_mix_low,256,1914,682,752
latency,weave,2,priority_mix_high,256,1915,1008,1078
latency,weave,2,priority_mix_normal,256,1916,822,892
latency,weave,2,priority_mix_low,256,1917,1092,1162
latency,weave,2,priority_mix_high,256,1918,1113,1183
latency,weave,2,priority_mix_normal,256,1919,25864,25995
latency,weave,2,priority_mix_low,256,1920,25233,25364
latency,weave,2,priority_mix_high,256,1921,25724,25854
latency,weave,2,priority_mix_normal,256,1922,25304,25434
latency,weave,2,priority_mix_low,256,1923,32763,32903
latency,weave,2,priority_mix_high,256,1924,822,892
latency,weave,2,priority_mix_high,256,1925,401,471
latency,weave,2,priority_mix_normal,256,1926,1283,1353
latency,weave,2,priority_mix_normal,256,1927,1122,1192
latency,weave,2,priority_mix_high,256,1928,542,642
latency,weave,2,priority_mix_normal,256,1929,622,692
latency,weave,2,priority_mix_low,256,1930,2725,2796
latency,weave,2,priority_mix_high,256,1931,712,792
latency,weave,2,priority_mix_normal,256,1932,662,752
latency,weave,2,priority_mix_low,256,1933,2766,2846
latency,weave,2,priority_mix_high,256,1934,892,962
latency,weave,2,priority_mix_high,256,1935,502,582
latency,weave,2,priority_mix_normal,256,1936,1424,1494
latency,weave,2,priority_mix_high,256,1937,502,582
latency,weave,2,priority_mix_normal,256,1938,1654,1724
latency,weave,2,priority_mix_normal,256,1939,882,952
latency,weave,2,priority_mix_high,256,1940,582,652
latency,weave,2,priority_mix_normal,256,1941,752,852
latency,weave,2,priority_mix_high,256,1942,752,832
latency,weave,2,priority_mix_normal,256,1943,3407,3547
latency,weave,2,priority_mix_high,256,1944,4298,4378
latency,weave,2,priority_mix_high,256,1945,3527,3607
latency,weave,2,priority_mix_high,256,1946,3707,3777
latency,weave,2,priority_mix_high,256,1947,3777,3847
latency,weave,2,priority_mix_high,256,1948,3547,3627
latency,weave,2,priority_mix_high,256,1949,3487,3557
latency,weave,2,priority_mix_high,256,1950,3217,3287
latency,weave,2,priority_mix_high,256,1951,2715,2785
latency,weave,2,priority_mix_high,256,1952,2325,2395
latency,weave,2,priority_mix_normal,256,1953,6764,6834
latency,weave,2,priority_mix_normal,256,1954,6423,6503
latency,weave,2,priority_mix_normal,256,1955,6363,6433
latency,weave,2,priority_mix_high,256,1956,432,532
latency,weave,2,priority_mix_normal,256,1957,6804,6884
latency,weave,2,priority_mix_high,256,1958,691,762
latency,weave,2,priority_mix_normal,256,1959,7254,7324
latency,weave,2,priority_mix_normal,256,1960,7354,7434
latency,weave,2,priority_mix_high,256,1961,902,973
latency,weave,2,priority_mix_high,256,1962,381,451
latency,weave,2,priority_mix_normal,256,1963,7995,8075
latency,weave,2,priority_mix_high,256,1964,582,652
latency,weave,2,priority_mix_normal,256,1965,8046,8126
latency,weave,2,priority_mix_normal,256,1966,7504,7574
latency,weave,2,priority_mix_normal,256,1967,4419,4489
latency,weave,2,priority_mix_normal,256,1968,3998,4068
latency,weave,2,priority_mix_normal,256,1969,3106,3176
latency,weave,2,priority_mix_normal,256,1970,2835,2916
latency,weave,2,priority_mix_normal,256,1971,2365,2435
latency,weave,2,priority_mix_low,256,1972,21030,21110
latency,weave,2,priority_mix_high,256,1973,842,912
latency,weave,2,priority_mix_low,256,1974,20810,20890
latency,weave,2,priority_mix_low,256,1975,20138,20218
latency,weave,2,priority_mix_low,256,1976,19467,19537
latency,weave,2,priority_mix_low,256,1977,18736,18817
latency,weave,2,priority_mix_low,256,1978,17884,17954
latency,weave,2,priority_mix_low,256,1979,17383,17454
latency,weave,2,priority_mix_low,256,1980,16121,16201
latency,weave,2,priority_mix_low,256,1981,15900,15970
latency,weave,2,priority_mix_low,256,1982,15811,15891
latency,weave,2,priority_mix_low,256,1983,15280,15360
latency,weave,2,priority_mix_low,256,1984,15510,15580
latency,weave,2,priority_mix_low,256,1985,15199,15279
latency,weave,2,priority_mix_low,256,1986,14789,14859
latency,weave,2,priority_mix_low,256,1987,14178,14258
latency,weave,2,priority_mix_low,256,1988,11031,11102
latency,weave,2,priority_mix_normal,256,1989,4709,4789
latency,weave,2,priority_mix_low,256,1990,10922,11002
latency,weave,2,priority_mix_low,256,1991,10360,10440
latency,weave,2,priority_mix_high,256,1992,892,972
latency,weave,2,priority_mix_low,256,1993,10741,10821
latency,weave,2,priority_mix_low,256,1994,10340,10410
latency,weave,2,priority_mix_low,256,1995,8046,8116
latency,weave,2,priority_mix_low,256,1996,2234,2304
latency,weave,2,priority_mix_high,256,1997,3737,3867
latency,weave,2,priority_mix_high,256,1998,3747,3817
latency,weave,2,priority_mix_high,256,1999,3777,3877
latency,weave,2,priority_mix_high,256,2000,3908,3978
latency,weave,2,priority_mix_high,256,2001,3708,3778
latency,weave,2,priority_mix_high,256,2002,3697,3798
latency,weave,2,priority_mix_high,256,2003,3507,3597
latency,weave,2,priority_mix_high,256,2004,3327,3407
latency,weave,2,priority_mix_high,256,2005,3167,3237
latency,weave,2,priority_mix_high,256,2006,2154,2244
latency,weave,2,priority_mix_high,256,2007,2992,3122
latency,weave,2,priority_mix_high,256,2008,1994,2065
latency,weave,2,priority_mix_high,256,2009,1629,1709
latency,weave,2,priority_mix_high,256,2010,952,1033
latency,weave,2,priority_mix_normal,256,2011,49700,49780
latency,weave,2,priority_mix_normal,256,2012,10240,10310
latency,weave,2,priority_mix_normal,256,2013,9774,9844
latency,weave,2,priority_mix_normal,256,2014,9598,9689
latency,weave,2,priority_mix_normal,256,2015,9444,9514
latency,weave,2,priority_mix_normal,256,2016,9248,9338
latency,weave,2,priority_mix_high,256,2017,798,878
latency,weave,2,priority_mix_normal,256,2018,9569,9649
latency,weave,2,priority_mix_normal,256,2019,9394,9464
latency,weave,2,priority_mix_normal,256,2020,8958,9048
latency,weave,2,priority_mix_high,256,2021,667,737
latency,weave,2,priority_mix_normal,256,2022,8752,8823
latency,weave,2,priority_mix_high,256,2023,807,887
latency,weave,2,priority_mix_normal,256,2024,9153,9233
latency,weave,2,priority_mix_normal,256,2025,8662,8733
latency,weave,2,priority_mix_normal,256,2026,7981,8061
latency,weave,2,priority_mix_normal,256,2027,7189,7260
latency,weave,2,priority_mix_normal,256,2028,6628,6698
latency,weave,2,priority_mix_normal,256,2029,4394,4475
latency,weave,2,priority_mix_normal,256,2030,3502,3582
latency,weave,2,priority_mix_low,256,2031,36645,36715
latency,weave,2,priority_mix_low,256,2032,17208,17288
latency,weave,2,priority_mix_low,256,2033,17098,17179
latency,weave,2,priority_mix_low,256,2034,17028,17108
latency,weave,2,priority_mix_low,256,2035,16688,16758
latency,weave,2,priority_mix_low,256,2036,16597,16677
latency,weave,2,priority_mix_low,256,2037,16517,16587
latency,weave,2,priority_mix_low,256,2038,16156,16236
latency,weave,2,priority_mix_low,256,2039,16256,16326
latency,weave,2,priority_mix_low,256,2040,15199,15279
latency,weave,2,priority_mix_low,256,2041,14573,14673
latency,weave,2,priority_mix_low,256,2042,13957,14037
latency,weave,2,priority_mix_low,256,2043,13301,13381
latency,weave,2,priority_mix_low,256,2044,12485,12555
latency,weave,2,priority_mix_low,256,2045,11257,11327
latency,weave,2,priority_mix_low,256,2046,9614,9684
latency,weave,2,priority_mix_low,256,2047,9339,9429
latency,weave,2,priority_mix_high,256,2048,64212,64352
latency,weave,2,priority_mix_normal,256,2049,48782,48862
latency,weave,2,priority_mix_low,256,2050,23515,23655
latency,weave,2,priority_mix_high,256,2051,43618,43759
latency,weave,2,priority_mix_normal,256,2052,27297,27377
latency,weave,2,priority_mix_low,256,2053,26906,27027
latency,weave,2,priority_mix_high,256,2054,26972,27112
latency,weave,2,priority_mix_normal,256,2055,25259,25389
latency,weave,2,priority_mix_low,256,2056,25077,25208
latency,weave,2,priority_mix_high,256,2057,28946,29076
latency,weave,2,priority_mix_normal,256,2058,44675,44815
latency,weave,2,priority_mix_low,256,2059,28814,28885
latency,weave,2,priority_mix_high,256,2060,46408,46548
latency,weave,2,priority_mix_normal,256,2061,31169,31249
latency,weave,2,priority_mix_high,256,2062,14758,14879
latency,weave,2,priority_mix_high,256,2063,14978,15079
latency,weave,2,priority_mix_high,256,2064,15108,15178
latency,weave,2,priority_mix_high,256,2065,15580,15650
latency,weave,2,priority_mix_high,256,2066,15549,15619
latency,weave,2,priority_mix_high,256,2067,15359,15439
latency,weave,2,priority_mix_high,256,2068,15299,15369
latency,weave,2,priority_mix_high,256,2069,15259,15339
latency,weave,2,priority_mix_high,256,2070,15058,15139
latency,weave,2,priority_mix_high,256,2071,15019,15089
latency,weave,2,priority_mix_high,256,2072,15028,15109
latency,weave,2,priority_mix_high,256,2073,14848,14918
latency,weave,2,priority_mix_high,256,2074,18395,18536
latency,weave,2,priority_mix_high,256,2075,14799,14879
latency,weave,2,priority_mix_high,256,2076,14788,14859
latency,weave,2,priority_mix_high,256,2077,14979,15079
latency,weave,2,priority_mix_high,256,2078,14739,14809
latency,weave,2,priority_mix_high,256,2079,14708,14779
latency,weave,2,priority_mix_high,256,2080,14568,14648
latency,weave,2,priority_mix_high,256,2081,14367,14447
latency,weave,2,priority_mix_high,256,2082,14438,14518
latency,weave,2,priority_mix_high,256,2083,14187,14257
latency,weave,2,priority_mix_high,256,2084,14057,14137
latency,weave,2,priority_mix_high,256,2085,13866,13946
latency,weave,2,priority_mix_high,256,2086,13727,13797
latency,weave,2,priority_mix_high,256,2087,13436,13536
latency,weave,2,priority_mix_high,256,2088,13255,13325
latency,weave,2,priority_mix_high,256,2089,13226,13296
latency,weave,2,priority_mix_high,256,2090,12875,12945
latency,weave,2,priority_mix_high,256,2091,12734,12814
latency,weave,2,priority_mix_high,256,2092,12454,12524
latency,weave,2,priority_mix_high,256,2093,12244,12324
latency,weave,2,priority_mix_high,256,2094,12093,12163
latency,weave,2,priority_mix_high,256,2095,11722,11792
latency,weave,2,priority_mix_high,256,2096,11613,11683
latency,weave,2,priority_mix_high,256,2097,11382,11462
latency,weave,2,priority_mix_high,256,2098,11252,11322
latency,weave,2,priority_mix_high,256,2099,11032,11102
latency,weave,2,priority_mix_high,256,2100,10640,10740
latency,weave,2,priority_mix_high,256,2101,9638,9718
latency,weave,2,priority_mix_normal,256,2102,25879,25949
latency,weave,2,priority_mix_normal,256,2103,25338,25418
latency,weave,2,priority_mix_normal,256,2104,25158,25238
latency,weave,2,priority_mix_normal,256,2105,24877,24947
latency,weave,2,priority_mix_normal,256,2106,24687,24758
latency,weave,2,priority_mix_normal,256,2107,24527,24607
latency,weave,2,priority_mix_normal,256,2108,24216,24286
latency,weave,2,priority_mix_normal,256,2109,24036,24106
latency,weave,2,priority_mix_normal,256,2110,23926,23996
latency,weave,2,priority_mix_normal,256,2111,23585,23665
latency,weave,2,priority_mix_normal,256,2112,23535,23606
latency,weave,2,priority_mix_normal,256,2113,23154,23234
latency,weave,2,priority_mix_normal,256,2114,23434,23505
latency,weave,2,priority_mix_normal,256,2115,23285,23365
latency,weave,2,priority_mix_normal,256,2116,22904,22974
latency,weave,2,priority_mix_normal,256,2117,22854,22924
latency,weave,2,priority_mix_normal,256,2118,22643,22713
latency,weave,2,priority_mix_normal,256,2119,22402,22483
latency,weave,2,priority_mix_normal,256,2120,22192,22263
latency,weave,2,priority_mix_normal,256,2121,22042,22112
latency,weave,2,priority_mix_normal,256,2122,21821,21891
latency,weave,2,priority_mix_normal,256,2123,21772,21842
latency,weave,2,priority_mix_normal,256,2124,21371,21451
latency,weave,2,priority_mix_normal,256,2125,21290,21371
latency,weave,2,priority_mix_normal,256,2126,21040,21121
latency,weave,2,priority_mix_normal,256,2127,20860,20930
latency,weave,2,priority_mix_normal,256,2128,20619,20689
latency,weave,2,priority_mix_normal,256,2129,20439,20519
latency,weave,2,priority_mix_normal,256,2130,20229,20299
latency,weave,2,priority_mix_normal,256,2131,20108,20189
latency,weave,2,priority_mix_normal,256,2132,19757,19828
latency,weave,2,priority_mix_normal,256,2133,19638,19718
latency,weave,2,priority_mix_normal,256,2134,19437,19507
latency,weave,2,priority_mix_normal,256,2135,19127,19207
latency,weave,2,priority_mix_normal,256,2136,18936,19016
latency,weave,2,priority_mix_normal,256,2137,18706,18776
latency,weave,2,priority_mix_normal,256,2138,18495,18565
latency,weave,2,priority_mix_normal,256,2139,18425,18495
latency,weave,2,priority_mix_normal,256,2140,17844,17924
latency,weave,2,priority_mix_normal,256,2141,16853,16953
latency,weave,2,priority_mix_low,256,2142,36329,36399
latency,weave,2,priority_mix_low,256,2143,33002,33083
latency,weave,2,priority_mix_low,256,2144,32742,32813
latency,weave,2,priority_mix_low,256,2145,32642,32732
latency,weave,2,priority_mix_low,256,2146,32241,32321
latency,weave,2,priority_mix_low,256,2147,32262,32362
latency,weave,2,priority_mix_low,256,2148,32031,32101
latency,weave,2,priority_mix_low,256,2149,31801,31881
latency,weave,2,priority_mix_low,256,2150,31570,31650
latency,weave,2,priority_mix_low,256,2151,31350,31440
latency,weave,2,priority_mix_low,256,2152,31109,31189
latency,weave,2,priority_mix_low,256,2153,31129,31209
latency,weave,2,priority_mix_low,256,2154,30759,30839
latency,weave,2,priority_mix_low,256,2155,30669,30759
latency,weave,2,priority_mix_low,256,2156,30468,30538
latency,weave,2,priority_mix_low,256,2157,30187,30287
latency,weave,2,priority_mix_low,256,2158,29967,30037
latency,weave,2,priority_mix_low,256,2159,29747,29827
latency,weave,2,priority_mix_low,256,2160,29516,29596
latency,weave,2,priority_mix_low,256,2161,29497,29587
latency,weave,2,priority_mix_low,256,2162,29136,29216
latency,weave,2,priority_mix_low,256,2163,29065,29135
latency,weave,2,priority_mix_low,256,2164,28865,28935
latency,weave,2,priority_mix_low,256,2165,28575,28655
latency,weave,2,priority_mix_low,256,2166,28354,28424
latency,weave,2,priority_mix_low,256,2167,28124,28214
latency,weave,2,priority_mix_low,256,2168,27893,27974
latency,weave,2,priority_mix_low,256,2169,27823,27893
latency,weave,2,priority_mix_low,256,2170,27452,27522
latency,weave,2,priority_mix_low,256,2171,27342,27412
latency,weave,2,priority_mix_low,256,2172,27102,27172
latency,weave,2,priority_mix_low,256,2173,26871,26972
latency,weave,2,priority_mix_low,256,2174,26620,26690
latency,weave,2,priority_mix_low,256,2175,26420,26510
latency,weave,2,priority_mix_low,256,2176,26170,26240
latency,weave,2,priority_mix_low,256,2177,26120,26190
latency,weave,2,priority_mix_low,256,2178,25929,26029
latency,weave,2,priority_mix_low,256,2179,25709,25780
latency,weave,2,priority_mix_low,256,2180,25449,25519
latency,weave,2,priority_mix_low,256,2181,24827,24907
latency,weave,2,priority_mix_high,256,2182,33504,33644
latency,weave,2,priority_mix_low,256,2183,181744,181814
latency,weave,2,priority_mix_normal,256,2184,1353,1423
latency,weave,2,priority_mix_low,256,2185,661,731
latency,weave,2,priority_mix_high,256,2186,722,792
latency,weave,2,priority_mix_normal,256,2187,972,1053
latency,weave,2,priority_mix_high,256,2188,822,903
latency,weave,2,priority_mix_normal,256,2189,772,842
latency,weave,2,priority_mix_high,256,2190,682,752
latency,weave,2,priority_mix_normal,256,2191,692,792
latency,weave,2,priority_mix_high,256,2192,742,812
latency,weave,2,priority_mix_high,256,2193,471,541
latency,weave,2,priority_mix_normal,256,2194,11031,11161
latency,weave,2,priority_mix_normal,256,2195,11102,11172
latency,weave,2,priority_mix_high,256,2196,842,913
latency,weave,2,priority_mix_high,256,2197,521,591
latency,weave,2,priority_mix_normal,256,2198,10601,10731
latency,weave,2,priority_mix_low,256,2199,27152,27232
latency,weave,2,priority_mix_low,256,2200,26530,26600
latency,weave,2,priority_mix_low,256,2201,25679,25749
latency,weave,2,priority_mix_low,256,2202,25218,25288
latency,weave,2,priority_mix_low,256,2203,24597,24667
latency,weave,2,priority_mix_low,256,2204,13626,13707
latency,weave,2,priority_mix_normal,256,2205,13946,14086
latency,weave,2,priority_mix_low,256,2206,16191,16261
latency,weave,2,priority_mix_high,256,2207,662,742
latency,weave,2,priority_mix_normal,256,2208,732,832
latency,weave,2,priority_mix_low,256,2209,581,652
latency,weave,2,priority_mix_high,256,2210,3187,3257
latency,weave,2,priority_mix_high,256,2211,2185,2265
latency,weave,2,priority_mix_high,256,2212,2405,2485
latency,weave,2,priority_mix_high,256,2213,2335,2415
latency,weave,2,priority_mix_high,256,2214,20359,20489
latency,weave,2,priority_mix_high,256,2215,33293,33433
latency,weave,2,priority_mix_high,256,2216,53782,53912
latency,weave,2,priority_mix_high,256,2217,87436,87566
latency,weave,2,priority_mix_high,256,2218,120839,120969
latency,weave,2,priority_mix_high,256,2219,155525,155655
latency,weave,2,priority_mix_high,256,2220,189489,189620
latency,weave,2,priority_mix_high,256,2221,189439,189519
latency,weave,2,priority_mix_high,256,2222,189299,189369
latency,weave,2,priority_mix_high,256,2223,189108,189178
latency,weave,2,priority_mix_high,256,2224,189119,189189
latency,weave,2,priority_mix_high,256,2225,189119,189199
latency,weave,2,priority_mix_high,256,2226,188938,189008
latency,weave,2,priority_mix_high,256,2227,188868,188948
latency,weave,2,priority_mix_high,256,2228,188818,188888
latency,weave,2,priority_mix_high,256,2229,188618,188688
latency,weave,2,priority_mix_high,256,2230,189128,189208
latency,weave,2,priority_mix_high,256,2231,188948,189018
latency,weave,2,priority_mix_high,256,2232,188858,188938
latency,weave,2,priority_mix_high,256,2233,188808,188878
latency,weave,2,priority_mix_high,256,2234,188647,188727
latency,weave,2,priority_mix_high,256,2235,188728,188808
latency,weave,2,priority_mix_high,256,2236,188687,188758
latency,weave,2,priority_mix_high,256,2237,188518,188598
latency,weave,2,priority_mix_high,256,2238,188447,188518
latency,weave,2,priority_mix_high,256,2239,188227,188307
latency,weave,2,priority_mix_high,256,2240,188277,188347
latency,weave,2,priority_mix_high,256,2241,188187,188257
latency,weave,2,priority_mix_normal,256,2242,202474,202544
latency,weave,2,priority_mix_normal,256,2243,201882,201952
latency,weave,2,priority_mix_normal,256,2244,202173,202243
latency,weave,2,priority_mix_normal,256,2245,202274,202344
latency,weave,2,priority_mix_normal,256,2246,202414,202484
latency,weave,2,priority_mix_normal,256,2247,201051,201121
latency,weave,2,priority_mix_normal,256,2248,202063,202203
latency,weave,2,priority_mix_normal,256,2249,200540,200620
latency,weave,2,priority_mix_normal,256,2250,201111,201181
latency,weave,2,priority_mix_normal,256,2251,200880,200950
latency,weave,2,priority_mix_normal,256,2252,200540,200610
latency,weave,2,priority_mix_normal,256,2253,200390,200460
latency,weave,2,priority_mix_normal,256,2254,200691,200771
latency,weave,2,priority_mix_normal,256,2255,200410,200490
latency,weave,2,priority_mix_normal,256,2256,200820,200890
latency,weave,2,priority_mix_normal,256,2257,200711,200781
latency,weave,2,priority_mix_normal,256,2258,200640,200711
latency,weave,2,priority_mix_normal,256,2259,200840,200941
latency,weave,2,priority_mix_normal,256,2260,200480,200550
latency,weave,2,priority_mix_normal,256,2261,200681,200751
latency,weave,2,priority_mix_normal,256,2262,200420,200500
latency,weave,2,priority_mix_normal,256,2263,200269,200350
latency,weave,2,priority_mix_normal,256,2264,200060,200130
latency,weave,2,priority_mix_normal,256,2265,199999,200069
latency,weave,2,priority_mix_normal,256,2266,199648,199718
latency,weave,2,priority_mix_normal,256,2267,199829,199929
latency,weave,2,priority_mix_normal,256,2268,199508,199578
latency,weave,2,priority_mix_normal,256,2269,199498,199568
latency,weave,2,priority_mix_normal,256,2270,199238,199308
latency,weave,2,priority_mix_normal,256,2271,199018,199118
latency,weave,2,priority_mix_normal,256,2272,198797,198867
latency,weave,2,priority_mix_low,256,2273,212433,212503
latency,weave,2,priority_mix_low,256,2274,212192,212272
latency,weave,2,priority_mix_low,256,2275,211771,211841
latency,weave,2,priority_mix_low,256,2276,211541,211621
latency,weave,2,priority_mix_low,256,2277,211391,211461
latency,weave,2,priority_mix_low,256,2278,210519,210589
latency,weave,2,priority_mix_low,256,2279,209908,209978
latency,weave,2,priority_mix_low,256,2280,209127,209197
latency,weave,2,priority_mix_low,256,2281,209367,209437
latency,weave,2,priority_mix_low,256,2282,209046,209116
latency,weave,2,priority_mix_low,256,2283,208796,208876
latency,weave,2,priority_mix_low,256,2284,208475,208555
latency,weave,2,priority_mix_low,256,2285,208415,208506
latency,weave,2,priority_mix_low,256,2286,208035,208115
latency,weave,2,priority_mix_low,256,2287,208235,208325
latency,weave,2,priority_mix_low,256,2288,207914,207984
latency,weave,2,priority_mix_low,256,2289,207814,207884
latency,weave,2,priority_mix_low,256,2290,207613,207694
latency,weave,2,priority_mix_low,256,2291,207333,207403
latency,weave,2,priority_mix_low,256,2292,207133,207203
latency,weave,2,priority_mix_low,256,2293,206962,207043
latency,weave,2,priority_mix_low,256,2294,206882,206962
latency,weave,2,priority_mix_low,256,2295,206741,206812
latency,weave,2,priority_mix_low,256,2296,206602,206672
latency,weave,2,priority_mix_low,256,2297,206672,206742
latency,weave,2,priority_mix_low,256,2298,206731,206801
latency,weave,2,priority_mix_low,256,2299,206552,206622
latency,weave,2,priority_mix_low,256,2300,206371,206441
latency,weave,2,priority_mix_low,256,2301,206441,206511
latency,weave,2,priority_mix_low,256,2302,206131,206201
latency,weave,2,priority_mix_low,256,2303,206131,206201
latency,rayon,2,burst_small,256,0,6328,6458
latency,rayon,2,burst_small,256,1,7019,7099
latency,rayon,2,burst_small,256,2,7239,7319
latency,rayon,2,burst_small,256,3,7399,7480
latency,rayon,2,burst_small,256,4,7620,7690
latency,rayon,2,burst_small,256,5,7901,7971
latency,rayon,2,burst_small,256,6,8041,8111
latency,rayon,2,burst_small,256,7,8171,8251
latency,rayon,2,burst_small,256,8,8161,8232
latency,rayon,2,burst_small,256,9,8342,8422
latency,rayon,2,burst_small,256,10,14494,14574
latency,rayon,2,burst_small,256,11,14764,14834
latency,rayon,2,burst_small,256,12,15054,15134
latency,rayon,2,burst_small,256,13,15344,15425
latency,rayon,2,burst_small,256,14,15585,15665
latency,rayon,2,burst_small,256,15,15755,15855
latency,rayon,2,burst_small,256,16,15996,16066
latency,rayon,2,burst_small,256,17,16266,16347
latency,rayon,2,burst_small,256,18,16527,16607
latency,rayon,2,burst_small,256,19,16747,16818
latency,rayon,2,burst_small,256,20,16978,17048
latency,rayon,2,burst_small,256,21,17178,17249
latency,rayon,2,burst_small,256,22,17479,17589
latency,rayon,2,burst_small,256,23,17710,17810
latency,rayon,2,burst_small,256,24,17950,18020
latency,rayon,2,burst_small,256,25,18211,18281
latency,rayon,2,burst_small,256,26,18470,18550
latency,rayon,2,burst_small,256,27,18701,18771
latency,rayon,2,burst_small,256,28,18961,19031
latency,rayon,2,burst_small,256,29,19182,19252
latency,rayon,2,burst_small,256,30,19382,19452
latency,rayon,2,burst_small,256,31,19593,19673
latency,rayon,2,burst_small,256,32,19813,19883
latency,rayon,2,burst_small,256,33,19854,19924
latency,rayon,2,burst_small,256,34,20044,20124
latency,rayon,2,burst_small,256,35,20194,20264
latency,rayon,2,burst_small,256,36,20334,20414
latency,rayon,2,burst_small,256,37,230,330
latency,rayon,2,burst_small,256,38,20464,20544
latency,rayon,2,burst_small,256,39,561,631
latency,rayon,2,burst_small,256,40,20665,20735
latency,rayon,2,burst_small,256,41,851,941
latency,rayon,2,burst_small,256,42,20785,20855
latency,rayon,2,burst_small,256,43,1072,1143
latency,rayon,2,burst_small,256,44,20986,21066
latency,rayon,2,burst_small,256,45,1323,1393
latency,rayon,2,burst_small,256,46,21186,21266
latency,rayon,2,burst_small,256,47,1623,1703
latency,rayon,2,burst_small,256,48,21356,21427
latency,rayon,2,burst_small,256,49,1964,2034
latency,rayon,2,burst_small,256,50,21527,21607
latency,rayon,2,burst_small,256,51,2234,2314
latency,rayon,2,burst_small,256,52,21717,21797
latency,rayon,2,burst_small,256,53,2545,2615
latency,rayon,2,burst_small,256,54,21948,22018
latency,rayon,2,burst_small,256,55,2885,2965
latency,rayon,2,burst_small,256,56,3135,3206
latency,rayon,2,burst_small,256,57,22157,22227
latency,rayon,2,burst_small,256,58,3327,3397
latency,rayon,2,burst_small,256,59,22318,22398
latency,rayon,2,burst_small,256,60,3587,3667
latency,rayon,2,burst_small,256,61,22498,22568
latency,rayon,2,burst_small,256,62,3877,3948
latency,rayon,2,burst_small,256,63,22689,22789
latency,rayon,2,burst_small,256,64,4148,4218
latency,rayon,2,burst_small,256,65,22879,22949
latency,rayon,2,burst_small,256,66,4609,4679
latency,rayon,2,burst_small,256,67,23190,23300
latency,rayon,2,burst_small,256,68,4959,5039
latency,rayon,2,burst_small,256,69,5310,5390
latency,rayon,2,burst_small,256,70,5501,5581
latency,rayon,2,burst_small,256,71,23851,23921
latency,rayon,2,burst_small,256,72,5791,5861
latency,rayon,2,burst_small,256,73,24031,24102
latency,rayon,2,burst_small,256,74,6112,6182
latency,rayon,2,burst_small,256,75,6462,6542
latency,rayon,2,burst_small,256,76,24362,24432
latency,rayon,2,burst_small,256,77,6683,6773
latency,rayon,2,burst_small,256,78,24522,24593
latency,rayon,2,burst_small,256,79,7003,7093
latency,rayon,2,burst_small,256,80,24683,24753
latency,rayon,2,burst_small,256,81,7223,7293
latency,rayon,2,burst_small,256,82,24863,24943
latency,rayon,2,burst_small,256,83,7465,7535
latency,rayon,2,burst_small,256,84,25083,25163
latency,rayon,2,burst_small,256,85,7845,7915
latency,rayon,2,burst_small,256,86,25253,25323
latency,rayon,2,burst_small,256,87,8105,8176
latency,rayon,2,burst_small,256,88,8456,8546
latency,rayon,2,burst_small,256,89,25574,25644
latency,rayon,2,burst_small,256,90,8716,8807
latency,rayon,2,burst_small,256,91,25814,25895
latency,rayon,2,burst_small,256,92,9057,9127
latency,rayon,2,burst_small,256,93,25935,26015
latency,rayon,2,burst_small,256,94,9297,9377
latency,rayon,2,burst_small,256,95,26085,26185
latency,rayon,2,burst_small,256,96,9498,9578
latency,rayon,2,burst_small,256,97,26296,26366
latency,rayon,2,burst_small,256,98,9799,9879
latency,rayon,2,burst_small,256,99,25584,25664
latency,rayon,2,burst_small,256,100,10249,10320
latency,rayon,2,burst_small,256,101,10550,10630
latency,rayon,2,burst_small,256,102,25895,25975
latency,rayon,2,burst_small,256,103,10750,10820
latency,rayon,2,burst_small,256,104,26085,26165
latency,rayon,2,burst_small,256,105,11011,11081
latency,rayon,2,burst_small,256,106,26306,26376
latency,rayon,2,burst_small,256,107,11512,11592
latency,rayon,2,burst_small,256,108,26617,26697
latency,rayon,2,burst_small,256,109,11953,12023
latency,rayon,2,burst_small,256,110,26797,26887
latency,rayon,2,burst_small,256,111,12303,12373
latency,rayon,2,burst_small,256,112,27117,27197
latency,rayon,2,burst_small,256,113,12694,12764
latency,rayon,2,burst_small,256,114,27377,27447
latency,rayon,2,burst_small,256,115,13024,13095
latency,rayon,2,burst_small,256,116,13445,13515
latency,rayon,2,burst_small,256,117,27548,27658
latency,rayon,2,burst_small,256,118,13626,13716
latency,rayon,2,burst_small,256,119,27648,27718
latency,rayon,2,burst_small,256,120,13847,13937
latency,rayon,2,burst_small,256,121,27799,27879
latency,rayon,2,burst_small,256,122,14057,14147
latency,rayon,2,burst_small,256,123,27949,28029
latency,rayon,2,burst_small,256,124,14307,14377
latency,rayon,2,burst_small,256,125,28119,28199
latency,rayon,2,burst_small,256,126,14578,14648
latency,rayon,2,burst_small,256,127,14828,14898
latency,rayon,2,burst_small,256,128,28290,28370
latency,rayon,2,burst_small,256,129,15108,15189
latency,rayon,2,burst_small,256,130,28560,28630
latency,rayon,2,burst_small,256,131,15339,15409
latency,rayon,2,burst_small,256,132,28721,28791
latency,rayon,2,burst_small,256,133,15599,15669
latency,rayon,2,burst_small,256,134,28880,28960
latency,rayon,2,burst_small,256,135,15860,15941
latency,rayon,2,burst_small,256,136,29040,29110
latency,rayon,2,burst_small,256,137,16071,16141
latency,rayon,2,burst_small,256,138,29281,29361
latency,rayon,2,burst_small,256,139,16411,16481
latency,rayon,2,burst_small,256,140,16832,16912
latency,rayon,2,burst_small,256,141,29582,29652
latency,rayon,2,burst_small,256,142,17102,17192
latency,rayon,2,burst_small,256,143,29802,29882
latency,rayon,2,burst_small,256,144,17393,17483
latency,rayon,2,burst_small,256,145,30053,30123
latency,rayon,2,burst_small,256,146,17603,17693
latency,rayon,2,burst_small,256,147,30213,30313
latency,rayon,2,burst_small,256,148,17914,17984
latency,rayon,2,burst_small,256,149,30373,30444
latency,rayon,2,burst_small,256,150,18155,18225
latency,rayon,2,burst_small,256,151,18515,18595
latency,rayon,2,burst_small,256,152,30684,30754
latency,rayon,2,burst_small,256,153,18876,18976
latency,rayon,2,burst_small,256,154,30885,30965
latency,rayon,2,burst_small,256,155,19296,19367
latency,rayon,2,burst_small,256,156,31185,31255
latency,rayon,2,burst_small,256,157,19517,19587
latency,rayon,2,burst_small,256,158,31335,31405
latency,rayon,2,burst_small,256,159,19737,19817
latency,rayon,2,burst_small,256,160,31495,31585
latency,rayon,2,burst_small,256,161,19967,20037
latency,rayon,2,burst_small,256,162,31735,31806
latency,rayon,2,burst_small,256,163,20309,20389
latency,rayon,2,burst_small,256,164,20649,20719
latency,rayon,2,burst_small,256,165,32056,32126
latency,rayon,2,burst_small,256,166,20820,20900
latency,rayon,2,burst_small,256,167,32207,32277
latency,rayon,2,burst_small,256,168,21030,21100
latency,rayon,2,burst_small,256,169,32367,32447
latency,rayon,2,burst_small,256,170,21250,21320
latency,rayon,2,burst_small,256,171,21601,21691
latency,rayon,2,burst_small,256,172,32658,32728
latency,rayon,2,burst_small,256,173,21881,21951
latency,rayon,2,burst_small,256,174,32848,32918
latency,rayon,2,burst_small,256,175,22131,22212
latency,rayon,2,burst_small,256,176,32998,33078
latency,rayon,2,burst_small,256,177,22433,22503
latency,rayon,2,burst_small,256,178,33149,33219
latency,rayon,2,burst_small,256,179,22633,22703
latency,rayon,2,burst_small,256,180,33319,33389
latency,rayon,2,burst_small,256,181,22853,22934
latency,rayon,2,burst_small,256,182,23194,23294
latency,rayon,2,burst_small,256,183,33640,33710
latency,rayon,2,burst_small,256,184,23665,23735
latency,rayon,2,burst_small,256,185,33920,33991
latency,rayon,2,burst_small,256,186,23995,24065
latency,rayon,2,burst_small,256,187,34171,34251
latency,rayon,2,burst_small,256,188,24437,24527
latency,rayon,2,burst_small,256,189,34461,34531
latency,rayon,2,burst_small,256,190,24857,24927
latency,rayon,2,burst_small,256,191,34701,34771
latency,rayon,2,burst_small,256,192,34972,35042
latency,rayon,2,burst_small,256,193,35062,35132
latency,rayon,2,burst_small,256,194,35252,35323
latency,rayon,2,burst_small,256,195,35393,35473
latency,rayon,2,burst_small,256,196,35523,35603
latency,rayon,2,burst_small,256,197,35643,35724
latency,rayon,2,burst_small,256,198,35834,35914
latency,rayon,2,burst_small,256,199,36004,36074
latency,rayon,2,burst_small,256,200,36135,36205
latency,rayon,2,burst_small,256,201,36254,36324
latency,rayon,2,burst_small,256,202,36434,36535
latency,rayon,2,burst_small,256,203,36695,36765
latency,rayon,2,burst_small,256,204,36865,36945
latency,rayon,2,burst_small,256,205,27863,27933
latency,rayon,2,burst_small,256,206,37076,37146
latency,rayon,2,burst_small,256,207,28063,28133
latency,rayon,2,burst_small,256,208,37226,37316
latency,rayon,2,burst_small,256,209,28264,28344
latency,rayon,2,burst_small,256,210,37497,37567
latency,rayon,2,burst_small,256,211,28574,28644
latency,rayon,2,burst_small,256,212,37747,37817
latency,rayon,2,burst_small,256,213,29055,29135
latency,rayon,2,burst_small,256,214,38048,38138
latency,rayon,2,burst_small,256,215,29446,29516
latency,rayon,2,burst_small,256,216,38299,38369
latency,rayon,2,burst_small,256,217,29887,29957
latency,rayon,2,burst_small,256,218,30287,30367
latency,rayon,2,burst_small,256,219,38488,38568
latency,rayon,2,burst_small,256,220,30488,30558
latency,rayon,2,burst_small,256,221,38559,38629
latency,rayon,2,burst_small,256,222,30718,30788
latency,rayon,2,burst_small,256,223,38709,38779
latency,rayon,2,burst_small,256,224,38919,39000
latency,rayon,2,burst_small,256,225,33610,33680
latency,rayon,2,burst_small,256,226,33609,33679
latency,rayon,2,burst_small,256,227,31920,31990
latency,rayon,2,burst_small,256,228,33870,33940
latency,rayon,2,burst_small,256,229,32171,32241
latency,rayon,2,burst_small,256,230,34030,34120
latency,rayon,2,burst_small,256,231,33013,33093
latency,rayon,2,burst_small,256,232,33243,33313
latency,rayon,2,burst_small,256,233,34261,34341
latency,rayon,2,burst_small,256,234,33564,33644
latency,rayon,2,burst_small,256,235,34551,34621
latency,rayon,2,burst_small,256,236,33774,33864
latency,rayon,2,burst_small,256,237,34722,34812
latency,rayon,2,burst_small,256,238,33984,34064
latency,rayon,2,burst_small,256,239,34194,34285
latency,rayon,2,burst_small,256,240,35042,35123
latency,rayon,2,burst_small,256,241,34395,34465
latency,rayon,2,burst_small,256,242,34665,34745
latency,rayon,2,burst_small,256,243,35233,35333
latency,rayon,2,burst_small,256,244,34956,35026
latency,rayon,2,burst_small,256,245,35523,35603
latency,rayon,2,burst_small,256,246,35207,35297
latency,rayon,2,burst_small,256,247,35673,35783
latency,rayon,2,burst_small,256,248,35427,35497
latency,rayon,2,burst_small,256,249,35738,35818
latency,rayon,2,burst_small,256,250,35994,36074
latency,rayon,2,burst_small,256,251,35948,36028
latency,rayon,2,burst_small,256,252,36144,36224
latency,rayon,2,burst_small,256,253,36375,36455
latency,rayon,2,burst_small,256,254,36309,36389
latency,rayon,2,burst_small,256,255,36745,36815
latency,rayon,2,burst_small,256,256,7188,7329
latency,rayon,2,burst_small,256,257,7800,7870
latency,rayon,2,burst_small,256,258,7941,8021
latency,rayon,2,burst_small,256,259,8111,8191
latency,rayon,2,burst_small,256,260,8231,8312
latency,rayon,2,burst_small,256,261,8541,8621
latency,rayon,2,burst_small,256,262,8711,8782
latency,rayon,2,burst_small,256,263,8862,8932
latency,rayon,2,burst_small,256,264,8802,8872
latency,rayon,2,burst_small,256,265,8972,9053
latency,rayon,2,burst_small,256,266,9123,9193
latency,rayon,2,burst_small,256,267,9263,9343
latency,rayon,2,burst_small,256,268,10586,10666
latency,rayon,2,burst_small,256,269,10776,10876
latency,rayon,2,burst_small,256,270,11087,11187
latency,rayon,2,burst_small,256,271,11307,11407
latency,rayon,2,burst_small,256,272,11347,11427
latency,rayon,2,burst_small,256,273,11527,11597
latency,rayon,2,burst_small,256,274,11888,11978
latency,rayon,2,burst_small,256,275,12138,21536
latency,rayon,2,burst_small,256,276,22077,22177
latency,rayon,2,burst_small,256,277,22398,22478
latency,rayon,2,burst_small,256,278,22658,22749
latency,rayon,2,burst_small,256,279,22989,23069
latency,rayon,2,burst_small,256,280,23200,23270
latency,rayon,2,burst_small,256,281,23420,23490
latency,rayon,2,burst_small,256,282,23670,23750
latency,rayon,2,burst_small,256,283,23930,24000
latency,rayon,2,burst_small,256,284,24221,24291
latency,rayon,2,burst_small,256,285,24471,24541
latency,rayon,2,burst_small,256,286,24782,24852
latency,rayon,2,burst_small,256,287,25012,25093
latency,rayon,2,burst_small,256,288,25203,25273
latency,rayon,2,burst_small,256,289,25584,25664
latency,rayon,2,burst_small,256,290,25854,25925
latency,rayon,2,burst_small,256,291,26105,26175
latency,rayon,2,burst_small,256,292,26376,26446
latency,rayon,2,burst_small,256,293,26616,26686
latency,rayon,2,burst_small,256,294,26887,26967
latency,rayon,2,burst_small,256,295,27066,27146
latency,rayon,2,burst_small,256,296,27297,27377
latency,rayon,2,burst_small,256,297,27307,27377
latency,rayon,2,burst_small,256,298,27498,27568
latency,rayon,2,burst_small,256,299,27658,27728
latency,rayon,2,burst_small,256,300,27878,27958
latency,rayon,2,burst_small,256,301,28048,28128
latency,rayon,2,burst_small,256,302,28279,28349
latency,rayon,2,burst_small,256,303,28529,28599
latency,rayon,2,burst_small,256,304,28770,28850
latency,rayon,2,burst_small,256,305,29020,29100
latency,rayon,2,burst_small,256,306,29211,29291
latency,rayon,2,burst_small,256,307,29501,29572
latency,rayon,2,burst_small,256,308,29792,29872
latency,rayon,2,burst_small,256,309,281,391
latency,rayon,2,burst_small,256,310,29932,30003
latency,rayon,2,burst_small,256,311,712,792
latency,rayon,2,burst_small,256,312,1002,1072
latency,rayon,2,burst_small,256,313,1202,1282
latency,rayon,2,burst_small,256,314,30543,30653
latency,rayon,2,burst_small,256,315,1453,1533
latency,rayon,2,burst_small,256,316,1923,2003
latency,rayon,2,burst_small,256,317,30874,30944
latency,rayon,2,burst_small,256,318,2165,2235
latency,rayon,2,burst_small,256,319,31124,31194
latency,rayon,2,burst_small,256,320,2455,2525
latency,rayon,2,burst_small,256,321,31355,31425
latency,rayon,2,burst_small,256,322,3196,3276
latency,rayon,2,burst_small,256,323,31816,31886
latency,rayon,2,burst_small,256,324,3507,3577
latency,rayon,2,burst_small,256,325,32016,32096
latency,rayon,2,burst_small,256,326,3797,3867
latency,rayon,2,burst_small,256,327,32186,32257
latency,rayon,2,burst_small,256,328,3997,4067
latency,rayon,2,burst_small,256,329,32427,32527
latency,rayon,2,burst_small,256,330,4328,4408
latency,rayon,2,burst_small,256,331,32718,32798
latency,rayon,2,burst_small,256,332,4709,4789
latency,rayon,2,burst_small,256,333,32988,33058
latency,rayon,2,burst_small,256,334,5110,5190
latency,rayon,2,burst_small,256,335,33239,33319
latency,rayon,2,burst_small,256,336,5470,5551
latency,rayon,2,burst_small,256,337,32346,32416
latency,rayon,2,burst_small,256,338,5751,5821
latency,rayon,2,burst_small,256,339,6141,6222
latency,rayon,2,burst_small,256,340,32587,32667
latency,rayon,2,burst_small,256,341,6452,6522
latency,rayon,2,burst_small,256,342,32747,32817
latency,rayon,2,burst_small,256,343,6663,6733
latency,rayon,2,burst_small,256,344,32848,32938
latency,rayon,2,burst_small,256,345,6863,6934
latency,rayon,2,burst_small,256,346,33058,33138
latency,rayon,2,burst_small,256,347,7204,7284
latency,rayon,2,burst_small,256,348,33219,33289
latency,rayon,2,burst_small,256,349,7564,7634
latency,rayon,2,burst_small,256,350,33369,33449
latency,rayon,2,burst_small,256,351,7755,7835
latency,rayon,2,burst_small,256,352,33559,33629
latency,rayon,2,burst_small,256,353,8035,8115
latency,rayon,2,burst_small,256,354,33879,33959
latency,rayon,2,burst_small,256,355,8506,8576
latency,rayon,2,burst_small,256,356,8846,8926
latency,rayon,2,burst_small,256,357,34190,34260
latency,rayon,2,burst_small,256,358,9128,9198
latency,rayon,2,burst_small,256,359,34340,34410
latency,rayon,2,burst_small,256,360,9408,9488
latency,rayon,2,burst_small,256,361,34490,34571
latency,rayon,2,burst_small,256,362,9608,9688
latency,rayon,2,burst_small,256,363,9839,9909
latency,rayon,2,burst_small,256,364,34681,34791
latency,rayon,2,burst_small,256,365,34951,35022
latency,rayon,2,burst_small,256,366,10239,10309
latency,rayon,2,burst_small,256,367,35122,35202
latency,rayon,2,burst_small,256,368,10591,10671
latency,rayon,2,burst_small,256,369,10941,11011
latency,rayon,2,burst_small,256,370,35372,35483
latency,rayon,2,burst_small,256,371,11282,11382
latency,rayon,2,burst_small,256,372,35693,35773
latency,rayon,2,burst_small,256,373,35974,36054
latency,rayon,2,burst_small,256,374,11762,11833
latency,rayon,2,burst_small,256,375,12193,12283
latency,rayon,2,burst_small,256,376,36304,36375
latency,rayon,2,burst_small,256,377,12564,12664
latency,rayon,2,burst_small,256,378,36595,36665
latency,rayon,2,burst_small,256,379,12924,12994
latency,rayon,2,burst_small,256,380,36866,36946
latency,rayon,2,burst_small,256,381,13245,13315
latency,rayon,2,burst_small,256,382,37045,37115
latency,rayon,2,burst_small,256,383,13616,13686
latency,rayon,2,burst_small,256,384,37286,37366
latency,rayon,2,burst_small,256,385,13887,13977
latency,rayon,2,burst_small,256,386,37506,37576
latency,rayon,2,burst_small,256,387,14127,14197
latency,rayon,2,burst_small,256,388,37717,37787
latency,rayon,2,burst_small,256,389,14447,14517
latency,rayon,2,burst_small,256,390,37857,37937
latency,rayon,2,burst_small,256,391,14658,14728
latency,rayon,2,burst_small,256,392,14948,15028
latency,rayon,2,burst_small,256,393,38168,38238
latency,rayon,2,burst_small,256,394,15188,15279
latency,rayon,2,burst_small,256,395,38328,38398
latency,rayon,2,burst_small,256,396,15470,15550
latency,rayon,2,burst_small,256,397,38488,38578
latency,rayon,2,burst_small,256,398,15670,15750
latency,rayon,2,burst_small,256,399,38769,38839
latency,rayon,2,burst_small,256,400,15991,16061
latency,rayon,2,burst_small,256,401,16401,16491
latency,rayon,2,burst_small,256,402,39090,39160
latency,rayon,2,burst_small,256,403,16852,16942
latency,rayon,2,burst_small,256,404,39390,39460
latency,rayon,2,burst_small,256,405,17112,17182
latency,rayon,2,burst_small,256,406,39621,39691
latency,rayon,2,burst_small,256,407,17323,17393
latency,rayon,2,burst_small,256,408,39811,39881
latency,rayon,2,burst_small,256,409,17573,17653
latency,rayon,2,burst_small,256,410,18065,18155
latency,rayon,2,burst_small,256,411,40121,40191
latency,rayon,2,burst_small,256,412,18275,18365
latency,rayon,2,burst_small,256,413,40281,40361
latency,rayon,2,burst_small,256,414,18485,18575
latency,rayon,2,burst_small,256,415,40442,40522
latency,rayon,2,burst_small,256,416,18735,18826
latency,rayon,2,burst_small,256,417,40622,40692
latency,rayon,2,burst_small,256,418,19046,19126
latency,rayon,2,burst_small,256,419,40943,41023
latency,rayon,2,burst_small,256,420,19426,19497
latency,rayon,2,burst_small,256,421,41243,41324
latency,rayon,2,burst_small,256,422,19817,19887
latency,rayon,2,burst_small,256,423,41534,41614
latency,rayon,2,burst_small,256,424,20199,20279
latency,rayon,2,burst_small,256,425,20519,20609
latency,rayon,2,burst_small,256,426,41805,41875
latency,rayon,2,burst_small,256,427,20770,20840
latency,rayon,2,burst_small,256,428,41955,42035
latency,rayon,2,burst_small,256,429,20980,21070
latency,rayon,2,burst_small,256,430,42105,42175
latency,rayon,2,burst_small,256,431,21220,21310
latency,rayon,2,burst_small,256,432,42256,42336
latency,rayon,2,burst_small,256,433,21561,21671
latency,rayon,2,burst_small,256,434,42406,42476
latency,rayon,2,burst_small,256,435,21801,21891
latency,rayon,2,burst_small,256,436,42565,42636
latency,rayon,2,burst_small,256,437,22021,22121
latency,rayon,2,burst_small,256,438,42716,42786
latency,rayon,2,burst_small,256,439,22293,22383
latency,rayon,2,burst_small,256,440,42836,42926
latency,rayon,2,burst_small,256,441,22583,22663
latency,rayon,2,burst_small,256,442,22813,22883
latency,rayon,2,burst_small,256,443,42967,43077
latency,rayon,2,burst_small,256,444,23084,23154
latency,rayon,2,burst_small,256,445,43227,43307
latency,rayon,2,burst_small,256,446,23304,23374
latency,rayon,2,burst_small,256,447,43378,43458
latency,rayon,2,burst_small,256,448,43618,43688
latency,rayon,2,burst_small,256,449,43768,43849
latency,rayon,2,burst_small,256,450,43909,43979
latency,rayon,2,burst_small,256,451,43999,44069
latency,rayon,2,burst_small,256,452,44169,44240
latency,rayon,2,burst_small,256,453,44289,44359
latency,rayon,2,burst_small,256,454,44419,44489
latency,rayon,2,burst_small,256,455,44589,44680
latency,rayon,2,burst_small,256,456,44760,44830
latency,rayon,2,burst_small,256,457,44910,44980
latency,rayon,2,burst_small,256,458,45051,45121
latency,rayon,2,burst_small,256,459,45271,45341
latency,rayon,2,burst_small,256,460,45471,45542
latency,rayon,2,burst_small,256,461,40753,40823
latency,rayon,2,burst_small,256,462,26410,26480
latency,rayon,2,burst_small,256,463,40732,40802
latency,rayon,2,burst_small,256,464,26720,26801
latency,rayon,2,burst_small,256,465,40913,40993
latency,rayon,2,burst_small,256,466,26981,27051
latency,rayon,2,burst_small,256,467,41073,41143
latency,rayon,2,burst_small,256,468,27292,27362
latency,rayon,2,burst_small,256,469,27583,27653
latency,rayon,2,burst_small,256,470,41254,41324
latency,rayon,2,burst_small,256,471,27783,27853
latency,rayon,2,burst_small,256,472,41373,41463
latency,rayon,2,burst_small,256,473,28033,28113
latency,rayon,2,burst_small,256,474,41444,41544
latency,rayon,2,burst_small,256,475,28374,28444
latency,rayon,2,burst_small,256,476,41754,41825
latency,rayon,2,burst_small,256,477,28774,28844
latency,rayon,2,burst_small,256,478,29075,29155
latency,rayon,2,burst_small,256,479,42035,42105
latency,rayon,2,burst_small,256,480,32597,32667
latency,rayon,2,burst_small,256,481,33619,33699
latency,rayon,2,burst_small,256,482,33819,33890
latency,rayon,2,burst_small,256,483,31139,31209
latency,rayon,2,burst_small,256,484,33910,33980
latency,rayon,2,burst_small,256,485,31410,31480
latency,rayon,2,burst_small,256,486,33959,34029
latency,rayon,2,burst_small,256,487,31620,31690
latency,rayon,2,burst_small,256,488,34090,34170
latency,rayon,2,burst_small,256,489,31920,32000
latency,rayon,2,burst_small,256,490,34210,34280
latency,rayon,2,burst_small,256,491,32462,32532
latency,rayon,2,burst_small,256,492,32772,32862
latency,rayon,2,burst_small,256,493,34370,34441
latency,rayon,2,burst_small,256,494,33093,33173
latency,rayon,2,burst_small,256,495,34601,34671
latency,rayon,2,burst_small,256,496,33333,33423
latency,rayon,2,burst_small,256,497,34741,34811
latency,rayon,2,burst_small,256,498,33653,33733
latency,rayon,2,burst_small,256,499,34822,34912
latency,rayon,2,burst_small,256,500,33865,33935
latency,rayon,2,burst_small,256,501,34991,35061
latency,rayon,2,burst_small,256,502,34135,34205
latency,rayon,2,burst_small,256,503,34486,34556
latency,rayon,2,burst_small,256,504,35302,35372
latency,rayon,2,burst_small,256,505,34766,34846
latency,rayon,2,burst_small,256,506,35312,35393
latency,rayon,2,burst_small,256,507,34976,35046
latency,rayon,2,burst_small,256,508,35317,35387
latency,rayon,2,burst_small,256,509,35513,35613
latency,rayon,2,burst_small,256,510,35617,35697
latency,rayon,2,burst_small,256,511,35993,36093
latency,rayon,2,burst_small,256,512,11311,11451
latency,rayon,2,burst_small,256,513,12434,12514
latency,rayon,2,burst_small,256,514,12694,12774
latency,rayon,2,burst_small,256,515,13025,13095
latency,rayon,2,burst_small,256,516,13265,13336
latency,rayon,2,burst_small,256,517,15308,15388
latency,rayon,2,burst_small,256,518,15609,15679
latency,rayon,2,burst_small,256,519,15819,15890
latency,rayon,2,burst_small,256,520,15980,16050
latency,rayon,2,burst_small,256,521,16421,16501
latency,rayon,2,burst_small,256,522,16641,16722
latency,rayon,2,burst_small,256,523,16882,16952
latency,rayon,2,burst_small,256,524,17152,17223
latency,rayon,2,burst_small,256,525,17433,17503
latency,rayon,2,burst_small,256,526,17694,17764
latency,rayon,2,burst_small,256,527,18024,18094
latency,rayon,2,burst_small,256,528,18164,18234
latency,rayon,2,burst_small,256,529,18545,18615
latency,rayon,2,burst_small,256,530,18765,18835
latency,rayon,2,burst_small,256,531,18945,19046
latency,rayon,2,burst_small,256,532,19206,19276
latency,rayon,2,burst_small,256,533,200,321
latency,rayon,2,burst_small,256,534,19376,19456
latency,rayon,2,burst_small,256,535,621,691
latency,rayon,2,burst_small,256,536,19697,19767
latency,rayon,2,burst_small,256,537,851,942
latency,rayon,2,burst_small,256,538,19867,19968
latency,rayon,2,burst_small,256,539,1072,1152
latency,rayon,2,burst_small,256,540,20168,20248
latency,rayon,2,burst_small,256,541,1593,1674
latency,rayon,2,burst_small,256,542,20379,20449
latency,rayon,2,burst_small,256,543,1854,1924
latency,rayon,2,burst_small,256,544,2174,2265
latency,rayon,2,burst_small,256,545,20689,20769
latency,rayon,2,burst_small,256,546,2735,2805
latency,rayon,2,burst_small,256,547,21110,21180
latency,rayon,2,burst_small,256,548,3146,3216
latency,rayon,2,burst_small,256,549,21391,21471
latency,rayon,2,burst_small,256,550,3466,3557
latency,rayon,2,burst_small,256,551,21681,21761
latency,rayon,2,burst_small,256,552,3917,3997
latency,rayon,2,burst_small,256,553,22002,22082
latency,rayon,2,burst_small,256,554,4409,4479
latency,rayon,2,burst_small,256,555,22342,22422
latency,rayon,2,burst_small,256,556,4689,4789
latency,rayon,2,burst_small,256,557,22472,22542
latency,rayon,2,burst_small,256,558,4919,5000
latency,rayon,2,burst_small,256,559,22642,22733
latency,rayon,2,burst_small,256,560,5140,5210
latency,rayon,2,burst_small,256,561,22913,22983
latency,rayon,2,burst_small,256,562,5490,5570
latency,rayon,2,burst_small,256,563,23093,23164
latency,rayon,2,burst_small,256,564,5801,5881
latency,rayon,2,burst_small,256,565,23334,23404
latency,rayon,2,burst_small,256,566,6121,6201
latency,rayon,2,burst_small,256,567,23514,23614
latency,rayon,2,burst_small,256,568,6352,6432
latency,rayon,2,burst_small,256,569,23805,23885
latency,rayon,2,burst_small,256,570,6793,6873
latency,rayon,2,burst_small,256,571,23915,23986
latency,rayon,2,burst_small,256,572,7254,7334
latency,rayon,2,burst_small,256,573,7604,7694
latency,rayon,2,burst_small,256,574,24185,24255
latency,rayon,2,burst_small,256,575,7845,7925
latency,rayon,2,burst_small,256,576,24306,24376
latency,rayon,2,burst_small,256,577,8085,8165
latency,rayon,2,burst_small,256,578,8657,8727
latency,rayon,2,burst_small,256,579,24646,24716
latency,rayon,2,burst_small,256,580,8877,8957
latency,rayon,2,burst_small,256,581,24857,24947
latency,rayon,2,burst_small,256,582,9167,9247
latency,rayon,2,burst_small,256,583,25117,25188
latency,rayon,2,burst_small,256,584,9488,9568
latency,rayon,2,burst_small,256,585,25418,25498
latency,rayon,2,burst_small,256,586,9928,9998
latency,rayon,2,burst_small,256,587,10410,10480
latency,rayon,2,burst_small,256,588,25789,25859
latency,rayon,2,burst_small,256,589,10610,10690
latency,rayon,2,burst_small,256,590,25939,26029
latency,rayon,2,burst_small,256,591,10821,10891
latency,rayon,2,burst_small,256,592,26180,26280
latency,rayon,2,burst_small,256,593,11171,11251
latency,rayon,2,burst_small,256,594,26439,26520
latency,rayon,2,burst_small,256,595,11572,11652
latency,rayon,2,burst_small,256,596,26650,26730
latency,rayon,2,burst_small,256,597,11912,11982
latency,rayon,2,burst_small,256,598,12303,12393
latency,rayon,2,burst_small,256,599,27001,27071
latency,rayon,2,burst_small,256,600,12745,12835
latency,rayon,2,burst_small,256,601,27321,27402
latency,rayon,2,burst_small,256,602,13115,13205
latency,rayon,2,burst_small,256,603,27592,27672
latency,rayon,2,burst_small,256,604,13496,13586
latency,rayon,2,burst_small,256,605,27863,27943
latency,rayon,2,burst_small,256,606,28163,28243
latency,rayon,2,burst_small,256,607,13986,14057
latency,rayon,2,burst_small,256,608,28474,28554
latency,rayon,2,burst_small,256,609,14487,14557
latency,rayon,2,burst_small,256,610,14899,14979
latency,rayon,2,burst_small,256,611,28775,28845
latency,rayon,2,burst_small,256,612,15109,15179
latency,rayon,2,burst_small,256,613,28935,29005
latency,rayon,2,burst_small,256,614,15309,15389
latency,rayon,2,burst_small,256,615,29125,29196
latency,rayon,2,burst_small,256,616,15560,15640
latency,rayon,2,burst_small,256,617,15890,15980
latency,rayon,2,burst_small,256,618,29415,29485
latency,rayon,2,burst_small,256,619,16220,16291
latency,rayon,2,burst_small,256,620,29565,29646
latency,rayon,2,burst_small,256,621,16421,16511
latency,rayon,2,burst_small,256,622,29716,29796
latency,rayon,2,burst_small,256,623,16641,16711
latency,rayon,2,burst_small,256,624,29886,29956
latency,rayon,2,burst_small,256,625,16872,16953
latency,rayon,2,burst_small,256,626,30177,30247
latency,rayon,2,burst_small,256,627,17303,17383
latency,rayon,2,burst_small,256,628,27232,27302
latency,rayon,2,burst_small,256,629,17724,17804
latency,rayon,2,burst_small,256,630,27532,27602
latency,rayon,2,burst_small,256,631,18104,18175
latency,rayon,2,burst_small,256,632,27693,27773
latency,rayon,2,burst_small,256,633,18425,18505
latency,rayon,2,burst_small,256,634,27952,28032
latency,rayon,2,burst_small,256,635,18936,19006
latency,rayon,2,burst_small,256,636,19627,19697
latency,rayon,2,burst_small,256,637,28283,28353
latency,rayon,2,burst_small,256,638,20649,20740
latency,rayon,2,burst_small,256,639,28443,28523
latency,rayon,2,burst_small,256,640,20920,21000
latency,rayon,2,burst_small,256,641,28614,28704
latency,rayon,2,burst_small,256,642,21180,21270
latency,rayon,2,burst_small,256,643,28834,28904
latency,rayon,2,burst_small,256,644,21411,21481
latency,rayon,2,burst_small,256,645,21691,21771
latency,rayon,2,burst_small,256,646,29015,29085
latency,rayon,2,burst_small,256,647,21891,21971
latency,rayon,2,burst_small,256,648,29165,29245
latency,rayon,2,burst_small,256,649,22102,22172
latency,rayon,2,burst_small,256,650,29346,29416
latency,rayon,2,burst_small,256,651,22292,22372
latency,rayon,2,burst_small,256,652,29616,29696
latency,rayon,2,burst_small,256,653,22632,22703
latency,rayon,2,burst_small,256,654,29887,29957
latency,rayon,2,burst_small,256,655,22993,23063
latency,rayon,2,burst_small,256,656,23325,23395
latency,rayon,2,burst_small,256,657,30146,30257
latency,rayon,2,burst_small,256,658,23555,23625
latency,rayon,2,burst_small,256,659,30347,30427
latency,rayon,2,burst_small,256,660,23825,23925
latency,rayon,2,burst_small,256,661,30517,30607
latency,rayon,2,burst_small,256,662,24046,24126
latency,rayon,2,burst_small,256,663,30748,30828
latency,rayon,2,burst_small,256,664,24286,24366
latency,rayon,2,burst_small,256,665,24566,24647
latency,rayon,2,burst_small,256,666,30968,31038
latency,rayon,2,burst_small,256,667,24917,24997
latency,rayon,2,burst_small,256,668,31249,31319
latency,rayon,2,burst_small,256,669,25197,25267
latency,rayon,2,burst_small,256,670,31409,31479
latency,rayon,2,burst_small,256,671,25449,25539
latency,rayon,2,burst_small,256,672,31570,31660
latency,rayon,2,burst_small,256,673,25709,25779
latency,rayon,2,burst_small,256,674,31770,31860
latency,rayon,2,burst_small,256,675,25939,26019
latency,rayon,2,burst_small,256,676,26370,26440
latency,rayon,2,burst_small,256,677,32101,32171
latency,rayon,2,burst_small,256,678,26661,26731
latency,rayon,2,burst_small,256,679,32341,32422
latency,rayon,2,burst_small,256,680,26891,26961
latency,rayon,2,burst_small,256,681,32512,32582
latency,rayon,2,burst_small,256,682,27251,27321
latency,rayon,2,burst_small,256,683,32721,32801
latency,rayon,2,burst_small,256,684,27493,27573
latency,rayon,2,burst_small,256,685,33032,33112
latency,rayon,2,burst_small,256,686,27943,28013
latency,rayon,2,burst_small,256,687,33222,33292
latency,rayon,2,burst_small,256,688,28314,28384
latency,rayon,2,burst_small,256,689,33523,33593
latency,rayon,2,burst_small,256,690,28664,28744
latency,rayon,2,burst_small,256,691,33824,33904
latency,rayon,2,burst_small,256,692,29045,29125
latency,rayon,2,burst_small,256,693,29325,29405
latency,rayon,2,burst_small,256,694,34034,34114
latency,rayon,2,burst_small,256,695,29636,29726
latency,rayon,2,burst_small,256,696,34285,34355
latency,rayon,2,burst_small,256,697,29906,30006
latency,rayon,2,burst_small,256,698,34475,34545
latency,rayon,2,burst_small,256,699,30278,30358
latency,rayon,2,burst_small,256,700,34766,34836
latency,rayon,2,burst_small,256,701,30618,30708
latency,rayon,2,burst_small,256,702,34916,35006
latency,rayon,2,burst_small,256,703,30838,30909
latency,rayon,2,burst_small,256,704,35187,35267
latency,rayon,2,burst_small,256,705,35437,35517
latency,rayon,2,burst_small,256,706,35618,35688
latency,rayon,2,burst_small,256,707,35717,35797
latency,rayon,2,burst_small,256,708,35867,35937
latency,rayon,2,burst_small,256,709,35998,36068
latency,rayon,2,burst_small,256,710,36148,36228
latency,rayon,2,burst_small,256,711,36308,36389
latency,rayon,2,burst_small,256,712,36459,36539
latency,rayon,2,burst_small,256,713,36599,36669
latency,rayon,2,burst_small,256,714,36759,36840
latency,rayon,2,burst_small,256,715,36930,37010
latency,rayon,2,burst_small,256,716,37210,37281
latency,rayon,2,burst_small,256,717,37381,37451
latency,rayon,2,burst_small,256,718,34024,34094
latency,rayon,2,burst_small,256,719,37521,37601
latency,rayon,2,burst_small,256,720,34285,34355
latency,rayon,2,burst_small,256,721,37702,37782
latency,rayon,2,burst_small,256,722,34525,34615
latency,rayon,2,burst_small,256,723,37872,37942
latency,rayon,2,burst_small,256,724,34816,34886
latency,rayon,2,burst_small,256,725,38132,38212
latency,rayon,2,burst_small,256,726,35016,35086
latency,rayon,2,burst_small,256,727,38322,38412
latency,rayon,2,burst_small,256,728,35246,35316
latency,rayon,2,burst_small,256,729,38653,38733
latency,rayon,2,burst_small,256,730,35658,35738
latency,rayon,2,burst_small,256,731,36049,36139
latency,rayon,2,burst_small,256,732,38983,39054
latency,rayon,2,burst_small,256,733,39254,39324
latency,rayon,2,burst_small,256,734,36439,36519
latency,rayon,2,burst_small,256,735,36800,36890
latency,rayon,2,burst_small,256,736,39575,39655
latency,rayon,2,burst_small,256,737,39895,39966
latency,rayon,2,burst_small,256,738,40156,40236
latency,rayon,2,burst_small,256,739,40306,40386
latency,rayon,2,burst_small,256,740,40497,40567
latency,rayon,2,burst_small,256,741,40617,40687
latency,rayon,2,burst_small,256,742,40747,40828
latency,rayon,2,burst_small,256,743,39795,39875
latency,rayon,2,burst_small,256,744,39975,40055
latency,rayon,2,burst_small,256,745,38854,38934
latency,rayon,2,burst_small,256,746,40056,40126
latency,rayon,2,burst_small,256,747,40376,40456
latency,rayon,2,burst_small,256,748,39314,39385
latency,rayon,2,burst_small,256,749,39525,39595
latency,rayon,2,burst_small,256,750,39745,39825
latency,rayon,2,burst_small,256,751,40867,40957
latency,rayon,2,burst_small,256,752,39955,40036
latency,rayon,2,burst_small,256,753,41048,41128
latency,rayon,2,burst_small,256,754,40276,40346
latency,rayon,2,burst_small,256,755,41248,41318
latency,rayon,2,burst_small,256,756,40647,40727
latency,rayon,2,burst_small,256,757,40947,41027
latency,rayon,2,burst_small,256,758,41518,41588
latency,rayon,2,burst_small,256,759,41349,41439
latency,rayon,2,burst_small,256,760,41839,41909
latency,rayon,2,burst_small,256,761,41759,41830
latency,rayon,2,burst_small,256,762,42139,42209
latency,rayon,2,burst_small,256,763,42450,42520
latency,rayon,2,burst_small,256,764,42190,42260
latency,rayon,2,burst_small,256,765,42630,42701
latency,rayon,2,burst_small,256,766,42451,42521
latency,rayon,2,burst_small,256,767,42731,42801
latency,rayon,2,burst_small,256,768,11366,11507
latency,rayon,2,burst_small,256,769,12429,12509
latency,rayon,2,burst_small,256,770,12749,12820
latency,rayon,2,burst_small,256,771,13060,13140
latency,rayon,2,burst_small,256,772,13351,13421
latency,rayon,2,burst_small,256,773,13741,13812
latency,rayon,2,burst_small,256,774,14072,14142
latency,rayon,2,burst_small,256,775,14343,14413
latency,rayon,2,burst_small,256,776,14422,14492
latency,rayon,2,burst_small,256,777,14773,14843
latency,rayon,2,burst_small,256,778,15054,15124
latency,rayon,2,burst_small,256,779,16767,16837
latency,rayon,2,burst_small,256,780,17047,17118
latency,rayon,2,burst_small,256,781,17298,17368
latency,rayon,2,burst_small,256,782,17508,17579
latency,rayon,2,burst_small,256,783,17769,17849
latency,rayon,2,burst_small,256,784,17960,18030
latency,rayon,2,burst_small,256,785,18290,18360
latency,rayon,2,burst_small,256,786,18520,18590
latency,rayon,2,burst_small,256,787,291,421
latency,rayon,2,burst_small,256,788,18670,18750
latency,rayon,2,burst_small,256,789,661,742
latency,rayon,2,burst_small,256,790,18951,19031
latency,rayon,2,burst_small,256,791,922,1012
latency,rayon,2,burst_small,256,792,19111,19191
latency,rayon,2,burst_small,256,793,1312,1402
latency,rayon,2,burst_small,256,794,19281,19351
latency,rayon,2,burst_small,256,795,1523,1594
latency,rayon,2,burst_small,256,796,19452,19532
latency,rayon,2,burst_small,256,797,1734,1814
latency,rayon,2,burst_small,256,798,2014,2084
latency,rayon,2,burst_small,256,799,19642,19712
latency,rayon,2,burst_small,256,800,2354,2425
latency,rayon,2,burst_small,256,801,19963,20043
latency,rayon,2,burst_small,256,802,2966,3046
latency,rayon,2,burst_small,256,803,20354,20434
latency,rayon,2,burst_small,256,804,3216,3286
latency,rayon,2,burst_small,256,805,20604,20684
latency,rayon,2,burst_small,256,806,3476,3556
latency,rayon,2,burst_small,256,807,20785,20855
latency,rayon,2,burst_small,256,808,3768,3838
latency,rayon,2,burst_small,256,809,20965,21035
latency,rayon,2,burst_small,256,810,3988,4068
latency,rayon,2,burst_small,256,811,21185,21256
latency,rayon,2,burst_small,256,812,4378,4449
latency,rayon,2,burst_small,256,813,21406,21476
latency,rayon,2,burst_small,256,814,4709,4779
latency,rayon,2,burst_small,256,815,21727,21807
latency,rayon,2,burst_small,256,816,5210,5280
latency,rayon,2,burst_small,256,817,5681,5761
latency,rayon,2,burst_small,256,818,22106,22177
latency,rayon,2,burst_small,256,819,5891,5972
latency,rayon,2,burst_small,256,820,6142,6212
latency,rayon,2,burst_small,256,821,22287,22387
latency,rayon,2,burst_small,256,822,6472,6562
latency,rayon,2,burst_small,256,823,22507,22588
latency,rayon,2,burst_small,256,824,6883,6953
latency,rayon,2,burst_small,256,825,22828,22898
latency,rayon,2,burst_small,256,826,7744,7825
latency,rayon,2,burst_small,256,827,23099,23179
latency,rayon,2,burst_small,256,828,8025,8115
latency,rayon,2,burst_small,256,829,23109,23189
latency,rayon,2,burst_small,256,830,8356,8426
latency,rayon,2,burst_small,256,831,23330,23400
latency,rayon,2,burst_small,256,832,8647,8737
latency,rayon,2,burst_small,256,833,23510,23580
latency,rayon,2,burst_small,256,834,9357,9448
latency,rayon,2,burst_small,256,835,23871,23941
latency,rayon,2,burst_small,256,836,9729,9799
latency,rayon,2,burst_small,256,837,24051,24131
latency,rayon,2,burst_small,256,838,9939,10009
latency,rayon,2,burst_small,256,839,24210,24281
latency,rayon,2,burst_small,256,840,10140,10220
latency,rayon,2,burst_small,256,841,24381,24451
latency,rayon,2,burst_small,256,842,10350,10420
latency,rayon,2,burst_small,256,843,24641,24712
latency,rayon,2,burst_small,256,844,10650,10720
latency,rayon,2,burst_small,256,845,24932,25042
latency,rayon,2,burst_small,256,846,11051,11131
latency,rayon,2,burst_small,256,847,11442,11532
latency,rayon,2,burst_small,256,848,25313,25383
latency,rayon,2,burst_small,256,849,11712,11802
latency,rayon,2,burst_small,256,850,25533,25614
latency,rayon,2,burst_small,256,851,11943,12023
latency,rayon,2,burst_small,256,852,25694,25774
latency,rayon,2,burst_small,256,853,12143,12243
latency,rayon,2,burst_small,256,854,25844,25914
latency,rayon,2,burst_small,256,855,12413,12503
latency,rayon,2,burst_small,256,856,26004,26105
latency,rayon,2,burst_small,256,857,12633,12714
latency,rayon,2,burst_small,256,858,12995,13085
latency,rayon,2,burst_small,256,859,26375,26455
latency,rayon,2,burst_small,256,860,13286,13356
latency,rayon,2,burst_small,256,861,26636,26706
latency,rayon,2,burst_small,256,862,13636,13706
latency,rayon,2,burst_small,256,863,26826,26896
latency,rayon,2,burst_small,256,864,13866,13936
latency,rayon,2,burst_small,256,865,27147,27217
latency,rayon,2,burst_small,256,866,14267,14347
latency,rayon,2,burst_small,256,867,27427,27497
latency,rayon,2,burst_small,256,868,14677,14748
latency,rayon,2,burst_small,256,869,15099,15169
latency,rayon,2,burst_small,256,870,27687,27767
latency,rayon,2,burst_small,256,871,15309,15379
latency,rayon,2,burst_small,256,872,27848,27918
latency,rayon,2,burst_small,256,873,15510,15590
latency,rayon,2,burst_small,256,874,27998,28088
latency,rayon,2,burst_small,256,875,15760,15840
latency,rayon,2,burst_small,256,876,28238,28319
latency,rayon,2,burst_small,256,877,16180,16251
latency,rayon,2,burst_small,256,878,28439,28509
latency,rayon,2,burst_small,256,879,16391,16461
latency,rayon,2,burst_small,256,880,28780,28850
latency,rayon,2,burst_small,256,881,16821,16902
latency,rayon,2,burst_small,256,882,17182,17272
latency,rayon,2,burst_small,256,883,29090,29160
latency,rayon,2,burst_small,256,884,17453,17534
latency,rayon,2,burst_small,256,885,29301,29371
latency,rayon,2,burst_small,256,886,17704,17774
latency,rayon,2,burst_small,256,887,28499,28579
latency,rayon,2,burst_small,256,888,17904,17984
latency,rayon,2,burst_small,256,889,18195,18285
latency,rayon,2,burst_small,256,890,28690,28760
latency,rayon,2,burst_small,256,891,18415,18495
latency,rayon,2,burst_small,256,892,28800,28880
latency,rayon,2,burst_small,256,893,18715,18805
latency,rayon,2,burst_small,256,894,28970,29050
latency,rayon,2,burst_small,256,895,18986,19056
latency,rayon,2,burst_small,256,896,29180,29250
latency,rayon,2,burst_small,256,897,19327,19397
latency,rayon,2,burst_small,256,898,19828,19918
latency,rayon,2,burst_small,256,899,29661,29731
latency,rayon,2,burst_small,256,900,20048,20128
latency,rayon,2,burst_small,256,901,29832,29902
latency,rayon,2,burst_small,256,902,20279,20359
latency,rayon,2,burst_small,256,903,29992,30072
latency,rayon,2,burst_small,256,904,20519,20589
latency,rayon,2,burst_small,256,905,20799,20890
latency,rayon,2,burst_small,256,906,30273,30343
latency,rayon,2,burst_small,256,907,21020,21110
latency,rayon,2,burst_small,256,908,30423,30493
latency,rayon,2,burst_small,256,909,21250,21340
latency,rayon,2,burst_small,256,910,30573,30664
latency,rayon,2,burst_small,256,911,21480,21561
latency,rayon,2,burst_small,256,912,30704,30784
latency,rayon,2,burst_small,256,913,21681,21761
latency,rayon,2,burst_small,256,914,30873,30943
latency,rayon,2,burst_small,256,915,21891,21961
latency,rayon,2,burst_small,256,916,22293,22383
latency,rayon,2,burst_small,256,917,31224,31304
latency,rayon,2,burst_small,256,918,22683,22773
latency,rayon,2,burst_small,256,919,31394,31474
latency,rayon,2,burst_small,256,920,23164,23254
latency,rayon,2,burst_small,256,921,31725,31795
latency,rayon,2,burst_small,256,922,23604,23684
latency,rayon,2,burst_small,256,923,32036,32106
latency,rayon,2,burst_small,256,924,23856,23926
latency,rayon,2,burst_small,256,925,32206,32276
latency,rayon,2,burst_small,256,926,24076,24146
latency,rayon,2,burst_small,256,927,32467,32547
latency,rayon,2,burst_small,256,928,24427,24497
latency,rayon,2,burst_small,256,929,24837,24927
latency,rayon,2,burst_small,256,930,32797,32867
latency,rayon,2,burst_small,256,931,25238,25318
latency,rayon,2,burst_small,256,932,32988,33058
latency,rayon,2,burst_small,256,933,25618,25708
latency,rayon,2,burst_small,256,934,33268,33339
latency,rayon,2,burst_small,256,935,25959,26049
latency,rayon,2,burst_small,256,936,33549,33629
latency,rayon,2,burst_small,256,937,33810,33880
latency,rayon,2,burst_small,256,938,26369,26440
latency,rayon,2,burst_small,256,939,26821,26911
latency,rayon,2,burst_small,256,940,34119,34199
latency,rayon,2,burst_small,256,941,27242,27332
latency,rayon,2,burst_small,256,942,34390,34470
latency,rayon,2,burst_small,256,943,27662,27742
latency,rayon,2,burst_small,256,944,34700,34771
latency,rayon,2,burst_small,256,945,28023,28103
latency,rayon,2,burst_small,256,946,34931,35001
latency,rayon,2,burst_small,256,947,28233,28303
latency,rayon,2,burst_small,256,948,35091,35182
latency,rayon,2,burst_small,256,949,28443,28514
latency,rayon,2,burst_small,256,950,28684,28764
latency,rayon,2,burst_small,256,951,35292,35402
latency,rayon,2,burst_small,256,952,28965,29055
latency,rayon,2,burst_small,256,953,35563,35643
latency,rayon,2,burst_small,256,954,29186,29266
latency,rayon,2,burst_small,256,955,35753,35853
latency,rayon,2,burst_small,256,956,29396,29466
latency,rayon,2,burst_small,256,957,36014,36094
latency,rayon,2,burst_small,256,958,29707,29787
latency,rayon,2,burst_small,256,959,36264,36344
latency,rayon,2,burst_small,256,960,36455,36525
latency,rayon,2,burst_small,256,961,36635,36715
latency,rayon,2,burst_small,256,962,36794,36864
latency,rayon,2,burst_small,256,963,36885,36955
latency,rayon,2,burst_small,256,964,37025,37095
latency,rayon,2,burst_small,256,965,37165,37235
latency,rayon,2,burst_small,256,966,37336,37406
latency,rayon,2,burst_small,256,967,37456,37536
latency,rayon,2,burst_small,256,968,37596,37667
latency,rayon,2,burst_small,256,969,37717,37797
latency,rayon,2,burst_small,256,970,37867,37937
latency,rayon,2,burst_small,256,971,38017,38098
latency,rayon,2,burst_small,256,972,38188,38258
latency,rayon,2,burst_small,256,973,38348,38418
latency,rayon,2,burst_small,256,974,38568,38638
latency,rayon,2,burst_small,256,975,33103,33173
latency,rayon,2,burst_small,256,976,38788,38888
latency,rayon,2,burst_small,256,977,33323,33393
latency,rayon,2,burst_small,256,978,38989,39059
latency,rayon,2,burst_small,256,979,33694,33764
latency,rayon,2,burst_small,256,980,39159,39239
latency,rayon,2,burst_small,256,981,33954,34024
latency,rayon,2,burst_small,256,982,39320,39400
latency,rayon,2,burst_small,256,983,34195,34265
latency,rayon,2,burst_small,256,984,39620,39700
latency,rayon,2,burst_small,256,985,34545,34615
latency,rayon,2,burst_small,256,986,39881,39991
latency,rayon,2,burst_small,256,987,34896,34966
latency,rayon,2,burst_small,256,988,40171,40242
latency,rayon,2,burst_small,256,989,35236,35316
latency,rayon,2,burst_small,256,990,40352,40432
latency,rayon,2,burst_small,256,991,35548,35628
latency,rayon,2,burst_small,256,992,40673,40743
latency,rayon,2,burst_small,256,993,40873,40953
latency,rayon,2,burst_small,256,994,41123,41193
latency,rayon,2,burst_small,256,995,41443,41513
latency,rayon,2,burst_small,256,996,36970,37051
latency,rayon,2,burst_small,256,997,41604,41674
latency,rayon,2,burst_small,256,998,37301,37371
latency,rayon,2,burst_small,256,999,41874,41944
latency,rayon,2,burst_small,256,1000,37662,37732
latency,rayon,2,burst_small,256,1001,42165,42235
latency,rayon,2,burst_small,256,1002,37862,37952
latency,rayon,2,burst_small,256,1003,39079,39169
latency,rayon,2,burst_small,256,1004,38102,38172
latency,rayon,2,burst_small,256,1005,38303,38393
latency,rayon,2,burst_small,256,1006,39320,39400
latency,rayon,2,burst_small,256,1007,38643,38733
latency,rayon,2,burst_small,256,1008,39530,39600
latency,rayon,2,burst_small,256,1009,38984,39074
latency,rayon,2,burst_small,256,1010,39801,39881
latency,rayon,2,burst_small,256,1011,39394,39485
latency,rayon,2,burst_small,256,1012,40101,40171
latency,rayon,2,burst_small,256,1013,39695,39785
latency,rayon,2,burst_small,256,1014,40371,40451
latency,rayon,2,burst_small,256,1015,40005,40075
latency,rayon,2,burst_small,256,1016,40552,40622
latency,rayon,2,burst_small,256,1017,40227,40317
latency,rayon,2,burst_small,256,1018,40702,40772
latency,rayon,2,burst_small,256,1019,40457,40537
latency,rayon,2,burst_small,256,1020,40832,40943
latency,rayon,2,burst_small,256,1021,40687,40758
latency,rayon,2,burst_small,256,1022,41023,41123
latency,rayon,2,burst_small,256,1023,40988,41068
latency,rayon,2,burst_small,256,1024,6051,6192
latency,rayon,2,burst_small,256,1025,6842,6923
latency,rayon,2,burst_small,256,1026,7113,7183
latency,rayon,2,burst_small,256,1027,7333,7434
latency,rayon,2,burst_small,256,1028,7614,7684
latency,rayon,2,burst_small,256,1029,8035,8105
latency,rayon,2,burst_small,256,1030,8386,8466
latency,rayon,2,burst_small,256,1031,8556,8626
latency,rayon,2,burst_small,256,1032,8666,8746
latency,rayon,2,burst_small,256,1033,8876,8946
latency,rayon,2,burst_small,256,1034,9006,9077
latency,rayon,2,burst_small,256,1035,9137,9207
latency,rayon,2,burst_small,256,1036,9267,9337
latency,rayon,2,burst_small,256,1037,9397,9478
latency,rayon,2,burst_small,256,1038,9538,9608
latency,rayon,2,burst_small,256,1039,9688,9758
latency,rayon,2,burst_small,256,1040,9768,9838
latency,rayon,2,burst_small,256,1041,9929,9999
latency,rayon,2,burst_small,256,1042,10059,10139
latency,rayon,2,burst_small,256,1043,10199,10269
latency,rayon,2,burst_small,256,1044,11781,11882
latency,rayon,2,burst_small,256,1045,12052,12122
latency,rayon,2,burst_small,256,1046,12302,12383
latency,rayon,2,burst_small,256,1047,12463,12533
latency,rayon,2,burst_small,256,1048,12593,12673
latency,rayon,2,burst_small,256,1049,12814,12884
latency,rayon,2,burst_small,256,1050,13054,13124
latency,rayon,2,burst_small,256,1051,13225,13305
latency,rayon,2,burst_small,256,1052,13465,13575
latency,rayon,2,burst_small,256,1053,13746,13816
latency,rayon,2,burst_small,256,1054,13996,14076
latency,rayon,2,burst_small,256,1055,14227,14297
latency,rayon,2,burst_small,256,1056,14397,14467
latency,rayon,2,burst_small,256,1057,14638,14708
latency,rayon,2,burst_small,256,1058,14877,14947
latency,rayon,2,burst_small,256,1059,15118,15188
latency,rayon,2,burst_small,256,1060,15348,15428
latency,rayon,2,burst_small,256,1061,15629,15699
latency,rayon,2,burst_small,256,1062,15559,15629
latency,rayon,2,burst_small,256,1063,15740,15810
latency,rayon,2,burst_small,256,1064,15939,16010
latency,rayon,2,burst_small,256,1065,16160,16230
latency,rayon,2,burst_small,256,1066,16401,16481
latency,rayon,2,burst_small,256,1067,16631,16701
latency,rayon,2,burst_small,256,1068,16771,16842
latency,rayon,2,burst_small,256,1069,16932,17002
latency,rayon,2,burst_small,256,1070,17082,17162
latency,rayon,2,burst_small,256,1071,17393,17473
latency,rayon,2,burst_small,256,1072,17612,17683
latency,rayon,2,burst_small,256,1073,17773,17843
latency,rayon,2,burst_small,256,1074,18023,18094
latency,rayon,2,burst_small,256,1075,18264,18334
latency,rayon,2,burst_small,256,1076,18525,18595
latency,rayon,2,burst_small,256,1077,18745,18815
latency,rayon,2,burst_small,256,1078,18966,19046
latency,rayon,2,burst_small,256,1079,19196,19276
latency,rayon,2,burst_small,256,1080,291,411
latency,rayon,2,burst_small,256,1081,19336,19407
latency,rayon,2,burst_small,256,1082,681,772
latency,rayon,2,burst_small,256,1083,19637,19707
latency,rayon,2,burst_small,256,1084,962,1052
latency,rayon,2,burst_small,256,1085,19808,19878
latency,rayon,2,burst_small,256,1086,1222,1302
latency,rayon,2,burst_small,256,1087,19978,20058
latency,rayon,2,burst_small,256,1088,1452,1523
latency,rayon,2,burst_small,256,1089,20147,20227
latency,rayon,2,burst_small,256,1090,2013,2094
latency,rayon,2,burst_small,256,1091,20498,20578
latency,rayon,2,burst_small,256,1092,2264,2344
latency,rayon,2,burst_small,256,1093,2515,2595
latency,rayon,2,burst_small,256,1094,20999,21069
latency,rayon,2,burst_small,256,1095,2806,2876
latency,rayon,2,burst_small,256,1096,3036,3126
latency,rayon,2,burst_small,256,1097,21210,21290
latency,rayon,2,burst_small,256,1098,3256,3336
latency,rayon,2,burst_small,256,1099,21370,21440
latency,rayon,2,burst_small,256,1100,3497,3567
latency,rayon,2,burst_small,256,1101,20428,20529
latency,rayon,2,burst_small,256,1102,3727,3797
latency,rayon,2,burst_small,256,1103,20529,20599
latency,rayon,2,burst_small,256,1104,4037,4107
latency,rayon,2,burst_small,256,1105,20839,20910
latency,rayon,2,burst_small,256,1106,4468,4538
latency,rayon,2,burst_small,256,1107,4699,4769
latency,rayon,2,burst_small,256,1108,21029,21099
latency,rayon,2,burst_small,256,1109,5040,5110
latency,rayon,2,burst_small,256,1110,21079,21159
latency,rayon,2,burst_small,256,1111,5250,5320
latency,rayon,2,burst_small,256,1112,21240,21320
latency,rayon,2,burst_small,256,1113,5470,5540
latency,rayon,2,burst_small,256,1114,21390,21480
latency,rayon,2,burst_small,256,1115,5711,5781
latency,rayon,2,burst_small,256,1116,21631,21711
latency,rayon,2,burst_small,256,1117,6031,6101
latency,rayon,2,burst_small,256,1118,6322,6413
latency,rayon,2,burst_small,256,1119,21941,22011
latency,rayon,2,burst_small,256,1120,6523,6603
latency,rayon,2,burst_small,256,1121,6773,6853
latency,rayon,2,burst_small,256,1122,22132,22232
latency,rayon,2,burst_small,256,1123,7114,7184
latency,rayon,2,burst_small,256,1124,22382,22452
latency,rayon,2,burst_small,256,1125,7394,7484
latency,rayon,2,burst_small,256,1126,22593,22663
latency,rayon,2,burst_small,256,1127,7714,7805
latency,rayon,2,burst_small,256,1128,22843,22913
latency,rayon,2,burst_small,256,1129,7975,8055
latency,rayon,2,burst_small,256,1130,22994,23074
latency,rayon,2,burst_small,256,1131,8276,8366
latency,rayon,2,burst_small,256,1132,23063,23133
latency,rayon,2,burst_small,256,1133,8496,8567
latency,rayon,2,burst_small,256,1134,23223,23303
latency,rayon,2,burst_small,256,1135,8687,8767
latency,rayon,2,burst_small,256,1136,23474,23544
latency,rayon,2,burst_small,256,1137,9047,9117
latency,rayon,2,burst_small,256,1138,23624,23714
latency,rayon,2,burst_small,256,1139,9378,9458
latency,rayon,2,burst_small,256,1140,23915,23985
latency,rayon,2,burst_small,256,1141,9849,9919
latency,rayon,2,burst_small,256,1142,24085,24155
latency,rayon,2,burst_small,256,1143,10089,10159
latency,rayon,2,burst_small,256,1144,24256,24356
latency,rayon,2,burst_small,256,1145,10309,10379
latency,rayon,2,burst_small,256,1146,24606,24687
latency,rayon,2,burst_small,256,1147,10831,10901
latency,rayon,2,burst_small,256,1148,11091,11162
latency,rayon,2,burst_small,256,1149,24817,24887
latency,rayon,2,burst_small,256,1150,11352,11422
latency,rayon,2,burst_small,256,1151,25037,25108
latency,rayon,2,burst_small,256,1152,11682,11752
latency,rayon,2,burst_small,256,1153,25187,25257
latency,rayon,2,burst_small,256,1154,12143,12233
latency,rayon,2,burst_small,256,1155,25507,25588
latency,rayon,2,burst_small,256,1156,12684,12754
latency,rayon,2,burst_small,256,1157,25778,25848
latency,rayon,2,burst_small,256,1158,12985,13055
latency,rayon,2,burst_small,256,1159,25969,26049
latency,rayon,2,burst_small,256,1160,13275,13346
latency,rayon,2,burst_small,256,1161,26169,26239
latency,rayon,2,burst_small,256,1162,13496,13596
latency,rayon,2,burst_small,256,1163,26329,26420
latency,rayon,2,burst_small,256,1164,13716,13786
latency,rayon,2,burst_small,256,1165,26540,26610
latency,rayon,2,burst_small,256,1166,13936,14007
latency,rayon,2,burst_small,256,1167,26861,26941
latency,rayon,2,burst_small,256,1168,14417,14487
latency,rayon,2,burst_small,256,1169,27051,27131
latency,rayon,2,burst_small,256,1170,14788,14858
latency,rayon,2,burst_small,256,1171,27232,27312
latency,rayon,2,burst_small,256,1172,15059,15129
latency,rayon,2,burst_small,256,1173,27422,27502
latency,rayon,2,burst_small,256,1174,15339,15420
latency,rayon,2,burst_small,256,1175,27611,27702
latency,rayon,2,burst_small,256,1176,15620,15700
latency,rayon,2,burst_small,256,1177,27932,28002
latency,rayon,2,burst_small,256,1178,16041,16121
latency,rayon,2,burst_small,256,1179,16361,16451
latency,rayon,2,burst_small,256,1180,28193,28263
latency,rayon,2,burst_small,256,1181,16561,16641
latency,rayon,2,burst_small,256,1182,28343,28413
latency,rayon,2,burst_small,256,1183,16782,16872
latency,rayon,2,burst_small,256,1184,28493,28563
latency,rayon,2,burst_small,256,1185,17042,17132
latency,rayon,2,burst_small,256,1186,28654,28754
latency,rayon,2,burst_small,256,1187,17282,17362
latency,rayon,2,burst_small,256,1188,28864,28944
latency,rayon,2,burst_small,256,1189,17544,17614
latency,rayon,2,burst_small,256,1190,29085,29155
latency,rayon,2,burst_small,256,1191,17854,17934
latency,rayon,2,burst_small,256,1192,29225,29295
latency,rayon,2,burst_small,256,1193,18175,18255
latency,rayon,2,burst_small,256,1194,18625,18725
latency,rayon,2,burst_small,256,1195,29536,29616
latency,rayon,2,burst_small,256,1196,18906,18996
latency,rayon,2,burst_small,256,1197,29575,29655
latency,rayon,2,burst_small,256,1198,19226,19306
latency,rayon,2,burst_small,256,1199,29846,29916
latency,rayon,2,burst_small,256,1200,19537,19608
latency,rayon,2,burst_small,256,1201,30056,30127
latency,rayon,2,burst_small,256,1202,19758,19838
latency,rayon,2,burst_small,256,1203,20028,20118
latency,rayon,2,burst_small,256,1204,30267,30337
latency,rayon,2,burst_small,256,1205,20379,20459
latency,rayon,2,burst_small,256,1206,30477,30558
latency,rayon,2,burst_small,256,1207,20719,20809
latency,rayon,2,burst_small,256,1208,30588,30658
latency,rayon,2,burst_small,256,1209,20959,21040
latency,rayon,2,burst_small,256,1210,30728,30798
latency,rayon,2,burst_small,256,1211,21300,21380
latency,rayon,2,burst_small,256,1212,30999,31079
latency,rayon,2,burst_small,256,1213,21611,21691
latency,rayon,2,burst_small,256,1214,31158,31238
latency,rayon,2,burst_small,256,1215,21942,22012
latency,rayon,2,burst_small,256,1216,31278,31349
latency,rayon,2,burst_small,256,1217,31379,31449
latency,rayon,2,burst_small,256,1218,31569,31639
latency,rayon,2,burst_small,256,1219,31720,31790
latency,rayon,2,burst_small,256,1220,31820,31890
latency,rayon,2,burst_small,256,1221,31859,31930
latency,rayon,2,burst_small,256,1222,31990,32060
latency,rayon,2,burst_small,256,1223,32110,32190
latency,rayon,2,burst_small,256,1224,32260,32341
latency,rayon,2,burst_small,256,1225,32391,32461
latency,rayon,2,burst_small,256,1226,32541,32611
latency,rayon,2,burst_small,256,1227,32742,32812
latency,rayon,2,burst_small,256,1228,32892,32962
latency,rayon,2,burst_small,256,1229,33022,33093
latency,rayon,2,burst_small,256,1230,24877,24957
latency,rayon,2,burst_small,256,1231,32982,33082
latency,rayon,2,burst_small,256,1232,25097,25167
latency,rayon,2,burst_small,256,1233,25408,25478
latency,rayon,2,burst_small,256,1234,33232,33302
latency,rayon,2,burst_small,256,1235,25759,25839
latency,rayon,2,burst_small,256,1236,29626,29706
latency,rayon,2,burst_small,256,1237,25959,26040
latency,rayon,2,burst_small,256,1238,29495,29595
latency,rayon,2,burst_small,256,1239,26160,26240
latency,rayon,2,burst_small,256,1240,26410,26490
latency,rayon,2,burst_small,256,1241,29706,29786
latency,rayon,2,burst_small,256,1242,26750,26851
latency,rayon,2,burst_small,256,1243,29936,30006
latency,rayon,2,burst_small,256,1244,27101,27191
latency,rayon,2,burst_small,256,1245,30197,30277
latency,rayon,2,burst_small,256,1246,27512,27592
latency,rayon,2,burst_small,256,1247,30507,30588
latency,rayon,2,burst_small,256,1248,30728,30798
latency,rayon,2,burst_small,256,1249,30878,30948
latency,rayon,2,burst_small,256,1250,31089,31159
latency,rayon,2,burst_small,256,1251,31108,31188
latency,rayon,2,burst_small,256,1252,31229,31299
latency,rayon,2,burst_small,256,1253,28954,29035
latency,rayon,2,burst_small,256,1254,31389,31459
latency,rayon,2,burst_small,256,1255,29256,29326
latency,rayon,2,burst_small,256,1256,31589,31670
latency,rayon,2,burst_small,256,1257,29466,29536
latency,rayon,2,burst_small,256,1258,29706,29797
latency,rayon,2,burst_small,256,1259,31870,31940
latency,rayon,2,burst_small,256,1260,29997,30067
latency,rayon,2,burst_small,256,1261,31900,31970
latency,rayon,2,burst_small,256,1262,30237,30317
latency,rayon,2,burst_small,256,1263,32010,32080
latency,rayon,2,burst_small,256,1264,30447,30518
latency,rayon,2,burst_small,256,1265,30848,30938
latency,rayon,2,burst_small,256,1266,32231,32301
latency,rayon,2,burst_small,256,1267,31230,31310
latency,rayon,2,burst_small,256,1268,32461,32531
latency,rayon,2,burst_small,256,1269,31530,31600
latency,rayon,2,burst_small,256,1270,32622,32692
latency,rayon,2,burst_small,256,1271,31730,31820
latency,rayon,2,burst_small,256,1272,32691,32771
latency,rayon,2,burst_small,256,1273,32001,32071
latency,rayon,2,burst_small,256,1274,32791,32862
latency,rayon,2,burst_small,256,1275,32281,32351
latency,rayon,2,burst_small,256,1276,32882,32952
latency,rayon,2,burst_small,256,1277,32611,32682
latency,rayon,2,burst_small,256,1278,32872,32962
latency,rayon,2,burst_small,256,1279,32992,33063
latency,rayon,2,burst_small,256,1280,8506,8646
latency,rayon,2,burst_small,256,1281,9327,9407
latency,rayon,2,burst_small,256,1282,9557,9627
latency,rayon,2,burst_small,256,1283,9758,9828
latency,rayon,2,burst_small,256,1284,9908,9988
latency,rayon,2,burst_small,256,1285,10219,10299
latency,rayon,2,burst_small,256,1286,10369,10439
latency,rayon,2,burst_small,256,1287,10660,10760
latency,rayon,2,burst_small,256,1288,10730,10800
latency,rayon,2,burst_small,256,1289,10951,11061
latency,rayon,2,burst_small,256,1290,11832,11913
latency,rayon,2,burst_small,256,1291,12033,12103
latency,rayon,2,burst_small,256,1292,12242,12312
latency,rayon,2,burst_small,256,1293,12513,12593
latency,rayon,2,burst_small,256,1294,12703,12813
latency,rayon,2,burst_small,256,1295,13084,13154
latency,rayon,2,burst_small,256,1296,13204,13275
latency,rayon,2,burst_small,256,1297,13615,13685
latency,rayon,2,burst_small,256,1298,13916,13986
latency,rayon,2,burst_small,256,1299,14227,14297
latency,rayon,2,burst_small,256,1300,14507,14577
latency,rayon,2,burst_small,256,1301,14708,14778
latency,rayon,2,burst_small,256,1302,14918,14998
latency,rayon,2,burst_small,256,1303,15179,15259
latency,rayon,2,burst_small,256,1304,15359,15429
latency,rayon,2,burst_small,256,1305,15609,15689
latency,rayon,2,burst_small,256,1306,15879,15949
latency,rayon,2,burst_small,256,1307,16090,16160
latency,rayon,2,burst_small,256,1308,16280,16350
latency,rayon,2,burst_small,256,1309,16511,16581
latency,rayon,2,burst_small,256,1310,16721,16801
latency,rayon,2,burst_small,256,1311,16931,17012
latency,rayon,2,burst_small,256,1312,17102,17182
latency,rayon,2,burst_small,256,1313,17423,17493
latency,rayon,2,burst_small,256,1314,17653,17733
latency,rayon,2,burst_small,256,1315,17884,17964
latency,rayon,2,burst_small,256,1316,18144,18214
latency,rayon,2,burst_small,256,1317,18255,18335
latency,rayon,2,burst_small,256,1318,18504,18574
latency,rayon,2,burst_small,256,1319,18735,18815
latency,rayon,2,burst_small,256,1320,18745,18825
latency,rayon,2,burst_small,256,1321,200,311
latency,rayon,2,burst_small,256,1322,18815,18896
latency,rayon,2,burst_small,256,1323,521,601
latency,rayon,2,burst_small,256,1324,18946,19016
latency,rayon,2,burst_small,256,1325,751,831
latency,rayon,2,burst_small,256,1326,19146,19216
latency,rayon,2,burst_small,256,1327,1052,1122
latency,rayon,2,burst_small,256,1328,19386,19466
latency,rayon,2,burst_small,256,1329,1382,1452
latency,rayon,2,burst_small,256,1330,19576,19646
latency,rayon,2,burst_small,256,1331,1663,1743
latency,rayon,2,burst_small,256,1332,19837,19917
latency,rayon,2,burst_small,256,1333,2054,2124
latency,rayon,2,burst_small,256,1334,19987,20057
latency,rayon,2,burst_small,256,1335,2385,2465
latency,rayon,2,burst_small,256,1336,20128,20208
latency,rayon,2,burst_small,256,1337,2665,2735
latency,rayon,2,burst_small,256,1338,20338,20418
latency,rayon,2,burst_small,256,1339,2936,3006
latency,rayon,2,burst_small,256,1340,20609,20679
latency,rayon,2,burst_small,256,1341,3326,3396
latency,rayon,2,burst_small,256,1342,20789,20869
latency,rayon,2,burst_small,256,1343,3637,3707
latency,rayon,2,burst_small,256,1344,3997,4067
latency,rayon,2,burst_small,256,1345,21060,21170
latency,rayon,2,burst_small,256,1346,4479,4549
latency,rayon,2,burst_small,256,1347,21591,21681
latency,rayon,2,burst_small,256,1348,4789,4859
latency,rayon,2,burst_small,256,1349,21811,21912
latency,rayon,2,burst_small,256,1350,5090,5160
latency,rayon,2,burst_small,256,1351,5360,5440
latency,rayon,2,burst_small,256,1352,22021,22131
latency,rayon,2,burst_small,256,1353,5601,5681
latency,rayon,2,burst_small,256,1354,22241,22311
latency,rayon,2,burst_small,256,1355,5891,5971
latency,rayon,2,burst_small,256,1356,22472,22542
latency,rayon,2,burst_small,256,1357,6141,6211
latency,rayon,2,burst_small,256,1358,22732,22833
latency,rayon,2,burst_small,256,1359,6512,6582
latency,rayon,2,burst_small,256,1360,22953,23043
latency,rayon,2,burst_small,256,1361,6803,6884
latency,rayon,2,burst_small,256,1362,23103,23193
latency,rayon,2,burst_small,256,1363,7134,7204
latency,rayon,2,burst_small,256,1364,23394,23484
latency,rayon,2,burst_small,256,1365,7524,7595
latency,rayon,2,burst_small,256,1366,23675,23755
latency,rayon,2,burst_small,256,1367,7875,7945
latency,rayon,2,burst_small,256,1368,23965,24035
latency,rayon,2,burst_small,256,1369,8246,8326
latency,rayon,2,burst_small,256,1370,24146,24216
latency,rayon,2,burst_small,256,1371,8586,8656
latency,rayon,2,burst_small,256,1372,23464,23564
latency,rayon,2,burst_small,256,1373,8967,9037
latency,rayon,2,burst_small,256,1374,23545,23655
latency,rayon,2,burst_small,256,1375,9257,9337
latency,rayon,2,burst_small,256,1376,23774,23864
latency,rayon,2,burst_small,256,1377,9609,9679
latency,rayon,2,burst_small,256,1378,24005,24105
latency,rayon,2,burst_small,256,1379,9909,9989
latency,rayon,2,burst_small,256,1380,24325,24395
latency,rayon,2,burst_small,256,1381,10410,10480
latency,rayon,2,burst_small,256,1382,24616,24686
latency,rayon,2,burst_small,256,1383,10790,10861
latency,rayon,2,burst_small,256,1384,11141,11231
latency,rayon,2,burst_small,256,1385,24937,25017
latency,rayon,2,burst_small,256,1386,11441,11532
latency,rayon,2,burst_small,256,1387,25107,25177
latency,rayon,2,burst_small,256,1388,11943,12033
latency,rayon,2,burst_small,256,1389,25398,25468
latency,rayon,2,burst_small,256,1390,12284,12364
latency,rayon,2,burst_small,256,1391,25698,25779
latency,rayon,2,burst_small,256,1392,12524,12624
latency,rayon,2,burst_small,256,1393,25849,25919
latency,rayon,2,burst_small,256,1394,12774,12864
latency,rayon,2,burst_small,256,1395,25999,26069
latency,rayon,2,burst_small,256,1396,12995,13065
latency,rayon,2,burst_small,256,1397,26159,26230
latency,rayon,2,burst_small,256,1398,13225,13295
latency,rayon,2,burst_small,256,1399,13696,13766
latency,rayon,2,burst_small,256,1400,26449,26529
latency,rayon,2,burst_small,256,1401,14046,14126
latency,rayon,2,burst_small,256,1402,26680,26760
latency,rayon,2,burst_small,256,1403,14458,14528
latency,rayon,2,burst_small,256,1404,26960,27071
latency,rayon,2,burst_small,256,1405,27271,27351
latency,rayon,2,burst_small,256,1406,14879,14949
latency,rayon,2,burst_small,256,1407,27592,27672
latency,rayon,2,burst_small,256,1408,15289,15359
latency,rayon,2,burst_small,256,1409,27792,27902
latency,rayon,2,burst_small,256,1410,15640,15720
latency,rayon,2,burst_small,256,1411,28023,28093
latency,rayon,2,burst_small,256,1412,15890,15960
latency,rayon,2,burst_small,256,1413,28193,28283
latency,rayon,2,burst_small,256,1414,16201,16281
latency,rayon,2,burst_small,256,1415,16581,16651
latency,rayon,2,burst_small,256,1416,28534,28604
latency,rayon,2,burst_small,256,1417,16781,16872
latency,rayon,2,burst_small,256,1418,28694,28764
latency,rayon,2,burst_small,256,1419,17012,17092
latency,rayon,2,burst_small,256,1420,28865,28945
latency,rayon,2,burst_small,256,1421,17253,17333
latency,rayon,2,burst_small,256,1422,29015,29085
latency,rayon,2,burst_small,256,1423,17533,17604
latency,rayon,2,burst_small,256,1424,29355,29425
latency,rayon,2,burst_small,256,1425,17944,18014
latency,rayon,2,burst_small,256,1426,18225,18295
latency,rayon,2,burst_small,256,1427,29615,29685
latency,rayon,2,burst_small,256,1428,18515,18585
latency,rayon,2,burst_small,256,1429,29766,29846
latency,rayon,2,burst_small,256,1430,18755,18825
latency,rayon,2,burst_small,256,1431,29936,30006
latency,rayon,2,burst_small,256,1432,18956,19026
latency,rayon,2,burst_small,256,1433,19216,19306
latency,rayon,2,burst_small,256,1434,30207,30277
latency,rayon,2,burst_small,256,1435,19417,19517
latency,rayon,2,burst_small,256,1436,30377,30447
latency,rayon,2,burst_small,256,1437,19748,19828
latency,rayon,2,burst_small,256,1438,30537,30608
latency,rayon,2,burst_small,256,1439,19958,20028
latency,rayon,2,burst_small,256,1440,30788,30868
latency,rayon,2,burst_small,256,1441,20298,20369
latency,rayon,2,burst_small,256,1442,31039,31109
latency,rayon,2,burst_small,256,1443,20649,20719
latency,rayon,2,burst_small,256,1444,21050,21140
latency,rayon,2,burst_small,256,1445,31289,31359
latency,rayon,2,burst_small,256,1446,21320,21410
latency,rayon,2,burst_small,256,1447,31520,31590
latency,rayon,2,burst_small,256,1448,21540,21630
latency,rayon,2,burst_small,256,1449,31670,31750
latency,rayon,2,burst_small,256,1450,21792,21882
latency,rayon,2,burst_small,256,1451,31819,31889
latency,rayon,2,burst_small,256,1452,22102,22192
latency,rayon,2,burst_small,256,1453,31980,32050
latency,rayon,2,burst_small,256,1454,22312,22392
latency,rayon,2,burst_small,256,1455,32150,32220
latency,rayon,2,burst_small,256,1456,22623,22703
latency,rayon,2,burst_small,256,1457,32331,32401
latency,rayon,2,burst_small,256,1458,22974,23044
latency,rayon,2,burst_small,256,1459,32521,32601
latency,rayon,2,burst_small,256,1460,23304,23385
latency,rayon,2,burst_small,256,1461,23685,23765
latency,rayon,2,burst_small,256,1462,32792,32862
latency,rayon,2,burst_small,256,1463,23895,23985
latency,rayon,2,burst_small,256,1464,32942,33022
latency,rayon,2,burst_small,256,1465,24186,24276
latency,rayon,2,burst_small,256,1466,33092,33172
latency,rayon,2,burst_small,256,1467,24587,24677
latency,rayon,2,burst_small,256,1468,33293,33363
latency,rayon,2,burst_small,256,1469,24807,24898
latency,rayon,2,burst_small,256,1470,33443,33513
latency,rayon,2,burst_small,256,1471,25038,25128
latency,rayon,2,burst_small,256,1472,33573,33644
latency,rayon,2,burst_small,256,1473,33784,33864
latency,rayon,2,burst_small,256,1474,33964,34034
latency,rayon,2,burst_small,256,1475,34134,34204
latency,rayon,2,burst_small,256,1476,34284,34354
latency,rayon,2,burst_small,256,1477,34404,34475
latency,rayon,2,burst_small,256,1478,34555,34625
latency,rayon,2,burst_small,256,1479,34695,34775
latency,rayon,2,burst_small,256,1480,34835,34906
latency,rayon,2,burst_small,256,1481,34956,35036
latency,rayon,2,burst_small,256,1482,35126,35206
latency,rayon,2,burst_small,256,1483,35266,35347
latency,rayon,2,burst_small,256,1484,35457,35537
latency,rayon,2,burst_small,256,1485,35587,35657
latency,rayon,2,burst_small,256,1486,27833,27943
latency,rayon,2,burst_small,256,1487,35728,35808
latency,rayon,2,burst_small,256,1488,28233,28303
latency,rayon,2,burst_small,256,1489,35908,35978
latency,rayon,2,burst_small,256,1490,28434,28524
latency,rayon,2,burst_small,256,1491,36067,36158
latency,rayon,2,burst_small,256,1492,28654,28724
latency,rayon,2,burst_small,256,1493,28884,28964
latency,rayon,2,burst_small,256,1494,32672,32752
latency,rayon,2,burst_small,256,1495,29246,29346
latency,rayon,2,burst_small,256,1496,32832,32902
latency,rayon,2,burst_small,256,1497,29506,29576
latency,rayon,2,burst_small,256,1498,33032,33112
latency,rayon,2,burst_small,256,1499,29737,29807
latency,rayon,2,burst_small,256,1500,33182,33263
latency,rayon,2,burst_small,256,1501,29997,30067
latency,rayon,2,burst_small,256,1502,33453,33533
latency,rayon,2,burst_small,256,1503,30347,30418
latency,rayon,2,burst_small,256,1504,33744,33824
latency,rayon,2,burst_small,256,1505,33954,34034
latency,rayon,2,burst_small,256,1506,34014,34104
latency,rayon,2,burst_small,256,1507,34174,34254
latency,rayon,2,burst_small,256,1508,31770,31850
latency,rayon,2,burst_small,256,1509,32030,32101
latency,rayon,2,burst_small,256,1510,34805,34875
latency,rayon,2,burst_small,256,1511,32281,32351
latency,rayon,2,burst_small,256,1512,34876,34956
latency,rayon,2,burst_small,256,1513,32551,32631
latency,rayon,2,burst_small,256,1514,35026,35096
latency,rayon,2,burst_small,256,1515,32843,32913
latency,rayon,2,burst_small,256,1516,35207,35287
latency,rayon,2,burst_small,256,1517,33133,33203
latency,rayon,2,burst_small,256,1518,35306,35376
latency,rayon,2,burst_small,256,1519,33553,33634
latency,rayon,2,burst_small,256,1520,35496,35587
latency,rayon,2,burst_small,256,1521,33834,33904
latency,rayon,2,burst_small,256,1522,34124,34194
latency,rayon,2,burst_small,256,1523,35717,35787
latency,rayon,2,burst_small,256,1524,34566,34646
latency,rayon,2,burst_small,256,1525,35988,36068
latency,rayon,2,burst_small,256,1526,34806,34896
latency,rayon,2,burst_small,256,1527,36128,36198
latency,rayon,2,burst_small,256,1528,35067,35137
latency,rayon,2,burst_small,256,1529,36288,36358
latency,rayon,2,burst_small,256,1530,35357,35447
latency,rayon,2,burst_small,256,1531,36409,36519
latency,rayon,2,burst_small,256,1532,35697,35777
latency,rayon,2,burst_small,256,1533,36749,36819
latency,rayon,2,burst_small,256,1534,36670,36740
latency,rayon,2,burst_small,256,1535,36940,37030
latency,rayon,2,burst_small,256,1536,9453,9584
latency,rayon,2,burst_small,256,1537,10366,10456
latency,rayon,2,burst_small,256,1538,10596,10696
latency,rayon,2,burst_small,256,1539,10836,10916
latency,rayon,2,burst_small,256,1540,11046,11116
latency,rayon,2,burst_small,256,1541,11487,11567
latency,rayon,2,burst_small,256,1542,11768,11848
latency,rayon,2,burst_small,256,1543,13040,13110
latency,rayon,2,burst_small,256,1544,13051,13121
latency,rayon,2,burst_small,256,1545,13331,13401
latency,rayon,2,burst_small,256,1546,13612,13682
latency,rayon,2,burst_small,256,1547,13822,13892
latency,rayon,2,burst_small,256,1548,14023,14093
latency,rayon,2,burst_small,256,1549,14233,14313
latency,rayon,2,burst_small,256,1550,14454,14524
latency,rayon,2,burst_small,256,1551,14673,14743
latency,rayon,2,burst_small,256,1552,14934,15004
latency,rayon,2,burst_small,256,1553,15274,15355
latency,rayon,2,burst_small,256,1554,15505,15575
latency,rayon,2,burst_small,256,1555,15745,15816
latency,rayon,2,burst_small,256,1556,15956,16026
latency,rayon,2,burst_small,256,1557,16196,16267
latency,rayon,2,burst_small,256,1558,16457,16527
latency,rayon,2,burst_small,256,1559,16728,16798
latency,rayon,2,burst_small,256,1560,16898,16978
latency,rayon,2,burst_small,256,1561,17119,17199
latency,rayon,2,burst_small,256,1562,17319,17389
latency,rayon,2,burst_small,256,1563,17539,17610
latency,rayon,2,burst_small,256,1564,17799,17879
latency,rayon,2,burst_small,256,1565,17969,18080
latency,rayon,2,burst_small,256,1566,18250,18320
latency,rayon,2,burst_small,256,1567,18440,18511
latency,rayon,2,burst_small,256,1568,18651,18721
latency,rayon,2,burst_small,256,1569,18841,18912
latency,rayon,2,burst_small,256,1570,241,351
latency,rayon,2,burst_small,256,1571,18982,19052
latency,rayon,2,burst_small,256,1572,621,722
latency,rayon,2,burst_small,256,1573,19212,19292
latency,rayon,2,burst_small,256,1574,912,982
latency,rayon,2,burst_small,256,1575,1172,1252
latency,rayon,2,burst_small,256,1576,19563,19643
latency,rayon,2,burst_small,256,1577,1372,1453
latency,rayon,2,burst_small,256,1578,19733,19833
latency,rayon,2,burst_small,256,1579,1573,1643
latency,rayon,2,burst_small,256,1580,20074,20144
latency,rayon,2,burst_small,256,1581,1953,2033
latency,rayon,2,burst_small,256,1582,20224,20295
latency,rayon,2,burst_small,256,1583,2305,2385
latency,rayon,2,burst_small,256,1584,2595,2665
latency,rayon,2,burst_small,256,1585,20354,20424
latency,rayon,2,burst_small,256,1586,2786,2856
latency,rayon,2,burst_small,256,1587,20525,20595
latency,rayon,2,burst_small,256,1588,3036,3116
latency,rayon,2,burst_small,256,1589,3446,3537
latency,rayon,2,burst_small,256,1590,20745,20825
latency,rayon,2,burst_small,256,1591,3827,3907
latency,rayon,2,burst_small,256,1592,21026,21096
latency,rayon,2,burst_small,256,1593,4037,4128
latency,rayon,2,burst_small,256,1594,21185,21276
latency,rayon,2,burst_small,256,1595,4258,4328
latency,rayon,2,burst_small,256,1596,21446,21516
latency,rayon,2,burst_small,256,1597,4689,4769
latency,rayon,2,burst_small,256,1598,21636,21717
latency,rayon,2,burst_small,256,1599,4910,4980
latency,rayon,2,burst_small,256,1600,21907,21987
latency,rayon,2,burst_small,256,1601,5270,5350
latency,rayon,2,burst_small,256,1602,22128,22208
latency,rayon,2,burst_small,256,1603,5671,5741
latency,rayon,2,burst_small,256,1604,22388,22478
latency,rayon,2,burst_small,256,1605,6021,6092
latency,rayon,2,burst_small,256,1606,6372,6442
latency,rayon,2,burst_small,256,1607,22709,22789
latency,rayon,2,burst_small,256,1608,6602,6692
latency,rayon,2,burst_small,256,1609,22879,22949
latency,rayon,2,burst_small,256,1610,6823,6893
latency,rayon,2,burst_small,256,1611,23040,23120
latency,rayon,2,burst_small,256,1612,7053,7123
latency,rayon,2,burst_small,256,1613,23230,23300
latency,rayon,2,burst_small,256,1614,7304,7374
latency,rayon,2,burst_small,256,1615,7635,7725
latency,rayon,2,burst_small,256,1616,23541,23621
latency,rayon,2,burst_small,256,1617,7855,7925
latency,rayon,2,burst_small,256,1618,23681,23761
latency,rayon,2,burst_small,256,1619,8096,8166
latency,rayon,2,burst_small,256,1620,23850,23921
latency,rayon,2,burst_small,256,1621,8326,8436
latency,rayon,2,burst_small,256,1622,24001,24071
latency,rayon,2,burst_small,256,1623,8616,8706
latency,rayon,2,burst_small,256,1624,24151,24231
latency,rayon,2,burst_small,256,1625,8837,8927
latency,rayon,2,burst_small,256,1626,24302,24372
latency,rayon,2,burst_small,256,1627,9087,9157
latency,rayon,2,burst_small,256,1628,24452,24522
latency,rayon,2,burst_small,256,1629,9367,9447
latency,rayon,2,burst_small,256,1630,24612,24682
latency,rayon,2,burst_small,256,1631,9579,9659
latency,rayon,2,burst_small,256,1632,9979,10049
latency,rayon,2,burst_small,256,1633,24993,25063
latency,rayon,2,burst_small,256,1634,10180,10250
latency,rayon,2,burst_small,256,1635,25153,25254
latency,rayon,2,burst_small,256,1636,10390,10460
latency,rayon,2,burst_small,256,1637,25464,25544
latency,rayon,2,burst_small,256,1638,10810,10891
latency,rayon,2,burst_small,256,1639,11141,11241
latency,rayon,2,burst_small,256,1640,24693,24773
latency,rayon,2,burst_small,256,1641,11522,11612
latency,rayon,2,burst_small,256,1642,24872,24942
latency,rayon,2,burst_small,256,1643,11872,11962
latency,rayon,2,burst_small,256,1644,25133,25203
latency,rayon,2,burst_small,256,1645,12193,12264
latency,rayon,2,burst_small,256,1646,25263,25343
latency,rayon,2,burst_small,256,1647,12424,12494
latency,rayon,2,burst_small,256,1648,25424,25494
latency,rayon,2,burst_small,256,1649,12784,12854
latency,rayon,2,burst_small,256,1650,25624,25704
latency,rayon,2,burst_small,256,1651,13105,13185
latency,rayon,2,burst_small,256,1652,13445,13535
latency,rayon,2,burst_small,256,1653,25945,26025
latency,rayon,2,burst_small,256,1654,13655,13746
latency,rayon,2,burst_small,256,1655,26105,26185
latency,rayon,2,burst_small,256,1656,13957,14027
latency,rayon,2,burst_small,256,1657,26266,26346
latency,rayon,2,burst_small,256,1658,14157,14227
latency,rayon,2,burst_small,256,1659,26496,26576
latency,rayon,2,burst_small,256,1660,14458,14528
latency,rayon,2,burst_small,256,1661,26777,26857
latency,rayon,2,burst_small,256,1662,14858,14928
latency,rayon,2,burst_small,256,1663,15249,15329
latency,rayon,2,burst_small,256,1664,27077,27158
latency,rayon,2,burst_small,256,1665,27377,27457
latency,rayon,2,burst_small,256,1666,15659,15740
latency,rayon,2,burst_small,256,1667,15950,16020
latency,rayon,2,burst_small,256,1668,27578,27648
latency,rayon,2,burst_small,256,1669,27868,27948
latency,rayon,2,burst_small,256,1670,16361,16441
latency,rayon,2,burst_small,256,1671,28079,28149
latency,rayon,2,burst_small,256,1672,16752,16832
latency,rayon,2,burst_small,256,1673,17113,17183
latency,rayon,2,burst_small,256,1674,28379,28460
latency,rayon,2,burst_small,256,1675,17433,17523
latency,rayon,2,burst_small,256,1676,28680,28750
latency,rayon,2,burst_small,256,1677,17753,17834
latency,rayon,2,burst_small,256,1678,28800,28881
latency,rayon,2,burst_small,256,1679,17964,18044
latency,rayon,2,burst_small,256,1680,28961,29031
latency,rayon,2,burst_small,256,1681,18184,18254
latency,rayon,2,burst_small,256,1682,18575,18655
latency,rayon,2,burst_small,256,1683,29241,29352
latency,rayon,2,burst_small,256,1684,19016,19107
latency,rayon,2,burst_small,256,1685,29572,29642
latency,rayon,2,burst_small,256,1686,19377,19467
latency,rayon,2,burst_small,256,1687,29843,29913
latency,rayon,2,burst_small,256,1688,19617,19697
latency,rayon,2,burst_small,256,1689,29992,30062
latency,rayon,2,burst_small,256,1690,19838,19918
latency,rayon,2,burst_small,256,1691,30142,30223
latency,rayon,2,burst_small,256,1692,20058,20128
latency,rayon,2,burst_small,256,1693,30303,30373
latency,rayon,2,burst_small,256,1694,20288,20358
latency,rayon,2,burst_small,256,1695,20599,20669
latency,rayon,2,burst_small,256,1696,30493,30573
latency,rayon,2,burst_small,256,1697,20890,20980
latency,rayon,2,burst_small,256,1698,30674,30754
latency,rayon,2,burst_small,256,1699,30974,31055
latency,rayon,2,burst_small,256,1700,21321,21391
latency,rayon,2,burst_small,256,1701,21681,21751
latency,rayon,2,burst_small,256,1702,31295,31365
latency,rayon,2,burst_small,256,1703,21992,22082
latency,rayon,2,burst_small,256,1704,31445,31526
latency,rayon,2,burst_small,256,1705,22362,22442
latency,rayon,2,burst_small,256,1706,31606,31686
latency,rayon,2,burst_small,256,1707,22583,22653
latency,rayon,2,burst_small,256,1708,31826,31906
latency,rayon,2,burst_small,256,1709,22844,22924
latency,rayon,2,burst_small,256,1710,32117,32197
latency,rayon,2,burst_small,256,1711,23314,23394
latency,rayon,2,burst_small,256,1712,23665,23755
latency,rayon,2,burst_small,256,1713,32428,32498
latency,rayon,2,burst_small,256,1714,23905,24005
latency,rayon,2,burst_small,256,1715,32627,32707
latency,rayon,2,burst_small,256,1716,24236,24326
latency,rayon,2,burst_small,256,1717,32838,32908
latency,rayon,2,burst_small,256,1718,24446,24526
latency,rayon,2,burst_small,256,1719,24796,24887
latency,rayon,2,burst_small,256,1720,33088,33158
latency,rayon,2,burst_small,256,1721,25228,25318
latency,rayon,2,burst_small,256,1722,33379,33449
latency,rayon,2,burst_small,256,1723,25629,25699
latency,rayon,2,burst_small,256,1724,33659,33730
latency,rayon,2,burst_small,256,1725,33910,33980
latency,rayon,2,burst_small,256,1726,25999,26069
latency,rayon,2,burst_small,256,1727,26280,26370
latency,rayon,2,burst_small,256,1728,34181,34261
latency,rayon,2,burst_small,256,1729,34391,34481
latency,rayon,2,burst_small,256,1730,34642,34712
latency,rayon,2,burst_small,256,1731,34792,34872
latency,rayon,2,burst_small,256,1732,34952,35033
latency,rayon,2,burst_small,256,1733,35082,35162
latency,rayon,2,burst_small,256,1734,35272,35342
latency,rayon,2,burst_small,256,1735,35443,35513
latency,rayon,2,burst_small,256,1736,35613,35683
latency,rayon,2,burst_small,256,1737,35733,35803
latency,rayon,2,burst_small,256,1738,35904,35984
latency,rayon,2,burst_small,256,1739,36074,36144
latency,rayon,2,burst_small,256,1740,36264,36355
latency,rayon,2,burst_small,256,1741,36495,36575
latency,rayon,2,burst_small,256,1742,36705,36776
latency,rayon,2,burst_small,256,1743,29656,29736
latency,rayon,2,burst_small,256,1744,29906,29986
latency,rayon,2,burst_small,256,1745,36926,37006
latency,rayon,2,burst_small,256,1746,30097,30168
latency,rayon,2,burst_small,256,1747,37086,37177
latency,rayon,2,burst_small,256,1748,30368,30448
latency,rayon,2,burst_small,256,1749,37287,37357
latency,rayon,2,burst_small,256,1750,30698,30778
latency,rayon,2,burst_small,256,1751,37617,37697
latency,rayon,2,burst_small,256,1752,31941,32011
latency,rayon,2,burst_small,256,1753,32301,32392
latency,rayon,2,burst_small,256,1754,37937,38017
latency,rayon,2,burst_small,256,1755,32612,32682
latency,rayon,2,burst_small,256,1756,38138,38218
latency,rayon,2,burst_small,256,1757,32812,32902
latency,rayon,2,burst_small,256,1758,38278,38348
latency,rayon,2,burst_small,256,1759,33042,33123
latency,rayon,2,burst_small,256,1760,38418,38499
latency,rayon,2,burst_small,256,1761,35583,35663
latency,rayon,2,burst_small,256,1762,35673,35753
latency,rayon,2,burst_small,256,1763,35774,35844
latency,rayon,2,burst_small,256,1764,35783,35853
latency,rayon,2,burst_small,256,1765,34064,34134
latency,rayon,2,burst_small,256,1766,34355,34445
latency,rayon,2,burst_small,256,1767,36004,36084
latency,rayon,2,burst_small,256,1768,34755,34846
latency,rayon,2,burst_small,256,1769,36314,36394
latency,rayon,2,burst_small,256,1770,35126,35196
latency,rayon,2,burst_small,256,1771,35367,35438
latency,rayon,2,burst_small,256,1772,36835,36916
latency,rayon,2,burst_small,256,1773,35558,35628
latency,rayon,2,burst_small,256,1774,36976,37056
latency,rayon,2,burst_small,256,1775,35908,35988
latency,rayon,2,burst_small,256,1776,36229,36329
latency,rayon,2,burst_small,256,1777,37287,37357
latency,rayon,2,burst_small,256,1778,36459,36549
latency,rayon,2,burst_small,256,1779,37457,37527
latency,rayon,2,burst_small,256,1780,36780,36870
latency,rayon,2,burst_small,256,1781,37667,37748
latency,rayon,2,burst_small,256,1782,37080,37170
latency,rayon,2,burst_small,256,1783,37787,37877
latency,rayon,2,burst_small,256,1784,37330,37410
latency,rayon,2,burst_small,256,1785,37987,38057
latency,rayon,2,burst_small,256,1786,37562,37632
latency,rayon,2,burst_small,256,1787,38268,38358
latency,rayon,2,burst_small,256,1788,38042,38122
latency,rayon,2,burst_small,256,1789,38453,38523
latency,rayon,2,burst_small,256,1790,38559,38629
latency,rayon,2,burst_small,256,1791,38673,38753
latency,rayon,2,burst_small,256,1792,9953,10093
latency,rayon,2,burst_small,256,1793,10815,10885
latency,rayon,2,burst_small,256,1794,10906,10976
latency,rayon,2,burst_small,256,1795,11196,11266
latency,rayon,2,burst_small,256,1796,11317,11387
latency,rayon,2,burst_small,256,1797,11686,11767
latency,rayon,2,burst_small,256,1798,11937,12007
latency,rayon,2,burst_small,256,1799,12238,12318
latency,rayon,2,burst_small,256,1800,12188,12258
latency,rayon,2,burst_small,256,1801,12429,12509
latency,rayon,2,burst_small,256,1802,12658,12738
latency,rayon,2,burst_small,256,1803,14121,14191
latency,rayon,2,burst_small,256,1804,14341,14422
latency,rayon,2,burst_small,256,1805,14632,14712
latency,rayon,2,burst_small,256,1806,14943,15023
latency,rayon,2,burst_small,256,1807,15203,15273
latency,rayon,2,burst_small,256,1808,15374,15454
latency,rayon,2,burst_small,256,1809,15745,15815
latency,rayon,2,burst_small,256,1810,15935,16015
latency,rayon,2,burst_small,256,1811,16246,16326
latency,rayon,2,burst_small,256,1812,16476,16576
latency,rayon,2,burst_small,256,1813,16717,16787
latency,rayon,2,burst_small,256,1814,17007,17077
latency,rayon,2,burst_small,256,1815,17278,17358
latency,rayon,2,burst_small,256,1816,17457,17527
latency,rayon,2,burst_small,256,1817,17718,17788
latency,rayon,2,burst_small,256,1818,17958,18039
latency,rayon,2,burst_small,256,1819,18199,18269
latency,rayon,2,burst_small,256,1820,18459,18530
latency,rayon,2,burst_small,256,1821,18700,18780
latency,rayon,2,burst_small,256,1822,18920,18991
latency,rayon,2,burst_small,256,1823,19161,19231
latency,rayon,2,burst_small,256,1824,19352,19432
latency,rayon,2,burst_small,256,1825,19682,19752
latency,rayon,2,burst_small,256,1826,19893,19973
latency,rayon,2,burst_small,256,1827,20253,20324
latency,rayon,2,burst_small,256,1828,20534,20614
latency,rayon,2,burst_small,256,1829,20684,20754
latency,rayon,2,burst_small,256,1830,211,321
latency,rayon,2,burst_small,256,1831,20834,20904
latency,rayon,2,burst_small,256,1832,581,661
latency,rayon,2,burst_small,256,1833,20974,21054
latency,rayon,2,burst_small,256,1834,812,892
latency,rayon,2,burst_small,256,1835,1082,1152
latency,rayon,2,burst_small,256,1836,21195,21265
latency,rayon,2,burst_small,256,1837,1322,1402
latency,rayon,2,burst_small,256,1838,21185,21265
latency,rayon,2,burst_small,256,1839,1523,1603
latency,rayon,2,burst_small,256,1840,21315,21385
latency,rayon,2,burst_small,256,1841,1844,1914
latency,rayon,2,burst_small,256,1842,21515,21595
latency,rayon,2,burst_small,256,1843,2144,2225
latency,rayon,2,burst_small,256,1844,21686,21756
latency,rayon,2,burst_small,256,1845,2605,2675
latency,rayon,2,burst_small,256,1846,21826,21896
latency,rayon,2,burst_small,256,1847,2795,2875
latency,rayon,2,burst_small,256,1848,22077,22157
latency,rayon,2,burst_small,256,1849,3126,3196
latency,rayon,2,burst_small,256,1850,22257,22337
latency,rayon,2,burst_small,256,1851,3566,3647
latency,rayon,2,burst_small,256,1852,22518,22598
latency,rayon,2,burst_small,256,1853,3927,4007
latency,rayon,2,burst_small,256,1854,4298,4368
latency,rayon,2,burst_small,256,1855,22878,22959
latency,rayon,2,burst_small,256,1856,4559,4629
latency,rayon,2,burst_small,256,1857,23008,23078
latency,rayon,2,burst_small,256,1858,5260,5330
latency,rayon,2,burst_small,256,1859,23449,23519
latency,rayon,2,burst_small,256,1860,5500,5570
latency,rayon,2,burst_small,256,1861,23619,23689
latency,rayon,2,burst_small,256,1862,5701,5791
latency,rayon,2,burst_small,256,1863,23800,23880
latency,rayon,2,burst_small,256,1864,5951,6021
latency,rayon,2,burst_small,256,1865,6362,6443
latency,rayon,2,burst_small,256,1866,23970,24050
latency,rayon,2,burst_small,256,1867,6643,6723
latency,rayon,2,burst_small,256,1868,24191,24261
latency,rayon,2,burst_small,256,1869,6913,6983
latency,rayon,2,burst_small,256,1870,24361,24431
latency,rayon,2,burst_small,256,1871,7274,7354
latency,rayon,2,burst_small,256,1872,24622,24702
latency,rayon,2,burst_small,256,1873,7514,7584
latency,rayon,2,burst_small,256,1874,24782,24882
latency,rayon,2,burst_small,256,1875,7714,7785
latency,rayon,2,burst_small,256,1876,8105,8195
latency,rayon,2,burst_small,256,1877,25163,25243
latency,rayon,2,burst_small,256,1878,8446,8537
latency,rayon,2,burst_small,256,1879,25362,25432
latency,rayon,2,burst_small,256,1880,8767,8857
latency,rayon,2,burst_small,256,1881,25623,25703
latency,rayon,2,burst_small,256,1882,8997,9087
latency,rayon,2,burst_small,256,1883,25964,26044
latency,rayon,2,burst_small,256,1884,9408,9478
latency,rayon,2,burst_small,256,1885,9748,9838
latency,rayon,2,burst_small,256,1886,26194,26274
latency,rayon,2,burst_small,256,1887,9969,10059
latency,rayon,2,burst_small,256,1888,26365,26445
latency,rayon,2,burst_small,256,1889,10269,10359
latency,rayon,2,burst_small,256,1890,25503,25573
latency,rayon,2,burst_small,256,1891,10580,10651
latency,rayon,2,burst_small,256,1892,25623,25703
latency,rayon,2,burst_small,256,1893,10791,10881
latency,rayon,2,burst_small,256,1894,25784,25894
latency,rayon,2,burst_small,256,1895,11021,11101
latency,rayon,2,burst_small,256,1896,26024,26094
latency,rayon,2,burst_small,256,1897,11372,11442
latency,rayon,2,burst_small,256,1898,26165,26235
latency,rayon,2,burst_small,256,1899,11712,11782
latency,rayon,2,burst_small,256,1900,26355,26435
latency,rayon,2,burst_small,256,1901,11952,12023
latency,rayon,2,burst_small,256,1902,26514,26585
latency,rayon,2,burst_small,256,1903,12203,12273
latency,rayon,2,burst_small,256,1904,26865,26935
latency,rayon,2,burst_small,256,1905,12613,12694
latency,rayon,2,burst_small,256,1906,12985,13075
latency,rayon,2,burst_small,256,1907,27076,27146
latency,rayon,2,burst_small,256,1908,13295,13366
latency,rayon,2,burst_small,256,1909,27286,27356
latency,rayon,2,burst_small,256,1910,13606,13676
latency,rayon,2,burst_small,256,1911,27517,27587
latency,rayon,2,burst_small,256,1912,13826,13916
latency,rayon,2,burst_small,256,1913,27647,27727
latency,rayon,2,burst_small,256,1914,14117,14187
latency,rayon,2,burst_small,256,1915,27838,27908
latency,rayon,2,burst_small,256,1916,14357,14427
latency,rayon,2,burst_small,256,1917,28018,28108
latency,rayon,2,burst_small,256,1918,14637,14718
latency,rayon,2,burst_small,256,1919,28359,28429
latency,rayon,2,burst_small,256,1920,15088,15168
latency,rayon,2,burst_small,256,1921,15570,15640
latency,rayon,2,burst_small,256,1922,28629,28710
latency,rayon,2,burst_small,256,1923,28879,28949
latency,rayon,2,burst_small,256,1924,15980,16050
latency,rayon,2,burst_small,256,1925,16391,16481
latency,rayon,2,burst_small,256,1926,29130,29200
latency,rayon,2,burst_small,256,1927,16601,16691
latency,rayon,2,burst_small,256,1928,29290,29370
latency,rayon,2,burst_small,256,1929,16821,16912
latency,rayon,2,burst_small,256,1930,29440,29541
latency,rayon,2,burst_small,256,1931,17032,17112
latency,rayon,2,burst_small,256,1932,29691,29761
latency,rayon,2,burst_small,256,1933,17533,17603
latency,rayon,2,burst_small,256,1934,29851,29921
latency,rayon,2,burst_small,256,1935,17754,17834
latency,rayon,2,burst_small,256,1936,18124,18214
latency,rayon,2,burst_small,256,1937,30212,30282
latency,rayon,2,burst_small,256,1938,18375,18445
latency,rayon,2,burst_small,256,1939,30372,30443
latency,rayon,2,burst_small,256,1940,18635,18725
latency,rayon,2,burst_small,256,1941,30563,30673
latency,rayon,2,burst_small,256,1942,18845,18925
latency,rayon,2,burst_small,256,1943,30823,30893
latency,rayon,2,burst_small,256,1944,19237,19307
latency,rayon,2,burst_small,256,1945,31083,31173
latency,rayon,2,burst_small,256,1946,19618,19688
latency,rayon,2,burst_small,256,1947,31344,31434
latency,rayon,2,burst_small,256,1948,20048,20128
latency,rayon,2,burst_small,256,1949,31584,31654
latency,rayon,2,burst_small,256,1950,20399,20479
latency,rayon,2,burst_small,256,1951,31755,31845
latency,rayon,2,burst_small,256,1952,20619,20699
latency,rayon,2,burst_small,256,1953,20950,21030
latency,rayon,2,burst_small,256,1954,32045,32115
latency,rayon,2,burst_small,256,1955,21331,21401
latency,rayon,2,burst_small,256,1956,32226,32326
latency,rayon,2,burst_small,256,1957,21531,21611
latency,rayon,2,burst_small,256,1958,32426,32496
latency,rayon,2,burst_small,256,1959,21792,21862
latency,rayon,2,burst_small,256,1960,22152,22222
latency,rayon,2,burst_small,256,1961,32697,32767
latency,rayon,2,burst_small,256,1962,22342,22432
latency,rayon,2,burst_small,256,1963,32847,32927
latency,rayon,2,burst_small,256,1964,22563,22653
latency,rayon,2,burst_small,256,1965,32917,32988
latency,rayon,2,burst_small,256,1966,22863,22933
latency,rayon,2,burst_small,256,1967,23204,23284
latency,rayon,2,burst_small,256,1968,33117,33187
latency,rayon,2,burst_small,256,1969,23525,23615
latency,rayon,2,burst_small,256,1970,33378,33448
latency,rayon,2,burst_small,256,1971,33668,33748
latency,rayon,2,burst_small,256,1972,23966,24046
latency,rayon,2,burst_small,256,1973,24216,24286
latency,rayon,2,burst_small,256,1974,33839,33909
latency,rayon,2,burst_small,256,1975,24746,24837
latency,rayon,2,burst_small,256,1976,34139,34219
latency,rayon,2,burst_small,256,1977,25057,25147
latency,rayon,2,burst_small,256,1978,34390,34460
latency,rayon,2,burst_small,256,1979,25318,25388
latency,rayon,2,burst_small,256,1980,34550,34630
latency,rayon,2,burst_small,256,1981,25589,25669
latency,rayon,2,burst_small,256,1982,34701,34781
latency,rayon,2,burst_small,256,1983,25799,25869
latency,rayon,2,burst_small,256,1984,34861,34931
latency,rayon,2,burst_small,256,1985,35091,35162
latency,rayon,2,burst_small,256,1986,35222,35302
latency,rayon,2,burst_small,256,1987,35382,35452
latency,rayon,2,burst_small,256,1988,35532,35613
latency,rayon,2,burst_small,256,1989,35632,35702
latency,rayon,2,burst_small,256,1990,35812,35882
latency,rayon,2,burst_small,256,1991,35983,36053
latency,rayon,2,burst_small,256,1992,36143,36223
latency,rayon,2,burst_small,256,1993,36293,36374
latency,rayon,2,burst_small,256,1994,36424,36504
latency,rayon,2,burst_small,256,1995,36574,36644
latency,rayon,2,burst_small,256,1996,36765,36835
latency,rayon,2,burst_small,256,1997,36965,37035
latency,rayon,2,burst_small,256,1998,28845,28915
latency,rayon,2,burst_small,256,1999,37125,37195
latency,rayon,2,burst_small,256,2000,29085,29165
latency,rayon,2,burst_small,256,2001,37276,37356
latency,rayon,2,burst_small,256,2002,29395,29495
latency,rayon,2,burst_small,256,2003,37425,37505
latency,rayon,2,burst_small,256,2004,29657,29747
latency,rayon,2,burst_small,256,2005,37575,37666
latency,rayon,2,burst_small,256,2006,29937,30017
latency,rayon,2,burst_small,256,2007,37756,37826
latency,rayon,2,burst_small,256,2008,30207,30277
latency,rayon,2,burst_small,256,2009,30588,30668
latency,rayon,2,burst_small,256,2010,38027,38107
latency,rayon,2,burst_small,256,2011,30788,30868
latency,rayon,2,burst_small,256,2012,34590,34670
latency,rayon,2,burst_small,256,2013,31058,31129
latency,rayon,2,burst_small,256,2014,34590,34670
latency,rayon,2,burst_small,256,2015,31330,31400
latency,rayon,2,burst_small,256,2016,34781,34871
latency,rayon,2,burst_small,256,2017,35071,35142
latency,rayon,2,burst_small,256,2018,35252,35322
latency,rayon,2,burst_small,256,2019,35291,35371
latency,rayon,2,burst_small,256,2020,33303,33373
latency,rayon,2,burst_small,256,2021,35352,35422
latency,rayon,2,burst_small,256,2022,33643,33723
latency,rayon,2,burst_small,256,2023,35422,35502
latency,rayon,2,burst_small,256,2024,33994,34064
latency,rayon,2,burst_small,256,2025,35693,35763
latency,rayon,2,burst_small,256,2026,34245,34335
latency,rayon,2,burst_small,256,2027,35862,35932
latency,rayon,2,burst_small,256,2028,34476,34576
latency,rayon,2,burst_small,256,2029,34716,34796
latency,rayon,2,burst_small,256,2030,36173,36243
latency,rayon,2,burst_small,256,2031,34966,35036
latency,rayon,2,burst_small,256,2032,36393,36494
latency,rayon,2,burst_small,256,2033,35317,35387
latency,rayon,2,burst_small,256,2034,35677,35768
latency,rayon,2,burst_small,256,2035,36734,36814
latency,rayon,2,burst_small,256,2036,35978,36048
latency,rayon,2,burst_small,256,2037,36885,36965
latency,rayon,2,burst_small,256,2038,36178,36248
latency,rayon,2,burst_small,256,2039,37005,37075
latency,rayon,2,burst_small,256,2040,36399,36469
latency,rayon,2,burst_small,256,2041,37266,37346
latency,rayon,2,burst_small,256,2042,36900,36980
latency,rayon,2,burst_small,256,2043,37261,37361
latency,rayon,2,burst_small,256,2044,37575,37656
latency,rayon,2,burst_small,256,2045,37621,37691
latency,rayon,2,burst_small,256,2046,37876,37946
latency,rayon,2,burst_small,256,2047,37922,38012
latency,rayon,2,burst_small,256,2048,7630,7770
latency,rayon,2,burst_small,256,2049,8601,8671
latency,rayon,2,burst_small,256,2050,8752,8822
latency,rayon,2,burst_small,256,2051,8912,8982
latency,rayon,2,burst_small,256,2052,9083,9153
latency,rayon,2,burst_small,256,2053,9333,9403
latency,rayon,2,burst_small,256,2054,9453,9524
latency,rayon,2,burst_small,256,2055,9584,9664
latency,rayon,2,burst_small,256,2056,9573,9643
latency,rayon,2,burst_small,256,2057,9723,9794
latency,rayon,2,burst_small,256,2058,9954,10024
latency,rayon,2,burst_small,256,2059,10124,10194
latency,rayon,2,burst_small,256,2060,11727,11808
latency,rayon,2,burst_small,256,2061,12078,12158
latency,rayon,2,burst_small,256,2062,12419,12499
latency,rayon,2,burst_small,256,2063,12629,12699
latency,rayon,2,burst_small,256,2064,12810,12880
latency,rayon,2,burst_small,256,2065,13161,13231
latency,rayon,2,burst_small,256,2066,13451,13531
latency,rayon,2,burst_small,256,2067,13732,13802
latency,rayon,2,burst_small,256,2068,14021,14102
latency,rayon,2,burst_small,256,2069,14302,14382
latency,rayon,2,burst_small,256,2070,14553,14623
latency,rayon,2,burst_small,256,2071,14813,14883
latency,rayon,2,burst_small,256,2072,14933,15014
latency,rayon,2,burst_small,256,2073,15154,15224
latency,rayon,2,burst_small,256,2074,15344,15414
latency,rayon,2,burst_small,256,2075,15565,15635
latency,rayon,2,burst_small,256,2076,15755,15825
latency,rayon,2,burst_small,256,2077,16096,16176
latency,rayon,2,burst_small,256,2078,16296,16367
latency,rayon,2,burst_small,256,2079,16557,16627
latency,rayon,2,burst_small,256,2080,16677,16758
latency,rayon,2,burst_small,256,2081,16967,17037
latency,rayon,2,burst_small,256,2082,17258,17328
latency,rayon,2,burst_small,256,2083,17498,17578
latency,rayon,2,burst_small,256,2084,17678,17759
latency,rayon,2,burst_small,256,2085,17979,18059
latency,rayon,2,burst_small,256,2086,18220,18290
latency,rayon,2,burst_small,256,2087,18450,18530
latency,rayon,2,burst_small,256,2088,18641,18711
latency,rayon,2,burst_small,256,2089,18620,18690
latency,rayon,2,burst_small,256,2090,18771,18841
latency,rayon,2,burst_small,256,2091,18991,19071
latency,rayon,2,burst_small,256,2092,19182,19262
latency,rayon,2,burst_small,256,2093,270,381
latency,rayon,2,burst_small,256,2094,19322,19392
latency,rayon,2,burst_small,256,2095,671,751
latency,rayon,2,burst_small,256,2096,19512,19583
latency,rayon,2,burst_small,256,2097,1022,1102
latency,rayon,2,burst_small,256,2098,19873,19943
latency,rayon,2,burst_small,256,2099,1333,1403
latency,rayon,2,burst_small,256,2100,19994,20094
latency,rayon,2,burst_small,256,2101,1623,1694
latency,rayon,2,burst_small,256,2102,1954,2044
latency,rayon,2,burst_small,256,2103,20253,20323
latency,rayon,2,burst_small,256,2104,2334,2425
latency,rayon,2,burst_small,256,2105,20514,20594
latency,rayon,2,burst_small,256,2106,2635,2705
latency,rayon,2,burst_small,256,2107,20694,20764
latency,rayon,2,burst_small,256,2108,2865,2955
latency,rayon,2,burst_small,256,2109,20865,20935
latency,rayon,2,burst_small,256,2110,3116,3186
latency,rayon,2,burst_small,256,2111,21015,21085
latency,rayon,2,burst_small,256,2112,3417,3497
latency,rayon,2,burst_small,256,2113,21136,21206
latency,rayon,2,burst_small,256,2114,21466,21536
latency,rayon,2,burst_small,256,2115,4028,4098
latency,rayon,2,burst_small,256,2116,21647,21737
latency,rayon,2,burst_small,256,2117,4328,4399
latency,rayon,2,burst_small,256,2118,4649,4729
latency,rayon,2,burst_small,256,2119,21897,21977
latency,rayon,2,burst_small,256,2120,4849,4929
latency,rayon,2,burst_small,256,2121,22027,22107
latency,rayon,2,burst_small,256,2122,5059,5130
latency,rayon,2,burst_small,256,2123,22197,22267
latency,rayon,2,burst_small,256,2124,5280,5350
latency,rayon,2,burst_small,256,2125,22437,22518
latency,rayon,2,burst_small,256,2126,5681,5751
latency,rayon,2,burst_small,256,2127,22778,22848
latency,rayon,2,burst_small,256,2128,6092,6172
latency,rayon,2,burst_small,256,2129,23029,23109
latency,rayon,2,burst_small,256,2130,6453,6523
latency,rayon,2,burst_small,256,2131,6693,6773
latency,rayon,2,burst_small,256,2132,23229,23299
latency,rayon,2,burst_small,256,2133,23490,23570
latency,rayon,2,burst_small,256,2134,7153,7224
latency,rayon,2,burst_small,256,2135,7544,7624
latency,rayon,2,burst_small,256,2136,22859,22939
latency,rayon,2,burst_small,256,2137,7754,7835
latency,rayon,2,burst_small,256,2138,22999,23069
latency,rayon,2,burst_small,256,2139,8025,8095
latency,rayon,2,burst_small,256,2140,23220,23290
latency,rayon,2,burst_small,256,2141,8446,8527
latency,rayon,2,burst_small,256,2142,23390,23470
latency,rayon,2,burst_small,256,2143,8647,8727
latency,rayon,2,burst_small,256,2144,23579,23680
latency,rayon,2,burst_small,256,2145,9007,9077
latency,rayon,2,burst_small,256,2146,9458,9548
latency,rayon,2,burst_small,256,2147,23940,24020
latency,rayon,2,burst_small,256,2148,9778,9849
latency,rayon,2,burst_small,256,2149,24151,24231
latency,rayon,2,burst_small,256,2150,10279,10349
latency,rayon,2,burst_small,256,2151,24491,24572
latency,rayon,2,burst_small,256,2152,10590,10671
latency,rayon,2,burst_small,256,2153,24712,24812
latency,rayon,2,burst_small,256,2154,10831,10911
latency,rayon,2,burst_small,256,2155,24902,24993
latency,rayon,2,burst_small,256,2156,11071,11141
latency,rayon,2,burst_small,256,2157,11482,11582
latency,rayon,2,burst_small,256,2158,25253,25323
latency,rayon,2,burst_small,256,2159,11782,11882
latency,rayon,2,burst_small,256,2160,25494,25564
latency,rayon,2,burst_small,256,2161,12013,12093
latency,rayon,2,burst_small,256,2162,25594,25674
latency,rayon,2,burst_small,256,2163,12213,12313
latency,rayon,2,burst_small,256,2164,25754,25824
latency,rayon,2,burst_small,256,2165,12544,12624
latency,rayon,2,burst_small,256,2166,25915,25985
latency,rayon,2,burst_small,256,2167,12784,12855
latency,rayon,2,burst_small,256,2168,26185,26275
latency,rayon,2,burst_small,256,2169,13125,13205
latency,rayon,2,burst_small,256,2170,26486,26556
latency,rayon,2,burst_small,256,2171,13496,13566
latency,rayon,2,burst_small,256,2172,13876,13956
latency,rayon,2,burst_small,256,2173,26856,26926
latency,rayon,2,burst_small,256,2174,14187,14267
latency,rayon,2,burst_small,256,2175,26996,27066
latency,rayon,2,burst_small,256,2176,14407,14497
latency,rayon,2,burst_small,256,2177,27156,27227
latency,rayon,2,burst_small,256,2178,27447,27517
latency,rayon,2,burst_small,256,2179,14858,14928
latency,rayon,2,burst_small,256,2180,15329,15400
latency,rayon,2,burst_small,256,2181,27778,27858
latency,rayon,2,burst_small,256,2182,15530,15600
latency,rayon,2,burst_small,256,2183,27918,28018
latency,rayon,2,burst_small,256,2184,15730,15810
latency,rayon,2,burst_small,256,2185,28119,28189
latency,rayon,2,burst_small,256,2186,15950,16030
latency,rayon,2,burst_small,256,2187,28419,28499
latency,rayon,2,burst_small,256,2188,16371,16441
latency,rayon,2,burst_small,256,2189,16711,16782
latency,rayon,2,burst_small,256,2190,28690,28760
latency,rayon,2,burst_small,256,2191,16902,16992
latency,rayon,2,burst_small,256,2192,28840,28920
latency,rayon,2,burst_small,256,2193,17152,17262
latency,rayon,2,burst_small,256,2194,29001,29071
latency,rayon,2,burst_small,256,2195,17393,17484
latency,rayon,2,burst_small,256,2196,29161,29231
latency,rayon,2,burst_small,256,2197,17794,17864
latency,rayon,2,burst_small,256,2198,29321,29401
latency,rayon,2,burst_small,256,2199,17984,18064
latency,rayon,2,burst_small,256,2200,18355,18425
latency,rayon,2,burst_small,256,2201,29651,29731
latency,rayon,2,burst_small,256,2202,18625,18695
latency,rayon,2,burst_small,256,2203,29851,29922
latency,rayon,2,burst_small,256,2204,18825,18895
latency,rayon,2,burst_small,256,2205,19167,19257
latency,rayon,2,burst_small,256,2206,30172,30242
latency,rayon,2,burst_small,256,2207,19397,19477
latency,rayon,2,burst_small,256,2208,30323,30433
latency,rayon,2,burst_small,256,2209,19637,19707
latency,rayon,2,burst_small,256,2210,20008,20078
latency,rayon,2,burst_small,256,2211,30703,30773
latency,rayon,2,burst_small,256,2212,20298,20388
latency,rayon,2,burst_small,256,2213,30874,30944
latency,rayon,2,burst_small,256,2214,20519,20589
latency,rayon,2,burst_small,256,2215,31034,31114
latency,rayon,2,burst_small,256,2216,20719,20799
latency,rayon,2,burst_small,256,2217,31265,31335
latency,rayon,2,burst_small,256,2218,21170,21241
latency,rayon,2,burst_small,256,2219,31455,31525
latency,rayon,2,burst_small,256,2220,21391,21471
latency,rayon,2,burst_small,256,2221,31706,31786
latency,rayon,2,burst_small,256,2222,21731,21801
latency,rayon,2,burst_small,256,2223,22182,22272
latency,rayon,2,burst_small,256,2224,32076,32146
latency,rayon,2,burst_small,256,2225,22392,22462
latency,rayon,2,burst_small,256,2226,32227,32297
latency,rayon,2,burst_small,256,2227,22593,22683
latency,rayon,2,burst_small,256,2228,32316,32396
latency,rayon,2,burst_small,256,2229,22883,22953
latency,rayon,2,burst_small,256,2230,32486,32567
latency,rayon,2,burst_small,256,2231,23114,23194
latency,rayon,2,burst_small,256,2232,23505,23595
latency,rayon,2,burst_small,256,2233,32827,32897
latency,rayon,2,burst_small,256,2234,23785,23875
latency,rayon,2,burst_small,256,2235,33028,33098
latency,rayon,2,burst_small,256,2236,24226,24306
latency,rayon,2,burst_small,256,2237,33388,33459
latency,rayon,2,burst_small,256,2238,24556,24626
latency,rayon,2,burst_small,256,2239,33539,33609
latency,rayon,2,burst_small,256,2240,33719,33799
latency,rayon,2,burst_small,256,2241,33900,33970
latency,rayon,2,burst_small,256,2242,34110,34180
latency,rayon,2,burst_small,256,2243,34280,34351
latency,rayon,2,burst_small,256,2244,34401,34481
latency,rayon,2,burst_small,256,2245,34521,34601
latency,rayon,2,burst_small,256,2246,34651,34731
latency,rayon,2,burst_small,256,2247,34771,34851
latency,rayon,2,burst_small,256,2248,34961,35031
latency,rayon,2,burst_small,256,2249,35082,35152
latency,rayon,2,burst_small,256,2250,35292,35372
latency,rayon,2,burst_small,256,2251,35452,35523
latency,rayon,2,burst_small,256,2252,27261,27342
latency,rayon,2,burst_small,256,2253,35593,35663
latency,rayon,2,burst_small,256,2254,27482,27552
latency,rayon,2,burst_small,256,2255,35753,35823
latency,rayon,2,burst_small,256,2256,27712,27782
latency,rayon,2,burst_small,256,2257,35904,36014
latency,rayon,2,burst_small,256,2258,28033,28103
latency,rayon,2,burst_small,256,2259,36204,36274
latency,rayon,2,burst_small,256,2260,28424,28504
latency,rayon,2,burst_small,256,2261,36344,36424
latency,rayon,2,burst_small,256,2262,28804,28885
latency,rayon,2,burst_small,256,2263,33158,33238
latency,rayon,2,burst_small,256,2264,29255,29335
latency,rayon,2,burst_small,256,2265,33128,33208
latency,rayon,2,burst_small,256,2266,29656,29726
latency,rayon,2,burst_small,256,2267,33409,33479
latency,rayon,2,burst_small,256,2268,30027,30107
latency,rayon,2,burst_small,256,2269,30418,30488
latency,rayon,2,burst_small,256,2270,33679,33749
latency,rayon,2,burst_small,256,2271,30888,30959
latency,rayon,2,burst_small,256,2272,33980,34050
latency,rayon,2,burst_small,256,2273,34270,34351
latency,rayon,2,burst_small,256,2274,34451,34531
latency,rayon,2,burst_small,256,2275,34701,34782
latency,rayon,2,burst_small,256,2276,34912,34992
latency,rayon,2,burst_small,256,2277,34360,34440
latency,rayon,2,burst_small,256,2278,34581,34661
latency,rayon,2,burst_small,256,2279,32512,32592
latency,rayon,2,burst_small,256,2280,34721,34801
latency,rayon,2,burst_small,256,2281,32722,32792
latency,rayon,2,burst_small,256,2282,34911,34992
latency,rayon,2,burst_small,256,2283,32952,33022
latency,rayon,2,burst_small,256,2284,34871,34971
latency,rayon,2,burst_small,256,2285,33313,33383
latency,rayon,2,burst_small,256,2286,35062,35142
latency,rayon,2,burst_small,256,2287,33684,33764
latency,rayon,2,burst_small,256,2288,34065,34155
latency,rayon,2,burst_small,256,2289,35372,35452
latency,rayon,2,burst_small,256,2290,34325,34405
latency,rayon,2,burst_small,256,2291,35563,35633
latency,rayon,2,burst_small,256,2292,34606,34676
latency,rayon,2,burst_small,256,2293,35593,35663
latency,rayon,2,burst_small,256,2294,34856,34926
latency,rayon,2,burst_small,256,2295,35733,35814
latency,rayon,2,burst_small,256,2296,35136,35216
latency,rayon,2,burst_small,256,2297,35893,35963
latency,rayon,2,burst_small,256,2298,35427,35507
latency,rayon,2,burst_small,256,2299,36123,36194
latency,rayon,2,burst_small,256,2300,35778,35858
latency,rayon,2,burst_small,256,2301,36314,36394
latency,rayon,2,burst_small,256,2302,36089,36169
latency,rayon,2,burst_small,256,2303,36444,36515
latency,sequential,2,burst_small,256,0,20,100
latency,sequential,2,burst_small,256,1,20,90
latency,sequential,2,burst_small,256,2,20,90
latency,sequential,2,burst_small,256,3,20,100
latency,sequential,2,burst_small,256,4,20,90
latency,sequential,2,burst_small,256,5,20,91
latency,sequential,2,burst_small,256,6,10,90
latency,sequential,2,burst_small,256,7,20,90
latency,sequential,2,burst_small,256,8,20,90
latency,sequential,2,burst_small,256,9,20,100
latency,sequential,2,burst_small,256,10,20,90
latency,sequential,2,burst_small,256,11,20,90
latency,sequential,2,burst_small,256,12,20,100
latency,sequential,2,burst_small,256,13,20,90
latency,sequential,2,burst_small,256,14,20,100
latency,sequential,2,burst_small,256,15,20,90
latency,sequential,2,burst_small,256,16,20,90
latency,sequential,2,burst_small,256,17,20,100
latency,sequential,2,burst_small,256,18,20,90
latency,sequential,2,burst_small,256,19,10,90
latency,sequential,2,burst_small,256,20,20,91
latency,sequential,2,burst_small,256,21,20,90
latency,sequential,2,burst_small,256,22,20,100
latency,sequential,2,burst_small,256,23,20,90
latency,sequential,2,burst_small,256,24,10,90
latency,sequential,2,burst_small,256,25,20,100
latency,sequential,2,burst_small,256,26,20,90
latency,sequential,2,burst_small,256,27,20,100
latency,sequential,2,burst_small,256,28,20,90
latency,sequential,2,burst_small,256,29,20,90
latency,sequential,2,burst_small,256,30,20,100
latency,sequential,2,burst_small,256,31,20,90
latency,sequential,2,burst_small,256,32,20,100
latency,sequential,2,burst_small,256,33,20,100
latency,sequential,2,burst_small,256,34,20,90
latency,sequential,2,burst_small,256,35,20,90
latency,sequential,2,burst_small,256,36,20,100
latency,sequential,2,burst_small,256,37,20,90
latency,sequential,2,burst_small,256,38,10,90
latency,sequential,2,burst_small,256,39,20,100
latency,sequential,2,burst_small,256,40,20,90
latency,sequential,2,burst_small,256,41,21,101
latency,sequential,2,burst_small,256,42,20,90
latency,sequential,2,burst_small,256,43,20,90
latency,sequential,2,burst_small,256,44,20,100
latency,sequential,2,burst_small,256,45,20,91
latency,sequential,2,burst_small,256,46,20,100
latency,sequential,2,burst_small,256,47,20,90
latency,sequential,2,burst_small,256,48,20,90
latency,sequential,2,burst_small,256,49,20,101
latency,sequential,2,burst_small,256,50,20,90
latency,sequential,2,burst_small,256,51,10,90
latency,sequential,2,burst_small,256,52,20,90
latency,sequential,2,burst_small,256,53,20,91
latency,sequential,2,burst_small,256,54,20,100
latency,sequential,2,burst_small,256,55,20,90
latency,sequential,2,burst_small,256,56,10,90
latency,sequential,2,burst_small,256,57,20,90
latency,sequential,2,burst_small,256,58,20,90
latency,sequential,2,burst_small,256,59,20,100
latency,sequential,2,burst_small,256,60,20,90
latency,sequential,2,burst_small,256,61,10,90
latency,sequential,2,burst_small,256,62,20,90
latency,sequential,2,burst_small,256,63,20,90
latency,sequential,2,burst_small,256,64,20,100
latency,sequential,2,burst_small,256,65,20,90
latency,sequential,2,burst_small,256,66,20,90
latency,sequential,2,burst_small,256,67,20,100
latency,sequential,2,burst_small,256,68,20,90
latency,sequential,2,burst_small,256,69,20,100
latency,sequential,2,burst_small,256,70,20,91
latency,sequential,2,burst_small,256,71,20,90
latency,sequential,2,burst_small,256,72,20,100
latency,sequential,2,burst_small,256,73,20,90
latency,sequential,2,burst_small,256,74,20,101
latency,sequential,2,burst_small,256,75,20,90
latency,sequential,2,burst_small,256,76,10,90
latency,sequential,2,burst_small,256,77,20,90
latency,sequential,2,burst_small,256,78,20,91
latency,sequential,2,burst_small,256,79,20,100
latency,sequential,2,burst_small,256,80,20,90
latency,sequential,2,burst_small,256,81,10,90
latency,sequential,2,burst_small,256,82,20,90
latency,sequential,2,burst_small,256,83,20,90
latency,sequential,2,burst_small,256,84,20,100
latency,sequential,2,burst_small,256,85,20,90
latency,sequential,2,burst_small,256,86,10,90
latency,sequential,2,burst_small,256,87,20,90
latency,sequential,2,burst_small,256,88,20,90
latency,sequential,2,burst_small,256,89,20,100
latency,sequential,2,burst_small,256,90,20,90
latency,sequential,2,burst_small,256,91,21,101
latency,sequential,2,burst_small,256,92,20,90
latency,sequential,2,burst_small,256,93,20,90
latency,sequential,2,burst_small,256,94,20,100
latency,sequential,2,burst_small,256,95,20,91
latency,sequential,2,burst_small,256,96,20,100
latency,sequential,2,burst_small,256,97,20,90
latency,sequential,2,burst_small,256,98,20,90
latency,sequential,2,burst_small,256,99,20,101
latency,sequential,2,burst_small,256,100,20,90
latency,sequential,2,burst_small,256,101,20,100
latency,sequential,2,burst_small,256,102,20,90
latency,sequential,2,burst_small,256,103,20,91
latency,sequential,2,burst_small,256,104,20,100
latency,sequential,2,burst_small,256,105,20,90
latency,sequential,2,burst_small,256,106,20,100
latency,sequential,2,burst_small,256,107,20,90
latency,sequential,2,burst_small,256,108,10,90
latency,sequential,2,burst_small,256,109,20,90
latency,sequential,2,burst_small,256,110,20,90
latency,sequential,2,burst_small,256,111,20,100
latency,sequential,2,burst_small,256,112,21,91
latency,sequential,2,burst_small,256,113,10,90
latency,sequential,2,burst_small,256,114,20,90
latency,sequential,2,burst_small,256,115,20,90
latency,sequential,2,burst_small,256,116,20,101
latency,sequential,2,burst_small,256,117,20,90
latency,sequential,2,burst_small,256,118,10,90
latency,sequential,2,burst_small,256,119,20,90
latency,sequential,2,burst_small,256,120,20,91
latency,sequential,2,burst_small,256,121,20,100
latency,sequential,2,burst_small,256,122,20,90
latency,sequential,2,burst_small,256,123,20,100
latency,sequential,2,burst_small,256,124,20,91
latency,sequential,2,burst_small,256,125,20,90
latency,sequential,2,burst_small,256,126,20,100
latency,sequential,2,burst_small,256,127,20,90
latency,sequential,2,burst_small,256,128,20,100
latency,sequential,2,burst_small,256,129,20,90
latency,sequential,2,burst_small,256,130,20,100
latency,sequential,2,burst_small,256,131,20,90
latency,sequential,2,burst_small,256,132,20,100
latency,sequential,2,burst_small,256,133,20,90
latency,sequential,2,burst_small,256,134,20,90
latency,sequential,2,burst_small,256,135,20,100
latency,sequential,2,burst_small,256,136,20,90
latency,sequential,2,burst_small,256,137,21,101
latency,sequential,2,burst_small,256,138,20,90
latency,sequential,2,burst_small,256,139,20,90
latency,sequential,2,burst_small,256,140,20,100
latency,sequential,2,burst_small,256,141,20,91
latency,sequential,2,burst_small,256,142,20,100
latency,sequential,2,burst_small,256,143,20,90
latency,sequential,2,burst_small,256,144,20,90
latency,sequential,2,burst_small,256,145,20,101
latency,sequential,2,burst_small,256,146,20,90
latency,sequential,2,burst_small,256,147,20,100
latency,sequential,2,burst_small,256,148,20,90
latency,sequential,2,burst_small,256,149,10,91
latency,sequential,2,burst_small,256,150,20,90
latency,sequential,2,burst_small,256,151,20,90
latency,sequential,2,burst_small,256,152,20,100
latency,sequential,2,burst_small,256,153,20,90
latency,sequential,2,burst_small,256,154,10,90
latency,sequential,2,burst_small,256,155,20,90
latency,sequential,2,burst_small,256,156,20,90
latency,sequential,2,burst_small,256,157,20,100
latency,sequential,2,burst_small,256,158,20,90
latency,sequential,2,burst_small,256,159,10,90
latency,sequential,2,burst_small,256,160,20,90
latency,sequential,2,burst_small,256,161,20,90
latency,sequential,2,burst_small,256,162,20,101
latency,sequential,2,burst_small,256,163,20,90
latency,sequential,2,burst_small,256,164,20,100
latency,sequential,2,burst_small,256,165,20,90
latency,sequential,2,burst_small,256,166,20,91
latency,sequential,2,burst_small,256,167,20,100
latency,sequential,2,burst_small,256,168,20,90
latency,sequential,2,burst_small,256,169,20,100
latency,sequential,2,burst_small,256,170,20,91
latency,sequential,2,burst_small,256,171,20,90
latency,sequential,2,burst_small,256,172,20,100
latency,sequential,2,burst_small,256,173,20,90
latency,sequential,2,burst_small,256,174,20,101
latency,sequential,2,burst_small,256,175,20,90
latency,sequential,2,burst_small,256,176,10,90
latency,sequential,2,burst_small,256,177,20,90
latency,sequential,2,burst_small,256,178,20,90
latency,sequential,2,burst_small,256,179,20,100
latency,sequential,2,burst_small,256,180,20,90
latency,sequential,2,burst_small,256,181,20,100
latency,sequential,2,burst_small,256,182,20,90
latency,sequential,2,burst_small,256,183,21,91
latency,sequential,2,burst_small,256,184,20,100
latency,sequential,2,burst_small,256,185,20,90
latency,sequential,2,burst_small,256,186,20,100
latency,sequential,2,burst_small,256,187,20,91
latency,sequential,2,burst_small,256,188,10,90
latency,sequential,2,burst_small,256,189,20,90
latency,sequential,2,burst_small,256,190,20,90
latency,sequential,2,burst_small,256,191,20,101
latency,sequential,2,burst_small,256,192,20,90
latency,sequential,2,burst_small,256,193,20,100
latency,sequential,2,burst_small,256,194,20,90
latency,sequential,2,burst_small,256,195,20,91
latency,sequential,2,burst_small,256,196,20,100
latency,sequential,2,burst_small,256,197,20,90
latency,sequential,2,burst_small,256,198,20,100
latency,sequential,2,burst_small,256,199,20,90
latency,sequential,2,burst_small,256,200,10,90
latency,sequential,2,burst_small,256,201,20,90
latency,sequential,2,burst_small,256,202,20,90
latency,sequential,2,burst_small,256,203,20,100
latency,sequential,2,burst_small,256,204,21,91
latency,sequential,2,burst_small,256,205,10,90
latency,sequential,2,burst_small,256,206,20,90
latency,sequential,2,burst_small,256,207,20,90
latency,sequential,2,burst_small,256,208,20,101
latency,sequential,2,burst_small,256,209,20,90
latency,sequential,2,burst_small,256,210,20,100
latency,sequential,2,burst_small,256,211,20,90
latency,sequential,2,burst_small,256,212,20,91
latency,sequential,2,burst_small,256,213,20,100
latency,sequential,2,burst_small,256,214,20,90
latency,sequential,2,burst_small,256,215,20,100
latency,sequential,2,burst_small,256,216,20,91
latency,sequential,2,burst_small,256,217,10,90
latency,sequential,2,burst_small,256,218,20,90
latency,sequential,2,burst_small,256,219,20,90
latency,sequential,2,burst_small,256,220,20,100
latency,sequential,2,burst_small,256,221,20,90
latency,sequential,2,burst_small,256,222,10,90
latency,sequential,2,burst_small,256,223,20,90
latency,sequential,2,burst_small,256,224,20,90
latency,sequential,2,burst_small,256,225,20,100
latency,sequential,2,burst_small,256,226,20,90
latency,sequential,2,burst_small,256,227,20,100
latency,sequential,2,burst_small,256,228,20,90
latency,sequential,2,burst_small,256,229,21,91
latency,sequential,2,burst_small,256,230,20,100
latency,sequential,2,burst_small,256,231,20,90
latency,sequential,2,burst_small,256,232,20,100
latency,sequential,2,burst_small,256,233,20,91
latency,sequential,2,burst_small,256,234,20,90
latency,sequential,2,burst_small,256,235,20,100
latency,sequential,2,burst_small,256,236,20,90
latency,sequential,2,burst_small,256,237,20,101
latency,sequential,2,burst_small,256,238,20,90
latency,sequential,2,burst_small,256,239,20,90
latency,sequential,2,burst_small,256,240,20,100
latency,sequential,2,burst_small,256,241,20,91
latency,sequential,2,burst_small,256,242,20,100
latency,sequential,2,burst_small,256,243,20,90
latency,sequential,2,burst_small,256,244,20,90
latency,sequential,2,burst_small,256,245,20,100
latency,sequential,2,burst_small,256,246,20,90
latency,sequential,2,burst_small,256,247,20,100
latency,sequential,2,burst_small,256,248,20,90
latency,sequential,2,burst_small,256,249,20,90
latency,sequential,2,burst_small,256,250,21,101
latency,sequential,2,burst_small,256,251,20,90
latency,sequential,2,burst_small,256,252,20,100
latency,sequential,2,burst_small,256,253,20,90
latency,sequential,2,burst_small,256,254,20,91
latency,sequential,2,burst_small,256,255,20,100
latency,sequential,2,burst_small,256,256,60,161
latency,sequential,2,burst_small,256,257,20,90
latency,sequential,2,burst_small,256,258,20,100
latency,sequential,2,burst_small,256,259,20,100
latency,sequential,2,burst_small,256,260,20,90
latency,sequential,2,burst_small,256,261,21,101
latency,sequential,2,burst_small,256,262,20,90
latency,sequential,2,burst_small,256,263,20,100
latency,sequential,2,burst_small,256,264,20,90
latency,sequential,2,burst_small,256,265,20,100
latency,sequential,2,burst_small,256,266,20,90
latency,sequential,2,burst_small,256,267,20,100
latency,sequential,2,burst_small,256,268,20,90
latency,sequential,2,burst_small,256,269,20,90
latency,sequential,2,burst_small,256,270,20,100
latency,sequential,2,burst_small,256,271,20,90
latency,sequential,2,burst_small,256,272,20,100
latency,sequential,2,burst_small,256,273,20,100
latency,sequential,2,burst_small,256,274,20,90
latency,sequential,2,burst_small,256,275,20,91
latency,sequential,2,burst_small,256,276,20,100
latency,sequential,2,burst_small,256,277,20,90
latency,sequential,2,burst_small,256,278,20,100
latency,sequential,2,burst_small,256,279,20,91
latency,sequential,2,burst_small,256,280,20,90
latency,sequential,2,burst_small,256,281,20,100
latency,sequential,2,burst_small,256,282,20,90
latency,sequential,2,burst_small,256,283,20,100
latency,sequential,2,burst_small,256,284,20,90
latency,sequential,2,burst_small,256,285,20,90
latency,sequential,2,burst_small,256,286,20,100
latency,sequential,2,burst_small,256,287,20,90
latency,sequential,2,burst_small,256,288,21,101
latency,sequential,2,burst_small,256,289,20,90
latency,sequential,2,burst_small,256,290,20,100
latency,sequential,2,burst_small,256,291,20,91
latency,sequential,2,burst_small,256,292,20,90
latency,sequential,2,burst_small,256,293,20,90
latency,sequential,2,burst_small,256,294,20,90
latency,sequential,2,burst_small,256,295,20,101
latency,sequential,2,burst_small,256,296,20,90
latency,sequential,2,burst_small,256,297,10,90
latency,sequential,2,burst_small,256,298,20,100
latency,sequential,2,burst_small,256,299,20,90
latency,sequential,2,burst_small,256,300,20,100
latency,sequential,2,burst_small,256,301,20,90
latency,sequential,2,burst_small,256,302,10,90
latency,sequential,2,burst_small,256,303,20,90
latency,sequential,2,burst_small,256,304,20,90
latency,sequential,2,burst_small,256,305,20,100
latency,sequential,2,burst_small,256,306,20,90
latency,sequential,2,burst_small,256,307,10,90
latency,sequential,2,burst_small,256,308,21,91
latency,sequential,2,burst_small,256,309,20,90
latency,sequential,2,burst_small,256,310,20,100
latency,sequential,2,burst_small,256,311,20,90
latency,sequential,2,burst_small,256,312,10,91
latency,sequential,2,burst_small,256,313,20,90
latency,sequential,2,burst_small,256,314,20,90
latency,sequential,2,burst_small,256,315,20,100
latency,sequential,2,burst_small,256,316,20,91
latency,sequential,2,burst_small,256,317,20,100
latency,sequential,2,burst_small,256,318,20,90
latency,sequential,2,burst_small,256,319,20,90
latency,sequential,2,burst_small,256,320,20,101
latency,sequential,2,burst_small,256,321,20,90
latency,sequential,2,burst_small,256,322,20,100
latency,sequential,2,burst_small,256,323,20,90
latency,sequential,2,burst_small,256,324,20,101
latency,sequential,2,burst_small,256,325,20,90
latency,sequential,2,burst_small,256,326,10,90
latency,sequential,2,burst_small,256,327,20,90
latency,sequential,2,burst_small,256,328,20,90
latency,sequential,2,burst_small,256,329,20,100
latency,sequential,2,burst_small,256,330,20,90
latency,sequential,2,burst_small,256,331,10,90
latency,sequential,2,burst_small,256,332,20,90
latency,sequential,2,burst_small,256,333,21,91
latency,sequential,2,burst_small,256,334,20,100
latency,sequential,2,burst_small,256,335,20,90
latency,sequential,2,burst_small,256,336,20,100
latency,sequential,2,burst_small,256,337,20,91
latency,sequential,2,burst_small,256,338,20,90
latency,sequential,2,burst_small,256,339,20,100
latency,sequential,2,burst_small,256,340,20,90
latency,sequential,2,burst_small,256,341,10,91
latency,sequential,2,burst_small,256,342,20,90
latency,sequential,2,burst_small,256,343,20,90
latency,sequential,2,burst_small,256,344,20,100
latency,sequential,2,burst_small,256,345,20,91
latency,sequential,2,burst_small,256,346,20,100
latency,sequential,2,burst_small,256,347,20,90
latency,sequential,2,burst_small,256,348,20,90
latency,sequential,2,burst_small,256,349,20,100
latency,sequential,2,burst_small,256,350,20,90
latency,sequential,2,burst_small,256,351,20,100
latency,sequential,2,burst_small,256,352,20,90
latency,sequential,2,burst_small,256,353,20,90
latency,sequential,2,burst_small,256,354,21,101
latency,sequential,2,burst_small,256,355,20,90
latency,sequential,2,burst_small,256,356,20,100
latency,sequential,2,burst_small,256,357,20,90
latency,sequential,2,burst_small,256,358,10,91
latency,sequential,2,burst_small,256,359,20,100
latency,sequential,2,burst_small,256,360,20,90
latency,sequential,2,burst_small,256,361,20,100
latency,sequential,2,burst_small,256,362,20,91
latency,sequential,2,burst_small,256,363,10,90
latency,sequential,2,burst_small,256,364,20,90
latency,sequential,2,burst_small,256,365,20,90
latency,sequential,2,burst_small,256,366,20,101
latency,sequential,2,burst_small,256,367,20,90
latency,sequential,2,burst_small,256,368,10,90
latency,sequential,2,burst_small,256,369,20,90
latency,sequential,2,burst_small,256,370,20,90
latency,sequential,2,burst_small,256,371,20,100
latency,sequential,2,burst_small,256,372,20,90
latency,sequential,2,burst_small,256,373,10,90
latency,sequential,2,burst_small,256,374,20,90
latency,sequential,2,burst_small,256,375,20,90
latency,sequential,2,burst_small,256,376,20,100
latency,sequential,2,burst_small,256,377,20,90
latency,sequential,2,burst_small,256,378,20,100
latency,sequential,2,burst_small,256,379,20,91
latency,sequential,2,burst_small,256,380,20,90
latency,sequential,2,burst_small,256,381,20,100
latency,sequential,2,burst_small,256,382,20,90
latency,sequential,2,burst_small,256,383,20,101
latency,sequential,2,burst_small,256,384,20,90
latency,sequential,2,burst_small,256,385,20,100
latency,sequential,2,burst_small,256,386,20,90
latency,sequential,2,burst_small,256,387,20,91
latency,sequential,2,burst_small,256,388,20,90
latency,sequential,2,burst_small,256,389,20,90
latency,sequential,2,burst_small,256,390,20,100
latency,sequential,2,burst_small,256,391,20,91
latency,sequential,2,burst_small,256,392,10,90
latency,sequential,2,burst_small,256,393,20,90
latency,sequential,2,burst_small,256,394,20,90
latency,sequential,2,burst_small,256,395,20,101
latency,sequential,2,burst_small,256,396,20,90
latency,sequential,2,burst_small,256,397,20,100
latency,sequential,2,burst_small,256,398,20,90
latency,sequential,2,burst_small,256,399,20,90
latency,sequential,2,burst_small,256,400,20,100
latency,sequential,2,burst_small,256,401,20,90
latency,sequential,2,burst_small,256,402,20,100
latency,sequential,2,burst_small,256,403,20,90
latency,sequential,2,burst_small,256,404,10,91
latency,sequential,2,burst_small,256,405,20,90
latency,sequential,2,burst_small,256,406,20,90
latency,sequential,2,burst_small,256,407,20,100
latency,sequential,2,burst_small,256,408,20,91
latency,sequential,2,burst_small,256,409,20,100
latency,sequential,2,burst_small,256,410,20,90
latency,sequential,2,burst_small,256,411,20,90
latency,sequential,2,burst_small,256,412,20,101
latency,sequential,2,burst_small,256,413,20,90
latency,sequential,2,burst_small,256,414,20,100
latency,sequential,2,burst_small,256,415,20,90
latency,sequential,2,burst_small,256,416,10,91
latency,sequential,2,burst_small,256,417,20,90
latency,sequential,2,burst_small,256,418,20,90
latency,sequential,2,burst_small,256,419,20,100
latency,sequential,2,burst_small,256,420,20,90
latency,sequential,2,burst_small,256,421,10,90
latency,sequential,2,burst_small,256,422,20,90
latency,sequential,2,burst_small,256,423,20,90
latency,sequential,2,burst_small,256,424,20,100
latency,sequential,2,burst_small,256,425,21,91
latency,sequential,2,burst_small,256,426,20,100
latency,sequential,2,burst_small,256,427,20,90
latency,sequential,2,burst_small,256,428,20,90
latency,sequential,2,burst_small,256,429,20,101
latency,sequential,2,burst_small,256,430,20,90
latency,sequential,2,burst_small,256,431,20,100
latency,sequential,2,burst_small,256,432,20,90
latency,sequential,2,burst_small,256,433,20,91
latency,sequential,2,burst_small,256,434,20,100
latency,sequential,2,burst_small,256,435,20,90
latency,sequential,2,burst_small,256,436,20,100
latency,sequential,2,burst_small,256,437,20,91
latency,sequential,2,burst_small,256,438,10,90
latency,sequential,2,burst_small,256,439,20,90
latency,sequential,2,burst_small,256,440,20,90
latency,sequential,2,burst_small,256,441,20,100
latency,sequential,2,burst_small,256,442,20,90
latency,sequential,2,burst_small,256,443,10,90
latency,sequential,2,burst_small,256,444,20,90
latency,sequential,2,burst_small,256,445,20,90
latency,sequential,2,burst_small,256,446,21,101
latency,sequential,2,burst_small,256,447,20,90
latency,sequential,2,burst_small,256,448,10,90
latency,sequential,2,burst_small,256,449,20,90
latency,sequential,2,burst_small,256,450,20,91
latency,sequential,2,burst_small,256,451,20,100
latency,sequential,2,burst_small,256,452,20,90
latency,sequential,2,burst_small,256,453,10,90
latency,sequential,2,burst_small,256,454,20,91
latency,sequential,2,burst_small,256,455,20,90
latency,sequential,2,burst_small,256,456,20,100
latency,sequential,2,burst_small,256,457,20,90
latency,sequential,2,burst_small,256,458,10,91
latency,sequential,2,burst_small,256,459,20,90
latency,sequential,2,burst_small,256,460,20,90
latency,sequential,2,burst_small,256,461,20,100
latency,sequential,2,burst_small,256,462,20,90
latency,sequential,2,burst_small,256,463,10,90
latency,sequential,2,burst_small,256,464,20,90
latency,sequential,2,burst_small,256,465,20,90
latency,sequential,2,burst_small,256,466,20,100
latency,sequential,2,burst_small,256,467,20,90
latency,sequential,2,burst_small,256,468,10,90
latency,sequential,2,burst_small,256,469,20,90
latency,sequential,2,burst_small,256,470,20,90
latency,sequential,2,burst_small,256,471,21,101
latency,sequential,2,burst_small,256,472,20,90
latency,sequential,2,burst_small,256,473,10,90
latency,sequential,2,burst_small,256,474,20,100
latency,sequential,2,burst_small,256,475,20,91
latency,sequential,2,burst_small,256,476,20,100
latency,sequential,2,burst_small,256,477,20,90
latency,sequential,2,burst_small,256,478,20,90
latency,sequential,2,burst_small,256,479,20,101
latency,sequential,2,burst_small,256,480,20,90
latency,sequential,2,burst_small,256,481,20,100
latency,sequential,2,burst_small,256,482,20,90
latency,sequential,2,burst_small,256,483,20,91
latency,sequential,2,burst_small,256,484,20,100
latency,sequential,2,burst_small,256,485,20,90
latency,sequential,2,burst_small,256,486,10,90
latency,sequential,2,burst_small,256,487,20,90
latency,sequential,2,burst_small,256,488,20,90
latency,sequential,2,burst_small,256,489,20,100
latency,sequential,2,burst_small,256,490,20,90
latency,sequential,2,burst_small,256,491,10,90
latency,sequential,2,burst_small,256,492,21,101
latency,sequential,2,burst_small,256,493,20,90
latency,sequential,2,burst_small,256,494,20,100
latency,sequential,2,burst_small,256,495,20,90
latency,sequential,2,burst_small,256,496,10,91
latency,sequential,2,burst_small,256,497,20,100
latency,sequential,2,burst_small,256,498,20,90
latency,sequential,2,burst_small,256,499,20,100
latency,sequential,2,burst_small,256,500,20,91
latency,sequential,2,burst_small,256,501,20,90
latency,sequential,2,burst_small,256,502,20,100
latency,sequential,2,burst_small,256,503,20,90
latency,sequential,2,burst_small,256,504,20,101
latency,sequential,2,burst_small,256,505,20,90
latency,sequential,2,burst_small,256,506,20,90
latency,sequential,2,burst_small,256,507,20,90
latency,sequential,2,burst_small,256,508,20,90
latency,sequential,2,burst_small,256,509,20,100
latency,sequential,2,burst_small,256,510,20,90
latency,sequential,2,burst_small,256,511,20,90
latency,sequential,2,burst_small,256,512,60,160
latency,sequential,2,burst_small,256,513,20,90
latency,sequential,2,burst_small,256,514,20,101
latency,sequential,2,burst_small,256,515,20,100
latency,sequential,2,burst_small,256,516,20,90
latency,sequential,2,burst_small,256,517,20,90
latency,sequential,2,burst_small,256,518,20,100
latency,sequential,2,burst_small,256,519,20,90
latency,sequential,2,burst_small,256,520,20,90
latency,sequential,2,burst_small,256,521,20,100
latency,sequential,2,burst_small,256,522,20,90
latency,sequential,2,burst_small,256,523,20,101
latency,sequential,2,burst_small,256,524,20,90
latency,sequential,2,burst_small,256,525,20,90
latency,sequential,2,burst_small,256,526,20,100
latency,sequential,2,burst_small,256,527,20,91
latency,sequential,2,burst_small,256,528,20,100
latency,sequential,2,burst_small,256,529,20,90
latency,sequential,2,burst_small,256,530,20,90
latency,sequential,2,burst_small,256,531,20,101
latency,sequential,2,burst_small,256,532,20,90
latency,sequential,2,burst_small,256,533,10,90
latency,sequential,2,burst_small,256,534,20,100
latency,sequential,2,burst_small,256,535,20,91
latency,sequential,2,burst_small,256,536,20,100
latency,sequential,2,burst_small,256,537,20,90
latency,sequential,2,burst_small,256,538,10,90
latency,sequential,2,burst_small,256,539,20,90
latency,sequential,2,burst_small,256,540,20,90
latency,sequential,2,burst_small,256,541,20,100
latency,sequential,2,burst_small,256,542,20,90
latency,sequential,2,burst_small,256,543,10,90
latency,sequential,2,burst_small,256,544,20,90
latency,sequential,2,burst_small,256,545,20,90
latency,sequential,2,burst_small,256,546,20,90
latency,sequential,2,burst_small,256,547,20,90
latency,sequential,2,burst_small,256,548,20,100
latency,sequential,2,burst_small,256,549,20,90
latency,sequential,2,burst_small,256,550,10,90
latency,sequential,2,burst_small,256,551,20,90
latency,sequential,2,burst_small,256,552,21,91
latency,sequential,2,burst_small,256,553,20,100
latency,sequential,2,burst_small,256,554,20,90
latency,sequential,2,burst_small,256,555,10,90
latency,sequential,2,burst_small,256,556,20,91
latency,sequential,2,burst_small,256,557,20,90
latency,sequential,2,burst_small,256,558,20,100
latency,sequential,2,burst_small,256,559,20,90
latency,sequential,2,burst_small,256,560,10,91
latency,sequential,2,burst_small,256,561,20,90
latency,sequential,2,burst_small,256,562,20,90
latency,sequential,2,burst_small,256,563,20,100
latency,sequential,2,burst_small,256,564,20,91
latency,sequential,2,burst_small,256,565,10,90
latency,sequential,2,burst_small,256,566,20,90
latency,sequential,2,burst_small,256,567,20,90
latency,sequential,2,burst_small,256,568,20,100
latency,sequential,2,burst_small,256,569,20,90
latency,sequential,2,burst_small,256,570,10,90
latency,sequential,2,burst_small,256,571,20,90
latency,sequential,2,burst_small,256,572,20,90
latency,sequential,2,burst_small,256,573,21,101
latency,sequential,2,burst_small,256,574,20,90
latency,sequential,2,burst_small,256,575,20,100
latency,sequential,2,burst_small,256,576,20,90
latency,sequential,2,burst_small,256,577,11,91
latency,sequential,2,burst_small,256,578,20,90
latency,sequential,2,burst_small,256,579,20,90
latency,sequential,2,burst_small,256,580,20,100
latency,sequential,2,burst_small,256,581,20,91
latency,sequential,2,burst_small,256,582,20,100
latency,sequential,2,burst_small,256,583,20,90
latency,sequential,2,burst_small,256,584,20,90
latency,sequential,2,burst_small,256,585,20,101
latency,sequential,2,burst_small,256,586,20,90
latency,sequential,2,burst_small,256,587,20,100
latency,sequential,2,burst_small,256,588,20,90
latency,sequential,2,burst_small,256,589,20,91
latency,sequential,2,burst_small,256,590,20,100
latency,sequential,2,burst_small,256,591,20,90
latency,sequential,2,burst_small,256,592,20,100
latency,sequential,2,burst_small,256,593,20,90
latency,sequential,2,burst_small,256,594,10,90
latency,sequential,2,burst_small,256,595,20,90
latency,sequential,2,burst_small,256,596,20,90
latency,sequential,2,burst_small,256,597,20,100
latency,sequential,2,burst_small,256,598,21,91
latency,sequential,2,burst_small,256,599,10,90
latency,sequential,2,burst_small,256,600,20,90
latency,sequential,2,burst_small,256,601,20,90
latency,sequential,2,burst_small,256,602,20,101
latency,sequential,2,burst_small,256,603,20,90
latency,sequential,2,burst_small,256,604,10,90
latency,sequential,2,burst_small,256,605,20,90
latency,sequential,2,burst_small,256,606,20,91
latency,sequential,2,burst_small,256,607,20,100
latency,sequential,2,burst_small,256,608,20,90
latency,sequential,2,burst_small,256,609,20,100
latency,sequential,2,burst_small,256,610,20,91
latency,sequential,2,burst_small,256,611,20,90
latency,sequential,2,burst_small,256,612,20,100
latency,sequential,2,burst_small,256,613,20,90
latency,sequential,2,burst_small,256,614,20,100
latency,sequential,2,burst_small,256,615,20,90
latency,sequential,2,burst_small,256,616,20,90
latency,sequential,2,burst_small,256,617,20,100
latency,sequential,2,burst_small,256,618,20,90
latency,sequential,2,burst_small,256,619,20,100
latency,sequential,2,burst_small,256,620,20,90
latency,sequential,2,burst_small,256,621,20,90
latency,sequential,2,burst_small,256,622,20,100
latency,sequential,2,burst_small,256,623,21,91
latency,sequential,2,burst_small,256,624,20,100
latency,sequential,2,burst_small,256,625,20,90
latency,sequential,2,burst_small,256,626,10,90
latency,sequential,2,burst_small,256,627,20,91
latency,sequential,2,burst_small,256,628,20,90
latency,sequential,2,burst_small,256,629,20,100
latency,sequential,2,burst_small,256,630,20,90
latency,sequential,2,burst_small,256,631,20,101
latency,sequential,2,burst_small,256,632,20,90
latency,sequential,2,burst_small,256,633,20,90
latency,sequential,2,burst_small,256,634,20,100
latency,sequential,2,burst_small,256,635,20,91
latency,sequential,2,burst_small,256,636,20,100
latency,sequential,2,burst_small,256,637,20,90
latency,sequential,2,burst_small,256,638,20,90
latency,sequential,2,burst_small,256,639,20,100
latency,sequential,2,burst_small,256,640,20,90
latency,sequential,2,burst_small,256,641,20,100
latency,sequential,2,burst_small,256,642,20,90
latency,sequential,2,burst_small,256,643,20,100
latency,sequential,2,burst_small,256,644,20,90
latency,sequential,2,burst_small,256,645,10,90
latency,sequential,2,burst_small,256,646,20,90
latency,sequential,2,burst_small,256,647,20,90
latency,sequential,2,burst_small,256,648,21,101
latency,sequential,2,burst_small,256,649,20,90
latency,sequential,2,burst_small,256,650,20,100
latency,sequential,2,burst_small,256,651,20,90
latency,sequential,2,burst_small,256,652,20,91
latency,sequential,2,burst_small,256,653,20,100
latency,sequential,2,burst_small,256,654,20,90
latency,sequential,2,burst_small,256,655,20,100
latency,sequential,2,burst_small,256,656,20,91
latency,sequential,2,burst_small,256,657,20,90
latency,sequential,2,burst_small,256,658,20,100
latency,sequential,2,burst_small,256,659,20,90
latency,sequential,2,burst_small,256,660,20,101
latency,sequential,2,burst_small,256,661,20,90
latency,sequential,2,burst_small,256,662,20,90
latency,sequential,2,burst_small,256,663,20,100
latency,sequential,2,burst_small,256,664,20,90
latency,sequential,2,burst_small,256,665,20,100
latency,sequential,2,burst_small,256,666,20,90
latency,sequential,2,burst_small,256,667,10,90
latency,sequential,2,burst_small,256,668,20,90
latency,sequential,2,burst_small,256,669,21,91
latency,sequential,2,burst_small,256,670,20,100
latency,sequential,2,burst_small,256,671,20,90
latency,sequential,2,burst_small,256,672,10,90
latency,sequential,2,burst_small,256,673,20,91
latency,sequential,2,burst_small,256,674,20,90
latency,sequential,2,burst_small,256,675,20,100
latency,sequential,2,burst_small,256,676,20,90
latency,sequential,2,burst_small,256,677,20,101
latency,sequential,2,burst_small,256,678,20,90
latency,sequential,2,burst_small,256,679,20,90
latency,sequential,2,burst_small,256,680,20,100
latency,sequential,2,burst_small,256,681,20,91
latency,sequential,2,burst_small,256,682,20,100
latency,sequential,2,burst_small,256,683,20,90
latency,sequential,2,burst_small,256,684,10,90
latency,sequential,2,burst_small,256,685,20,90
latency,sequential,2,burst_small,256,686,20,90
latency,sequential,2,burst_small,256,687,20,100
latency,sequential,2,burst_small,256,688,20,90
latency,sequential,2,burst_small,256,689,20,100
latency,sequential,2,burst_small,256,690,20,90
latency,sequential,2,burst_small,256,691,20,90
latency,sequential,2,burst_small,256,692,20,100
latency,sequential,2,burst_small,256,693,20,90
latency,sequential,2,burst_small,256,694,20,101
latency,sequential,2,burst_small,256,695,20,90
latency,sequential,2,burst_small,256,696,10,90
latency,sequential,2,burst_small,256,697,20,90
latency,sequential,2,burst_small,256,698,20,91
latency,sequential,2,burst_small,256,699,20,100
latency,sequential,2,burst_small,256,700,20,90
latency,sequential,2,burst_small,256,701,20,100
latency,sequential,2,burst_small,256,702,20,91
latency,sequential,2,burst_small,256,703,20,90
latency,sequential,2,burst_small,256,704,20,100
latency,sequential,2,burst_small,256,705,20,90
latency,sequential,2,burst_small,256,706,20,101
latency,sequential,2,burst_small,256,707,20,90
latency,sequential,2,burst_small,256,708,10,90
latency,sequential,2,burst_small,256,709,20,90
latency,sequential,2,burst_small,256,710,20,90
latency,sequential,2,burst_small,256,711,20,100
latency,sequential,2,burst_small,256,712,20,90
latency,sequential,2,burst_small,256,713,10,90
latency,sequential,2,burst_small,256,714,20,90
latency,sequential,2,burst_small,256,715,21,91
latency,sequential,2,burst_small,256,716,20,100
latency,sequential,2,burst_small,256,717,20,90
latency,sequential,2,burst_small,256,718,20,100
latency,sequential,2,burst_small,256,719,20,91
latency,sequential,2,burst_small,256,720,20,90
latency,sequential,2,burst_small,256,721,20,100
latency,sequential,2,burst_small,256,722,20,90
latency,sequential,2,burst_small,256,723,20,101
latency,sequential,2,burst_small,256,724,20,90
latency,sequential,2,burst_small,256,725,20,90
latency,sequential,2,burst_small,256,726,20,100
latency,sequential,2,burst_small,256,727,20,91
latency,sequential,2,burst_small,256,728,20,100
latency,sequential,2,burst_small,256,729,20,90
latency,sequential,2,burst_small,256,730,20,90
latency,sequential,2,burst_small,256,731,20,100
latency,sequential,2,burst_small,256,732,20,90
latency,sequential,2,burst_small,256,733,20,100
latency,sequential,2,burst_small,256,734,20,90
latency,sequential,2,burst_small,256,735,10,90
latency,sequential,2,burst_small,256,736,21,91
latency,sequential,2,burst_small,256,737,20,90
latency,sequential,2,burst_small,256,738,20,100
latency,sequential,2,burst_small,256,739,20,90
latency,sequential,2,burst_small,256,740,10,91
latency,sequential,2,burst_small,256,741,20,100
latency,sequential,2,burst_small,256,742,20,90
latency,sequential,2,burst_small,256,743,20,100
latency,sequential,2,burst_small,256,744,20,91
latency,sequential,2,burst_small,256,745,20,90
latency,sequential,2,burst_small,256,746,20,100
latency,sequential,2,burst_small,256,747,20,90
latency,sequential,2,burst_small,256,748,20,101
latency,sequential,2,burst_small,256,749,20,90
latency,sequential,2,burst_small,256,750,20,90
latency,sequential,2,burst_small,256,751,20,100
latency,sequential,2,burst_small,256,752,20,90
latency,sequential,2,burst_small,256,753,20,100
latency,sequential,2,burst_small,256,754,20,90
latency,sequential,2,burst_small,256,755,20,90
latency,sequential,2,burst_small,256,756,20,100
latency,sequential,2,burst_small,256,757,20,90
latency,sequential,2,burst_small,256,758,20,100
latency,sequential,2,burst_small,256,759,20,90
latency,sequential,2,burst_small,256,760,20,90
latency,sequential,2,burst_small,256,761,20,101
latency,sequential,2,burst_small,256,762,20,90
latency,sequential,2,burst_small,256,763,20,100
latency,sequential,2,burst_small,256,764,20,90
latency,sequential,2,burst_small,256,765,20,91
latency,sequential,2,burst_small,256,766,20,100
latency,sequential,2,burst_small,256,767,20,90
latency,sequential,2,burst_small,256,768,60,160
latency,sequential,2,burst_small,256,769,20,90
latency,sequential,2,burst_small,256,770,20,100
latency,sequential,2,burst_small,256,771,20,100
latency,sequential,2,burst_small,256,772,20,90
latency,sequential,2,burst_small,256,773,20,90
latency,sequential,2,burst_small,256,774,20,90
latency,sequential,2,burst_small,256,775,20,91
latency,sequential,2,burst_small,256,776,20,100
latency,sequential,2,burst_small,256,777,20,100
latency,sequential,2,burst_small,256,778,20,91
latency,sequential,2,burst_small,256,779,20,90
latency,sequential,2,burst_small,256,780,20,100
latency,sequential,2,burst_small,256,781,20,90
latency,sequential,2,burst_small,256,782,10,91
latency,sequential,2,burst_small,256,783,20,90
latency,sequential,2,burst_small,256,784,20,90
latency,sequential,2,burst_small,256,785,20,100
latency,sequential,2,burst_small,256,786,20,91
latency,sequential,2,burst_small,256,787,10,90
latency,sequential,2,burst_small,256,788,20,90
latency,sequential,2,burst_small,256,789,20,90
latency,sequential,2,burst_small,256,790,20,101
latency,sequential,2,burst_small,256,791,20,90
latency,sequential,2,burst_small,256,792,20,90
latency,sequential,2,burst_small,256,793,20,100
latency,sequential,2,burst_small,256,794,20,90
latency,sequential,2,burst_small,256,795,20,100
latency,sequential,2,burst_small,256,796,20,90
latency,sequential,2,burst_small,256,797,20,90
latency,sequential,2,burst_small,256,798,20,100
latency,sequential,2,burst_small,256,799,21,91
latency,sequential,2,burst_small,256,800,20,100
latency,sequential,2,burst_small,256,801,20,90
latency,sequential,2,burst_small,256,802,10,90
latency,sequential,2,burst_small,256,803,21,91
latency,sequential,2,burst_small,256,804,20,90
latency,sequential,2,burst_small,256,805,20,100
latency,sequential,2,burst_small,256,806,20,90
latency,sequential,2,burst_small,256,807,10,91
latency,sequential,2,burst_small,256,808,20,90
latency,sequential,2,burst_small,256,809,20,90
latency,sequential,2,burst_small,256,810,20,100
latency,sequential,2,burst_small,256,811,20,91
latency,sequential,2,burst_small,256,812,10,90
latency,sequential,2,burst_small,256,813,20,90
latency,sequential,2,burst_small,256,814,20,90
latency,sequential,2,burst_small,256,815,20,101
latency,sequential,2,burst_small,256,816,20,90
latency,sequential,2,burst_small,256,817,10,90
latency,sequential,2,burst_small,256,818,20,90
latency,sequential,2,burst_small,256,819,20,90
latency,sequential,2,burst_small,256,820,20,100
latency,sequential,2,burst_small,256,821,20,90
latency,sequential,2,burst_small,256,822,10,90
latency,sequential,2,burst_small,256,823,20,90
latency,sequential,2,burst_small,256,824,21,91
latency,sequential,2,burst_small,256,825,20,100
latency,sequential,2,burst_small,256,826,20,90
latency,sequential,2,burst_small,256,827,10,90
latency,sequential,2,burst_small,256,828,20,91
latency,sequential,2,burst_small,256,829,20,90
latency,sequential,2,burst_small,256,830,20,100
latency,sequential,2,burst_small,256,831,20,90
latency,sequential,2,burst_small,256,832,20,101
latency,sequential,2,burst_small,256,833,20,90
latency,sequential,2,burst_small,256,834,20,100
latency,sequential,2,burst_small,256,835,20,90
latency,sequential,2,burst_small,256,836,20,91
latency,sequential,2,burst_small,256,837,20,100
latency,sequential,2,burst_small,256,838,20,90
latency,sequential,2,burst_small,256,839,20,100
latency,sequential,2,burst_small,256,840,20,91
latency,sequential,2,burst_small,256,841,20,90
latency,sequential,2,burst_small,256,842,20,100
latency,sequential,2,burst_small,256,843,20,90
latency,sequential,2,burst_small,256,844,20,100
latency,sequential,2,burst_small,256,845,20,90
latency,sequential,2,burst_small,256,846,20,90
latency,sequential,2,burst_small,256,847,20,100
latency,sequential,2,burst_small,256,848,20,90
latency,sequential,2,burst_small,256,849,21,101
latency,sequential,2,burst_small,256,850,20,90
latency,sequential,2,burst_small,256,851,20,90
latency,sequential,2,burst_small,256,852,20,100
latency,sequential,2,burst_small,256,853,20,91
latency,sequential,2,burst_small,256,854,20,100
latency,sequential,2,burst_small,256,855,20,90
latency,sequential,2,burst_small,256,856,20,90
latency,sequential,2,burst_small,256,857,20,91
latency,sequential,2,burst_small,256,858,20,90
latency,sequential,2,burst_small,256,859,20,100
latency,sequential,2,burst_small,256,860,20,90
latency,sequential,2,burst_small,256,861,10,91
latency,sequential,2,burst_small,256,862,20,90
latency,sequential,2,burst_small,256,863,20,90
latency,sequential,2,burst_small,256,864,20,100
latency,sequential,2,burst_small,256,865,20,90
latency,sequential,2,burst_small,256,866,10,90
latency,sequential,2,burst_small,256,867,20,90
latency,sequential,2,burst_small,256,868,20,90
latency,sequential,2,burst_small,256,869,20,100
latency,sequential,2,burst_small,256,870,20,90
latency,sequential,2,burst_small,256,871,10,90
latency,sequential,2,burst_small,256,872,20,90
latency,sequential,2,burst_small,256,873,20,90
latency,sequential,2,burst_small,256,874,21,101
latency,sequential,2,burst_small,256,875,20,90
latency,sequential,2,burst_small,256,876,20,100
latency,sequential,2,burst_small,256,877,20,90
latency,sequential,2,burst_small,256,878,20,91
latency,sequential,2,burst_small,256,879,20,100
latency,sequential,2,burst_small,256,880,20,90
latency,sequential,2,burst_small,256,881,20,100
latency,sequential,2,burst_small,256,882,20,91
latency,sequential,2,burst_small,256,883,20,90
latency,sequential,2,burst_small,256,884,20,100
latency,sequential,2,burst_small,256,885,20,90
latency,sequential,2,burst_small,256,886,20,101
latency,sequential,2,burst_small,256,887,20,90
latency,sequential,2,burst_small,256,888,20,90
latency,sequential,2,burst_small,256,889,20,100
latency,sequential,2,burst_small,256,890,20,90
latency,sequential,2,burst_small,256,891,20,100
latency,sequential,2,burst_small,256,892,20,90
latency,sequential,2,burst_small,256,893,20,90
latency,sequential,2,burst_small,256,894,20,100
latency,sequential,2,burst_small,256,895,21,91
latency,sequential,2,burst_small,256,896,20,100
latency,sequential,2,burst_small,256,897,20,90
latency,sequential,2,burst_small,256,898,20,100
latency,sequential,2,burst_small,256,899,21,91
latency,sequential,2,burst_small,256,900,10,90
latency,sequential,2,burst_small,256,901,20,90
latency,sequential,2,burst_small,256,902,20,90
latency,sequential,2,burst_small,256,903,20,101
latency,sequential,2,burst_small,256,904,20,90
latency,sequential,2,burst_small,256,905,10,90
latency,sequential,2,burst_small,256,906,20,90
latency,sequential,2,burst_small,256,907,20,91
latency,sequential,2,burst_small,256,908,20,100
latency,sequential,2,burst_small,256,909,20,90
latency,sequential,2,burst_small,256,910,20,100
latency,sequential,2,burst_small,256,911,20,91
latency,sequential,2,burst_small,256,912,20,90
latency,sequential,2,burst_small,256,913,20,100
latency,sequential,2,burst_small,256,914,20,90
latency,sequential,2,burst_small,256,915,20,100
latency,sequential,2,burst_small,256,916,20,90
latency,sequential,2,burst_small,256,917,20,90
latency,sequential,2,burst_small,256,918,20,100
latency,sequential,2,burst_small,256,919,20,90
latency,sequential,2,burst_small,256,920,21,101
latency,sequential,2,burst_small,256,921,20,90
latency,sequential,2,burst_small,256,922,20,90
latency,sequential,2,burst_small,256,923,20,100
latency,sequential,2,burst_small,256,924,20,91
latency,sequential,2,burst_small,256,925,20,100
latency,sequential,2,burst_small,256,926,20,90
latency,sequential,2,burst_small,256,927,10,90
latency,sequential,2,burst_small,256,928,20,91
latency,sequential,2,burst_small,256,929,20,90
latency,sequential,2,burst_small,256,930,20,100
latency,sequential,2,burst_small,256,931,20,90
latency,sequential,2,burst_small,256,932,20,101
latency,sequential,2,burst_small,256,933,20,90
latency,sequential,2,burst_small,256,934,20,90
latency,sequential,2,burst_small,256,935,20,100
latency,sequential,2,burst_small,256,936,20,90
latency,sequential,2,burst_small,256,937,20,100
latency,sequential,2,burst_small,256,938,20,90
latency,sequential,2,burst_small,256,939,20,90
latency,sequential,2,burst_small,256,940,20,100
latency,sequential,2,burst_small,256,941,20,90
latency,sequential,2,burst_small,256,942,20,100
latency,sequential,2,burst_small,256,943,20,90
latency,sequential,2,burst_small,256,944,10,90
latency,sequential,2,burst_small,256,945,20,91
latency,sequential,2,burst_small,256,946,20,90
latency,sequential,2,burst_small,256,947,20,100
latency,sequential,2,burst_small,256,948,20,90
latency,sequential,2,burst_small,256,949,20,101
latency,sequential,2,burst_small,256,950,20,90
latency,sequential,2,burst_small,256,951,20,90
latency,sequential,2,burst_small,256,952,20,100
latency,sequential,2,burst_small,256,953,20,91
latency,sequential,2,burst_small,256,954,20,100
latency,sequential,2,burst_small,256,955,20,90
latency,sequential,2,burst_small,256,956,10,90
latency,sequential,2,burst_small,256,957,20,90
latency,sequential,2,burst_small,256,958,20,90
latency,sequential,2,burst_small,256,959,20,100
latency,sequential,2,burst_small,256,960,20,90
latency,sequential,2,burst_small,256,961,20,100
latency,sequential,2,burst_small,256,962,20,90
latency,sequential,2,burst_small,256,963,20,90
latency,sequential,2,burst_small,256,964,20,100
latency,sequential,2,burst_small,256,965,20,90
latency,sequential,2,burst_small,256,966,21,101
latency,sequential,2,burst_small,256,967,20,90
latency,sequential,2,burst_small,256,968,10,90
latency,sequential,2,burst_small,256,969,20,90
latency,sequential,2,burst_small,256,970,20,91
latency,sequential,2,burst_small,256,971,20,100
latency,sequential,2,burst_small,256,972,20,90
latency,sequential,2,burst_small,256,973,10,90
latency,sequential,2,burst_small,256,974,20,91
latency,sequential,2,burst_small,256,975,20,90
latency,sequential,2,burst_small,256,976,20,100
latency,sequential,2,burst_small,256,977,20,90
latency,sequential,2,burst_small,256,978,20,101
latency,sequential,2,burst_small,256,979,20,90
latency,sequential,2,burst_small,256,980,20,90
latency,sequential,2,burst_small,256,981,20,100
latency,sequential,2,burst_small,256,982,20,90
latency,sequential,2,burst_small,256,983,20,100
latency,sequential,2,burst_small,256,984,20,90
latency,sequential,2,burst_small,256,985,20,90
latency,sequential,2,burst_small,256,986,20,100
latency,sequential,2,burst_small,256,987,21,91
latency,sequential,2,burst_small,256,988,20,100
latency,sequential,2,burst_small,256,989,20,90
latency,sequential,2,burst_small,256,990,20,90
latency,sequential,2,burst_small,256,991,20,101
latency,sequential,2,burst_small,256,992,20,90
latency,sequential,2,burst_small,256,993,20,100
latency,sequential,2,burst_small,256,994,20,90
latency,sequential,2,burst_small,256,995,10,91
latency,sequential,2,burst_small,256,996,20,100
latency,sequential,2,burst_small,256,997,20,90
latency,sequential,2,burst_small,256,998,20,100
latency,sequential,2,burst_small,256,999,20,91
latency,sequential,2,burst_small,256,1000,10,90
latency,sequential,2,burst_small,256,1001,20,100
latency,sequential,2,burst_small,256,1002,20,90
latency,sequential,2,burst_small,256,1003,20,100
latency,sequential,2,burst_small,256,1004,20,90
latency,sequential,2,burst_small,256,1005,10,90
latency,sequential,2,burst_small,256,1006,20,100
latency,sequential,2,burst_small,256,1007,20,90
latency,sequential,2,burst_small,256,1008,20,100
latency,sequential,2,burst_small,256,1009,20,90
latency,sequential,2,burst_small,256,1010,10,90
latency,sequential,2,burst_small,256,1011,20,100
latency,sequential,2,burst_small,256,1012,21,91
latency,sequential,2,burst_small,256,1013,20,100
latency,sequential,2,burst_small,256,1014,20,90
latency,sequential,2,burst_small,256,1015,20,90
latency,sequential,2,burst_small,256,1016,20,101
latency,sequential,2,burst_small,256,1017,20,90
latency,sequential,2,burst_small,256,1018,20,100
latency,sequential,2,burst_small,256,1019,20,90
latency,sequential,2,burst_small,256,1020,20,91
latency,sequential,2,burst_small,256,1021,20,100
latency,sequential,2,burst_small,256,1022,20,90
latency,sequential,2,burst_small,256,1023,20,100
latency,sequential,2,burst_small,256,1024,20,100
latency,sequential,2,burst_small,256,1025,20,100
latency,sequential,2,burst_small,256,1026,20,90
latency,sequential,2,burst_small,256,1027,10,90
latency,sequential,2,burst_small,256,1028,20,100
latency,sequential,2,burst_small,256,1029,20,90
latency,sequential,2,burst_small,256,1030,21,101
latency,sequential,2,burst_small,256,1031,20,90
latency,sequential,2,burst_small,256,1032,20,100
latency,sequential,2,burst_small,256,1033,20,90
latency,sequential,2,burst_small,256,1034,21,91
latency,sequential,2,burst_small,256,1035,20,100
latency,sequential,2,burst_small,256,1036,20,90
latency,sequential,2,burst_small,256,1037,20,100
latency,sequential,2,burst_small,256,1038,20,91
latency,sequential,2,burst_small,256,1039,10,90
latency,sequential,2,burst_small,256,1040,20,90
latency,sequential,2,burst_small,256,1041,20,90
latency,sequential,2,burst_small,256,1042,20,101
latency,sequential,2,burst_small,256,1043,20,90
latency,sequential,2,burst_small,256,1044,20,90
latency,sequential,2,burst_small,256,1045,20,100
latency,sequential,2,burst_small,256,1046,20,91
latency,sequential,2,burst_small,256,1047,20,90
latency,sequential,2,burst_small,256,1048,20,100
latency,sequential,2,burst_small,256,1049,20,90
latency,sequential,2,burst_small,256,1050,10,91
latency,sequential,2,burst_small,256,1051,20,100
latency,sequential,2,burst_small,256,1052,20,90
latency,sequential,2,burst_small,256,1053,20,100
latency,sequential,2,burst_small,256,1054,20,101
latency,sequential,2,burst_small,256,1055,20,90
latency,sequential,2,burst_small,256,1056,20,100
latency,sequential,2,burst_small,256,1057,20,90
latency,sequential,2,burst_small,256,1058,20,90
latency,sequential,2,burst_small,256,1059,20,100
latency,sequential,2,burst_small,256,1060,20,90
latency,sequential,2,burst_small,256,1061,20,100
latency,sequential,2,burst_small,256,1062,20,90
latency,sequential,2,burst_small,256,1063,20,90
latency,sequential,2,burst_small,256,1064,20,100
latency,sequential,2,burst_small,256,1065,20,90
latency,sequential,2,burst_small,256,1066,20,100
latency,sequential,2,burst_small,256,1067,20,91
latency,sequential,2,burst_small,256,1068,20,90
latency,sequential,2,burst_small,256,1069,20,100
latency,sequential,2,burst_small,256,1070,20,90
latency,sequential,2,burst_small,256,1071,10,91
latency,sequential,2,burst_small,256,1072,20,90
latency,sequential,2,burst_small,256,1073,20,90
latency,sequential,2,burst_small,256,1074,20,100
latency,sequential,2,burst_small,256,1075,20,91
latency,sequential,2,burst_small,256,1076,10,90
latency,sequential,2,burst_small,256,1077,20,90
latency,sequential,2,burst_small,256,1078,20,90
latency,sequential,2,burst_small,256,1079,20,101
latency,sequential,2,burst_small,256,1080,20,90
latency,sequential,2,burst_small,256,1081,20,90
latency,sequential,2,burst_small,256,1082,20,100
latency,sequential,2,burst_small,256,1083,20,90
latency,sequential,2,burst_small,256,1084,20,100
latency,sequential,2,burst_small,256,1085,20,90
latency,sequential,2,burst_small,256,1086,20,90
latency,sequential,2,burst_small,256,1087,20,100
latency,sequential,2,burst_small,256,1088,21,91
latency,sequential,2,burst_small,256,1089,10,90
latency,sequential,2,burst_small,256,1090,20,90
latency,sequential,2,burst_small,256,1091,20,90
latency,sequential,2,burst_small,256,1092,21,101
latency,sequential,2,burst_small,256,1093,20,90
latency,sequential,2,burst_small,256,1094,20,90
latency,sequential,2,burst_small,256,1095,20,100
latency,sequential,2,burst_small,256,1096,20,91
latency,sequential,2,burst_small,256,1097,20,100
latency,sequential,2,burst_small,256,1098,20,90
latency,sequential,2,burst_small,256,1099,20,90
latency,sequential,2,burst_small,256,1100,20,101
latency,sequential,2,burst_small,256,1101,20,90
latency,sequential,2,burst_small,256,1102,10,90
latency,sequential,2,burst_small,256,1103,20,100
latency,sequential,2,burst_small,256,1104,20,91
latency,sequential,2,burst_small,256,1105,20,100
latency,sequential,2,burst_small,256,1106,20,90
latency,sequential,2,burst_small,256,1107,20,90
latency,sequential,2,burst_small,256,1108,20,100
latency,sequential,2,burst_small,256,1109,20,90
latency,sequential,2,burst_small,256,1110,10,90
latency,sequential,2,burst_small,256,1111,20,90
latency,sequential,2,burst_small,256,1112,20,90
latency,sequential,2,burst_small,256,1113,20,100
latency,sequential,2,burst_small,256,1114,20,90
latency,sequential,2,burst_small,256,1115,10,90
latency,sequential,2,burst_small,256,1116,20,90
latency,sequential,2,burst_small,256,1117,21,91
latency,sequential,2,burst_small,256,1118,20,100
latency,sequential,2,burst_small,256,1119,20,90
latency,sequential,2,burst_small,256,1120,10,90
latency,sequential,2,burst_small,256,1121,20,91
latency,sequential,2,burst_small,256,1122,20,90
latency,sequential,2,burst_small,256,1123,20,100
latency,sequential,2,burst_small,256,1124,20,90
latency,sequential,2,burst_small,256,1125,20,101
latency,sequential,2,burst_small,256,1126,20,90
latency,sequential,2,burst_small,256,1127,20,90
latency,sequential,2,burst_small,256,1128,20,100
latency,sequential,2,burst_small,256,1129,20,91
latency,sequential,2,burst_small,256,1130,20,100
latency,sequential,2,burst_small,256,1131,20,90
latency,sequential,2,burst_small,256,1132,20,90
latency,sequential,2,burst_small,256,1133,20,100
latency,sequential,2,burst_small,256,1134,20,90
latency,sequential,2,burst_small,256,1135,20,100
latency,sequential,2,burst_small,256,1136,20,90
latency,sequential,2,burst_small,256,1137,20,90
latency,sequential,2,burst_small,256,1138,21,101
latency,sequential,2,burst_small,256,1139,20,90
latency,sequential,2,burst_small,256,1140,20,100
latency,sequential,2,burst_small,256,1141,20,90
latency,sequential,2,burst_small,256,1142,20,91
latency,sequential,2,burst_small,256,1143,20,100
latency,sequential,2,burst_small,256,1144,20,90
latency,sequential,2,burst_small,256,1145,20,100
latency,sequential,2,burst_small,256,1146,20,91
latency,sequential,2,burst_small,256,1147,20,90
latency,sequential,2,burst_small,256,1148,20,100
latency,sequential,2,burst_small,256,1149,20,90
latency,sequential,2,burst_small,256,1150,20,101
latency,sequential,2,burst_small,256,1151,20,90
latency,sequential,2,burst_small,256,1152,20,90
latency,sequential,2,burst_small,256,1153,20,90
latency,sequential,2,burst_small,256,1154,20,91
latency,sequential,2,burst_small,256,1155,20,100
latency,sequential,2,burst_small,256,1156,20,90
latency,sequential,2,burst_small,256,1157,20,100
latency,sequential,2,burst_small,256,1158,20,90
latency,sequential,2,burst_small,256,1159,10,90
latency,sequential,2,burst_small,256,1160,20,90
latency,sequential,2,burst_small,256,1161,20,90
latency,sequential,2,burst_small,256,1162,20,100
latency,sequential,2,burst_small,256,1163,21,91
latency,sequential,2,burst_small,256,1164,10,90
latency,sequential,2,burst_small,256,1165,20,90
latency,sequential,2,burst_small,256,1166,20,90
latency,sequential,2,burst_small,256,1167,20,101
latency,sequential,2,burst_small,256,1168,20,90
latency,sequential,2,burst_small,256,1169,10,90
latency,sequential,2,burst_small,256,1170,20,90
latency,sequential,2,burst_small,256,1171,20,91
latency,sequential,2,burst_small,256,1172,20,100
latency,sequential,2,burst_small,256,1173,20,90
latency,sequential,2,burst_small,256,1174,20,100
latency,sequential,2,burst_small,256,1175,20,91
latency,sequential,2,burst_small,256,1176,20,90
latency,sequential,2,burst_small,256,1177,20,100
latency,sequential,2,burst_small,256,1178,20,90
latency,sequential,2,burst_small,256,1179,20,100
latency,sequential,2,burst_small,256,1180,20,90
latency,sequential,2,burst_small,256,1181,20,90
latency,sequential,2,burst_small,256,1182,20,90
latency,sequential,2,burst_small,256,1183,20,90
latency,sequential,2,burst_small,256,1184,21,101
latency,sequential,2,burst_small,256,1185,20,90
latency,sequential,2,burst_small,256,1186,10,90
latency,sequential,2,burst_small,256,1187,20,90
latency,sequential,2,burst_small,256,1188,21,91
latency,sequential,2,burst_small,256,1189,20,100
latency,sequential,2,burst_small,256,1190,20,90
latency,sequential,2,burst_small,256,1191,10,90
latency,sequential,2,burst_small,256,1192,20,91
latency,sequential,2,burst_small,256,1193,20,90
latency,sequential,2,burst_small,256,1194,20,100
latency,sequential,2,burst_small,256,1195,20,90
latency,sequential,2,burst_small,256,1196,20,101
latency,sequential,2,burst_small,256,1197,20,90
latency,sequential,2,burst_small,256,1198,20,90
latency,sequential,2,burst_small,256,1199,20,100
latency,sequential,2,burst_small,256,1200,20,91
latency,sequential,2,burst_small,256,1201,20,100
latency,sequential,2,burst_small,256,1202,20,90
latency,sequential,2,burst_small,256,1203,20,90
latency,sequential,2,burst_small,256,1204,20,100
latency,sequential,2,burst_small,256,1205,20,90
latency,sequential,2,burst_small,256,1206,20,100
latency,sequential,2,burst_small,256,1207,20,90
latency,sequential,2,burst_small,256,1208,20,90
latency,sequential,2,burst_small,256,1209,21,101
latency,sequential,2,burst_small,256,1210,20,90
latency,sequential,2,burst_small,256,1211,20,100
latency,sequential,2,burst_small,256,1212,20,90
latency,sequential,2,burst_small,256,1213,10,91
latency,sequential,2,burst_small,256,1214,20,100
latency,sequential,2,burst_small,256,1215,20,90
latency,sequential,2,burst_small,256,1216,20,100
latency,sequential,2,burst_small,256,1217,20,91
latency,sequential,2,burst_small,256,1218,20,100
latency,sequential,2,burst_small,256,1219,20,90
latency,sequential,2,burst_small,256,1220,20,90
latency,sequential,2,burst_small,256,1221,20,101
latency,sequential,2,burst_small,256,1222,20,90
latency,sequential,2,burst_small,256,1223,20,100
latency,sequential,2,burst_small,256,1224,20,90
latency,sequential,2,burst_small,256,1225,20,90
latency,sequential,2,burst_small,256,1226,20,100
latency,sequential,2,burst_small,256,1227,20,90
latency,sequential,2,burst_small,256,1228,20,100
latency,sequential,2,burst_small,256,1229,20,90
latency,sequential,2,burst_small,256,1230,20,90
latency,sequential,2,burst_small,256,1231,20,100
latency,sequential,2,burst_small,256,1232,20,90
latency,sequential,2,burst_small,256,1233,20,100
latency,sequential,2,burst_small,256,1234,20,91
latency,sequential,2,burst_small,256,1235,10,90
latency,sequential,2,burst_small,256,1236,20,90
latency,sequential,2,burst_small,256,1237,20,90
latency,sequential,2,burst_small,256,1238,20,101
latency,sequential,2,burst_small,256,1239,20,90
latency,sequential,2,burst_small,256,1240,10,90
latency,sequential,2,burst_small,256,1241,20,90
latency,sequential,2,burst_small,256,1242,20,91
latency,sequential,2,burst_small,256,1243,20,100
latency,sequential,2,burst_small,256,1244,20,90
latency,sequential,2,burst_small,256,1245,20,100
latency,sequential,2,burst_small,256,1246,20,90
latency,sequential,2,burst_small,256,1247,20,90
latency,sequential,2,burst_small,256,1248,20,100
latency,sequential,2,burst_small,256,1249,20,90
latency,sequential,2,burst_small,256,1250,20,100
latency,sequential,2,burst_small,256,1251,20,90
latency,sequential,2,burst_small,256,1252,10,90
latency,sequential,2,burst_small,256,1253,20,90
latency,sequential,2,burst_small,256,1254,20,90
latency,sequential,2,burst_small,256,1255,20,101
latency,sequential,2,burst_small,256,1256,20,90
latency,sequential,2,burst_small,256,1257,20,100
latency,sequential,2,burst_small,256,1258,20,90
latency,sequential,2,burst_small,256,1259,20,91
latency,sequential,2,burst_small,256,1260,20,100
latency,sequential,2,burst_small,256,1261,20,90
latency,sequential,2,burst_small,256,1262,20,100
latency,sequential,2,burst_small,256,1263,20,91
latency,sequential,2,burst_small,256,1264,10,90
latency,sequential,2,burst_small,256,1265,20,90
latency,sequential,2,burst_small,256,1266,20,90
latency,sequential,2,burst_small,256,1267,20,101
latency,sequential,2,burst_small,256,1268,20,90
latency,sequential,2,burst_small,256,1269,10,90
latency,sequential,2,burst_small,256,1270,20,90
latency,sequential,2,burst_small,256,1271,20,90
latency,sequential,2,burst_small,256,1272,20,100
latency,sequential,2,burst_small,256,1273,20,90
latency,sequential,2,burst_small,256,1274,20,100
latency,sequential,2,burst_small,256,1275,20,90
latency,sequential,2,burst_small,256,1276,21,91
latency,sequential,2,burst_small,256,1277,20,100
latency,sequential,2,burst_small,256,1278,20,90
latency,sequential,2,burst_small,256,1279,20,100
latency,sequential,2,burst_small,256,1280,20,90
latency,sequential,2,burst_small,256,1281,20,90
latency,sequential,2,burst_small,256,1282,20,90
latency,sequential,2,burst_small,256,1283,20,101
latency,sequential,2,burst_small,256,1284,20,90
latency,sequential,2,burst_small,256,1285,20,90
latency,sequential,2,burst_small,256,1286,20,100
latency,sequential,2,burst_small,256,1287,20,91
latency,sequential,2,burst_small,256,1288,20,90
latency,sequential,2,burst_small,256,1289,20,100
latency,sequential,2,burst_small,256,1290,20,90
latency,sequential,2,burst_small,256,1291,20,101
latency,sequential,2,burst_small,256,1292,20,90
latency,sequential,2,burst_small,256,1293,20,90
latency,sequential,2,burst_small,256,1294,20,100
latency,sequential,2,burst_small,256,1295,20,91
latency,sequential,2,burst_small,256,1296,20,100
latency,sequential,2,burst_small,256,1297,20,90
latency,sequential,2,burst_small,256,1298,20,100
latency,sequential,2,burst_small,256,1299,20,91
latency,sequential,2,burst_small,256,1300,20,90
latency,sequential,2,burst_small,256,1301,20,100
latency,sequential,2,burst_small,256,1302,20,90
latency,sequential,2,burst_small,256,1303,20,100
latency,sequential,2,burst_small,256,1304,20,90
latency,sequential,2,burst_small,256,1305,20,90
latency,sequential,2,burst_small,256,1306,20,100
latency,sequential,2,burst_small,256,1307,20,90
latency,sequential,2,burst_small,256,1308,21,101
latency,sequential,2,burst_small,256,1309,20,90
latency,sequential,2,burst_small,256,1310,20,90
latency,sequential,2,burst_small,256,1311,20,90
latency,sequential,2,burst_small,256,1312,21,91
latency,sequential,2,burst_small,256,1313,20,100
latency,sequential,2,burst_small,256,1314,20,90
latency,sequential,2,burst_small,256,1315,20,100
latency,sequential,2,burst_small,256,1316,20,91
latency,sequential,2,burst_small,256,1317,20,100
latency,sequential,2,burst_small,256,1318,20,90
latency,sequential,2,burst_small,256,1319,20,90
latency,sequential,2,burst_small,256,1320,20,101
latency,sequential,2,burst_small,256,1321,20,90
latency,sequential,2,burst_small,256,1322,20,100
latency,sequential,2,burst_small,256,1323,20,90
latency,sequential,2,burst_small,256,1324,20,91
latency,sequential,2,burst_small,256,1325,20,100
latency,sequential,2,burst_small,256,1326,20,90
latency,sequential,2,burst_small,256,1327,20,100
latency,sequential,2,burst_small,256,1328,20,90
latency,sequential,2,burst_small,256,1329,20,90
latency,sequential,2,burst_small,256,1330,20,100
latency,sequential,2,burst_small,256,1331,20,90
latency,sequential,2,burst_small,256,1332,20,100
latency,sequential,2,burst_small,256,1333,20,90
latency,sequential,2,burst_small,256,1334,20,90
latency,sequential,2,burst_small,256,1335,20,100
latency,sequential,2,burst_small,256,1336,20,90
latency,sequential,2,burst_small,256,1337,20,101
latency,sequential,2,burst_small,256,1338,20,90
latency,sequential,2,burst_small,256,1339,10,90
latency,sequential,2,burst_small,256,1340,20,90
latency,sequential,2,burst_small,256,1341,20,91
latency,sequential,2,burst_small,256,1342,20,100
latency,sequential,2,burst_small,256,1343,20,90
latency,sequential,2,burst_small,256,1344,10,90
latency,sequential,2,burst_small,256,1345,20,91
latency,sequential,2,burst_small,256,1346,10,90
latency,sequential,2,burst_small,256,1347,20,90
latency,sequential,2,burst_small,256,1348,20,90
latency,sequential,2,burst_small,256,1349,20,101
latency,sequential,2,burst_small,256,1350,20,90
latency,sequential,2,burst_small,256,1351,20,100
latency,sequential,2,burst_small,256,1352,20,90
latency,sequential,2,burst_small,256,1353,20,90
latency,sequential,2,burst_small,256,1354,20,100
latency,sequential,2,burst_small,256,1355,20,90
latency,sequential,2,burst_small,256,1356,20,100
latency,sequential,2,burst_small,256,1357,20,90
latency,sequential,2,burst_small,256,1358,20,90
latency,sequential,2,burst_small,256,1359,20,100
latency,sequential,2,burst_small,256,1360,20,90
latency,sequential,2,burst_small,256,1361,20,100
latency,sequential,2,burst_small,256,1362,21,91
latency,sequential,2,burst_small,256,1363,20,90
latency,sequential,2,burst_small,256,1364,20,100
latency,sequential,2,burst_small,256,1365,20,90
latency,sequential,2,burst_small,256,1366,20,101
latency,sequential,2,burst_small,256,1367,20,90
latency,sequential,2,burst_small,256,1368,20,90
latency,sequential,2,burst_small,256,1369,20,100
latency,sequential,2,burst_small,256,1370,20,91
latency,sequential,2,burst_small,256,1371,20,100
latency,sequential,2,burst_small,256,1372,20,90
latency,sequential,2,burst_small,256,1373,10,90
latency,sequential,2,burst_small,256,1374,20,91
latency,sequential,2,burst_small,256,1375,20,90
latency,sequential,2,burst_small,256,1376,20,100
latency,sequential,2,burst_small,256,1377,20,90
latency,sequential,2,burst_small,256,1378,10,90
latency,sequential,2,burst_small,256,1379,20,90
latency,sequential,2,burst_small,256,1380,20,90
latency,sequential,2,burst_small,256,1381,20,100
latency,sequential,2,burst_small,256,1382,20,90
latency,sequential,2,burst_small,256,1383,21,101
latency,sequential,2,burst_small,256,1384,20,90
latency,sequential,2,burst_small,256,1385,20,90
latency,sequential,2,burst_small,256,1386,20,100
latency,sequential,2,burst_small,256,1387,20,91
latency,sequential,2,burst_small,256,1388,20,100
latency,sequential,2,burst_small,256,1389,20,90
latency,sequential,2,burst_small,256,1390,10,90
latency,sequential,2,burst_small,256,1391,20,91
latency,sequential,2,burst_small,256,1392,20,90
latency,sequential,2,burst_small,256,1393,20,100
latency,sequential,2,burst_small,256,1394,20,90
latency,sequential,2,burst_small,256,1395,20,101
latency,sequential,2,burst_small,256,1396,20,90
latency,sequential,2,burst_small,256,1397,20,90
latency,sequential,2,burst_small,256,1398,20,100
latency,sequential,2,burst_small,256,1399,20,90
latency,sequential,2,burst_small,256,1400,20,100
latency,sequential,2,burst_small,256,1401,20,90
latency,sequential,2,burst_small,256,1402,10,90
latency,sequential,2,burst_small,256,1403,20,90
latency,sequential,2,burst_small,256,1404,20,90
latency,sequential,2,burst_small,256,1405,20,100
latency,sequential,2,burst_small,256,1406,20,90
latency,sequential,2,burst_small,256,1407,20,100
latency,sequential,2,burst_small,256,1408,20,91
latency,sequential,2,burst_small,256,1409,20,100
latency,sequential,2,burst_small,256,1410,20,90
latency,sequential,2,burst_small,256,1411,20,100
latency,sequential,2,burst_small,256,1412,20,91
latency,sequential,2,burst_small,256,1413,20,90
latency,sequential,2,burst_small,256,1414,20,100
latency,sequential,2,burst_small,256,1415,20,90
latency,sequential,2,burst_small,256,1416,20,101
latency,sequential,2,burst_small,256,1417,20,90
latency,sequential,2,burst_small,256,1418,20,90
latency,sequential,2,burst_small,256,1419,20,90
latency,sequential,2,burst_small,256,1420,20,91
latency,sequential,2,burst_small,256,1421,20,100
latency,sequential,2,burst_small,256,1422,20,90
latency,sequential,2,burst_small,256,1423,10,90
latency,sequential,2,burst_small,256,1424,20,90
latency,sequential,2,burst_small,256,1425,20,90
latency,sequential,2,burst_small,256,1426,20,100
latency,sequential,2,burst_small,256,1427,20,90
latency,sequential,2,burst_small,256,1428,20,100
latency,sequential,2,burst_small,256,1429,20,90
latency,sequential,2,burst_small,256,1430,20,90
latency,sequential,2,burst_small,256,1431,20,100
latency,sequential,2,burst_small,256,1432,20,90
latency,sequential,2,burst_small,256,1433,20,101
latency,sequential,2,burst_small,256,1434,20,90
latency,sequential,2,burst_small,256,1435,20,90
latency,sequential,2,burst_small,256,1436,20,100
latency,sequential,2,burst_small,256,1437,20,91
latency,sequential,2,burst_small,256,1438,20,100
latency,sequential,2,burst_small,256,1439,20,90
latency,sequential,2,burst_small,256,1440,20,90
latency,sequential,2,burst_small,256,1441,20,101
latency,sequential,2,burst_small,256,1442,20,90
latency,sequential,2,burst_small,256,1443,20,100
latency,sequential,2,burst_small,256,1444,20,90
latency,sequential,2,burst_small,256,1445,10,91
latency,sequential,2,burst_small,256,1446,20,90
latency,sequential,2,burst_small,256,1447,20,90
latency,sequential,2,burst_small,256,1448,20,100
latency,sequential,2,burst_small,256,1449,20,90
latency,sequential,2,burst_small,256,1450,10,90
latency,sequential,2,burst_small,256,1451,20,90
latency,sequential,2,burst_small,256,1452,20,90
latency,sequential,2,burst_small,256,1453,20,100
latency,sequential,2,burst_small,256,1454,21,91
latency,sequential,2,burst_small,256,1455,10,90
latency,sequential,2,burst_small,256,1456,20,100
latency,sequential,2,burst_small,256,1457,20,90
latency,sequential,2,burst_small,256,1458,20,101
latency,sequential,2,burst_small,256,1459,20,90
latency,sequential,2,burst_small,256,1460,20,90
latency,sequential,2,burst_small,256,1461,20,100
latency,sequential,2,burst_small,256,1462,20,91
latency,sequential,2,burst_small,256,1463,20,100
latency,sequential,2,burst_small,256,1464,20,90
latency,sequential,2,burst_small,256,1465,20,90
latency,sequential,2,burst_small,256,1466,20,101
latency,sequential,2,burst_small,256,1467,20,90
latency,sequential,2,burst_small,256,1468,20,100
latency,sequential,2,burst_small,256,1469,20,90
latency,sequential,2,burst_small,256,1470,20,90
latency,sequential,2,burst_small,256,1471,20,100
latency,sequential,2,burst_small,256,1472,20,90
latency,sequential,2,burst_small,256,1473,20,100
latency,sequential,2,burst_small,256,1474,20,90
latency,sequential,2,burst_small,256,1475,20,90
latency,sequential,2,burst_small,256,1476,20,100
latency,sequential,2,burst_small,256,1477,20,90
latency,sequential,2,burst_small,256,1478,10,90
latency,sequential,2,burst_small,256,1479,20,91
latency,sequential,2,burst_small,256,1480,20,90
latency,sequential,2,burst_small,256,1481,20,100
latency,sequential,2,burst_small,256,1482,20,90
latency,sequential,2,burst_small,256,1483,20,91
latency,sequential,2,burst_small,256,1484,20,100
latency,sequential,2,burst_small,256,1485,20,90
latency,sequential,2,burst_small,256,1486,20,100
latency,sequential,2,burst_small,256,1487,20,91
latency,sequential,2,burst_small,256,1488,20,90
latency,sequential,2,burst_small,256,1489,20,100
latency,sequential,2,burst_small,256,1490,20,90
latency,sequential,2,burst_small,256,1491,20,101
latency,sequential,2,burst_small,256,1492,20,90
latency,sequential,2,burst_small,256,1493,20,90
latency,sequential,2,burst_small,256,1494,20,100
latency,sequential,2,burst_small,256,1495,20,90
latency,sequential,2,burst_small,256,1496,10,90
latency,sequential,2,burst_small,256,1497,20,100
latency,sequential,2,burst_small,256,1498,20,90
latency,sequential,2,burst_small,256,1499,20,100
latency,sequential,2,burst_small,256,1500,21,91
latency,sequential,2,burst_small,256,1501,20,90
latency,sequential,2,burst_small,256,1502,20,100
latency,sequential,2,burst_small,256,1503,20,90
latency,sequential,2,burst_small,256,1504,10,91
latency,sequential,2,burst_small,256,1505,20,90
latency,sequential,2,burst_small,256,1506,20,90
latency,sequential,2,burst_small,256,1507,20,100
latency,sequential,2,burst_small,256,1508,20,91
latency,sequential,2,burst_small,256,1509,10,90
latency,sequential,2,burst_small,256,1510,20,90
latency,sequential,2,burst_small,256,1511,20,90
latency,sequential,2,burst_small,256,1512,20,101
latency,sequential,2,burst_small,256,1513,20,90
latency,sequential,2,burst_small,256,1514,10,90
latency,sequential,2,burst_small,256,1515,20,90
latency,sequential,2,burst_small,256,1516,20,90
latency,sequential,2,burst_small,256,1517,20,100
latency,sequential,2,burst_small,256,1518,20,90
latency,sequential,2,burst_small,256,1519,20,100
latency,sequential,2,burst_small,256,1520,20,90
latency,sequential,2,burst_small,256,1521,20,90
latency,sequential,2,burst_small,256,1522,20,100
latency,sequential,2,burst_small,256,1523,20,90
latency,sequential,2,burst_small,256,1524,20,100
latency,sequential,2,burst_small,256,1525,20,91
latency,sequential,2,burst_small,256,1526,20,90
latency,sequential,2,burst_small,256,1527,20,100
latency,sequential,2,burst_small,256,1528,20,90
latency,sequential,2,burst_small,256,1529,20,101
latency,sequential,2,burst_small,256,1530,20,90
latency,sequential,2,burst_small,256,1531,20,90
latency,sequential,2,burst_small,256,1532,20,100
latency,sequential,2,burst_small,256,1533,20,91
latency,sequential,2,burst_small,256,1534,20,100
latency,sequential,2,burst_small,256,1535,20,90
latency,sequential,2,burst_small,256,1536,60,160
latency,sequential,2,burst_small,256,1537,20,90
latency,sequential,2,burst_small,256,1538,20,100
latency,sequential,2,burst_small,256,1539,20,90
latency,sequential,2,burst_small,256,1540,20,90
latency,sequential,2,burst_small,256,1541,20,100
latency,sequential,2,burst_small,256,1542,20,90
latency,sequential,2,burst_small,256,1543,20,90
latency,sequential,2,burst_small,256,1544,20,101
latency,sequential,2,burst_small,256,1545,20,90
latency,sequential,2,burst_small,256,1546,20,100
latency,sequential,2,burst_small,256,1547,20,91
latency,sequential,2,burst_small,256,1548,10,90
latency,sequential,2,burst_small,256,1549,20,90
latency,sequential,2,burst_small,256,1550,20,90
latency,sequential,2,burst_small,256,1551,20,101
latency,sequential,2,burst_small,256,1552,20,90
latency,sequential,2,burst_small,256,1553,20,90
latency,sequential,2,burst_small,256,1554,20,100
latency,sequential,2,burst_small,256,1555,20,90
latency,sequential,2,burst_small,256,1556,20,100
latency,sequential,2,burst_small,256,1557,20,90
latency,sequential,2,burst_small,256,1558,20,90
latency,sequential,2,burst_small,256,1559,20,100
latency,sequential,2,burst_small,256,1560,20,90
latency,sequential,2,burst_small,256,1561,20,100
latency,sequential,2,burst_small,256,1562,20,90
latency,sequential,2,burst_small,256,1563,10,90
latency,sequential,2,burst_small,256,1564,20,101
latency,sequential,2,burst_small,256,1565,20,90
latency,sequential,2,burst_small,256,1566,20,100
latency,sequential,2,burst_small,256,1567,20,90
latency,sequential,2,burst_small,256,1568,10,91
latency,sequential,2,burst_small,256,1569,20,90
latency,sequential,2,burst_small,256,1570,10,90
latency,sequential,2,burst_small,256,1571,20,90
latency,sequential,2,burst_small,256,1572,20,91
latency,sequential,2,burst_small,256,1573,20,100
latency,sequential,2,burst_small,256,1574,20,90
latency,sequential,2,burst_small,256,1575,10,90
latency,sequential,2,burst_small,256,1576,20,91
latency,sequential,2,burst_small,256,1577,20,90
latency,sequential,2,burst_small,256,1578,20,100
latency,sequential,2,burst_small,256,1579,20,90
latency,sequential,2,burst_small,256,1580,20,101
latency,sequential,2,burst_small,256,1581,20,90
latency,sequential,2,burst_small,256,1582,20,90
latency,sequential,2,burst_small,256,1583,20,100
latency,sequential,2,burst_small,256,1584,20,90
latency,sequential,2,burst_small,256,1585,20,100
latency,sequential,2,burst_small,256,1586,20,90
latency,sequential,2,burst_small,256,1587,20,90
latency,sequential,2,burst_small,256,1588,20,100
latency,sequential,2,burst_small,256,1589,21,91
latency,sequential,2,burst_small,256,1590,20,100
latency,sequential,2,burst_small,256,1591,20,90
latency,sequential,2,burst_small,256,1592,20,90
latency,sequential,2,burst_small,256,1593,20,91
latency,sequential,2,burst_small,256,1594,20,90
latency,sequential,2,burst_small,256,1595,10,90
latency,sequential,2,burst_small,256,1596,20,90
latency,sequential,2,burst_small,256,1597,20,91
latency,sequential,2,burst_small,256,1598,20,100
latency,sequential,2,burst_small,256,1599,20,90
latency,sequential,2,burst_small,256,1600,10,90
latency,sequential,2,burst_small,256,1601,20,91
latency,sequential,2,burst_small,256,1602,20,100
latency,sequential,2,burst_small,256,1603,20,90
latency,sequential,2,burst_small,256,1604,20,90
latency,sequential,2,burst_small,256,1605,20,101
latency,sequential,2,burst_small,256,1606,20,90
latency,sequential,2,burst_small,256,1607,20,100
latency,sequential,2,burst_small,256,1608,20,90
latency,sequential,2,burst_small,256,1609,20,90
latency,sequential,2,burst_small,256,1610,20,100
latency,sequential,2,burst_small,256,1611,20,90
latency,sequential,2,burst_small,256,1612,20,100
latency,sequential,2,burst_small,256,1613,20,90
latency,sequential,2,burst_small,256,1614,21,91
latency,sequential,2,burst_small,256,1615,20,100
latency,sequential,2,burst_small,256,1616,20,90
latency,sequential,2,burst_small,256,1617,20,100
latency,sequential,2,burst_small,256,1618,20,91
latency,sequential,2,burst_small,256,1619,10,90
latency,sequential,2,burst_small,256,1620,20,90
latency,sequential,2,burst_small,256,1621,20,90
latency,sequential,2,burst_small,256,1622,20,101
latency,sequential,2,burst_small,256,1623,20,90
latency,sequential,2,burst_small,256,1624,10,90
latency,sequential,2,burst_small,256,1625,20,90
latency,sequential,2,burst_small,256,1626,20,91
latency,sequential,2,burst_small,256,1627,20,100
latency,sequential,2,burst_small,256,1628,20,90
latency,sequential,2,burst_small,256,1629,10,90
latency,sequential,2,burst_small,256,1630,20,90
latency,sequential,2,burst_small,256,1631,20,90
latency,sequential,2,burst_small,256,1632,20,100
latency,sequential,2,burst_small,256,1633,20,90
latency,sequential,2,burst_small,256,1634,20,100
latency,sequential,2,burst_small,256,1635,21,91
latency,sequential,2,burst_small,256,1636,20,90
latency,sequential,2,burst_small,256,1637,20,100
latency,sequential,2,burst_small,256,1638,20,90
latency,sequential,2,burst_small,256,1639,20,101
latency,sequential,2,burst_small,256,1640,20,90
latency,sequential,2,burst_small,256,1641,20,90
latency,sequential,2,burst_small,256,1642,20,100
latency,sequential,2,burst_small,256,1643,20,91
latency,sequential,2,burst_small,256,1644,20,100
latency,sequential,2,burst_small,256,1645,20,90
latency,sequential,2,burst_small,256,1646,20,90
latency,sequential,2,burst_small,256,1647,20,101
latency,sequential,2,burst_small,256,1648,20,90
latency,sequential,2,burst_small,256,1649,20,100
latency,sequential,2,burst_small,256,1650,20,90
latency,sequential,2,burst_small,256,1651,20,90
latency,sequential,2,burst_small,256,1652,20,100
latency,sequential,2,burst_small,256,1653,20,90
latency,sequential,2,burst_small,256,1654,20,100
latency,sequential,2,burst_small,256,1655,20,90
latency,sequential,2,burst_small,256,1656,20,90
latency,sequential,2,burst_small,256,1657,20,90
latency,sequential,2,burst_small,256,1658,20,90
latency,sequential,2,burst_small,256,1659,20,100
latency,sequential,2,burst_small,256,1660,21,91
latency,sequential,2,burst_small,256,1661,10,90
latency,sequential,2,burst_small,256,1662,20,90
latency,sequential,2,burst_small,256,1663,20,90
latency,sequential,2,burst_small,256,1664,20,101
latency,sequential,2,burst_small,256,1665,20,90
latency,sequential,2,burst_small,256,1666,20,100
latency,sequential,2,burst_small,256,1667,20,90
latency,sequential,2,burst_small,256,1668,10,91
latency,sequential,2,burst_small,256,1669,20,90
latency,sequential,2,burst_small,256,1670,20,90
latency,sequential,2,burst_small,256,1671,20,100
latency,sequential,2,burst_small,256,1672,20,91
latency,sequential,2,burst_small,256,1673,20,100
latency,sequential,2,burst_small,256,1674,20,90
latency,sequential,2,burst_small,256,1675,20,90
latency,sequential,2,burst_small,256,1676,20,101
latency,sequential,2,burst_small,256,1677,20,90
latency,sequential,2,burst_small,256,1678,20,100
latency,sequential,2,burst_small,256,1679,20,90
latency,sequential,2,burst_small,256,1680,10,90
latency,sequential,2,burst_small,256,1681,20,90
latency,sequential,2,burst_small,256,1682,20,90
latency,sequential,2,burst_small,256,1683,20,100
latency,sequential,2,burst_small,256,1684,20,90
latency,sequential,2,burst_small,256,1685,21,101
latency,sequential,2,burst_small,256,1686,20,90
latency,sequential,2,burst_small,256,1687,20,90
latency,sequential,2,burst_small,256,1688,20,90
latency,sequential,2,burst_small,256,1689,20,91
latency,sequential,2,burst_small,256,1690,20,100
latency,sequential,2,burst_small,256,1691,20,90
latency,sequential,2,burst_small,256,1692,20,100
latency,sequential,2,burst_small,256,1693,20,91
latency,sequential,2,burst_small,256,1694,20,90
latency,sequential,2,burst_small,256,1695,20,100
latency,sequential,2,burst_small,256,1696,20,90
latency,sequential,2,burst_small,256,1697,20,101
latency,sequential,2,burst_small,256,1698,20,90
latency,sequential,2,burst_small,256,1699,10,90
latency,sequential,2,burst_small,256,1700,20,90
latency,sequential,2,burst_small,256,1701,20,90
latency,sequential,2,burst_small,256,1702,20,100
latency,sequential,2,burst_small,256,1703,20,90
latency,sequential,2,burst_small,256,1704,20,100
latency,sequential,2,burst_small,256,1705,20,90
latency,sequential,2,burst_small,256,1706,21,91
latency,sequential,2,burst_small,256,1707,20,100
latency,sequential,2,burst_small,256,1708,20,90
latency,sequential,2,burst_small,256,1709,20,100
latency,sequential,2,burst_small,256,1710,20,91
latency,sequential,2,burst_small,256,1711,20,90
latency,sequential,2,burst_small,256,1712,20,100
latency,sequential,2,burst_small,256,1713,20,90
latency,sequential,2,burst_small,256,1714,20,101
latency,sequential,2,burst_small,256,1715,20,90
latency,sequential,2,burst_small,256,1716,10,90
latency,sequential,2,burst_small,256,1717,20,90
latency,sequential,2,burst_small,256,1718,20,91
latency,sequential,2,burst_small,256,1719,20,100
latency,sequential,2,burst_small,256,1720,20,90
latency,sequential,2,burst_small,256,1721,10,90
latency,sequential,2,burst_small,256,1722,20,90
latency,sequential,2,burst_small,256,1723,20,90
latency,sequential,2,burst_small,256,1724,20,100
latency,sequential,2,burst_small,256,1725,20,90
latency,sequential,2,burst_small,256,1726,20,100
latency,sequential,2,burst_small,256,1727,20,90
latency,sequential,2,burst_small,256,1728,20,90
latency,sequential,2,burst_small,256,1729,20,100
latency,sequential,2,burst_small,256,1730,20,90
latency,sequential,2,burst_small,256,1731,20,101
latency,sequential,2,burst_small,256,1732,20,90
latency,sequential,2,burst_small,256,1733,20,90
latency,sequential,2,burst_small,256,1734,20,100
latency,sequential,2,burst_small,256,1735,20,91
latency,sequential,2,burst_small,256,1736,20,100
latency,sequential,2,burst_small,256,1737,20,90
latency,sequential,2,burst_small,256,1738,10,90
latency,sequential,2,burst_small,256,1739,20,91
latency,sequential,2,burst_small,256,1740,20,90
latency,sequential,2,burst_small,256,1741,20,100
latency,sequential,2,burst_small,256,1742,20,90
latency,sequential,2,burst_small,256,1743,10,91
latency,sequential,2,burst_small,256,1744,20,90
latency,sequential,2,burst_small,256,1745,20,90
latency,sequential,2,burst_small,256,1746,20,100
latency,sequential,2,burst_small,256,1747,20,90
latency,sequential,2,burst_small,256,1748,10,90
latency,sequential,2,burst_small,256,1749,20,90
latency,sequential,2,burst_small,256,1750,20,90
latency,sequential,2,burst_small,256,1751,20,100
latency,sequential,2,burst_small,256,1752,21,91
latency,sequential,2,burst_small,256,1753,10,90
latency,sequential,2,burst_small,256,1754,20,90
latency,sequential,2,burst_small,256,1755,20,90
latency,sequential,2,burst_small,256,1756,20,101
latency,sequential,2,burst_small,256,1757,20,90
latency,sequential,2,burst_small,256,1758,10,90
latency,sequential,2,burst_small,256,1759,20,100
latency,sequential,2,burst_small,256,1760,20,91
latency,sequential,2,burst_small,256,1761,20,100
latency,sequential,2,burst_small,256,1762,20,90
latency,sequential,2,burst_small,256,1763,20,90
latency,sequential,2,burst_small,256,1764,20,101
latency,sequential,2,burst_small,256,1765,20,90
latency,sequential,2,burst_small,256,1766,20,100
latency,sequential,2,burst_small,256,1767,20,90
latency,sequential,2,burst_small,256,1768,20,90
latency,sequential,2,burst_small,256,1769,20,100
latency,sequential,2,burst_small,256,1770,20,90
latency,sequential,2,burst_small,256,1771,20,100
latency,sequential,2,burst_small,256,1772,20,90
latency,sequential,2,burst_small,256,1773,20,90
latency,sequential,2,burst_small,256,1774,20,100
latency,sequential,2,burst_small,256,1775,20,90
latency,sequential,2,burst_small,256,1776,10,90
latency,sequential,2,burst_small,256,1777,20,91
latency,sequential,2,burst_small,256,1778,20,90
latency,sequential,2,burst_small,256,1779,20,100
latency,sequential,2,burst_small,256,1780,20,90
latency,sequential,2,burst_small,256,1781,20,91
latency,sequential,2,burst_small,256,1782,20,100
latency,sequential,2,burst_small,256,1783,20,90
latency,sequential,2,burst_small,256,1784,20,100
latency,sequential,2,burst_small,256,1785,20,91
latency,sequential,2,burst_small,256,1786,20,90
latency,sequential,2,burst_small,256,1787,20,100
latency,sequential,2,burst_small,256,1788,20,90
latency,sequential,2,burst_small,256,1789,10,91
latency,sequential,2,burst_small,256,1790,20,90
latency,sequential,2,burst_small,256,1791,20,90
latency,sequential,2,burst_small,256,1792,50,150
latency,sequential,2,burst_small,256,1793,20,90
latency,sequential,2,burst_small,256,1794,20,101
latency,sequential,2,burst_small,256,1795,20,90
latency,sequential,2,burst_small,256,1796,20,90
latency,sequential,2,burst_small,256,1797,10,90
latency,sequential,2,burst_small,256,1798,20,90
latency,sequential,2,burst_small,256,1799,20,90
latency,sequential,2,burst_small,256,1800,20,101
latency,sequential,2,burst_small,256,1801,10,90
latency,sequential,2,burst_small,256,1802,20,90
latency,sequential,2,burst_small,256,1803,20,91
latency,sequential,2,burst_small,256,1804,20,100
latency,sequential,2,burst_small,256,1805,20,90
latency,sequential,2,burst_small,256,1806,20,100
latency,sequential,2,burst_small,256,1807,20,91
latency,sequential,2,burst_small,256,1808,20,90
latency,sequential,2,burst_small,256,1809,20,100
latency,sequential,2,burst_small,256,1810,20,90
latency,sequential,2,burst_small,256,1811,20,101
latency,sequential,2,burst_small,256,1812,20,90
latency,sequential,2,burst_small,256,1813,10,90
latency,sequential,2,burst_small,256,1814,20,90
latency,sequential,2,burst_small,256,1815,20,90
latency,sequential,2,burst_small,256,1816,20,100
latency,sequential,2,burst_small,256,1817,20,90
latency,sequential,2,burst_small,256,1818,20,100
latency,sequential,2,burst_small,256,1819,20,90
latency,sequential,2,burst_small,256,1820,20,90
latency,sequential,2,burst_small,256,1821,20,100
latency,sequential,2,burst_small,256,1822,20,90
latency,sequential,2,burst_small,256,1823,20,100
latency,sequential,2,burst_small,256,1824,21,91
latency,sequential,2,burst_small,256,1825,20,100
latency,sequential,2,burst_small,256,1826,20,90
latency,sequential,2,burst_small,256,1827,10,90
latency,sequential,2,burst_small,256,1828,20,91
latency,sequential,2,burst_small,256,1829,20,90
latency,sequential,2,burst_small,256,1830,20,100
latency,sequential,2,burst_small,256,1831,20,90
latency,sequential,2,burst_small,256,1832,20,101
latency,sequential,2,burst_small,256,1833,20,90
latency,sequential,2,burst_small,256,1834,20,90
latency,sequential,2,burst_small,256,1835,20,100
latency,sequential,2,burst_small,256,1836,20,91
latency,sequential,2,burst_small,256,1837,20,100
latency,sequential,2,burst_small,256,1838,20,90
latency,sequential,2,burst_small,256,1839,10,90
latency,sequential,2,burst_small,256,1840,20,90
latency,sequential,2,burst_small,256,1841,20,90
latency,sequential,2,burst_small,256,1842,20,100
latency,sequential,2,burst_small,256,1843,20,90
latency,sequential,2,burst_small,256,1844,20,100
latency,sequential,2,burst_small,256,1845,20,90
latency,sequential,2,burst_small,256,1846,20,90
latency,sequential,2,burst_small,256,1847,20,100
latency,sequential,2,burst_small,256,1848,20,90
latency,sequential,2,burst_small,256,1849,20,101
latency,sequential,2,burst_small,256,1850,20,90
latency,sequential,2,burst_small,256,1851,20,90
latency,sequential,2,burst_small,256,1852,20,100
latency,sequential,2,burst_small,256,1853,20,91
latency,sequential,2,burst_small,256,1854,20,100
latency,sequential,2,burst_small,256,1855,20,90
latency,sequential,2,burst_small,256,1856,20,90
latency,sequential,2,burst_small,256,1857,20,91
latency,sequential,2,burst_small,256,1858,20,90
latency,sequential,2,burst_small,256,1859,20,100
latency,sequential,2,burst_small,256,1860,20,90
latency,sequential,2,burst_small,256,1861,20,101
latency,sequential,2,burst_small,256,1862,20,90
latency,sequential,2,burst_small,256,1863,20,90
latency,sequential,2,burst_small,256,1864,20,100
latency,sequential,2,burst_small,256,1865,20,91
latency,sequential,2,burst_small,256,1866,20,100
latency,sequential,2,burst_small,256,1867,20,90
latency,sequential,2,burst_small,256,1868,10,90
latency,sequential,2,burst_small,256,1869,20,100
latency,sequential,2,burst_small,256,1870,20,90
latency,sequential,2,burst_small,256,1871,20,100
latency,sequential,2,burst_small,256,1872,20,90
latency,sequential,2,burst_small,256,1873,20,90
latency,sequential,2,burst_small,256,1874,21,101
latency,sequential,2,burst_small,256,1875,20,90
latency,sequential,2,burst_small,256,1876,20,100
latency,sequential,2,burst_small,256,1877,20,90
latency,sequential,2,burst_small,256,1878,20,91
latency,sequential,2,burst_small,256,1879,20,100
latency,sequential,2,burst_small,256,1880,20,90
latency,sequential,2,burst_small,256,1881,20,100
latency,sequential,2,burst_small,256,1882,20,91
latency,sequential,2,burst_small,256,1883,20,90
latency,sequential,2,burst_small,256,1884,20,100
latency,sequential,2,burst_small,256,1885,20,90
latency,sequential,2,burst_small,256,1886,20,101
latency,sequential,2,burst_small,256,1887,20,90
latency,sequential,2,burst_small,256,1888,20,90
latency,sequential,2,burst_small,256,1889,20,100
latency,sequential,2,burst_small,256,1890,20,90
latency,sequential,2,burst_small,256,1891,20,100
latency,sequential,2,burst_small,256,1892,20,90
latency,sequential,2,burst_small,256,1893,20,90
latency,sequential,2,burst_small,256,1894,20,100
latency,sequential,2,burst_small,256,1895,21,91
latency,sequential,2,burst_small,256,1896,10,90
latency,sequential,2,burst_small,256,1897,20,90
latency,sequential,2,burst_small,256,1898,20,90
latency,sequential,2,burst_small,256,1899,20,101
latency,sequential,2,burst_small,256,1900,20,90
latency,sequential,2,burst_small,256,1901,10,90
latency,sequential,2,burst_small,256,1902,20,100
latency,sequential,2,burst_small,256,1903,20,91
latency,sequential,2,burst_small,256,1904,20,100
latency,sequential,2,burst_small,256,1905,20,90
latency,sequential,2,burst_small,256,1906,20,90
latency,sequential,2,burst_small,256,1907,20,101
latency,sequential,2,burst_small,256,1908,20,90
latency,sequential,2,burst_small,256,1909,20,100
latency,sequential,2,burst_small,256,1910,20,90
latency,sequential,2,burst_small,256,1911,20,91
latency,sequential,2,burst_small,256,1912,20,100
latency,sequential,2,burst_small,256,1913,20,90
latency,sequential,2,burst_small,256,1914,10,90
latency,sequential,2,burst_small,256,1915,20,90
latency,sequential,2,burst_small,256,1916,20,90
latency,sequential,2,burst_small,256,1917,20,100
latency,sequential,2,burst_small,256,1918,20,90
latency,sequential,2,burst_small,256,1919,10,90
latency,sequential,2,burst_small,256,1920,21,91
latency,sequential,2,burst_small,256,1921,20,90
latency,sequential,2,burst_small,256,1922,20,100
latency,sequential,2,burst_small,256,1923,20,90
latency,sequential,2,burst_small,256,1924,20,101
latency,sequential,2,burst_small,256,1925,20,90
latency,sequential,2,burst_small,256,1926,20,90
latency,sequential,2,burst_small,256,1927,20,100
latency,sequential,2,burst_small,256,1928,20,91
latency,sequential,2,burst_small,256,1929,20,100
latency,sequential,2,burst_small,256,1930,20,90
latency,sequential,2,burst_small,256,1931,20,90
latency,sequential,2,burst_small,256,1932,20,101
latency,sequential,2,burst_small,256,1933,20,90
latency,sequential,2,burst_small,256,1934,20,100
latency,sequential,2,burst_small,256,1935,20,90
latency,sequential,2,burst_small,256,1936,20,91
latency,sequential,2,burst_small,256,1937,20,100
latency,sequential,2,burst_small,256,1938,20,90
latency,sequential,2,burst_small,256,1939,20,100
latency,sequential,2,burst_small,256,1940,20,90
latency,sequential,2,burst_small,256,1941,20,90
latency,sequential,2,burst_small,256,1942,20,100
latency,sequential,2,burst_small,256,1943,20,90
latency,sequential,2,burst_small,256,1944,20,100
latency,sequential,2,burst_small,256,1945,21,91
latency,sequential,2,burst_small,256,1946,20,90
latency,sequential,2,burst_small,256,1947,20,100
latency,sequential,2,burst_small,256,1948,20,90
latency,sequential,2,burst_small,256,1949,20,101
latency,sequential,2,burst_small,256,1950,20,90
latency,sequential,2,burst_small,256,1951,10,90
latency,sequential,2,burst_small,256,1952,20,90
latency,sequential,2,burst_small,256,1953,20,91
latency,sequential,2,burst_small,256,1954,20,100
latency,sequential,2,burst_small,256,1955,20,90
latency,sequential,2,burst_small,256,1956,10,90
latency,sequential,2,burst_small,256,1957,20,91
latency,sequential,2,burst_small,256,1958,20,90
latency,sequential,2,burst_small,256,1959,20,100
latency,sequential,2,burst_small,256,1960,20,90
latency,sequential,2,burst_small,256,1961,20,100
latency,sequential,2,burst_small,256,1962,20,90
latency,sequential,2,burst_small,256,1963,20,90
latency,sequential,2,burst_small,256,1964,20,100
latency,sequential,2,burst_small,256,1965,20,90
latency,sequential,2,burst_small,256,1966,21,101
latency,sequential,2,burst_small,256,1967,20,90
latency,sequential,2,burst_small,256,1968,20,90
latency,sequential,2,burst_small,256,1969,20,100
latency,sequential,2,burst_small,256,1970,21,91
latency,sequential,2,burst_small,256,1971,20,100
latency,sequential,2,burst_small,256,1972,20,90
latency,sequential,2,burst_small,256,1973,20,90
latency,sequential,2,burst_small,256,1974,20,101
latency,sequential,2,burst_small,256,1975,20,90
latency,sequential,2,burst_small,256,1976,20,100
latency,sequential,2,burst_small,256,1977,20,90
latency,sequential,2,burst_small,256,1978,20,91
latency,sequential,2,burst_small,256,1979,20,100
latency,sequential,2,burst_small,256,1980,20,90
latency,sequential,2,burst_small,256,1981,20,100
latency,sequential,2,burst_small,256,1982,20,90
latency,sequential,2,burst_small,256,1983,10,90
latency,sequential,2,burst_small,256,1984,20,90
latency,sequential,2,burst_small,256,1985,20,90
latency,sequential,2,burst_small,256,1986,20,100
latency,sequential,2,burst_small,256,1987,20,90
latency,sequential,2,burst_small,256,1988,10,90
latency,sequential,2,burst_small,256,1989,20,90
latency,sequential,2,burst_small,256,1990,20,90
latency,sequential,2,burst_small,256,1991,21,101
latency,sequential,2,burst_small,256,1992,20,90
latency,sequential,2,burst_small,256,1993,10,90
latency,sequential,2,burst_small,256,1994,20,90
latency,sequential,2,burst_small,256,1995,20,91
latency,sequential,2,burst_small,256,1996,20,100
latency,sequential,2,burst_small,256,1997,20,90
latency,sequential,2,burst_small,256,1998,20,100
latency,sequential,2,burst_small,256,1999,20,91
latency,sequential,2,burst_small,256,2000,20,90
latency,sequential,2,burst_small,256,2001,20,100
latency,sequential,2,burst_small,256,2002,20,90
latency,sequential,2,burst_small,256,2003,20,101
latency,sequential,2,burst_small,256,2004,20,90
latency,sequential,2,burst_small,256,2005,20,90
latency,sequential,2,burst_small,256,2006,20,100
latency,sequential,2,burst_small,256,2007,20,90
latency,sequential,2,burst_small,256,2008,20,100
latency,sequential,2,burst_small,256,2009,20,90
latency,sequential,2,burst_small,256,2010,20,90
latency,sequential,2,burst_small,256,2011,20,100
latency,sequential,2,burst_small,256,2012,21,91
latency,sequential,2,burst_small,256,2013,20,100
latency,sequential,2,burst_small,256,2014,20,90
latency,sequential,2,burst_small,256,2015,20,90
latency,sequential,2,burst_small,256,2016,20,101
latency,sequential,2,burst_small,256,2017,20,90
latency,sequential,2,burst_small,256,2018,20,100
latency,sequential,2,burst_small,256,2019,20,90
latency,sequential,2,burst_small,256,2020,10,91
latency,sequential,2,burst_small,256,2021,20,100
latency,sequential,2,burst_small,256,2022,20,90
latency,sequential,2,burst_small,256,2023,20,100
latency,sequential,2,burst_small,256,2024,20,91
latency,sequential,2,burst_small,256,2025,10,90
latency,sequential,2,burst_small,256,2026,20,90
latency,sequential,2,burst_small,256,2027,20,90
latency,sequential,2,burst_small,256,2028,20,101
latency,sequential,2,burst_small,256,2029,20,90
latency,sequential,2,burst_small,256,2030,20,100
latency,sequential,2,burst_small,256,2031,20,90
latency,sequential,2,burst_small,256,2032,20,90
latency,sequential,2,burst_small,256,2033,20,100
latency,sequential,2,burst_small,256,2034,20,90
latency,sequential,2,burst_small,256,2035,20,100
latency,sequential,2,burst_small,256,2036,20,90
latency,sequential,2,burst_small,256,2037,21,91
latency,sequential,2,burst_small,256,2038,20,100
latency,sequential,2,burst_small,256,2039,20,90
latency,sequential,2,burst_small,256,2040,20,100
latency,sequential,2,burst_small,256,2041,20,91
latency,sequential,2,burst_small,256,2042,20,90
latency,sequential,2,burst_small,256,2043,20,100
latency,sequential,2,burst_small,256,2044,20,90
latency,sequential,2,burst_small,256,2045,20,101
latency,sequential,2,burst_small,256,2046,20,90
latency,sequential,2,burst_small,256,2047,10,90
latency,sequential,2,burst_small,256,2048,51,151
latency,sequential,2,burst_small,256,2049,20,90
latency,sequential,2,burst_small,256,2050,20,100
latency,sequential,2,burst_small,256,2051,20,91
latency,sequential,2,burst_small,256,2052,20,90
latency,sequential,2,burst_small,256,2053,10,90
latency,sequential,2,burst_small,256,2054,20,90
latency,sequential,2,burst_small,256,2055,20,90
latency,sequential,2,burst_small,256,2056,20,101
latency,sequential,2,burst_small,256,2057,20,90
latency,sequential,2,burst_small,256,2058,20,100
latency,sequential,2,burst_small,256,2059,20,90
latency,sequential,2,burst_small,256,2060,20,100
latency,sequential,2,burst_small,256,2061,20,90
latency,sequential,2,burst_small,256,2062,20,90
latency,sequential,2,burst_small,256,2063,20,100
latency,sequential,2,burst_small,256,2064,21,91
latency,sequential,2,burst_small,256,2065,20,90
latency,sequential,2,burst_small,256,2066,20,90
latency,sequential,2,burst_small,256,2067,20,90
latency,sequential,2,burst_small,256,2068,21,101
latency,sequential,2,burst_small,256,2069,20,90
latency,sequential,2,burst_small,256,2070,10,90
latency,sequential,2,burst_small,256,2071,20,90
latency,sequential,2,burst_small,256,2072,20,91
latency,sequential,2,burst_small,256,2073,20,100
latency,sequential,2,burst_small,256,2074,20,90
latency,sequential,2,burst_small,256,2075,20,100
latency,sequential,2,burst_small,256,2076,20,91
latency,sequential,2,burst_small,256,2077,20,90
latency,sequential,2,burst_small,256,2078,20,100
latency,sequential,2,burst_small,256,2079,20,90
latency,sequential,2,burst_small,256,2080,20,101
latency,sequential,2,burst_small,256,2081,20,90
latency,sequential,2,burst_small,256,2082,20,100
latency,sequential,2,burst_small,256,2083,20,90
latency,sequential,2,burst_small,256,2084,10,91
latency,sequential,2,burst_small,256,2085,20,90
latency,sequential,2,burst_small,256,2086,20,90
latency,sequential,2,burst_small,256,2087,20,100
latency,sequential,2,burst_small,256,2088,20,90
latency,sequential,2,burst_small,256,2089,20,100
latency,sequential,2,burst_small,256,2090,20,90
latency,sequential,2,burst_small,256,2091,20,90
latency,sequential,2,burst_small,256,2092,20,100
latency,sequential,2,burst_small,256,2093,21,91
latency,sequential,2,burst_small,256,2094,20,100
latency,sequential,2,burst_small,256,2095,20,90
latency,sequential,2,burst_small,256,2096,20,90
latency,sequential,2,burst_small,256,2097,20,91
latency,sequential,2,burst_small,256,2098,20,90
latency,sequential,2,burst_small,256,2099,20,100
latency,sequential,2,burst_small,256,2100,20,90
latency,sequential,2,burst_small,256,2101,20,101
latency,sequential,2,burst_small,256,2102,20,90
latency,sequential,2,burst_small,256,2103,20,90
latency,sequential,2,burst_small,256,2104,20,100
latency,sequential,2,burst_small,256,2105,20,91
latency,sequential,2,burst_small,256,2106,20,100
latency,sequential,2,burst_small,256,2107,20,90
latency,sequential,2,burst_small,256,2108,10,90
latency,sequential,2,burst_small,256,2109,20,90
latency,sequential,2,burst_small,256,2110,20,90
latency,sequential,2,burst_small,256,2111,20,100
latency,sequential,2,burst_small,256,2112,20,90
latency,sequential,2,burst_small,256,2113,20,100
latency,sequential,2,burst_small,256,2114,20,90
latency,sequential,2,burst_small,256,2115,20,100
latency,sequential,2,burst_small,256,2116,20,90
latency,sequential,2,burst_small,256,2117,20,90
latency,sequential,2,burst_small,256,2118,21,101
latency,sequential,2,burst_small,256,2119,20,90
latency,sequential,2,burst_small,256,2120,20,100
latency,sequential,2,burst_small,256,2121,20,90
latency,sequential,2,burst_small,256,2122,10,91
latency,sequential,2,burst_small,256,2123,20,90
latency,sequential,2,burst_small,256,2124,20,90
latency,sequential,2,burst_small,256,2125,20,100
latency,sequential,2,burst_small,256,2126,20,91
latency,sequential,2,burst_small,256,2127,20,100
latency,sequential,2,burst_small,256,2128,20,90
latency,sequential,2,burst_small,256,2129,20,90
latency,sequential,2,burst_small,256,2130,20,101
latency,sequential,2,burst_small,256,2131,20,90
latency,sequential,2,burst_small,256,2132,20,100
latency,sequential,2,burst_small,256,2133,20,90
latency,sequential,2,burst_small,256,2134,20,90
latency,sequential,2,burst_small,256,2135,20,100
latency,sequential,2,burst_small,256,2136,20,90
latency,sequential,2,burst_small,256,2137,20,100
latency,sequential,2,burst_small,256,2138,20,90
latency,sequential,2,burst_small,256,2139,10,90
latency,sequential,2,burst_small,256,2140,20,90
latency,sequential,2,burst_small,256,2141,20,90
latency,sequential,2,burst_small,256,2142,20,100
latency,sequential,2,burst_small,256,2143,20,91
latency,sequential,2,burst_small,256,2144,10,90
latency,sequential,2,burst_small,256,2145,20,90
latency,sequential,2,burst_small,256,2146,20,90
latency,sequential,2,burst_small,256,2147,20,101
latency,sequential,2,burst_small,256,2148,20,90
latency,sequential,2,burst_small,256,2149,10,90
latency,sequential,2,burst_small,256,2150,20,90
latency,sequential,2,burst_small,256,2151,20,91
latency,sequential,2,burst_small,256,2152,20,100
latency,sequential,2,burst_small,256,2153,20,90
latency,sequential,2,burst_small,256,2154,20,100
latency,sequential,2,burst_small,256,2155,20,90
latency,sequential,2,burst_small,256,2156,20,90
latency,sequential,2,burst_small,256,2157,20,100
latency,sequential,2,burst_small,256,2158,20,90
latency,sequential,2,burst_small,256,2159,20,100
latency,sequential,2,burst_small,256,2160,20,90
latency,sequential,2,burst_small,256,2161,20,90
latency,sequential,2,burst_small,256,2162,20,100
latency,sequential,2,burst_small,256,2163,20,90
latency,sequential,2,burst_small,256,2164,21,101
latency,sequential,2,burst_small,256,2165,20,90
latency,sequential,2,burst_small,256,2166,20,90
latency,sequential,2,burst_small,256,2167,20,100
latency,sequential,2,burst_small,256,2168,20,91
latency,sequential,2,burst_small,256,2169,10,90
latency,sequential,2,burst_small,256,2170,20,90
latency,sequential,2,burst_small,256,2171,20,90
latency,sequential,2,burst_small,256,2172,20,101
latency,sequential,2,burst_small,256,2173,20,90
latency,sequential,2,burst_small,256,2174,10,90
latency,sequential,2,burst_small,256,2175,20,90
latency,sequential,2,burst_small,256,2176,20,91
latency,sequential,2,burst_small,256,2177,20,90
latency,sequential,2,burst_small,256,2178,20,90
latency,sequential,2,burst_small,256,2179,20,100
latency,sequential,2,burst_small,256,2180,20,91
latency,sequential,2,burst_small,256,2181,20,100
latency,sequential,2,burst_small,256,2182,20,90
latency,sequential,2,burst_small,256,2183,20,90
latency,sequential,2,burst_small,256,2184,20,100
latency,sequential,2,burst_small,256,2185,20,90
latency,sequential,2,burst_small,256,2186,20,100
latency,sequential,2,burst_small,256,2187,20,90
latency,sequential,2,burst_small,256,2188,20,90
latency,sequential,2,burst_small,256,2189,21,101
latency,sequential,2,burst_small,256,2190,20,90
latency,sequential,2,burst_small,256,2191,10,90
latency,sequential,2,burst_small,256,2192,20,90
latency,sequential,2,burst_small,256,2193,20,91
latency,sequential,2,burst_small,256,2194,20,100
latency,sequential,2,burst_small,256,2195,20,90
latency,sequential,2,burst_small,256,2196,10,90
latency,sequential,2,burst_small,256,2197,20,101
latency,sequential,2,burst_small,256,2198,20,90
latency,sequential,2,burst_small,256,2199,20,100
latency,sequential,2,burst_small,256,2200,20,90
latency,sequential,2,burst_small,256,2201,20,91
latency,sequential,2,burst_small,256,2202,20,100
latency,sequential,2,burst_small,256,2203,20,90
latency,sequential,2,burst_small,256,2204,10,90
latency,sequential,2,burst_small,256,2205,20,90
latency,sequential,2,burst_small,256,2206,20,90
latency,sequential,2,burst_small,256,2207,20,100
latency,sequential,2,burst_small,256,2208,20,90
latency,sequential,2,burst_small,256,2209,20,90
latency,sequential,2,burst_small,256,2210,20,100
latency,sequential,2,burst_small,256,2211,20,90
latency,sequential,2,burst_small,256,2212,20,100
latency,sequential,2,burst_small,256,2213,20,90
latency,sequential,2,burst_small,256,2214,21,91
latency,sequential,2,burst_small,256,2215,20,100
latency,sequential,2,burst_small,256,2216,20,90
latency,sequential,2,burst_small,256,2217,10,90
latency,sequential,2,burst_small,256,2218,20,101
latency,sequential,2,burst_small,256,2219,20,90
latency,sequential,2,burst_small,256,2220,20,100
latency,sequential,2,burst_small,256,2221,20,90
latency,sequential,2,burst_small,256,2222,20,91
latency,sequential,2,burst_small,256,2223,20,100
latency,sequential,2,burst_small,256,2224,20,90
latency,sequential,2,burst_small,256,2225,20,100
latency,sequential,2,burst_small,256,2226,20,91
latency,sequential,2,burst_small,256,2227,20,90
latency,sequential,2,burst_small,256,2228,20,100
latency,sequential,2,burst_small,256,2229,20,90
latency,sequential,2,burst_small,256,2230,20,100
latency,sequential,2,burst_small,256,2231,20,90
latency,sequential,2,burst_small,256,2232,20,90
latency,sequential,2,burst_small,256,2233,20,100
latency,sequential,2,burst_small,256,2234,20,90
latency,sequential,2,burst_small,256,2235,21,101
latency,sequential,2,burst_small,256,2236,20,90
latency,sequential,2,burst_small,256,2237,20,90
latency,sequential,2,burst_small,256,2238,20,100
latency,sequential,2,burst_small,256,2239,20,91
latency,sequential,2,burst_small,256,2240,20,100
latency,sequential,2,burst_small,256,2241,20,90
latency,sequential,2,burst_small,256,2242,20,90
latency,sequential,2,burst_small,256,2243,20,101
latency,sequential,2,burst_small,256,2244,20,90
latency,sequential,2,burst_small,256,2245,20,100
latency,sequential,2,burst_small,256,2246,20,90
latency,sequential,2,burst_small,256,2247,20,91
latency,sequential,2,burst_small,256,2248,20,100
latency,sequential,2,burst_small,256,2249,20,90
latency,sequential,2,burst_small,256,2250,20,100
latency,sequential,2,burst_small,256,2251,20,90
latency,sequential,2,burst_small,256,2252,20,90
latency,sequential,2,burst_small,256,2253,20,100
latency,sequential,2,burst_small,256,2254,20,90
latency,sequential,2,burst_small,256,2255,20,100
latency,sequential,2,burst_small,256,2256,20,90
latency,sequential,2,burst_small,256,2257,20,90
latency,sequential,2,burst_small,256,2258,20,100
latency,sequential,2,burst_small,256,2259,20,90
latency,sequential,2,burst_small,256,2260,20,101
latency,sequential,2,burst_small,256,2261,20,90
latency,sequential,2,burst_small,256,2262,10,90
latency,sequential,2,burst_small,256,2263,20,90
latency,sequential,2,burst_small,256,2264,20,91
latency,sequential,2,burst_small,256,2265,20,100
latency,sequential,2,burst_small,256,2266,20,90
latency,sequential,2,burst_small,256,2267,10,90
latency,sequential,2,burst_small,256,2268,20,91
latency,sequential,2,burst_small,256,2269,20,90
latency,sequential,2,burst_small,256,2270,20,100
latency,sequential,2,burst_small,256,2271,20,90
latency,sequential,2,burst_small,256,2272,10,91
latency,sequential,2,burst_small,256,2273,20,90
latency,sequential,2,burst_small,256,2274,20,90
latency,sequential,2,burst_small,256,2275,20,100
latency,sequential,2,burst_small,256,2276,20,90
latency,sequential,2,burst_small,256,2277,20,100
latency,sequential,2,burst_small,256,2278,20,90
latency,sequential,2,burst_small,256,2279,20,90
latency,sequential,2,burst_small,256,2280,20,100
latency,sequential,2,burst_small,256,2281,21,91
latency,sequential,2,burst_small,256,2282,20,100
latency,sequential,2,burst_small,256,2283,20,90
latency,sequential,2,burst_small,256,2284,20,90
latency,sequential,2,burst_small,256,2285,20,101
latency,sequential,2,burst_small,256,2286,20,90
latency,sequential,2,burst_small,256,2287,20,100
latency,sequential,2,burst_small,256,2288,20,90
latency,sequential,2,burst_small,256,2289,20,91
latency,sequential,2,burst_small,256,2290,20,100
latency,sequential,2,burst_small,256,2291,20,90
latency,sequential,2,burst_small,256,2292,20,100
latency,sequential,2,burst_small,256,2293,20,91
latency,sequential,2,burst_small,256,2294,10,90
latency,sequential,2,burst_small,256,2295,20,100
latency,sequential,2,burst_small,256,2296,20,90
latency,sequential,2,burst_small,256,2297,20,100
latency,sequential,2,burst_small,256,2298,20,90
latency,sequential,2,burst_small,256,2299,20,90
latency,sequential,2,burst_small,256,2300,20,100
latency,sequential,2,burst_small,256,2301,20,90
latency,sequential,2,burst_small,256,2302,21,101
latency,sequential,2,burst_small,256,2303,20,90
