mode,engine,workers,scenario,n,sample,dispatch_ns,completion_ns
latency,weave,8,burst_small,256,0,1649,1779
latency,weave,8,burst_small,256,1,2670,2771
latency,weave,8,burst_small,256,2,2821,2901
latency,weave,8,burst_small,256,3,3162,3242
latency,weave,8,burst_small,256,4,3402,3502
latency,weave,8,burst_small,256,5,3973,4043
latency,weave,8,burst_small,256,6,4244,4324
latency,weave,8,burst_small,256,7,4675,4745
latency,weave,8,burst_small,256,8,5196,5266
latency,weave,8,burst_small,256,9,5416,5486
latency,weave,8,burst_small,256,10,5777,5847
latency,weave,8,burst_small,256,11,6037,6108
latency,weave,8,burst_small,256,12,6408,6509
latency,weave,8,burst_small,256,13,6678,6748
latency,weave,8,burst_small,256,14,6799,6869
latency,weave,8,burst_small,256,15,6999,7070
latency,weave,8,burst_small,256,16,7289,7359
latency,weave,8,burst_small,256,17,13431,13511
latency,weave,8,burst_small,256,18,13622,13702
latency,weave,8,burst_small,256,19,13801,13892
latency,weave,8,burst_small,256,20,14042,14112
latency,weave,8,burst_small,256,21,14163,14263
latency,weave,8,burst_small,256,22,14433,14503
latency,weave,8,burst_small,256,23,7429,7570
latency,weave,8,burst_small,256,24,14534,14614
latency,weave,8,burst_small,256,25,14793,14864
latency,weave,8,burst_small,256,26,14814,14904
latency,weave,8,burst_small,256,27,15114,15184
latency,weave,8,burst_small,256,28,15305,15385
latency,weave,8,burst_small,256,29,15636,15706
latency,weave,8,burst_small,256,30,15736,15816
latency,weave,8,burst_small,256,31,15915,15996
latency,weave,8,burst_small,256,32,16056,16127
latency,weave,8,burst_small,256,33,16236,16306
latency,weave,8,burst_small,256,34,16357,16427
latency,weave,8,burst_small,256,35,17053,17183
latency,weave,8,burst_small,256,36,17975,18045
latency,weave,8,burst_small,256,37,17994,18064
latency,weave,8,burst_small,256,38,18145,18225
latency,weave,8,burst_small,256,39,18164,18245
latency,weave,8,burst_small,256,40,18065,18145
latency,weave,8,burst_small,256,41,18064,20990
latency,weave,8,burst_small,256,42,20910,20990
latency,weave,8,burst_small,256,43,21040,21110
latency,weave,8,burst_small,256,44,21161,21241
latency,weave,8,burst_small,256,45,21321,21401
latency,weave,8,burst_small,256,46,21271,21341
latency,weave,8,burst_small,256,47,21351,21431
latency,weave,8,burst_small,256,48,21501,21571
latency,weave,8,burst_small,256,49,21601,21681
latency,weave,8,burst_small,256,50,21732,21812
latency,weave,8,burst_small,256,51,21862,21942
latency,weave,8,burst_small,256,52,21982,22052
latency,weave,8,burst_small,256,53,22092,22172
latency,weave,8,burst_small,256,54,22223,22293
latency,weave,8,burst_small,256,55,22282,22352
latency,weave,8,burst_small,256,56,22413,22483
latency,weave,8,burst_small,256,57,22312,22382
latency,weave,8,burst_small,256,58,22433,22513
latency,weave,8,burst_small,256,59,22603,22683
latency,weave,8,burst_small,256,60,22774,22844
latency,weave,8,burst_small,256,61,23219,23359
latency,weave,8,burst_small,256,62,23154,23234
latency,weave,8,burst_small,256,63,23264,23344
latency,weave,8,burst_small,256,64,23300,23370
latency,weave,8,burst_small,256,65,23325,23405
latency,weave,8,burst_small,256,66,27137,27217
latency,weave,8,burst_small,256,67,27162,27242
latency,weave,8,burst_small,256,68,27357,27437
latency,weave,8,burst_small,256,69,27312,27392
latency,weave,8,burst_small,256,70,27923,27993
latency,weave,8,burst_small,256,71,27868,27938
latency,weave,8,burst_small,256,72,28163,28234
latency,weave,8,burst_small,256,73,28239,28319
latency,weave,8,burst_small,256,74,28364,28444
latency,weave,8,burst_small,256,75,28500,28580
latency,weave,8,burst_small,256,76,28625,28695
latency,weave,8,burst_small,256,77,29110,29190
latency,weave,8,burst_small,256,78,29346,29416
latency,weave,8,burst_small,256,79,29452,29522
latency,weave,8,burst_small,256,80,29607,29707
latency,weave,8,burst_small,256,81,29772,29842
latency,weave,8,burst_small,256,82,29947,30027
latency,weave,8,burst_small,256,83,30183,30263
latency,weave,8,burst_small,256,84,30298,30378
latency,weave,8,burst_small,256,85,30454,30534
latency,weave,8,burst_small,256,86,37051,37181
latency,weave,8,burst_small,256,87,30548,30628
latency,weave,8,burst_small,256,88,30814,30884
latency,weave,8,burst_small,256,89,30969,31039
latency,weave,8,burst_small,256,90,31611,31711
latency,weave,8,burst_small,256,91,31715,31785
latency,weave,8,burst_small,256,92,32011,32081
latency,weave,8,burst_small,256,93,32222,32292
latency,weave,8,burst_small,256,94,31981,32061
latency,weave,8,burst_small,256,95,32192,32262
latency,weave,8,burst_small,256,96,32071,32141
latency,weave,8,burst_small,256,97,32312,32382
latency,weave,8,burst_small,256,98,32351,32431
latency,weave,8,burst_small,256,99,32251,32322
latency,weave,8,burst_small,256,100,32272,32372
latency,weave,8,burst_small,256,101,32261,32331
latency,weave,8,burst_small,256,102,32272,32342
latency,weave,8,burst_small,256,103,32071,32141
latency,weave,8,burst_small,256,104,31991,32061
latency,weave,8,burst_small,256,105,31861,31931
latency,weave,8,burst_small,256,106,31931,32011
latency,weave,8,burst_small,256,107,31830,31900
latency,weave,8,burst_small,256,108,31781,31861
latency,weave,8,burst_small,256,109,31641,31711
latency,weave,8,burst_small,256,110,31620,31710
latency,weave,8,burst_small,256,111,31500,31571
latency,weave,8,burst_small,256,112,31260,31330
latency,weave,8,burst_small,256,113,31249,31329
latency,weave,8,burst_small,256,114,31159,31240
latency,weave,8,burst_small,256,115,31100,31170
latency,weave,8,burst_small,256,116,31079,31149
latency,weave,8,burst_small,256,117,30989,31069
latency,weave,8,burst_small,256,118,30929,31009
latency,weave,8,burst_small,256,119,30919,30989
latency,weave,8,burst_small,256,120,30828,30898
latency,weave,8,burst_small,256,121,30839,30909
latency,weave,8,burst_small,256,122,30899,30979
latency,weave,8,burst_small,256,123,14016,14087
latency,weave,8,burst_small,256,124,13746,13826
latency,weave,8,burst_small,256,125,13566,13646
latency,weave,8,burst_small,256,126,13616,13686
latency,weave,8,burst_small,256,127,13156,13236
latency,weave,8,burst_small,256,128,16011,16121
latency,weave,8,burst_small,256,129,19187,19257
latency,weave,8,burst_small,256,130,19276,19356
latency,weave,8,burst_small,256,131,19277,19357
latency,weave,8,burst_small,256,132,19226,19306
latency,weave,8,burst_small,256,133,19011,19142
latency,weave,8,burst_small,256,134,18445,18525
latency,weave,8,burst_small,256,135,18575,18655
latency,weave,8,burst_small,256,136,18580,18650
latency,weave,8,burst_small,256,137,17914,18014
latency,weave,8,burst_small,256,138,13125,13196
latency,weave,8,burst_small,256,139,17799,17869
latency,weave,8,burst_small,256,140,9228,9368
latency,weave,8,burst_small,256,141,13786,13856
latency,weave,8,burst_small,256,142,77296,77426
latency,weave,8,burst_small,256,143,270642,270783
latency,weave,8,burst_small,256,144,9888,9958
latency,weave,8,burst_small,256,145,6843,6923
latency,weave,8,burst_small,256,146,7284,7364
latency,weave,8,burst_small,256,147,7604,7674
latency,weave,8,burst_small,256,148,8025,8095
latency,weave,8,burst_small,256,149,8345,8416
latency,weave,8,burst_small,256,150,8606,8676
latency,weave,8,burst_small,256,151,8816,8896
latency,weave,8,burst_small,256,152,9107,9177
latency,weave,8,burst_small,256,153,9227,9307
latency,weave,8,burst_small,256,154,9538,9608
latency,weave,8,burst_small,256,155,9798,9878
latency,weave,8,burst_small,256,156,10069,10159
latency,weave,8,burst_small,256,157,10409,10480
latency,weave,8,burst_small,256,158,10650,10720
latency,weave,8,burst_small,256,159,10960,11030
latency,weave,8,burst_small,256,160,11191,11261
latency,weave,8,burst_small,256,161,11321,11421
latency,weave,8,burst_small,256,162,11602,11702
latency,weave,8,burst_small,256,163,11872,11952
latency,weave,8,burst_small,256,164,12102,12193
latency,weave,8,burst_small,256,165,12353,12423
latency,weave,8,burst_small,256,166,12584,12654
latency,weave,8,burst_small,256,167,12864,12935
latency,weave,8,burst_small,256,168,13124,13204
latency,weave,8,burst_small,256,169,13235,13325
latency,weave,8,burst_small,256,170,13485,13556
latency,weave,8,burst_small,256,171,13855,13956
latency,weave,8,burst_small,256,172,14126,14196
latency,weave,8,burst_small,256,173,14357,14447
latency,weave,8,burst_small,256,174,14678,14758
latency,weave,8,burst_small,256,175,14908,14988
latency,weave,8,burst_small,256,176,17388,17528
latency,weave,8,burst_small,256,177,18180,18250
latency,weave,8,burst_small,256,178,17989,18059
latency,weave,8,burst_small,256,179,18160,18240
latency,weave,8,burst_small,256,180,18330,18401
latency,weave,8,burst_small,256,181,18480,18560
latency,weave,8,burst_small,256,182,18660,18741
latency,weave,8,burst_small,256,183,18821,18891
latency,weave,8,burst_small,256,184,18911,18992
latency,weave,8,burst_small,256,185,18981,19051
latency,weave,8,burst_small,256,186,19152,19222
latency,weave,8,burst_small,256,187,18991,19061
latency,weave,8,burst_small,256,188,18902,18972
latency,weave,8,burst_small,256,189,18781,18861
latency,weave,8,burst_small,256,190,18901,18981
latency,weave,8,burst_small,256,191,18691,18771
latency,weave,8,burst_small,256,192,18771,18851
latency,weave,8,burst_small,256,193,18451,18521
latency,weave,8,burst_small,256,194,18470,18540
latency,weave,8,burst_small,256,195,18956,19096
latency,weave,8,burst_small,256,196,18631,18701
latency,weave,8,burst_small,256,197,18751,18821
latency,weave,8,burst_small,256,198,19286,19377
latency,weave,8,burst_small,256,199,19242,19322
latency,weave,8,burst_small,256,200,19316,19386
latency,weave,8,burst_small,256,201,19052,19122
latency,weave,8,burst_small,256,202,19086,19166
latency,weave,8,burst_small,256,203,18961,19032
latency,weave,8,burst_small,256,204,19006,19076
latency,weave,8,burst_small,256,205,18981,19051
latency,weave,8,burst_small,256,206,19006,19107
latency,weave,8,burst_small,256,207,18911,18991
latency,weave,8,burst_small,256,208,19126,19227
latency,weave,8,burst_small,256,209,18641,18721
latency,weave,8,burst_small,256,210,18775,18845
latency,weave,8,burst_small,256,211,18771,18851
latency,weave,8,burst_small,256,212,18676,18756
latency,weave,8,burst_small,256,213,18660,18741
latency,weave,8,burst_small,256,214,18665,18746
latency,weave,8,burst_small,256,215,18651,18721
latency,weave,8,burst_small,256,216,18605,18695
latency,weave,8,burst_small,256,217,18330,18400
latency,weave,8,burst_small,256,218,18435,18505
latency,weave,8,burst_small,256,219,18310,18380
latency,weave,8,burst_small,256,220,18505,18585
latency,weave,8,burst_small,256,221,18430,18510
latency,weave,8,burst_small,256,222,18525,18615
latency,weave,8,burst_small,256,223,18410,18480
latency,weave,8,burst_small,256,224,18515,18595
latency,weave,8,burst_small,256,225,18249,18330
latency,weave,8,burst_small,256,226,18245,18315
latency,weave,8,burst_small,256,227,18210,18290
latency,weave,8,burst_small,256,228,18194,18264
latency,weave,8,burst_small,256,229,18190,18260
latency,weave,8,burst_small,256,230,18185,18255
latency,weave,8,burst_small,256,231,18159,18239
latency,weave,8,burst_small,256,232,18184,18255
latency,weave,8,burst_small,256,233,17729,17799
latency,weave,8,burst_small,256,234,17844,17924
latency,weave,8,burst_small,256,235,17719,17799
latency,weave,8,burst_small,256,236,17824,17914
latency,weave,8,burst_small,256,237,17709,17789
latency,weave,8,burst_small,256,238,17843,17913
latency,weave,8,burst_small,256,239,17659,17729
latency,weave,8,burst_small,256,240,205505,205645
latency,weave,8,burst_small,256,241,269370,269500
latency,weave,8,burst_small,256,242,97635,97765
latency,weave,8,burst_small,256,243,69021,69161
latency,weave,8,burst_small,256,244,53141,53221
latency,weave,8,burst_small,256,245,103716,103856
latency,weave,8,burst_small,256,246,153741,153871
latency,weave,8,burst_small,256,247,248751,248882
latency,weave,8,burst_small,256,248,201537,201677
latency,weave,8,burst_small,256,249,25018,25158
latency,weave,8,burst_small,256,250,262857,262997
latency,weave,8,burst_small,256,251,111441,111581
latency,weave,8,burst_small,256,252,66921,67062
latency,weave,8,burst_small,256,253,61932,62072
latency,weave,8,burst_small,256,254,327174,327304
latency,weave,8,burst_small,256,255,126574,126705
latency,weave,8,burst_small,256,256,42631,42762
latency,weave,8,burst_small,256,257,27943,28073
latency,weave,8,burst_small,256,258,234744,234875
latency,weave,8,burst_small,256,259,164232,164372
latency,weave,8,burst_small,256,260,175321,175452
latency,weave,8,burst_small,256,261,185120,185250
latency,weave,8,burst_small,256,262,178819,178949
latency,weave,8,burst_small,256,263,179390,179520
latency,weave,8,burst_small,256,264,187194,187335
latency,weave,8,burst_small,256,265,166966,167106
latency,weave,8,burst_small,256,266,200269,200410
latency,weave,8,burst_small,256,267,151252,151382
latency,weave,8,burst_small,256,268,208851,208981
latency,weave,8,burst_small,256,269,152689,152829
latency,weave,8,burst_small,256,270,204779,204919
latency,weave,8,burst_small,256,271,166089,166229
latency,weave,8,burst_small,256,272,201601,201742
latency,weave,8,burst_small,256,273,151821,151962
latency,weave,8,burst_small,256,274,196277,196417
latency,weave,8,burst_small,256,275,161034,161175
latency,weave,8,burst_small,256,276,223237,223378
latency,weave,8,burst_small,256,277,193060,193200
latency,weave,8,burst_small,256,278,64206,64337
latency,weave,8,burst_small,256,279,194393,194533
latency,weave,8,burst_small,256,280,157482,157623
latency,weave,8,burst_small,256,281,197038,197178
latency,weave,8,burst_small,256,282,138267,138407
latency,weave,8,burst_small,256,283,194483,194623
latency,weave,8,burst_small,256,284,185646,185786
latency,weave,8,burst_small,256,285,28138,28218
latency,weave,8,burst_small,256,286,11021,11161
latency,weave,8,burst_small,256,287,11652,11722
latency,weave,8,burst_small,256,288,11392,11472
latency,weave,8,burst_small,256,289,11713,11783
latency,weave,8,burst_small,256,290,11893,11963
latency,weave,8,burst_small,256,291,12123,12193
latency,weave,8,burst_small,256,292,12294,12364
latency,weave,8,burst_small,256,293,12473,12554
latency,weave,8,burst_small,256,294,12614,12694
latency,weave,8,burst_small,256,295,12764,12834
latency,weave,8,burst_small,256,296,12714,12794
latency,weave,8,burst_small,256,297,12864,12934
latency,weave,8,burst_small,256,298,13015,13095
latency,weave,8,burst_small,256,299,13185,13265
latency,weave,8,burst_small,256,300,13356,13426
latency,weave,8,burst_small,256,301,13495,13565
latency,weave,8,burst_small,256,302,13636,13716
latency,weave,8,burst_small,256,303,13786,13856
latency,weave,8,burst_small,256,304,13426,13496
latency,weave,8,burst_small,256,305,13666,13737
latency,weave,8,burst_small,256,306,13826,13896
latency,weave,8,burst_small,256,307,13986,14067
latency,weave,8,burst_small,256,308,14157,14227
latency,weave,8,burst_small,256,309,14328,14398
latency,weave,8,burst_small,256,310,14478,14548
latency,weave,8,burst_small,256,311,40802,40942
latency,weave,8,burst_small,256,312,264064,264195
latency,weave,8,burst_small,256,313,139885,140025
latency,weave,8,burst_small,256,314,157423,157563
latency,weave,8,burst_small,256,315,259281,259421
latency,weave,8,burst_small,256,316,120463,120603
latency,weave,8,burst_small,256,317,154087,154217
latency,weave,8,burst_small,256,318,189594,189734
latency,weave,8,burst_small,256,319,232204,232344
latency,weave,8,burst_small,256,320,206351,206491
latency,weave,8,burst_small,256,321,152249,152389
latency,weave,8,burst_small,256,322,194843,194983
latency,weave,8,burst_small,256,323,171520,171660
latency,weave,8,burst_small,256,324,227551,227691
latency,weave,8,burst_small,256,325,163535,163665
latency,weave,8,burst_small,256,326,223197,223337
latency,weave,8,burst_small,256,327,177301,177431
latency,weave,8,burst_small,256,328,204782,204922
latency,weave,8,burst_small,256,329,163930,164061
latency,weave,8,burst_small,256,330,113289,113429
latency,weave,8,burst_small,256,331,190881,191021
latency,weave,8,burst_small,256,332,162743,162873
latency,weave,8,burst_small,256,333,25168,25308
latency,weave,8,burst_small,256,334,282364,282494
latency,weave,8,burst_small,256,335,196503,196633
latency,weave,8,burst_small,256,336,154072,154203
latency,weave,8,burst_small,256,337,238086,238227
latency,weave,8,burst_small,256,338,99729,99869
latency,weave,8,burst_small,256,339,164682,164822
latency,weave,8,burst_small,256,340,188417,188557
latency,weave,8,burst_small,256,341,166575,166716
latency,weave,8,burst_small,256,342,184865,185005
latency,weave,8,burst_small,256,343,183878,184019
latency,weave,8,burst_small,256,344,169695,169825
latency,weave,8,burst_small,256,345,163695,163835
latency,weave,8,burst_small,256,346,188571,188701
latency,weave,8,burst_small,256,347,163359,163490
latency,weave,8,burst_small,256,348,220122,220262
latency,weave,8,burst_small,256,349,84460,84601
latency,weave,8,burst_small,256,350,175608,175748
latency,weave,8,burst_small,256,351,154677,154817
latency,weave,8,burst_small,256,352,26826,26966
latency,weave,8,burst_small,256,353,223814,223955
latency,weave,8,burst_small,256,354,191307,191447
latency,weave,8,burst_small,256,355,179885,180025
latency,weave,8,burst_small,256,356,191332,191462
latency,weave,8,burst_small,256,357,169521,169662
latency,weave,8,burst_small,256,358,173368,173508
latency,weave,8,burst_small,256,359,192198,192328
latency,weave,8,burst_small,256,360,168078,168219
latency,weave,8,burst_small,256,361,167897,168038
latency,weave,8,burst_small,256,362,193466,193606
latency,weave,8,burst_small,256,363,182445,182585
latency,weave,8,burst_small,256,364,250385,250525
latency,weave,8,burst_small,256,365,125438,125578
latency,weave,8,burst_small,256,366,92015,92095
latency,weave,8,burst_small,256,367,156506,156637
latency,weave,8,burst_small,256,368,161911,162052
latency,weave,8,burst_small,256,369,224976,225116
latency,weave,8,burst_small,256,370,176268,176409
latency,weave,8,burst_small,256,371,183077,183217
latency,weave,8,burst_small,256,372,164982,165123
latency,weave,8,burst_small,256,373,200329,200459
latency,weave,8,burst_small,256,374,231739,231869
latency,weave,8,burst_small,256,375,200089,200230
latency,weave,8,burst_small,256,376,170357,170497
latency,weave,8,burst_small,256,377,200365,200495
latency,weave,8,burst_small,256,378,156816,156957
latency,weave,8,burst_small,256,379,236723,236854
latency,weave,8,burst_small,256,380,181794,181924
latency,weave,8,burst_small,256,381,183361,183502
latency,weave,8,burst_small,256,382,179715,179845
latency,weave,8,burst_small,256,383,199197,199338
latency,weave,8,burst_small,256,384,189088,189228
latency,weave,8,burst_small,256,385,166179,166319
latency,weave,8,burst_small,256,386,190997,191137
latency,weave,8,burst_small,256,387,169551,169681
latency,weave,8,burst_small,256,388,192639,192779
latency,weave,8,burst_small,256,389,166586,166726
latency,weave,8,burst_small,256,390,172992,173122
latency,weave,8,burst_small,256,391,169886,170026
latency,weave,8,burst_small,256,392,183608,183748
latency,weave,8,burst_small,256,393,171179,171310
latency,weave,8,burst_small,256,394,176995,177136
latency,weave,8,burst_small,256,395,163734,163874
latency,weave,8,burst_small,256,396,187551,187691
latency,weave,8,burst_small,256,397,155289,155430
latency,weave,8,burst_small,256,398,181849,181989
latency,weave,8,burst_small,256,399,210403,210544
latency,weave,8,burst_small,256,400,185376,185516
latency,weave,8,burst_small,256,401,158314,158445
latency,weave,8,burst_small,256,402,230105,230235
latency,weave,8,burst_small,256,403,103310,103450
latency,weave,8,burst_small,256,404,145419,145560
latency,weave,8,burst_small,256,405,200559,200699
latency,weave,8,burst_small,256,406,153561,153701
latency,weave,8,burst_small,256,407,173974,174115
latency,weave,8,burst_small,256,408,156110,156250
latency,weave,8,burst_small,256,409,184013,184153
latency,weave,8,burst_small,256,410,156366,156496
latency,weave,8,burst_small,256,411,175888,176018
latency,weave,8,burst_small,256,412,164290,164431
latency,weave,8,burst_small,256,413,171068,171209
latency,weave,8,burst_small,256,414,156807,156948
latency,weave,8,burst_small,256,415,192278,192409
latency,weave,8,burst_small,256,416,140430,140571
latency,weave,8,burst_small,256,417,321503,321643
latency,weave,8,burst_small,256,418,157152,157292
latency,weave,8,burst_small,256,419,192625,192765
latency,weave,8,burst_small,256,420,148331,148471
latency,weave,8,burst_small,256,421,191917,192057
latency,weave,8,burst_small,256,422,191171,191312
latency,weave,8,burst_small,256,423,65078,65219
latency,weave,8,burst_small,256,424,210388,210528
latency,weave,8,burst_small,256,425,164261,164401
latency,weave,8,burst_small,256,426,171609,171749
latency,weave,8,burst_small,256,427,155148,155289
latency,weave,8,burst_small,256,428,283020,283150
latency,weave,8,burst_small,256,429,209747,209888
latency,weave,8,burst_small,256,430,212467,212608
latency,weave,8,burst_small,256,431,155278,155419
latency,weave,8,burst_small,256,432,215018,215158
latency,weave,8,burst_small,256,433,141223,141363
latency,weave,8,burst_small,256,434,121344,121554
latency,weave,8,burst_small,256,435,133287,133427
latency,weave,8,burst_small,256,436,209652,209782
latency,weave,8,burst_small,256,437,183447,183588
latency,weave,8,burst_small,256,438,251321,251461
latency,weave,8,burst_small,256,439,130562,130702
latency,weave,8,burst_small,256,440,339318,339458
latency,weave,8,burst_small,256,441,137580,137721
latency,weave,8,burst_small,256,442,139534,139664
latency,weave,8,burst_small,256,443,164146,164286
latency,weave,8,burst_small,256,444,142170,142300
latency,weave,8,burst_small,256,445,125237,125317
latency,weave,8,burst_small,256,446,203250,203390
latency,weave,8,burst_small,256,447,67272,67412
latency,weave,8,burst_small,256,448,195515,195655
latency,weave,8,burst_small,256,449,257457,257597
latency,weave,8,burst_small,256,450,260368,260498
latency,weave,8,burst_small,256,451,157679,157819
latency,weave,8,burst_small,256,452,193366,193507
latency,weave,8,burst_small,256,453,162888,163029
latency,weave,8,burst_small,256,454,198325,198455
latency,weave,8,burst_small,256,455,196877,197007
latency,weave,8,burst_small,256,456,90926,91056
latency,weave,8,burst_small,256,457,280726,280866
latency,weave,8,burst_small,256,458,167808,167938
latency,weave,8,burst_small,256,459,186547,186677
latency,weave,8,burst_small,256,460,159726,159867
latency,weave,8,burst_small,256,461,206606,206736
latency,weave,8,burst_small,256,462,173008,173148
latency,weave,8,burst_small,256,463,229995,230135
latency,weave,8,burst_small,256,464,107087,107228
latency,weave,8,burst_small,256,465,175848,175988
latency,weave,8,burst_small,256,466,195615,195755
latency,weave,8,burst_small,256,467,166270,166410
latency,weave,8,burst_small,256,468,38628,38758
latency,weave,8,burst_small,256,469,25473,25603
latency,weave,8,burst_small,256,470,380205,380345
latency,weave,8,burst_small,256,471,188417,188547
latency,weave,8,burst_small,256,472,28604,28744
latency,weave,8,burst_small,256,473,308033,308173
latency,weave,8,burst_small,256,474,199342,199482
latency,weave,8,burst_small,256,475,234098,234238
latency,weave,8,burst_small,256,476,50245,50375
latency,weave,8,burst_small,256,477,50215,50285
latency,weave,8,burst_small,256,478,50345,50425
latency,weave,8,burst_small,256,479,50435,50505
latency,weave,8,burst_small,256,480,49985,50055
latency,weave,8,burst_small,256,481,50154,50224
latency,weave,8,burst_small,256,482,50305,50385
latency,weave,8,burst_small,256,483,50475,50555
latency,weave,8,burst_small,256,484,50666,50746
latency,weave,8,burst_small,256,485,50835,50906
latency,weave,8,burst_small,256,486,50996,51076
latency,weave,8,burst_small,256,487,51166,51237
latency,weave,8,burst_small,256,488,50405,50475
latency,weave,8,burst_small,256,489,50615,50686
latency,weave,8,burst_small,256,490,50716,50786
latency,weave,8,burst_small,256,491,50876,50956
latency,weave,8,burst_small,256,492,51026,51096
latency,weave,8,burst_small,256,493,51237,51307
latency,weave,8,burst_small,256,494,51387,51457
latency,weave,8,burst_small,256,495,51548,51618
latency,weave,8,burst_small,256,496,51246,51316
latency,weave,8,burst_small,256,497,51467,51547
latency,weave,8,burst_small,256,498,51627,51697
latency,weave,8,burst_small,256,499,51788,51858
latency,weave,8,burst_small,256,500,51938,52018
latency,weave,8,burst_small,256,501,52098,52168
latency,weave,8,burst_small,256,502,52258,52328
latency,weave,8,burst_small,256,503,52479,52549
latency,weave,8,burst_small,256,504,52018,52089
latency,weave,8,burst_small,256,505,52118,52198
latency,weave,8,burst_small,256,506,52268,52338
latency,weave,8,burst_small,256,507,52369,52449
latency,weave,8,burst_small,256,508,52439,52520
latency,weave,8,burst_small,256,509,52519,52589
latency,weave,8,burst_small,256,510,53501,53581
latency,weave,8,burst_small,256,511,104668,104808
latency,weave,8,burst_small,256,512,66962,67102
latency,weave,8,burst_small,256,513,62042,62172
latency,weave,8,burst_small,256,514,109291,109432
latency,weave,8,burst_small,256,515,213288,213428
latency,weave,8,burst_small,256,516,188016,188156
latency,weave,8,burst_small,256,517,162197,162337
latency,weave,8,burst_small,256,518,188913,189043
latency,weave,8,burst_small,256,519,167578,167718
latency,weave,8,burst_small,256,520,201833,201973
latency,weave,8,burst_small,256,521,156882,157012
latency,weave,8,burst_small,256,522,200890,201030
latency,weave,8,burst_small,256,523,157282,157422
latency,weave,8,burst_small,256,524,235586,235727
latency,weave,8,burst_small,256,525,148656,148796
latency,weave,8,burst_small,256,526,325000,325140
latency,weave,8,burst_small,256,527,104206,104347
latency,weave,8,burst_small,256,528,136298,136439
latency,weave,8,burst_small,256,529,190971,191112
latency,weave,8,burst_small,256,530,188812,188952
latency,weave,8,burst_small,256,531,51813,51953
latency,weave,8,burst_small,256,532,192219,192349
latency,weave,8,burst_small,256,533,150269,150400
latency,weave,8,burst_small,256,534,143948,144078
latency,weave,8,burst_small,256,535,66621,66761
latency,weave,8,burst_small,256,536,129165,129305
latency,weave,8,burst_small,256,537,170227,170358
latency,weave,8,burst_small,256,538,137956,138096
latency,weave,8,burst_small,256,539,141002,141132
latency,weave,8,burst_small,256,540,210649,210789
latency,weave,8,burst_small,256,541,147464,147595
latency,weave,8,burst_small,256,542,261440,261580
latency,weave,8,burst_small,256,543,158400,158530
latency,weave,8,burst_small,256,544,134313,134394
latency,weave,8,burst_small,256,545,172246,172386
latency,weave,8,burst_small,256,546,213509,213650
latency,weave,8,burst_small,256,547,159176,159306
latency,weave,8,burst_small,256,548,26936,27076
latency,weave,8,burst_small,256,549,220687,220818
latency,weave,8,burst_small,256,550,124836,124966
latency,weave,8,burst_small,256,551,26325,26465
latency,weave,8,burst_small,256,552,24512,24642
latency,weave,8,burst_small,256,553,24141,24261
latency,weave,8,burst_small,256,554,27296,27436
latency,weave,8,burst_small,256,555,33548,33668
latency,weave,8,burst_small,256,556,4914,4984
latency,weave,8,burst_small,256,557,4132,4232
latency,weave,8,burst_small,256,558,4413,4493
latency,weave,8,burst_small,256,559,4603,4674
latency,weave,8,burst_small,256,560,4873,4953
latency,weave,8,burst_small,256,561,4903,4973
latency,weave,8,burst_small,256,562,5304,5374
latency,weave,8,burst_small,256,563,5645,5715
latency,weave,8,burst_small,256,564,5846,5946
latency,weave,8,burst_small,256,565,6116,6186
latency,weave,8,burst_small,256,566,23960,24100
latency,weave,8,burst_small,256,567,24711,24841
latency,weave,8,burst_small,256,568,25162,25242
latency,weave,8,burst_small,256,569,24982,25062
latency,weave,8,burst_small,256,570,25273,25353
latency,weave,8,burst_small,256,571,25523,25603
latency,weave,8,burst_small,256,572,25713,25783
latency,weave,8,burst_small,256,573,25783,25883
latency,weave,8,burst_small,256,574,25924,26004
latency,weave,8,burst_small,256,575,26094,26174
latency,weave,8,burst_small,256,576,26305,26375
latency,weave,8,burst_small,256,577,26063,26133
latency,weave,8,burst_small,256,578,26605,26675
latency,weave,8,burst_small,256,579,26364,26434
latency,weave,8,burst_small,256,580,26424,26495
latency,weave,8,burst_small,256,581,26364,26444
latency,weave,8,burst_small,256,582,26585,26665
latency,weave,8,burst_small,256,583,26515,26595
latency,weave,8,burst_small,256,584,26564,26635
latency,weave,8,burst_small,256,585,25984,26064
latency,weave,8,burst_small,256,586,25963,26064
latency,weave,8,burst_small,256,587,25853,25923
latency,weave,8,burst_small,256,588,26154,26235
latency,weave,8,burst_small,256,589,26254,26324
latency,weave,8,burst_small,256,590,29710,29841
latency,weave,8,burst_small,256,591,30532,30602
latency,weave,8,burst_small,256,592,30142,30212
latency,weave,8,burst_small,256,593,12669,12739
latency,weave,8,burst_small,256,594,12258,12328
latency,weave,8,burst_small,256,595,12138,12208
latency,weave,8,burst_small,256,596,12067,12147
latency,weave,8,burst_small,256,597,11958,12028
latency,weave,8,burst_small,256,598,11486,11566
latency,weave,8,burst_small,256,599,11447,11527
latency,weave,8,burst_small,256,600,10855,10925
latency,weave,8,burst_small,256,601,10976,11046
latency,weave,8,burst_small,256,602,11085,11156
latency,weave,8,burst_small,256,603,10835,10915
latency,weave,8,burst_small,256,604,10855,10936
latency,weave,8,burst_small,256,605,10815,10895
latency,weave,8,burst_small,256,606,10845,10926
latency,weave,8,burst_small,256,607,10915,10995
latency,weave,8,burst_small,256,608,10335,10405
latency,weave,8,burst_small,256,609,10134,10214
latency,weave,8,burst_small,256,610,46242,46383
latency,weave,8,burst_small,256,611,87215,87355
latency,weave,8,burst_small,256,612,269144,269275
latency,weave,8,burst_small,256,613,180161,180301
latency,weave,8,burst_small,256,614,205669,205810
latency,weave,8,burst_small,256,615,266980,267120
latency,weave,8,burst_small,256,616,199222,199362
latency,weave,8,burst_small,256,617,228613,228753
latency,weave,8,burst_small,256,618,146537,146668
latency,weave,8,burst_small,256,619,142190,142330
latency,weave,8,burst_small,256,620,154733,154864
latency,weave,8,burst_small,256,621,203936,204076
latency,weave,8,burst_small,256,622,165850,165990
latency,weave,8,burst_small,256,623,194988,195129
latency,weave,8,burst_small,256,624,147263,147403
latency,weave,8,burst_small,256,625,215569,215699
latency,weave,8,burst_small,256,626,143902,144033
latency,weave,8,burst_small,256,627,165308,165438
latency,weave,8,burst_small,256,628,142229,142370
latency,weave,8,burst_small,256,629,125187,125267
latency,weave,8,burst_small,256,630,150235,150355
latency,weave,8,burst_small,256,631,248065,248205
latency,weave,8,burst_small,256,632,167582,167722
latency,weave,8,burst_small,256,633,203590,203730
latency,weave,8,burst_small,256,634,169456,169596
latency,weave,8,burst_small,256,635,206341,206471
latency,weave,8,burst_small,256,636,148926,149056
latency,weave,8,burst_small,256,637,242769,242899
latency,weave,8,burst_small,256,638,160799,160939
latency,weave,8,burst_small,256,639,205784,205924
latency,weave,8,burst_small,256,640,176754,176895
latency,weave,8,burst_small,256,641,152718,152859
latency,weave,8,burst_small,256,642,143661,143802
latency,weave,8,burst_small,256,643,318072,318212
latency,weave,8,burst_small,256,644,143207,143347
latency,weave,8,burst_small,256,645,228383,228513
latency,weave,8,burst_small,256,646,138828,138958
latency,weave,8,burst_small,256,647,161029,161169
latency,weave,8,burst_small,256,648,140821,140961
latency,weave,8,burst_small,256,649,153204,153345
latency,weave,8,burst_small,256,650,197679,197809
latency,weave,8,burst_small,256,651,143165,143305
latency,weave,8,burst_small,256,652,132876,133007
latency,weave,8,burst_small,256,653,126585,126715
latency,weave,8,burst_small,256,654,144448,144578
latency,weave,8,burst_small,256,655,212702,212842
latency,weave,8,burst_small,256,656,160709,160839
latency,weave,8,burst_small,256,657,25843,25983
latency,weave,8,burst_small,256,658,30121,30251
latency,weave,8,burst_small,256,659,29510,29641
latency,weave,8,burst_small,256,660,38307,38437
latency,weave,8,burst_small,256,661,26515,26655
latency,weave,8,burst_small,256,662,27317,27447
latency,weave,8,burst_small,256,663,26114,26254
latency,weave,8,burst_small,256,664,24090,24220
latency,weave,8,burst_small,256,665,35472,35612
latency,weave,8,burst_small,256,666,18254,18394
latency,weave,8,burst_small,256,667,1667,1768
latency,weave,8,burst_small,256,668,1592,1673
latency,weave,8,burst_small,256,669,1658,1728
latency,weave,8,burst_small,256,670,1643,1713
latency,weave,8,burst_small,256,671,1287,1367
latency,weave,8,burst_small,256,672,2008,2079
latency,weave,8,burst_small,256,673,3096,3166
latency,weave,8,burst_small,256,674,23349,23479
latency,weave,8,burst_small,256,675,27406,27536
latency,weave,8,burst_small,256,676,9202,9342
latency,weave,8,burst_small,256,677,9863,9933
latency,weave,8,burst_small,256,678,35682,35812
latency,weave,8,burst_small,256,679,15704,15834
latency,weave,8,burst_small,256,680,15795,15875
latency,weave,8,burst_small,256,681,15974,16054
latency,weave,8,burst_small,256,682,16265,16335
latency,weave,8,burst_small,256,683,16456,16536
latency,weave,8,burst_small,256,684,16616,16696
latency,weave,8,burst_small,256,685,16776,16856
latency,weave,8,burst_small,256,686,17036,17106
latency,weave,8,burst_small,256,687,17207,17277
latency,weave,8,burst_small,256,688,17096,17166
latency,weave,8,burst_small,256,689,17257,17327
latency,weave,8,burst_small,256,690,17417,17497
latency,weave,8,burst_small,256,691,17578,17658
latency,weave,8,burst_small,256,692,17798,17879
latency,weave,8,burst_small,256,693,17958,18028
latency,weave,8,burst_small,256,694,18128,18199
latency,weave,8,burst_small,256,695,18179,18259
latency,weave,8,burst_small,256,696,17998,18069
latency,weave,8,burst_small,256,697,18159,18229
latency,weave,8,burst_small,256,698,18299,18370
latency,weave,8,burst_small,256,699,18309,18379
latency,weave,8,burst_small,256,700,18469,18540
latency,weave,8,burst_small,256,701,18640,18710
latency,weave,8,burst_small,256,702,18779,18850
latency,weave,8,burst_small,256,703,18940,19020
latency,weave,8,burst_small,256,704,18699,18769
latency,weave,8,burst_small,256,705,18850,18930
latency,weave,8,burst_small,256,706,19000,19070
latency,weave,8,burst_small,256,707,19151,19221
latency,weave,8,burst_small,256,708,19311,19381
latency,weave,8,burst_small,256,709,19471,19551
latency,weave,8,burst_small,256,710,19641,19711
latency,weave,8,burst_small,256,711,19802,19872
latency,weave,8,burst_small,256,712,19661,19731
latency,weave,8,burst_small,256,713,19812,19892
latency,weave,8,burst_small,256,714,19972,20042
latency,weave,8,burst_small,256,715,20143,20213
latency,weave,8,burst_small,256,716,20282,20352
latency,weave,8,burst_small,256,717,20433,20513
latency,weave,8,burst_small,256,718,20633,20713
latency,weave,8,burst_small,256,719,20784,20854
latency,weave,8,burst_small,256,720,20232,20302
latency,weave,8,burst_small,256,721,20373,20453
latency,weave,8,burst_small,256,722,21004,21074
latency,weave,8,burst_small,256,723,21265,21335
latency,weave,8,burst_small,256,724,21665,21735
latency,weave,8,burst_small,256,725,63916,64056
latency,weave,8,burst_small,256,726,22036,22106
latency,weave,8,burst_small,256,727,22447,22527
latency,weave,8,burst_small,256,728,23048,23149
latency,weave,8,burst_small,256,729,23068,23168
latency,weave,8,burst_small,256,730,23269,23339
latency,weave,8,burst_small,256,731,23589,23659
latency,weave,8,burst_small,256,732,23680,23750
latency,weave,8,burst_small,256,733,30833,30973
latency,weave,8,burst_small,256,734,31875,32015
latency,weave,8,burst_small,256,735,32026,32106
latency,weave,8,burst_small,256,736,32075,32145
latency,weave,8,burst_small,256,737,32326,32396
latency,weave,8,burst_small,256,738,32316,32416
latency,weave,8,burst_small,256,739,32526,32606
latency,weave,8,burst_small,256,740,32546,32626
latency,weave,8,burst_small,256,741,32766,32846
latency,weave,8,burst_small,256,742,32717,32797
latency,weave,8,burst_small,256,743,33027,33097
latency,weave,8,burst_small,256,744,32927,32997
latency,weave,8,burst_small,256,745,33087,33187
latency,weave,8,burst_small,256,746,33107,33178
latency,weave,8,burst_small,256,747,33267,33348
latency,weave,8,burst_small,256,748,33218,33288
latency,weave,8,burst_small,256,749,16605,16675
latency,weave,8,burst_small,256,750,16115,16195
latency,weave,8,burst_small,256,751,16075,16145
latency,weave,8,burst_small,256,752,15675,15745
latency,weave,8,burst_small,256,753,15543,15614
latency,weave,8,burst_small,256,754,15494,15564
latency,weave,8,burst_small,256,755,15393,15463
latency,weave,8,burst_small,256,756,15384,15464
latency,weave,8,burst_small,256,757,15233,15303
latency,weave,8,burst_small,256,758,14602,14672
latency,weave,8,burst_small,256,759,14351,14431
latency,weave,8,burst_small,256,760,13631,13701
latency,weave,8,burst_small,256,761,42534,42665
latency,weave,8,burst_small,256,762,25353,25483
latency,weave,8,burst_small,256,763,301586,301726
latency,weave,8,burst_small,256,764,200159,200299
latency,weave,8,burst_small,256,765,159497,159637
latency,weave,8,burst_small,256,766,179786,179926
latency,weave,8,burst_small,256,767,163985,164125
latency,weave,8,burst_small,256,768,85542,85682
latency,weave,8,burst_small,256,769,178667,178808
latency,weave,8,burst_small,256,770,222411,222552
latency,weave,8,burst_small,256,771,197929,198069
latency,weave,8,burst_small,256,772,200480,200620
latency,weave,8,burst_small,256,773,205659,205789
latency,weave,8,burst_small,256,774,221094,221234
latency,weave,8,burst_small,256,775,88387,88517
latency,weave,8,burst_small,256,776,124751,124891
latency,weave,8,burst_small,256,777,162838,162968
latency,weave,8,burst_small,256,778,139880,140020
latency,weave,8,burst_small,256,779,26655,26795
latency,weave,8,burst_small,256,780,143876,144017
latency,weave,8,burst_small,256,781,162172,162302
latency,weave,8,burst_small,256,782,252853,252993
latency,weave,8,burst_small,256,783,155078,155218
latency,weave,8,burst_small,256,784,170493,170633
latency,weave,8,burst_small,256,785,23629,23769
latency,weave,8,burst_small,256,786,349006,349146
latency,weave,8,burst_small,256,787,231113,231253
latency,weave,8,burst_small,256,788,146653,146793
latency,weave,8,burst_small,256,789,212522,212663
latency,weave,8,burst_small,256,790,147754,147894
latency,weave,8,burst_small,256,791,218439,218579
latency,weave,8,burst_small,256,792,27266,27406
latency,weave,8,burst_small,256,793,162542,162682
latency,weave,8,burst_small,256,794,191907,192048
latency,weave,8,burst_small,256,795,155064,155194
latency,weave,8,burst_small,256,796,315061,315201
latency,weave,8,burst_small,256,797,180672,180812
latency,weave,8,burst_small,256,798,181915,182055
latency,weave,8,burst_small,256,799,233413,233553
latency,weave,8,burst_small,256,800,217697,217828
latency,weave,8,burst_small,256,801,167518,167658
latency,weave,8,burst_small,256,802,182019,182160
latency,weave,8,burst_small,256,803,229254,229394
latency,weave,8,burst_small,256,804,182415,182555
latency,weave,8,burst_small,256,805,259916,260056
latency,weave,8,burst_small,256,806,72874,73014
latency,weave,8,burst_small,256,807,200354,200485
latency,weave,8,burst_small,256,808,165394,165534
latency,weave,8,burst_small,256,809,222406,222546
latency,weave,8,burst_small,256,810,169230,169351
latency,weave,8,burst_small,256,811,345429,345570
latency,weave,8,burst_small,256,812,158451,158591
latency,weave,8,burst_small,256,813,190465,190605
latency,weave,8,burst_small,256,814,164395,164535
latency,weave,8,burst_small,256,815,214641,214781
latency,weave,8,burst_small,256,816,188276,188407
latency,weave,8,burst_small,256,817,57323,57453
latency,weave,8,burst_small,256,818,30843,30984
latency,weave,8,burst_small,256,819,143377,143517
latency,weave,8,burst_small,256,820,167472,167602
latency,weave,8,burst_small,256,821,134519,134599
latency,weave,8,burst_small,256,822,171689,171829
latency,weave,8,burst_small,256,823,187896,188036
latency,weave,8,burst_small,256,824,137049,137189
latency,weave,8,burst_small,256,825,192139,192279
latency,weave,8,burst_small,256,826,160585,160725
latency,weave,8,burst_small,256,827,197048,197188
latency,weave,8,burst_small,256,828,179615,179755
latency,weave,8,burst_small,256,829,172917,173057
latency,weave,8,burst_small,256,830,182089,182230
latency,weave,8,burst_small,256,831,188346,188486
latency,weave,8,burst_small,256,832,165338,165478
latency,weave,8,burst_small,256,833,27722,27862
latency,weave,8,burst_small,256,834,234314,234454
latency,weave,8,burst_small,256,835,194343,194483
latency,weave,8,burst_small,256,836,199443,199583
latency,weave,8,burst_small,256,837,55770,55911
latency,weave,8,burst_small,256,838,199408,199538
latency,weave,8,burst_small,256,839,148276,148406
latency,weave,8,burst_small,256,840,224095,224225
latency,weave,8,burst_small,256,841,147473,147613
latency,weave,8,burst_small,256,842,219305,219446
latency,weave,8,burst_small,256,843,157023,157153
latency,weave,8,burst_small,256,844,223629,223769
latency,weave,8,burst_small,256,845,151116,151257
latency,weave,8,burst_small,256,846,157543,157673
latency,weave,8,burst_small,256,847,141432,141572
latency,weave,8,burst_small,256,848,125462,125532
latency,weave,8,burst_small,256,849,177139,177270
latency,weave,8,burst_small,256,850,219906,220046
latency,weave,8,burst_small,256,851,105509,105640
latency,weave,8,burst_small,256,852,187645,187785
latency,weave,8,burst_small,256,853,217798,217928
latency,weave,8,burst_small,256,854,165022,165162
latency,weave,8,burst_small,256,855,269184,269325
latency,weave,8,burst_small,256,856,159753,159893
latency,weave,8,burst_small,256,857,203862,204002
latency,weave,8,burst_small,256,858,167407,167538
latency,weave,8,burst_small,256,859,201852,201992
latency,weave,8,burst_small,256,860,142956,143086
latency,weave,8,burst_small,256,861,157939,158079
latency,weave,8,burst_small,256,862,140887,141027
latency,weave,8,burst_small,256,863,158320,158450
latency,weave,8,burst_small,256,864,198376,198516
latency,weave,8,burst_small,256,865,143997,144137
latency,weave,8,burst_small,256,866,164245,164386
latency,weave,8,burst_small,256,867,137445,137585
latency,weave,8,burst_small,256,868,119772,119852
latency,weave,8,burst_small,256,869,202192,202322
latency,weave,8,burst_small,256,870,83973,84113
latency,weave,8,burst_small,256,871,211665,211805
latency,weave,8,burst_small,256,872,233433,233573
latency,weave,8,burst_small,256,873,244423,244563
latency,weave,8,burst_small,256,874,225998,226128
latency,weave,8,burst_small,256,875,56401,56542
latency,weave,8,burst_small,256,876,199893,200034
latency,weave,8,burst_small,256,877,144979,145110
latency,weave,8,burst_small,256,878,171715,171845
latency,weave,8,burst_small,256,879,163234,163364
latency,weave,8,burst_small,256,880,130232,130302
latency,weave,8,burst_small,256,881,135376,135507
latency,weave,8,burst_small,256,882,137119,137260
latency,weave,8,burst_small,256,883,136919,137059
latency,weave,8,burst_small,256,884,148527,148647
latency,weave,8,burst_small,256,885,214561,214701
latency,weave,8,burst_small,256,886,156220,156350
latency,weave,8,burst_small,256,887,259817,259957
latency,weave,8,burst_small,256,888,162423,162543
latency,weave,8,burst_small,256,889,339923,340064
latency,weave,8,burst_small,256,890,159983,160113
latency,weave,8,burst_small,256,891,204701,204842
latency,weave,8,burst_small,256,892,74240,74381
latency,weave,8,burst_small,256,893,116460,116591
latency,weave,8,burst_small,256,894,100581,100661
latency,weave,8,burst_small,256,895,165784,165904
latency,weave,8,burst_small,256,896,137956,138096
latency,weave,8,burst_small,256,897,58716,58846
latency,weave,8,burst_small,256,898,124461,124591
latency,weave,8,burst_small,256,899,165033,165163
latency,weave,8,burst_small,256,900,211920,212061
latency,weave,8,burst_small,256,901,161795,161936
latency,weave,8,burst_small,256,902,204157,204297
latency,weave,8,burst_small,256,903,164993,165133
latency,weave,8,burst_small,256,904,209346,209487
latency,weave,8,burst_small,256,905,149684,149814
latency,weave,8,burst_small,256,906,201591,201732
latency,weave,8,burst_small,256,907,154206,154347
latency,weave,8,burst_small,256,908,228978,229119
latency,weave,8,burst_small,256,909,161009,161139
latency,weave,8,burst_small,256,910,195290,195420
latency,weave,8,burst_small,256,911,160529,160669
latency,weave,8,burst_small,256,912,228308,228448
latency,weave,8,burst_small,256,913,154758,154899
latency,weave,8,burst_small,256,914,209626,209767
latency,weave,8,burst_small,256,915,152849,152969
latency,weave,8,burst_small,256,916,197940,198080
latency,weave,8,burst_small,256,917,142624,142754
latency,weave,8,burst_small,256,918,174665,174806
latency,weave,8,burst_small,256,919,150790,150921
latency,weave,8,burst_small,256,920,162512,162632
latency,weave,8,burst_small,256,921,197323,197454
latency,weave,8,burst_small,256,922,164241,164381
latency,weave,8,burst_small,256,923,169711,169852
latency,weave,8,burst_small,256,924,144343,144463
latency,weave,8,burst_small,256,925,149494,149624
latency,weave,8,burst_small,256,926,170132,170272
latency,weave,8,burst_small,256,927,143246,143377
latency,weave,8,burst_small,256,928,127186,127256
latency,weave,8,burst_small,256,929,178783,178923
latency,weave,8,burst_small,256,930,211601,211731
latency,weave,8,burst_small,256,931,411905,412045
latency,weave,8,burst_small,256,932,199017,199157
latency,weave,8,burst_small,256,933,163880,164021
latency,weave,8,burst_small,256,934,30392,30522
latency,weave,8,burst_small,256,935,34596,34736
latency,weave,8,burst_small,256,936,372249,372389
latency,weave,8,burst_small,256,937,25418,25549
latency,weave,8,burst_small,256,938,24206,24336
latency,weave,8,burst_small,256,939,24557,24687
latency,weave,8,burst_small,256,940,56036,56166
latency,weave,8,burst_small,256,941,22994,23064
latency,weave,8,burst_small,256,942,22813,22883
latency,weave,8,burst_small,256,943,22974,23054
latency,weave,8,burst_small,256,944,23143,23223
latency,weave,8,burst_small,256,945,22833,22903
latency,weave,8,burst_small,256,946,23064,23144
latency,weave,8,burst_small,256,947,23164,23234
latency,weave,8,burst_small,256,948,23304,23384
latency,weave,8,burst_small,256,949,23545,23685
latency,weave,8,burst_small,256,950,23464,23534
latency,weave,8,burst_small,256,951,23665,23745
latency,weave,8,burst_small,256,952,23885,23955
latency,weave,8,burst_small,256,953,23595,23665
latency,weave,8,burst_small,256,954,23625,23705
latency,weave,8,burst_small,256,955,23786,23856
latency,weave,8,burst_small,256,956,23815,23886
latency,weave,8,burst_small,256,957,23955,24056
latency,weave,8,burst_small,256,958,23955,24035
latency,weave,8,burst_small,256,959,24246,24326
latency,weave,8,burst_small,256,960,24216,24296
latency,weave,8,burst_small,256,961,23605,23675
latency,weave,8,burst_small,256,962,23585,23665
latency,weave,8,burst_small,256,963,23815,23885
latency,weave,8,burst_small,256,964,23825,23895
latency,weave,8,burst_small,256,965,23976,24046
latency,weave,8,burst_small,256,966,23925,23996
latency,weave,8,burst_small,256,967,24237,24307
latency,weave,8,burst_small,256,968,24185,24266
latency,weave,8,burst_small,256,969,23935,24025
latency,weave,8,burst_small,256,970,23925,23995
latency,weave,8,burst_small,256,971,24106,24176
latency,weave,8,burst_small,256,972,24116,24196
latency,weave,8,burst_small,256,973,24197,24277
latency,weave,8,burst_small,256,974,24245,24316
latency,weave,8,burst_small,256,975,269480,269620
latency,weave,8,burst_small,256,976,155088,155219
latency,weave,8,burst_small,256,977,233943,234083
latency,weave,8,burst_small,256,978,182591,182731
latency,weave,8,burst_small,256,979,201682,201822
latency,weave,8,burst_small,256,980,207578,207718
latency,weave,8,burst_small,256,981,202413,202554
latency,weave,8,burst_small,256,982,180927,181067
latency,weave,8,burst_small,256,983,195314,195455
latency,weave,8,burst_small,256,984,197729,197859
latency,weave,8,burst_small,256,985,136720,136860
latency,weave,8,burst_small,256,986,143803,143933
latency,weave,8,burst_small,256,987,254556,254696
latency,weave,8,burst_small,256,988,157604,157744
latency,weave,8,burst_small,256,989,253470,253611
latency,weave,8,burst_small,256,990,161290,161430
latency,weave,8,burst_small,256,991,142079,142220
latency,weave,8,burst_small,256,992,142694,142825
latency,weave,8,burst_small,256,993,138106,138236
latency,weave,8,burst_small,256,994,148621,148761
latency,weave,8,burst_small,256,995,147925,148065
latency,weave,8,burst_small,256,996,156777,156917
latency,weave,8,burst_small,256,997,208705,208835
latency,weave,8,burst_small,256,998,147273,147413
latency,weave,8,burst_small,256,999,228352,228492
latency,weave,8,burst_small,256,1000,182145,182285
latency,weave,8,burst_small,256,1001,290535,290665
latency,weave,8,burst_small,256,1002,121420,121561
latency,weave,8,burst_small,256,1003,88818,88889
latency,weave,8,burst_small,256,1004,154943,155073
latency,weave,8,burst_small,256,1005,179765,179905
latency,weave,8,burst_small,256,1006,182160,182300
latency,weave,8,burst_small,256,1007,33047,33187
latency,weave,8,burst_small,256,1008,281647,281788
latency,weave,8,burst_small,256,1009,187319,187460
latency,weave,8,burst_small,256,1010,159547,159687
latency,weave,8,burst_small,256,1011,206782,206922
latency,weave,8,burst_small,256,1012,158880,159021
latency,weave,8,burst_small,256,1013,223954,224085
latency,weave,8,burst_small,256,1014,147098,147239
latency,weave,8,burst_small,256,1015,178979,179109
latency,weave,8,burst_small,256,1016,156476,156616
latency,weave,8,burst_small,256,1017,123103,123173
latency,weave,8,burst_small,256,1018,196622,196762
latency,weave,8,burst_small,256,1019,198060,198201
latency,weave,8,burst_small,256,1020,163419,163560
latency,weave,8,burst_small,256,1021,181960,182090
latency,weave,8,burst_small,256,1022,163715,163856
latency,weave,8,burst_small,256,1023,183086,183227
latency,weave,8,burst_small,256,1024,40998,41128
latency,weave,8,burst_small,256,1025,51829,51969
latency,weave,8,burst_small,256,1026,34015,34095
latency,weave,8,burst_small,256,1027,962,1032
latency,weave,8,burst_small,256,1028,662,732
latency,weave,8,burst_small,256,1029,1103,1203
latency,weave,8,burst_small,256,1030,1192,1262
latency,weave,8,burst_small,256,1031,1553,1633
latency,weave,8,burst_small,256,1032,1884,1964
latency,weave,8,burst_small,256,1033,1794,1864
latency,weave,8,burst_small,256,1034,2014,2084
latency,weave,8,burst_small,256,1035,2125,2195
latency,weave,8,burst_small,256,1036,2345,2446
latency,weave,8,burst_small,256,1037,2505,2575
latency,weave,8,burst_small,256,1038,2495,2575
latency,weave,8,burst_small,256,1039,2796,2866
latency,weave,8,burst_small,256,1040,2836,2906
latency,weave,8,burst_small,256,1041,10471,10541
latency,weave,8,burst_small,256,1042,10620,10690
latency,weave,8,burst_small,256,1043,10631,10711
latency,weave,8,burst_small,256,1044,10670,10750
latency,weave,8,burst_small,256,1045,10651,10731
latency,weave,8,burst_small,256,1046,10741,10811
latency,weave,8,burst_small,256,1047,10761,10831
latency,weave,8,burst_small,256,1048,10460,10540
latency,weave,8,burst_small,256,1049,10541,10611
latency,weave,8,burst_small,256,1050,10650,10730
latency,weave,8,burst_small,256,1051,10781,10851
latency,weave,8,burst_small,256,1052,10911,10991
latency,weave,8,burst_small,256,1053,11062,11132
latency,weave,8,burst_small,256,1054,11221,11291
latency,weave,8,burst_small,256,1055,11352,11422
latency,weave,8,burst_small,256,1056,11241,11311
latency,weave,8,burst_small,256,1057,11382,11462
latency,weave,8,burst_small,256,1058,11522,11592
latency,weave,8,burst_small,256,1059,11663,11743
latency,weave,8,burst_small,256,1060,11802,11872
latency,weave,8,burst_small,256,1061,11953,12033
latency,weave,8,burst_small,256,1062,12103,12183
latency,weave,8,burst_small,256,1063,12264,12334
latency,weave,8,burst_small,256,1064,12163,12243
latency,weave,8,burst_small,256,1065,12384,12454
latency,weave,8,burst_small,256,1066,12554,12625
latency,weave,8,burst_small,256,1067,12715,12785
latency,weave,8,burst_small,256,1068,12814,12895
latency,weave,8,burst_small,256,1069,12975,13045
latency,weave,8,burst_small,256,1070,13125,13196
latency,weave,8,burst_small,256,1071,13306,13376
latency,weave,8,burst_small,256,1072,13025,13096
latency,weave,8,burst_small,256,1073,13175,13255
latency,weave,8,burst_small,256,1074,13335,13406
latency,weave,8,burst_small,256,1075,13496,13566
latency,weave,8,burst_small,256,1076,13646,13717
latency,weave,8,burst_small,256,1077,13807,13877
latency,weave,8,burst_small,256,1078,14057,14127
latency,weave,8,burst_small,256,1079,14217,14287
latency,weave,8,burst_small,256,1080,13877,13957
latency,weave,8,burst_small,256,1081,14127,14197
latency,weave,8,burst_small,256,1082,14298,14368
latency,weave,8,burst_small,256,1083,14438,14508
latency,weave,8,burst_small,256,1084,14588,14668
latency,weave,8,burst_small,256,1085,26636,26766
latency,weave,8,burst_small,256,1086,419584,419725
latency,weave,8,burst_small,256,1087,173838,173979
latency,weave,8,burst_small,256,1088,30793,30933
latency,weave,8,burst_small,256,1089,29209,29340
latency,weave,8,burst_small,256,1090,31094,31224
latency,weave,8,burst_small,256,1091,4233,4303
latency,weave,8,burst_small,256,1092,3432,3502
latency,weave,8,burst_small,256,1093,3691,3762
latency,weave,8,burst_small,256,1094,3972,4042
latency,weave,8,burst_small,256,1095,4343,4413
latency,weave,8,burst_small,256,1096,4784,4854
latency,weave,8,burst_small,256,1097,4834,4914
latency,weave,8,burst_small,256,1098,5045,5125
latency,weave,8,burst_small,256,1099,5274,5354
latency,weave,8,burst_small,256,1100,5545,5625
latency,weave,8,burst_small,256,1101,5786,5856
latency,weave,8,burst_small,256,1102,24441,24572
latency,weave,8,burst_small,256,1103,25482,25563
latency,weave,8,burst_small,256,1104,25753,25883
latency,weave,8,burst_small,256,1105,25703,25794
latency,weave,8,burst_small,256,1106,26245,26315
latency,weave,8,burst_small,256,1107,43086,43206
latency,weave,8,burst_small,256,1108,43898,44038
latency,weave,8,burst_small,256,1109,44559,44629
latency,weave,8,burst_small,256,1110,44779,44850
latency,weave,8,burst_small,256,1111,44649,44719
latency,weave,8,burst_small,256,1112,44749,44820
latency,weave,8,burst_small,256,1113,45811,45951
latency,weave,8,burst_small,256,1114,44649,44719
latency,weave,8,burst_small,256,1115,44649,44719
latency,weave,8,burst_small,256,1116,46102,46232
latency,weave,8,burst_small,256,1117,45170,45240
latency,weave,8,burst_small,256,1118,44949,45019
latency,weave,8,burst_small,256,1119,45070,45140
latency,weave,8,burst_small,256,1120,44959,45039
latency,weave,8,burst_small,256,1121,44749,44829
latency,weave,8,burst_small,256,1122,44709,44779
latency,weave,8,burst_small,256,1123,44699,44780
latency,weave,8,burst_small,256,1124,44819,44919
latency,weave,8,burst_small,256,1125,44769,44849
latency,weave,8,burst_small,256,1126,44779,44850
latency,weave,8,burst_small,256,1127,44749,44819
latency,weave,8,burst_small,256,1128,44729,44829
latency,weave,8,burst_small,256,1129,44538,44619
latency,weave,8,burst_small,256,1130,44699,44769
latency,weave,8,burst_small,256,1131,28529,28599
latency,weave,8,burst_small,256,1132,28178,28278
latency,weave,8,burst_small,256,1133,28178,28258
latency,weave,8,burst_small,256,1134,29029,29099
latency,weave,8,burst_small,256,1135,29440,29521
latency,weave,8,burst_small,256,1136,29320,29390
latency,weave,8,burst_small,256,1137,30421,30552
latency,weave,8,burst_small,256,1138,30041,30122
latency,weave,8,burst_small,256,1139,31534,31605
latency,weave,8,burst_small,256,1140,31775,31855
latency,weave,8,burst_small,256,1141,31966,32046
latency,weave,8,burst_small,256,1142,32155,32235
latency,weave,8,burst_small,256,1143,32195,32276
latency,weave,8,burst_small,256,1144,32396,32466
latency,weave,8,burst_small,256,1145,32125,32205
latency,weave,8,burst_small,256,1146,32456,32526
latency,weave,8,burst_small,256,1147,32476,32546
latency,weave,8,burst_small,256,1148,32817,32917
latency,weave,8,burst_small,256,1149,33016,33097
latency,weave,8,burst_small,256,1150,33047,33117
latency,weave,8,burst_small,256,1151,32897,32977
latency,weave,8,burst_small,256,1152,32857,32927
latency,weave,8,burst_small,256,1153,33598,33668
latency,weave,8,burst_small,256,1154,34319,34400
latency,weave,8,burst_small,256,1155,34640,34720
latency,weave,8,burst_small,256,1156,34921,35001
latency,weave,8,burst_small,256,1157,34951,35051
latency,weave,8,burst_small,256,1158,35281,35362
latency,weave,8,burst_small,256,1159,35572,35642
latency,weave,8,burst_small,256,1160,35872,35962
latency,weave,8,burst_small,256,1161,36143,36223
latency,weave,8,burst_small,256,1162,36433,36504
latency,weave,8,burst_small,256,1163,36694,36764
latency,weave,8,burst_small,256,1164,36985,37055
latency,weave,8,burst_small,256,1165,37195,37265
latency,weave,8,burst_small,256,1166,37495,37576
latency,weave,8,burst_small,256,1167,37786,37856
latency,weave,8,burst_small,256,1168,38047,38127
latency,weave,8,burst_small,256,1169,38387,38457
latency,weave,8,burst_small,256,1170,38647,38728
latency,weave,8,burst_small,256,1171,38858,38928
latency,weave,8,burst_small,256,1172,39459,39540
latency,weave,8,burst_small,256,1173,40150,40220
latency,weave,8,burst_small,256,1174,40351,40421
latency,weave,8,burst_small,256,1175,40521,40592
latency,weave,8,burst_small,256,1176,40672,40742
latency,weave,8,burst_small,256,1177,40811,40882
latency,weave,8,burst_small,256,1178,40972,41042
latency,weave,8,burst_small,256,1179,41122,41202
latency,weave,8,burst_small,256,1180,41283,41353
latency,weave,8,burst_small,256,1181,40932,41013
latency,weave,8,burst_small,256,1182,41222,41292
latency,weave,8,burst_small,256,1183,43437,43517
latency,weave,8,burst_small,256,1184,43607,43677
latency,weave,8,burst_small,256,1185,43778,43858
latency,weave,8,burst_small,256,1186,43928,43998
latency,weave,8,burst_small,256,1187,44078,44158
latency,weave,8,burst_small,256,1188,44248,44318
latency,weave,8,burst_small,256,1189,44108,44178
latency,weave,8,burst_small,256,1190,45380,45500
latency,weave,8,burst_small,256,1191,46052,46182
latency,weave,8,burst_small,256,1192,46192,46262
latency,weave,8,burst_small,256,1193,46292,46362
latency,weave,8,burst_small,256,1194,46392,46462
latency,weave,8,burst_small,256,1195,46412,46482
latency,weave,8,burst_small,256,1196,46221,46292
latency,weave,8,burst_small,256,1197,46242,46312
latency,weave,8,burst_small,256,1198,46412,46492
latency,weave,8,burst_small,256,1199,46443,46513
latency,weave,8,burst_small,256,1200,46602,46702
latency,weave,8,burst_small,256,1201,46753,46823
latency,weave,8,burst_small,256,1202,48146,48276
latency,weave,8,burst_small,256,1203,47003,47083
latency,weave,8,burst_small,256,1204,47184,47264
latency,weave,8,burst_small,256,1205,47243,47313
latency,weave,8,burst_small,256,1206,47625,47705
latency,weave,8,burst_small,256,1207,48005,48085
latency,weave,8,burst_small,256,1208,48136,48206
latency,weave,8,burst_small,256,1209,48136,48216
latency,weave,8,burst_small,256,1210,49467,49558
latency,weave,8,burst_small,256,1211,49448,49518
latency,weave,8,burst_small,256,1212,49728,49808
latency,weave,8,burst_small,256,1213,49669,49749
latency,weave,8,burst_small,256,1214,49789,49869
latency,weave,8,burst_small,256,1215,49889,49969
latency,weave,8,burst_small,256,1216,50079,50149
latency,weave,8,burst_small,256,1217,50320,50390
latency,weave,8,burst_small,256,1218,50480,50550
latency,weave,8,burst_small,256,1219,50681,50761
latency,weave,8,burst_small,256,1220,50770,50840
latency,weave,8,burst_small,256,1221,50350,50430
latency,weave,8,burst_small,256,1222,50760,50841
latency,weave,8,burst_small,256,1223,51071,51141
latency,weave,8,burst_small,256,1224,51101,51202
latency,weave,8,burst_small,256,1225,51071,51151
latency,weave,8,burst_small,256,1226,52343,52413
latency,weave,8,burst_small,256,1227,52594,52664
latency,weave,8,burst_small,256,1228,52674,52744
latency,weave,8,burst_small,256,1229,52143,52213
latency,weave,8,burst_small,256,1230,52183,52253
latency,weave,8,burst_small,256,1231,52093,52173
latency,weave,8,burst_small,256,1232,51993,52074
latency,weave,8,burst_small,256,1233,52183,52263
latency,weave,8,burst_small,256,1234,52183,52253
latency,weave,8,burst_small,256,1235,52124,52194
latency,weave,8,burst_small,256,1236,42044,42124
latency,weave,8,burst_small,256,1237,41583,41663
latency,weave,8,burst_small,256,1238,41934,42004
latency,weave,8,burst_small,256,1239,41753,41823
latency,weave,8,burst_small,256,1240,41263,41353
latency,weave,8,burst_small,256,1241,41142,41222
latency,weave,8,burst_small,256,1242,33387,33467
latency,weave,8,burst_small,256,1243,33438,33518
latency,weave,8,burst_small,256,1244,32075,32145
latency,weave,8,burst_small,256,1245,34480,34560
latency,weave,8,burst_small,256,1246,34179,34249
latency,weave,8,burst_small,256,1247,34240,34310
latency,weave,8,burst_small,256,1248,34479,34549
latency,weave,8,burst_small,256,1249,34130,34210
latency,weave,8,burst_small,256,1250,34169,34239
latency,weave,8,burst_small,256,1251,34039,34119
latency,weave,8,burst_small,256,1252,33999,34079
latency,weave,8,burst_small,256,1253,34179,34259
latency,weave,8,burst_small,256,1254,33989,34069
latency,weave,8,burst_small,256,1255,33969,34039
latency,weave,8,burst_small,256,1256,34129,34199
latency,weave,8,burst_small,256,1257,34069,34139
latency,weave,8,burst_small,256,1258,33999,34069
latency,weave,8,burst_small,256,1259,34590,34671
latency,weave,8,burst_small,256,1260,34670,34741
latency,weave,8,burst_small,256,1261,34680,34751
latency,weave,8,burst_small,256,1262,34239,34309
latency,weave,8,burst_small,256,1263,34610,34690
latency,weave,8,burst_small,256,1264,34631,34701
latency,weave,8,burst_small,256,1265,34890,34960
latency,weave,8,burst_small,256,1266,35071,35151
latency,weave,8,burst_small,256,1267,35041,35111
latency,weave,8,burst_small,256,1268,35061,35131
latency,weave,8,burst_small,256,1269,35081,35171
latency,weave,8,burst_small,256,1270,34971,35051
latency,weave,8,burst_small,256,1271,35071,35141
latency,weave,8,burst_small,256,1272,35381,35451
latency,weave,8,burst_small,256,1273,35472,35552
latency,weave,8,burst_small,256,1274,35612,35682
latency,weave,8,burst_small,256,1275,35562,35632
latency,weave,8,burst_small,256,1276,36975,37085
latency,weave,8,burst_small,256,1277,29851,29921
latency,weave,8,burst_small,256,1278,32276,32356
latency,weave,8,burst_small,256,1279,31074,31144
latency,weave,8,burst_small,256,1280,47214,47344
latency,weave,8,burst_small,256,1281,152012,152143
latency,weave,8,burst_small,256,1282,180251,180381
latency,weave,8,burst_small,256,1283,210429,210569
latency,weave,8,burst_small,256,1284,139273,139413
latency,weave,8,burst_small,256,1285,23619,23759
latency,weave,8,burst_small,256,1286,142013,142154
latency,weave,8,burst_small,256,1287,142394,142514
latency,weave,8,burst_small,256,1288,184470,184610
latency,weave,8,burst_small,256,1289,30062,30132
latency,weave,8,burst_small,256,1290,30364,30494
latency,weave,8,burst_small,256,1291,36128,36269
latency,weave,8,burst_small,256,1292,47055,47195
latency,weave,8,burst_small,256,1293,29727,29867
latency,weave,8,burst_small,256,1294,192334,192474
latency,weave,8,burst_small,256,1295,28744,28815
latency,weave,8,burst_small,256,1296,28434,28514
latency,weave,8,burst_small,256,1297,28494,28574
latency,weave,8,burst_small,256,1298,28735,28805
latency,weave,8,burst_small,256,1299,28895,28975
latency,weave,8,burst_small,256,1300,29056,29126
latency,weave,8,burst_small,256,1301,29205,29285
latency,weave,8,burst_small,256,1302,29376,29456
latency,weave,8,burst_small,256,1303,29546,29626
latency,weave,8,burst_small,256,1304,29717,29787
latency,weave,8,burst_small,256,1305,29616,29686
latency,weave,8,burst_small,256,1306,29767,29847
latency,weave,8,burst_small,256,1307,29917,29997
latency,weave,8,burst_small,256,1308,30098,30168
latency,weave,8,burst_small,256,1309,30257,30327
latency,weave,8,burst_small,256,1310,30418,30488
latency,weave,8,burst_small,256,1311,30568,30648
latency,weave,8,burst_small,256,1312,30729,30809
latency,weave,8,burst_small,256,1313,30848,30929
latency,weave,8,burst_small,256,1314,30999,31069
latency,weave,8,burst_small,256,1315,31159,31240
latency,weave,8,burst_small,256,1316,31320,31390
latency,weave,8,burst_small,256,1317,31460,31531
latency,weave,8,burst_small,256,1318,31600,31670
latency,weave,8,burst_small,256,1319,31740,31821
latency,weave,8,burst_small,256,1320,31911,31981
latency,weave,8,burst_small,256,1321,31931,32012
latency,weave,8,burst_small,256,1322,32081,32151
latency,weave,8,burst_small,256,1323,32241,32322
latency,weave,8,burst_small,256,1324,32402,32472
latency,weave,8,burst_small,256,1325,32552,32622
latency,weave,8,burst_small,256,1326,32693,32773
latency,weave,8,burst_small,256,1327,32862,32942
latency,weave,8,burst_small,256,1328,33023,33093
latency,weave,8,burst_small,256,1329,33073,33143
latency,weave,8,burst_small,256,1330,33234,33304
latency,weave,8,burst_small,256,1331,33383,33453
latency,weave,8,burst_small,256,1332,33534,33604
latency,weave,8,burst_small,256,1333,33674,33754
latency,weave,8,burst_small,256,1334,33845,33915
latency,weave,8,burst_small,256,1335,34005,34075
latency,weave,8,burst_small,256,1336,34145,34225
latency,weave,8,burst_small,256,1337,34085,34155
latency,weave,8,burst_small,256,1338,34246,34316
latency,weave,8,burst_small,256,1339,34435,34515
latency,weave,8,burst_small,256,1340,34586,34656
latency,weave,8,burst_small,256,1341,34746,34816
latency,weave,8,burst_small,256,1342,34917,34987
latency,weave,8,burst_small,256,1343,35077,35157
latency,weave,8,burst_small,256,1344,35247,35317
latency,weave,8,burst_small,256,1345,35388,35468
latency,weave,8,burst_small,256,1346,35558,35628
latency,weave,8,burst_small,256,1347,35708,35788
latency,weave,8,burst_small,256,1348,35878,35948
latency,weave,8,burst_small,256,1349,36069,36149
latency,weave,8,burst_small,256,1350,36219,36289
latency,weave,8,burst_small,256,1351,36380,36460
latency,weave,8,burst_small,256,1352,489072,489212
latency,weave,8,burst_small,256,1353,132150,132281
latency,weave,8,burst_small,256,1354,154092,154232
latency,weave,8,burst_small,256,1355,335396,335536
latency,weave,8,burst_small,256,1356,28183,28323
latency,weave,8,burst_small,256,1357,166124,166255
latency,weave,8,burst_small,256,1358,241422,241552
latency,weave,8,burst_small,256,1359,109237,109367
latency,weave,8,burst_small,256,1360,214797,214937
latency,weave,8,burst_small,256,1361,190130,190260
latency,weave,8,burst_small,256,1362,174265,174395
latency,weave,8,burst_small,256,1363,208966,209096
latency,weave,8,burst_small,256,1364,191838,191978
latency,weave,8,burst_small,256,1365,55125,55265
latency,weave,8,burst_small,256,1366,214757,214897
latency,weave,8,burst_small,256,1367,159632,159773
latency,weave,8,burst_small,256,1368,249298,249438
latency,weave,8,burst_small,256,1369,140672,140802
latency,weave,8,burst_small,256,1370,176525,176665
latency,weave,8,burst_small,256,1371,158536,158676
latency,weave,8,burst_small,256,1372,125513,125583
latency,weave,8,burst_small,256,1373,139629,139770
latency,weave,8,burst_small,256,1374,170623,170763
latency,weave,8,burst_small,256,1375,136513,136654
latency,weave,8,burst_small,256,1376,119440,119511
latency,weave,8,burst_small,256,1377,158901,159041
latency,weave,8,burst_small,256,1378,206355,206495
latency,weave,8,burst_small,256,1379,183302,183442
latency,weave,8,burst_small,256,1380,251076,251206
latency,weave,8,burst_small,256,1381,176093,176223
latency,weave,8,burst_small,256,1382,212848,212988
latency,weave,8,burst_small,256,1383,167667,167808
latency,weave,8,burst_small,256,1384,225251,225381
latency,weave,8,burst_small,256,1385,163059,163189
latency,weave,8,burst_small,256,1386,175467,175607
latency,weave,8,burst_small,256,1387,208114,208245
latency,weave,8,burst_small,256,1388,74010,74150
latency,weave,8,burst_small,256,1389,201191,201331
latency,weave,8,burst_small,256,1390,222997,223137
latency,weave,8,burst_small,256,1391,61561,61631
latency,weave,8,burst_small,256,1392,27667,27747
latency,weave,8,burst_small,256,1393,24290,24420
latency,weave,8,burst_small,256,1394,26595,26735
latency,weave,8,burst_small,256,1395,26284,26425
latency,weave,8,burst_small,256,1396,181377,181518
latency,weave,8,burst_small,256,1397,196357,196497
latency,weave,8,burst_small,256,1398,161441,161511
latency,weave,8,burst_small,256,1399,196873,197003
latency,weave,8,burst_small,256,1400,209286,209427
latency,weave,8,burst_small,256,1401,170759,170899
latency,weave,8,burst_small,256,1402,269149,269289
latency,weave,8,burst_small,256,1403,110194,110324
latency,weave,8,burst_small,256,1404,162693,162823
latency,weave,8,burst_small,256,1405,201036,201176
latency,weave,8,burst_small,256,1406,184840,184981
latency,weave,8,burst_small,256,1407,183772,183903
latency,weave,8,burst_small,256,1408,212418,212558
latency,weave,8,burst_small,256,1409,219185,219315
latency,weave,8,burst_small,256,1410,166836,166976
latency,weave,8,burst_small,256,1411,211882,212022
latency,weave,8,burst_small,256,1412,164120,164261
latency,weave,8,burst_small,256,1413,237369,237509
latency,weave,8,burst_small,256,1414,27237,27368
latency,weave,8,burst_small,256,1415,73099,73240
latency,weave,8,burst_small,256,1416,314185,314315
latency,weave,8,burst_small,256,1417,208394,208535
latency,weave,8,burst_small,256,1418,174060,174200
latency,weave,8,burst_small,256,1419,197058,197198
latency,weave,8,burst_small,256,1420,171730,171870
latency,weave,8,burst_small,256,1421,182014,182154
latency,weave,8,burst_small,256,1422,173699,173839
latency,weave,8,burst_small,256,1423,171259,171399
latency,weave,8,burst_small,256,1424,185161,185291
latency,weave,8,burst_small,256,1425,144808,144938
latency,weave,8,burst_small,256,1426,26665,26805
latency,weave,8,burst_small,256,1427,162743,162883
latency,weave,8,burst_small,256,1428,235320,235460
latency,weave,8,burst_small,256,1429,194744,194884
latency,weave,8,burst_small,256,1430,159877,160007
latency,weave,8,burst_small,256,1431,188270,188411
latency,weave,8,burst_small,256,1432,145019,145159
latency,weave,8,burst_small,256,1433,214155,214295
latency,weave,8,burst_small,256,1434,295159,295299
latency,weave,8,burst_small,256,1435,25057,25197
latency,weave,8,burst_small,256,1436,302021,302161
latency,weave,8,burst_small,256,1437,220868,221009
latency,weave,8,burst_small,256,1438,170388,170528
latency,weave,8,burst_small,256,1439,183151,183291
latency,weave,8,burst_small,256,1440,231132,231272
latency,weave,8,burst_small,256,1441,76605,76745
latency,weave,8,burst_small,256,1442,247699,247829
latency,weave,8,burst_small,256,1443,116981,117122
latency,weave,8,burst_small,256,1444,135952,136082
latency,weave,8,burst_small,256,1445,195244,195385
latency,weave,8,burst_small,256,1446,149018,149158
latency,weave,8,burst_small,256,1447,198626,198766
latency,weave,8,burst_small,256,1448,147443,147583
latency,weave,8,burst_small,256,1449,209802,209942
latency,weave,8,burst_small,256,1450,163674,163815
latency,weave,8,burst_small,256,1451,146412,146492
latency,weave,8,burst_small,256,1452,113379,113460
latency,weave,8,burst_small,256,1453,185776,185916
latency,weave,8,burst_small,256,1454,199898,200038
latency,weave,8,burst_small,256,1455,180912,181053
latency,weave,8,burst_small,256,1456,176554,176685
latency,weave,8,burst_small,256,1457,181038,181178
latency,weave,8,burst_small,256,1458,169936,170077
latency,weave,8,burst_small,256,1459,216896,217026
latency,weave,8,burst_small,256,1460,151547,151687
latency,weave,8,burst_small,256,1461,200895,201035
latency,weave,8,burst_small,256,1462,152333,152463
latency,weave,8,burst_small,256,1463,227611,227751
latency,weave,8,burst_small,256,1464,144213,144353
latency,weave,8,burst_small,256,1465,214952,215092
latency,weave,8,burst_small,256,1466,164211,164341
latency,weave,8,burst_small,256,1467,174786,174966
latency,weave,8,burst_small,256,1468,154362,154493
latency,weave,8,burst_small,256,1469,135116,135186
latency,weave,8,burst_small,256,1470,170433,170573
latency,weave,8,burst_small,256,1471,218023,218163
latency,weave,8,burst_small,256,1472,184003,184134
latency,weave,8,burst_small,256,1473,182270,182410
latency,weave,8,burst_small,256,1474,177677,177817
latency,weave,8,burst_small,256,1475,207287,207427
latency,weave,8,burst_small,256,1476,165754,165884
latency,weave,8,burst_small,256,1477,193191,193331
latency,weave,8,burst_small,256,1478,179801,179931
latency,weave,8,burst_small,256,1479,148020,148160
latency,weave,8,burst_small,256,1480,212212,212352
latency,weave,8,burst_small,256,1481,175452,175592
latency,weave,8,burst_small,256,1482,241662,241802
latency,weave,8,burst_small,256,1483,123869,124010
latency,weave,8,burst_small,256,1484,162312,162452
latency,weave,8,burst_small,256,1485,235776,235916
latency,weave,8,burst_small,256,1486,108165,108305
latency,weave,8,burst_small,256,1487,191227,191367
latency,weave,8,burst_small,256,1488,28824,28954
latency,weave,8,burst_small,256,1489,279510,279650
latency,weave,8,burst_small,256,1490,198020,198160
latency,weave,8,burst_small,256,1491,171720,171850
latency,weave,8,burst_small,256,1492,232260,232390
latency,weave,8,burst_small,256,1493,162963,163104
latency,weave,8,burst_small,256,1494,194082,194223
latency,weave,8,burst_small,256,1495,172186,172316
latency,weave,8,burst_small,256,1496,215959,216099
latency,weave,8,burst_small,256,1497,201371,201512
latency,weave,8,burst_small,256,1498,199593,199733
latency,weave,8,burst_small,256,1499,152359,152489
latency,weave,8,burst_small,256,1500,212879,213019
latency,weave,8,burst_small,256,1501,148917,149037
latency,weave,8,burst_small,256,1502,144237,144378
latency,weave,8,burst_small,256,1503,45871,46012
latency,weave,8,burst_small,256,1504,98881,99021
latency,weave,8,burst_small,256,1505,141573,141713
latency,weave,8,burst_small,256,1506,182069,182210
latency,weave,8,burst_small,256,1507,168324,168464
latency,weave,8,burst_small,256,1508,194217,194358
latency,weave,8,burst_small,256,1509,157689,157829
latency,weave,8,burst_small,256,1510,365837,365968
latency,weave,8,burst_small,256,1511,149884,150024
latency,weave,8,burst_small,256,1512,281518,281658
latency,weave,8,burst_small,256,1513,132060,132191
latency,weave,8,burst_small,256,1514,166671,166811
latency,weave,8,burst_small,256,1515,201457,201597
latency,weave,8,burst_small,256,1516,190330,190470
latency,weave,8,burst_small,256,1517,160574,160714
latency,weave,8,burst_small,256,1518,181403,181544
latency,weave,8,burst_small,256,1519,151962,152102
latency,weave,8,burst_small,256,1520,203550,203690
latency,weave,8,burst_small,256,1521,159356,159497
latency,weave,8,burst_small,256,1522,197594,197734
latency,weave,8,burst_small,256,1523,159451,159582
latency,weave,8,burst_small,256,1524,183702,183842
latency,weave,8,burst_small,256,1525,198636,198776
latency,weave,8,burst_small,256,1526,178778,178908
latency,weave,8,burst_small,256,1527,190606,190746
latency,weave,8,burst_small,256,1528,209622,209762
latency,weave,8,burst_small,256,1529,143345,143486
latency,weave,8,burst_small,256,1530,207186,207326
latency,weave,8,burst_small,256,1531,168283,168423
latency,weave,8,burst_small,256,1532,186673,186813
latency,weave,8,burst_small,256,1533,160784,160924
latency,weave,8,burst_small,256,1534,203070,203210
latency,weave,8,burst_small,256,1535,168119,168259
latency,weave,8,burst_small,256,1536,36043,36173
latency,weave,8,burst_small,256,1537,29671,29811
latency,weave,8,burst_small,256,1538,178242,178382
latency,weave,8,burst_small,256,1539,159456,159596
latency,weave,8,burst_small,256,1540,206717,206857
latency,weave,8,burst_small,256,1541,169160,169290
latency,weave,8,burst_small,256,1542,219591,219731
latency,weave,8,burst_small,256,1543,226604,226744
latency,weave,8,burst_small,256,1544,166866,166996
latency,weave,8,burst_small,256,1545,141167,141307
latency,weave,8,burst_small,256,1546,156561,156692
latency,weave,8,burst_small,256,1547,129885,130016
latency,weave,8,burst_small,256,1548,113044,113114
latency,weave,8,burst_small,256,1549,159647,159787
latency,weave,8,burst_small,256,1550,187710,187850
latency,weave,8,burst_small,256,1551,162878,163008
latency,weave,8,burst_small,256,1552,208250,208390
latency,weave,8,burst_small,256,1553,171555,171695
latency,weave,8,burst_small,256,1554,234790,234930
latency,weave,8,burst_small,256,1555,89790,89920
latency,weave,8,burst_small,256,1556,158259,158400
latency,weave,8,burst_small,256,1557,171139,171269
latency,weave,8,burst_small,256,1558,121575,121715
latency,weave,8,burst_small,256,1559,189663,189804
latency,weave,8,burst_small,256,1560,178659,178789
latency,weave,8,burst_small,256,1561,168543,168774
latency,weave,8,burst_small,256,1562,231754,231894
latency,weave,8,burst_small,256,1563,54994,55124
latency,weave,8,burst_small,256,1564,63176,63306
latency,weave,8,burst_small,256,1565,270543,270683
latency,weave,8,burst_small,256,1566,211205,211345
latency,weave,8,burst_small,256,1567,169260,169400
latency,weave,8,burst_small,256,1568,198471,198611
latency,weave,8,burst_small,256,1569,165884,166024
latency,weave,8,burst_small,256,1570,206400,206541
latency,weave,8,burst_small,256,1571,161210,161351
latency,weave,8,burst_small,256,1572,220013,220153
latency,weave,8,burst_small,256,1573,198601,198732
latency,weave,8,burst_small,256,1574,57924,58065
latency,weave,8,burst_small,256,1575,210454,210584
latency,weave,8,burst_small,256,1576,162308,162438
latency,weave,8,burst_small,256,1577,187360,187500
latency,weave,8,burst_small,256,1578,140626,140767
latency,weave,8,burst_small,256,1579,208259,208399
latency,weave,8,burst_small,256,1580,230230,230371
latency,weave,8,burst_small,256,1581,59617,59688
latency,weave,8,burst_small,256,1582,23699,23769
latency,weave,8,burst_small,256,1583,23228,23358
latency,weave,8,burst_small,256,1584,27747,27887
latency,weave,8,burst_small,256,1585,27216,27337
latency,weave,8,burst_small,256,1586,22016,22147
latency,weave,8,burst_small,256,1587,21776,21906
latency,weave,8,burst_small,256,1588,21666,21796
latency,weave,8,burst_small,256,1589,13430,13570
latency,weave,8,burst_small,256,1590,14252,14322
latency,weave,8,burst_small,256,1591,14412,14492
latency,weave,8,burst_small,256,1592,14372,14452
latency,weave,8,burst_small,256,1593,14522,14592
latency,weave,8,burst_small,256,1594,14673,14753
latency,weave,8,burst_small,256,1595,14762,14842
latency,weave,8,burst_small,256,1596,14943,15023
latency,weave,8,burst_small,256,1597,15103,15173
latency,weave,8,burst_small,256,1598,15264,15334
latency,weave,8,burst_small,256,1599,15434,15504
latency,weave,8,burst_small,256,1600,39715,39855
latency,weave,8,burst_small,256,1601,26795,26936
latency,weave,8,burst_small,256,1602,22327,22458
latency,weave,8,burst_small,256,1603,9302,9432
latency,weave,8,burst_small,256,1604,9663,9733
latency,weave,8,burst_small,256,1605,9823,9903
latency,weave,8,burst_small,256,1606,9984,10064
latency,weave,8,burst_small,256,1607,10154,10235
latency,weave,8,burst_small,256,1608,10054,10124
latency,weave,8,burst_small,256,1609,10234,10305
latency,weave,8,burst_small,256,1610,10374,10454
latency,weave,8,burst_small,256,1611,10514,10585
latency,weave,8,burst_small,256,1612,10655,10735
latency,weave,8,burst_small,256,1613,10695,10766
latency,weave,8,burst_small,256,1614,10835,10915
latency,weave,8,burst_small,256,1615,10965,11045
latency,weave,8,burst_small,256,1616,38398,38538
latency,weave,8,burst_small,256,1617,225191,225321
latency,weave,8,burst_small,256,1618,193631,193771
latency,weave,8,burst_small,256,1619,169095,169235
latency,weave,8,burst_small,256,1620,193942,194072
latency,weave,8,burst_small,256,1621,173208,173338
latency,weave,8,burst_small,256,1622,186714,186854
latency,weave,8,burst_small,256,1623,222456,222596
latency,weave,8,burst_small,256,1624,191307,191447
latency,weave,8,burst_small,256,1625,170743,170884
latency,weave,8,burst_small,256,1626,191908,192048
latency,weave,8,burst_small,256,1627,176755,176885
latency,weave,8,burst_small,256,1628,185576,185706
latency,weave,8,burst_small,256,1629,161269,161409
latency,weave,8,burst_small,256,1630,174786,174926
latency,weave,8,burst_small,256,1631,165112,165242
latency,weave,8,burst_small,256,1632,176003,176144
latency,weave,8,burst_small,256,1633,183227,183367
latency,weave,8,burst_small,256,1634,161125,161265
latency,weave,8,burst_small,256,1635,185381,185521
latency,weave,8,burst_small,256,1636,211340,211481
latency,weave,8,burst_small,256,1637,167522,167662
latency,weave,8,burst_small,256,1638,200079,200219
latency,weave,8,burst_small,256,1639,161361,161501
latency,weave,8,burst_small,256,1640,166171,166301
latency,weave,8,burst_small,256,1641,139008,139148
latency,weave,8,burst_small,256,1642,155655,155795
latency,weave,8,burst_small,256,1643,133126,133256
latency,weave,8,burst_small,256,1644,141031,141162
latency,weave,8,burst_small,256,1645,139408,139548
latency,weave,8,burst_small,256,1646,150836,150976
latency,weave,8,burst_small,256,1647,155975,156106
latency,weave,8,burst_small,256,1648,211655,211786
latency,weave,8,burst_small,256,1649,154797,154928
latency,weave,8,burst_small,256,1650,230080,230221
latency,weave,8,burst_small,256,1651,32737,32877
latency,weave,8,burst_small,256,1652,387128,387268
latency,weave,8,burst_small,256,1653,116014,116144
latency,weave,8,burst_small,256,1654,463767,463908
latency,weave,8,burst_small,256,1655,137901,138032
latency,weave,8,burst_small,256,1656,121891,121971
latency,weave,8,burst_small,256,1657,159436,159577
latency,weave,8,burst_small,256,1658,185806,185946
latency,weave,8,burst_small,256,1659,199842,199983
latency,weave,8,burst_small,256,1660,197019,197149
latency,weave,8,burst_small,256,1661,150474,150615
latency,weave,8,burst_small,256,1662,232204,232334
latency,weave,8,burst_small,256,1663,169782,169922
latency,weave,8,burst_small,256,1664,218374,218514
latency,weave,8,burst_small,256,1665,171344,171484
latency,weave,8,burst_small,256,1666,199679,199809
latency,weave,8,burst_small,256,1667,233662,233792
latency,weave,8,burst_small,256,1668,189634,189764
latency,weave,8,burst_small,256,1669,187830,187961
latency,weave,8,burst_small,256,1670,202648,202789
latency,weave,8,burst_small,256,1671,162883,163013
latency,weave,8,burst_small,256,1672,195681,195821
latency,weave,8,burst_small,256,1673,158194,158335
latency,weave,8,burst_small,256,1674,139824,139965
latency,weave,8,burst_small,256,1675,171408,171549
latency,weave,8,burst_small,256,1676,156671,156811
latency,weave,8,burst_small,256,1677,124616,124746
latency,weave,8,burst_small,256,1678,136283,136423
latency,weave,8,burst_small,256,1679,201692,201822
latency,weave,8,burst_small,256,1680,166555,166685
latency,weave,8,burst_small,256,1681,203931,204061
latency,weave,8,burst_small,256,1682,177010,177150
latency,weave,8,burst_small,256,1683,210679,210809
latency,weave,8,burst_small,256,1684,194743,194884
latency,weave,8,burst_small,256,1685,50730,50871
latency,weave,8,burst_small,256,1686,170127,170257
latency,weave,8,burst_small,256,1687,141017,141158
latency,weave,8,burst_small,256,1688,151953,152093
latency,weave,8,burst_small,256,1689,136618,136758
latency,weave,8,burst_small,256,1690,148546,148676
latency,weave,8,burst_small,256,1691,225397,225537
latency,weave,8,burst_small,256,1692,154227,154367
latency,weave,8,burst_small,256,1693,218970,219111
latency,weave,8,burst_small,256,1694,147278,147419
latency,weave,8,burst_small,256,1695,190390,190521
latency,weave,8,burst_small,256,1696,171675,171816
latency,weave,8,burst_small,256,1697,205900,206040
latency,weave,8,burst_small,256,1698,153822,153962
latency,weave,8,burst_small,256,1699,186778,186918
latency,weave,8,burst_small,256,1700,160684,160814
latency,weave,8,burst_small,256,1701,208419,208560
latency,weave,8,burst_small,256,1702,172928,173058
latency,weave,8,burst_small,256,1703,213990,214131
latency,weave,8,burst_small,256,1704,181965,182105
latency,weave,8,burst_small,256,1705,191583,191713
latency,weave,8,burst_small,256,1706,160023,160164
latency,weave,8,burst_small,256,1707,202644,202784
latency,weave,8,burst_small,256,1708,151722,151862
latency,weave,8,burst_small,256,1709,208168,208299
latency,weave,8,burst_small,256,1710,158685,158815
latency,weave,8,burst_small,256,1711,218904,219045
latency,weave,8,burst_small,256,1712,152228,152368
latency,weave,8,burst_small,256,1713,234499,234639
latency,weave,8,burst_small,256,1714,234574,234714
latency,weave,8,burst_small,256,1715,213895,214035
latency,weave,8,burst_small,256,1716,147600,147740
latency,weave,8,burst_small,256,1717,133443,133583
latency,weave,8,burst_small,256,1718,131469,131599
latency,weave,8,burst_small,256,1719,144067,144207
latency,weave,8,burst_small,256,1720,211505,211645
latency,weave,8,burst_small,256,1721,28648,28788
latency,weave,8,burst_small,256,1722,191462,191602
latency,weave,8,burst_small,256,1723,22727,22857
latency,weave,8,burst_small,256,1724,23189,23319
latency,weave,8,burst_small,256,1725,20654,20784
latency,weave,8,burst_small,256,1726,27135,27276
latency,weave,8,burst_small,256,1727,39970,40101
latency,weave,8,burst_small,256,1728,29280,29410
latency,weave,8,burst_small,256,1729,9693,9823
latency,weave,8,burst_small,256,1730,36293,36423
latency,weave,8,burst_small,256,1731,23248,23378
latency,weave,8,burst_small,256,1732,27542,27683
latency,weave,8,burst_small,256,1733,11536,11676
latency,weave,8,burst_small,256,1734,35442,35582
latency,weave,8,burst_small,256,1735,27215,27356
latency,weave,8,burst_small,256,1736,23649,23779
latency,weave,8,burst_small,256,1737,24431,24561
latency,weave,8,burst_small,256,1738,24832,24962
latency,weave,8,burst_small,256,1739,23719,23839
latency,weave,8,burst_small,256,1740,29390,29520
latency,weave,8,burst_small,256,1741,31534,31665
latency,weave,8,burst_small,256,1742,28329,28459
latency,weave,8,burst_small,256,1743,25503,25633
latency,weave,8,burst_small,256,1744,23739,23879
latency,weave,8,burst_small,256,1745,36433,36563
latency,weave,8,burst_small,256,1746,21034,21135
latency,weave,8,burst_small,256,1747,3761,3861
latency,weave,8,burst_small,256,1748,3721,3801
latency,weave,8,burst_small,256,1749,3962,4032
latency,weave,8,burst_small,256,1750,4223,4293
latency,weave,8,burst_small,256,1751,4392,4482
latency,weave,8,burst_small,256,1752,4723,4803
latency,weave,8,burst_small,256,1753,4493,4583
latency,weave,8,burst_small,256,1754,4793,4864
latency,weave,8,burst_small,256,1755,5164,5245
latency,weave,8,burst_small,256,1756,5314,5394
latency,weave,8,burst_small,256,1757,5585,5655
latency,weave,8,burst_small,256,1758,6026,6096
latency,weave,8,burst_small,256,1759,9993,10133
latency,weave,8,burst_small,256,1760,10234,10314
latency,weave,8,burst_small,256,1761,10403,10474
latency,weave,8,burst_small,256,1762,10494,10564
latency,weave,8,burst_small,256,1763,10645,10725
latency,weave,8,burst_small,256,1764,10794,10874
latency,weave,8,burst_small,256,1765,10835,10905
latency,weave,8,burst_small,256,1766,10965,11036
latency,weave,8,burst_small,256,1767,10985,11065
latency,weave,8,burst_small,256,1768,10233,10314
latency,weave,8,burst_small,256,1769,10384,10454
latency,weave,8,burst_small,256,1770,10494,10564
latency,weave,8,burst_small,256,1771,10614,10684
latency,weave,8,burst_small,256,1772,10655,10735
latency,weave,8,burst_small,256,1773,10694,10774
latency,weave,8,burst_small,256,1774,10755,10825
latency,weave,8,burst_small,256,1775,10885,10965
latency,weave,8,burst_small,256,1776,10314,10394
latency,weave,8,burst_small,256,1777,10223,10293
latency,weave,8,burst_small,256,1778,24982,25123
latency,weave,8,burst_small,256,1779,22707,22837
latency,weave,8,burst_small,256,1780,4162,4293
latency,weave,8,burst_small,256,1781,36674,36805
latency,weave,8,burst_small,256,1782,21956,22086
latency,weave,8,burst_small,256,1783,28669,28799
latency,weave,8,burst_small,256,1784,23619,23749
latency,weave,8,burst_small,256,1785,7148,7218
latency,weave,8,burst_small,256,1786,58576,58706
latency,weave,8,burst_small,256,1787,43778,43898
latency,weave,8,burst_small,256,1788,43717,43798
latency,weave,8,burst_small,256,1789,43848,43928
latency,weave,8,burst_small,256,1790,44048,44118
latency,weave,8,burst_small,256,1791,44128,44198
latency,weave,8,burst_small,256,1792,27782,27923
latency,weave,8,burst_small,256,1793,172467,172587
latency,weave,8,burst_small,256,1794,157513,157653
latency,weave,8,burst_small,256,1795,160544,160684
latency,weave,8,burst_small,256,1796,164321,164462
latency,weave,8,burst_small,256,1797,256561,256691
latency,weave,8,burst_small,256,1798,148330,148471
latency,weave,8,burst_small,256,1799,183362,183502
latency,weave,8,burst_small,256,1800,187610,187750
latency,weave,8,burst_small,256,1801,222972,223112
latency,weave,8,burst_small,256,1802,166130,166260
latency,weave,8,burst_small,256,1803,253109,253249
latency,weave,8,burst_small,256,1804,101202,101342
latency,weave,8,burst_small,256,1805,158200,158340
latency,weave,8,burst_small,256,1806,218789,218929
latency,weave,8,burst_small,256,1807,90060,90201
latency,weave,8,burst_small,256,1808,151421,151561
latency,weave,8,burst_small,256,1809,20033,20173
latency,weave,8,burst_small,256,1810,305734,305864
latency,weave,8,burst_small,256,1811,207162,207293
latency,weave,8,burst_small,256,1812,175026,175166
latency,weave,8,burst_small,256,1813,28730,28860
latency,weave,8,burst_small,256,1814,287935,288076
latency,weave,8,burst_small,256,1815,226964,227095
latency,weave,8,burst_small,256,1816,171645,171765
latency,weave,8,burst_small,256,1817,205329,205469
latency,weave,8,burst_small,256,1818,158334,158474
latency,weave,8,burst_small,256,1819,134510,134650
latency,weave,8,burst_small,256,1820,27172,27302
latency,weave,8,burst_small,256,1821,182615,182756
latency,weave,8,burst_small,256,1822,196045,196175
latency,weave,8,burst_small,256,1823,172271,172411
latency,weave,8,burst_small,256,1824,195971,196091
latency,weave,8,burst_small,256,1825,158570,158711
latency,weave,8,burst_small,256,1826,202764,202904
latency,weave,8,burst_small,256,1827,169240,169380
latency,weave,8,burst_small,256,1828,211866,212006
latency,weave,8,burst_small,256,1829,191402,191533
latency,weave,8,burst_small,256,1830,49203,49333
latency,weave,8,burst_small,256,1831,287053,287193
latency,weave,8,burst_small,256,1832,226734,226875
latency,weave,8,burst_small,256,1833,147534,147674
latency,weave,8,burst_small,256,1834,207517,207657
latency,weave,8,burst_small,256,1835,140481,140611
latency,weave,8,burst_small,256,1836,150289,150430
latency,weave,8,burst_small,256,1837,137715,137845
latency,weave,8,burst_small,256,1838,150735,150866
latency,weave,8,burst_small,256,1839,237390,237530
latency,weave,8,burst_small,256,1840,159792,159932
latency,weave,8,burst_small,256,1841,220954,221084
latency,weave,8,burst_small,256,1842,234514,234644
latency,weave,8,burst_small,256,1843,215047,215187
latency,weave,8,burst_small,256,1844,138182,138382
latency,weave,8,burst_small,256,1845,360452,360582
latency,weave,8,burst_small,256,1846,309416,309556
latency,weave,8,burst_small,256,1847,214056,214196
latency,weave,8,burst_small,256,1848,150234,150374
latency,weave,8,burst_small,256,1849,199378,199518
latency,weave,8,burst_small,256,1850,162403,162543
latency,weave,8,burst_small,256,1851,227140,227280
latency,weave,8,burst_small,256,1852,174921,175062
latency,weave,8,burst_small,256,1853,183877,184018
latency,weave,8,burst_small,256,1854,184825,184955
latency,weave,8,burst_small,256,1855,69251,69391
latency,weave,8,burst_small,256,1856,204207,204337
latency,weave,8,burst_small,256,1857,182365,182506
latency,weave,8,burst_small,256,1858,179139,179280
latency,weave,8,burst_small,256,1859,262075,262216
latency,weave,8,burst_small,256,1860,90532,90672
latency,weave,8,burst_small,256,1861,46608,46749
latency,weave,8,burst_small,256,1862,303735,303876
latency,weave,8,burst_small,256,1863,73514,73654
latency,weave,8,burst_small,256,1864,177225,177365
latency,weave,8,burst_small,256,1865,261120,261250
latency,weave,8,burst_small,256,1866,162869,163009
latency,weave,8,burst_small,256,1867,234033,234174
latency,weave,8,burst_small,256,1868,164331,164472
latency,weave,8,burst_small,256,1869,179384,179524
latency,weave,8,burst_small,256,1870,182420,182560
latency,weave,8,burst_small,256,1871,203540,203680
latency,weave,8,burst_small,256,1872,28789,28929
latency,weave,8,burst_small,256,1873,216013,216154
latency,weave,8,burst_small,256,1874,248034,248175
latency,weave,8,burst_small,256,1875,48206,48347
latency,weave,8,burst_small,256,1876,308960,309090
latency,weave,8,burst_small,256,1877,365933,366063
latency,weave,8,burst_small,256,1878,143291,143432
latency,weave,8,burst_small,256,1879,136103,136233
latency,weave,8,burst_small,256,1880,123924,124055
latency,weave,8,burst_small,256,1881,149042,149182
latency,weave,8,burst_small,256,1882,27572,27712
latency,weave,8,burst_small,256,1883,245500,245641
latency,weave,8,burst_small,256,1884,204162,204302
latency,weave,8,burst_small,256,1885,174725,174856
latency,weave,8,burst_small,256,1886,175346,175487
latency,weave,8,burst_small,256,1887,158741,158881
latency,weave,8,burst_small,256,1888,205955,206096
latency,weave,8,burst_small,256,1889,184354,184494
latency,weave,8,burst_small,256,1890,184564,184694
latency,weave,8,burst_small,256,1891,163249,163389
latency,weave,8,burst_small,256,1892,173403,173543
latency,weave,8,burst_small,256,1893,159842,159972
latency,weave,8,burst_small,256,1894,173027,173158
latency,weave,8,burst_small,256,1895,162358,162498
latency,weave,8,burst_small,256,1896,180205,180336
latency,weave,8,burst_small,256,1897,163253,163383
latency,weave,8,burst_small,256,1898,204932,205073
latency,weave,8,burst_small,256,1899,169231,169371
latency,weave,8,burst_small,256,1900,191908,192089
latency,weave,8,burst_small,256,1901,156076,156216
latency,weave,8,burst_small,256,1902,208084,208224
latency,weave,8,burst_small,256,1903,183061,183201
latency,weave,8,burst_small,256,1904,180216,180346
latency,weave,8,burst_small,256,1905,204131,204262
latency,weave,8,burst_small,256,1906,197574,197714
latency,weave,8,burst_small,256,1907,156260,156390
latency,weave,8,burst_small,256,1908,208901,209042
latency,weave,8,burst_small,256,1909,164788,164928
latency,weave,8,burst_small,256,1910,202804,202934
latency,weave,8,burst_small,256,1911,173799,173939
latency,weave,8,burst_small,256,1912,164301,164442
latency,weave,8,burst_small,256,1913,438300,438440
latency,weave,8,burst_small,256,1914,159055,159185
latency,weave,8,burst_small,256,1915,203991,204131
latency,weave,8,burst_small,256,1916,182691,182831
latency,weave,8,burst_small,256,1917,327460,327600
latency,weave,8,burst_small,256,1918,165047,165188
latency,weave,8,burst_small,256,1919,192534,192675
latency,weave,8,burst_small,256,1920,199282,199412
latency,weave,8,burst_small,256,1921,29445,29586
latency,weave,8,burst_small,256,1922,305464,305604
latency,weave,8,burst_small,256,1923,195360,195500
latency,weave,8,burst_small,256,1924,141873,142003
latency,weave,8,burst_small,256,1925,208099,208229
latency,weave,8,burst_small,256,1926,160383,160523
latency,weave,8,burst_small,256,1927,130762,130903
latency,weave,8,burst_small,256,1928,153546,153666
latency,weave,8,burst_small,256,1929,176478,176608
latency,weave,8,burst_small,256,1930,136599,136739
latency,weave,8,burst_small,256,1931,119576,119646
latency,weave,8,burst_small,256,1932,157378,157518
latency,weave,8,burst_small,256,1933,175222,175352
latency,weave,8,burst_small,256,1934,167041,167181
latency,weave,8,burst_small,256,1935,191026,191166
latency,weave,8,burst_small,256,1936,166110,166250
latency,weave,8,burst_small,256,1937,207713,207853
latency,weave,8,burst_small,256,1938,110514,110654
latency,weave,8,burst_small,256,1939,184824,184964
latency,weave,8,burst_small,256,1940,178372,178513
latency,weave,8,burst_small,256,1941,166054,166195
latency,weave,8,burst_small,256,1942,180837,180978
latency,weave,8,burst_small,256,1943,183337,183477
latency,weave,8,burst_small,256,1944,187300,187440
latency,weave,8,burst_small,256,1945,179434,179575
latency,weave,8,burst_small,256,1946,190400,190530
latency,weave,8,burst_small,256,1947,200203,200344
latency,weave,8,burst_small,256,1948,70093,70223
latency,weave,8,burst_small,256,1949,161471,161601
latency,weave,8,burst_small,256,1950,157402,157532
latency,weave,8,burst_small,256,1951,194703,194844
latency,weave,8,burst_small,256,1952,155594,155734
latency,weave,8,burst_small,256,1953,181785,181915
latency,weave,8,burst_small,256,1954,190135,190265
latency,weave,8,burst_small,256,1955,198440,198581
latency,weave,8,burst_small,256,1956,170062,170192
latency,weave,8,burst_small,256,1957,202758,202899
latency,weave,8,burst_small,256,1958,190946,191086
latency,weave,8,burst_small,256,1959,53476,53616
latency,weave,8,burst_small,256,1960,181729,181859
latency,weave,8,burst_small,256,1961,144830,144970
latency,weave,8,burst_small,256,1962,154287,154428
latency,weave,8,burst_small,256,1963,137540,137680
latency,weave,8,burst_small,256,1964,141598,141718
latency,weave,8,burst_small,256,1965,29576,29716
latency,weave,8,burst_small,256,1966,240235,240375
latency,weave,8,burst_small,256,1967,123409,123549
latency,weave,8,burst_small,256,1968,200274,200404
latency,weave,8,burst_small,256,1969,58155,58286
latency,weave,8,burst_small,256,1970,297334,297474
latency,weave,8,burst_small,256,1971,141723,141863
latency,weave,8,burst_small,256,1972,113610,113740
latency,weave,8,burst_small,256,1973,148236,148376
latency,weave,8,burst_small,256,1974,228392,228532
latency,weave,8,burst_small,256,1975,149412,149553
latency,weave,8,burst_small,256,1976,218664,218804
latency,weave,8,burst_small,256,1977,160264,160404
latency,weave,8,burst_small,256,1978,200610,200750
latency,weave,8,burst_small,256,1979,145545,145676
latency,weave,8,burst_small,256,1980,144458,144598
latency,weave,8,burst_small,256,1981,134324,134464
latency,weave,8,burst_small,256,1982,142168,142299
latency,weave,8,burst_small,256,1983,140059,140200
latency,weave,8,burst_small,256,1984,176604,176734
latency,weave,8,burst_small,256,1985,190321,190461
latency,weave,8,burst_small,256,1986,24441,24561
latency,weave,8,burst_small,256,1987,24592,24722
latency,weave,8,burst_small,256,1988,26877,27007
latency,weave,8,burst_small,256,1989,25263,25393
latency,weave,8,burst_small,256,1990,24612,24732
latency,weave,8,burst_small,256,1991,24332,24462
latency,weave,8,burst_small,256,1992,8391,8491
latency,weave,8,burst_small,256,1993,7940,8020
latency,weave,8,burst_small,256,1994,8291,8361
latency,weave,8,burst_small,256,1995,8562,8642
latency,weave,8,burst_small,256,1996,9183,9253
latency,weave,8,burst_small,256,1997,9553,9623
latency,weave,8,burst_small,256,1998,9814,9894
latency,weave,8,burst_small,256,1999,10064,10144
latency,weave,8,burst_small,256,2000,10265,10365
latency,weave,8,burst_small,256,2001,9874,9944
latency,weave,8,burst_small,256,2002,10245,10315
latency,weave,8,burst_small,256,2003,10626,10696
latency,weave,8,burst_small,256,2004,29130,29250
latency,weave,8,burst_small,256,2005,29806,29947
latency,weave,8,burst_small,256,2006,32126,32206
latency,weave,8,burst_small,256,2007,32357,32437
latency,weave,8,burst_small,256,2008,32882,32962
latency,weave,8,burst_small,256,2009,32286,32356
latency,weave,8,burst_small,256,2010,32441,32511
latency,weave,8,burst_small,256,2011,32477,32547
latency,weave,8,burst_small,256,2012,32591,32672
latency,weave,8,burst_small,256,2013,32657,32728
latency,weave,8,burst_small,256,2014,32721,32791
latency,weave,8,burst_small,256,2015,32767,32837
latency,weave,8,burst_small,256,2016,32972,33042
latency,weave,8,burst_small,256,2017,32347,32417
latency,weave,8,burst_small,256,2018,32441,32511
latency,weave,8,burst_small,256,2019,32627,32697
latency,weave,8,burst_small,256,2020,32857,32928
latency,weave,8,burst_small,256,2021,33068,33148
latency,weave,8,burst_small,256,2022,40025,40155
latency,weave,8,burst_small,256,2023,48130,48261
latency,weave,8,burst_small,256,2024,52459,52590
latency,weave,8,burst_small,256,2025,57017,57157
latency,weave,8,burst_small,256,2026,57058,57128
latency,weave,8,burst_small,256,2027,57649,57719
latency,weave,8,burst_small,256,2028,57870,58000
latency,weave,8,burst_small,256,2029,57679,57749
latency,weave,8,burst_small,256,2030,57639,57719
latency,weave,8,burst_small,256,2031,57910,57980
latency,weave,8,burst_small,256,2032,57719,57789
latency,weave,8,burst_small,256,2033,57119,57199
latency,weave,8,burst_small,256,2034,57077,57148
latency,weave,8,burst_small,256,2035,57048,57129
latency,weave,8,burst_small,256,2036,56847,56927
latency,weave,8,burst_small,256,2037,56998,57088
latency,weave,8,burst_small,256,2038,56887,56957
latency,weave,8,burst_small,256,2039,60140,60270
latency,weave,8,burst_small,256,2040,60555,60685
latency,weave,8,burst_small,256,2041,60159,60229
latency,weave,8,burst_small,256,2042,60480,60560
latency,weave,8,burst_small,256,2043,60645,60725
latency,weave,8,burst_small,256,2044,60530,60610
latency,weave,8,burst_small,256,2045,60635,60715
latency,weave,8,burst_small,256,2046,60550,60620
latency,weave,8,burst_small,256,2047,60625,60695
latency,weave,8,burst_small,256,2048,240129,240259
latency,weave,8,burst_small,256,2049,158149,158289
latency,weave,8,burst_small,256,2050,205062,205202
latency,weave,8,burst_small,256,2051,155413,155554
latency,weave,8,burst_small,256,2052,136402,136542
latency,weave,8,burst_small,256,2053,138537,138677
latency,weave,8,burst_small,256,2054,145029,145159
latency,weave,8,burst_small,256,2055,155760,155900
latency,weave,8,burst_small,256,2056,136228,136368
latency,weave,8,burst_small,256,2057,119527,119597
latency,weave,8,burst_small,256,2058,157613,157743
latency,weave,8,burst_small,256,2059,204261,204391
latency,weave,8,burst_small,256,2060,191492,191622
latency,weave,8,burst_small,256,2061,72748,72888
latency,weave,8,burst_small,256,2062,195381,195521
latency,weave,8,burst_small,256,2063,161586,161726
latency,weave,8,burst_small,256,2064,168158,168298
latency,weave,8,burst_small,256,2065,90176,90316
latency,weave,8,burst_small,256,2066,88152,88222
latency,weave,8,burst_small,256,2067,194222,194352
latency,weave,8,burst_small,256,2068,190721,190851
latency,weave,8,burst_small,256,2069,33267,33407
latency,weave,8,burst_small,256,2070,70007,70147
latency,weave,8,burst_small,256,2071,37135,37215
latency,weave,8,burst_small,256,2072,20233,20313
latency,weave,8,burst_small,256,2073,204597,204737
latency,weave,8,burst_small,256,2074,189583,189724
latency,weave,8,burst_small,256,2075,173869,173999
latency,weave,8,burst_small,256,2076,191147,191287
latency,weave,8,burst_small,256,2077,165402,165543
latency,weave,8,burst_small,256,2078,207679,207809
latency,weave,8,burst_small,256,2079,200950,201080
latency,weave,8,burst_small,256,2080,214801,214942
latency,weave,8,burst_small,256,2081,81630,81770
latency,weave,8,burst_small,256,2082,168014,168154
latency,weave,8,burst_small,256,2083,172597,172728
latency,weave,8,burst_small,256,2084,319614,319755
latency,weave,8,burst_small,256,2085,190500,190640
latency,weave,8,burst_small,256,2086,197113,197244
latency,weave,8,burst_small,256,2087,180492,180632
latency,weave,8,burst_small,256,2088,199458,199598
latency,weave,8,burst_small,256,2089,169160,169291
latency,weave,8,burst_small,256,2090,165167,165297
latency,weave,8,burst_small,256,2091,164322,164452
latency,weave,8,burst_small,256,2092,200794,200935
latency,weave,8,burst_small,256,2093,177151,177281
latency,weave,8,burst_small,256,2094,214205,214345
latency,weave,8,burst_small,256,2095,331427,331567
latency,weave,8,burst_small,256,2096,30493,30563
latency,weave,8,burst_small,256,2097,22448,22569
latency,weave,8,burst_small,256,2098,30358,30488
latency,weave,8,burst_small,256,2099,31420,31550
latency,weave,8,burst_small,256,2100,3627,3697
latency,weave,8,burst_small,256,2101,2665,2745
latency,weave,8,burst_small,256,2102,2956,3036
latency,weave,8,burst_small,256,2103,3097,3167
latency,weave,8,burst_small,256,2104,3597,3667
latency,weave,8,burst_small,256,2105,3387,3457
latency,weave,8,burst_small,256,2106,3697,3778
latency,weave,8,burst_small,256,2107,4068,4168
latency,weave,8,burst_small,256,2108,4058,4158
latency,weave,8,burst_small,256,2109,4339,4409
latency,weave,8,burst_small,256,2110,4710,4780
latency,weave,8,burst_small,256,2111,4960,5030
latency,weave,8,burst_small,256,2112,5220,5290
latency,weave,8,burst_small,256,2113,5210,5290
latency,weave,8,burst_small,256,2114,5341,5411
latency,weave,8,burst_small,256,2115,5490,5561
latency,weave,8,burst_small,256,2116,5641,5711
latency,weave,8,burst_small,256,2117,5751,5821
latency,weave,8,burst_small,256,2118,5972,6072
latency,weave,8,burst_small,256,2119,6081,6152
latency,weave,8,burst_small,256,2120,6112,6212
latency,weave,8,burst_small,256,2121,5922,5992
latency,weave,8,burst_small,256,2122,5991,6082
latency,weave,8,burst_small,256,2123,6292,6362
latency,weave,8,burst_small,256,2124,6463,6533
latency,weave,8,burst_small,256,2125,6633,6703
latency,weave,8,burst_small,256,2126,6753,6824
latency,weave,8,burst_small,256,2127,7044,7124
latency,weave,8,burst_small,256,2128,25509,25649
latency,weave,8,burst_small,256,2129,26230,26300
latency,weave,8,burst_small,256,2130,26421,26501
latency,weave,8,burst_small,256,2131,26601,26671
latency,weave,8,burst_small,256,2132,26731,26811
latency,weave,8,burst_small,256,2133,26871,26941
latency,weave,8,burst_small,256,2134,27072,27152
latency,weave,8,burst_small,256,2135,27242,27323
latency,weave,8,burst_small,256,2136,27282,27352
latency,weave,8,burst_small,256,2137,27061,27132
latency,weave,8,burst_small,256,2138,27132,27202
latency,weave,8,burst_small,256,2139,27302,27373
latency,weave,8,burst_small,256,2140,27322,27402
latency,weave,8,burst_small,256,2141,27543,27613
latency,weave,8,burst_small,256,2142,27512,27592
latency,weave,8,burst_small,256,2143,27583,27653
latency,weave,8,burst_small,256,2144,27643,27723
latency,weave,8,burst_small,256,2145,27152,27232
latency,weave,8,burst_small,256,2146,27262,27332
latency,weave,8,burst_small,256,2147,27312,27382
latency,weave,8,burst_small,256,2148,27462,27532
latency,weave,8,burst_small,256,2149,27513,27583
latency,weave,8,burst_small,256,2150,27653,27733
latency,weave,8,burst_small,256,2151,27633,27703
latency,weave,8,burst_small,256,2152,27743,27823
latency,weave,8,burst_small,256,2153,27423,27493
latency,weave,8,burst_small,256,2154,27522,27592
latency,weave,8,burst_small,256,2155,27553,27623
latency,weave,8,burst_small,256,2156,244744,244874
latency,weave,8,burst_small,256,2157,145936,146067
latency,weave,8,burst_small,256,2158,213675,213816
latency,weave,8,burst_small,256,2159,154587,154728
latency,weave,8,burst_small,256,2160,287800,287940
latency,weave,8,burst_small,256,2161,152188,152328
latency,weave,8,burst_small,256,2162,192876,193016
latency,weave,8,burst_small,256,2163,160048,160188
latency,weave,8,burst_small,256,2164,219600,219740
latency,weave,8,burst_small,256,2165,177497,177627
latency,weave,8,burst_small,256,2166,27512,27653
latency,weave,8,burst_small,256,2167,216089,216230
latency,weave,8,burst_small,256,2168,241713,241853
latency,weave,8,burst_small,256,2169,153721,153861
latency,weave,8,burst_small,256,2170,133337,133478
latency,weave,8,burst_small,256,2171,176404,176544
latency,weave,8,burst_small,256,2172,203150,203291
latency,weave,8,burst_small,256,2173,165053,165193
latency,weave,8,burst_small,256,2174,201897,202027
latency,weave,8,burst_small,256,2175,146768,146908
latency,weave,8,burst_small,256,2176,196616,196747
latency,weave,8,burst_small,256,2177,180992,181123
latency,weave,8,burst_small,256,2178,186954,187084
latency,weave,8,burst_small,256,2179,181214,181344
latency,weave,8,burst_small,256,2180,199292,199432
latency,weave,8,burst_small,256,2181,65374,65504
latency,weave,8,burst_small,256,2182,189689,189820
latency,weave,8,burst_small,256,2183,143422,152880
latency,weave,8,burst_small,256,2184,29000,29140
latency,weave,8,burst_small,256,2185,269530,269670
latency,weave,8,burst_small,256,2186,209692,209822
latency,weave,8,burst_small,256,2187,147058,147188
latency,weave,8,burst_small,256,2188,201977,202118
latency,weave,8,burst_small,256,2189,168309,168439
latency,weave,8,burst_small,256,2190,181464,181594
latency,weave,8,burst_small,256,2191,199452,199592
latency,weave,8,burst_small,256,2192,186554,186694
latency,weave,8,burst_small,256,2193,192805,192935
latency,weave,8,burst_small,256,2194,232871,233011
latency,weave,8,burst_small,256,2195,158705,158845
latency,weave,8,burst_small,256,2196,190535,190675
latency,weave,8,burst_small,256,2197,142320,142460
latency,weave,8,burst_small,256,2198,204602,204743
latency,weave,8,burst_small,256,2199,154948,155088
latency,weave,8,burst_small,256,2200,215999,216139
latency,weave,8,burst_small,256,2201,290641,290771
latency,weave,8,burst_small,256,2202,219130,219271
latency,weave,8,burst_small,256,2203,179369,179509
latency,weave,8,burst_small,256,2204,75587,75728
latency,weave,8,burst_small,256,2205,216424,216564
latency,weave,8,burst_small,256,2206,163209,163349
latency,weave,8,burst_small,256,2207,206595,206735
latency,weave,8,burst_small,256,2208,169626,169766
latency,weave,8,burst_small,256,2209,201551,201682
latency,weave,8,burst_small,256,2210,166565,166696
latency,weave,8,burst_small,256,2211,209707,209848
latency,weave,8,burst_small,256,2212,166355,166485
latency,weave,8,burst_small,256,2213,193607,193747
latency,weave,8,burst_small,256,2214,171364,171505
latency,weave,8,burst_small,256,2215,217822,217953
latency,weave,8,burst_small,256,2216,91163,91303
latency,weave,8,burst_small,256,2217,180562,180702
latency,weave,8,burst_small,256,2218,190702,190842
latency,weave,8,burst_small,256,2219,191383,191523
latency,weave,8,burst_small,256,2220,176033,176163
latency,weave,8,burst_small,256,2221,205153,205284
latency,weave,8,burst_small,256,2222,80997,81138
latency,weave,8,burst_small,256,2223,207578,207718
latency,weave,8,burst_small,256,2224,186363,186504
latency,weave,8,burst_small,256,2225,212152,212293
latency,weave,8,burst_small,256,2226,26340,26480
latency,weave,8,burst_small,256,2227,257608,257748
latency,weave,8,burst_small,256,2228,186643,186784
latency,weave,8,burst_small,256,2229,154437,154577
latency,weave,8,burst_small,256,2230,196031,196171
latency,weave,8,burst_small,256,2231,171094,171235
latency,weave,8,burst_small,256,2232,202039,202179
latency,weave,8,burst_small,256,2233,153070,153210
latency,weave,8,burst_small,256,2234,197788,197929
latency,weave,8,burst_small,256,2235,154051,154181
latency,weave,8,burst_small,256,2236,189339,189479
latency,weave,8,burst_small,256,2237,183617,183757
latency,weave,8,burst_small,256,2238,195445,195575
latency,weave,8,burst_small,256,2239,178237,178377
latency,weave,8,burst_small,256,2240,177161,177301
latency,weave,8,burst_small,256,2241,178453,178583
latency,weave,8,burst_small,256,2242,179018,179158
latency,weave,8,burst_small,256,2243,176769,176899
latency,weave,8,burst_small,256,2244,189970,190110
latency,weave,8,burst_small,256,2245,171134,171264
latency,weave,8,burst_small,256,2246,317015,317155
latency,weave,8,burst_small,256,2247,185727,185867
latency,weave,8,burst_small,256,2248,177867,178007
latency,weave,8,burst_small,256,2249,186933,187073
latency,weave,8,burst_small,256,2250,185240,185380
latency,weave,8,burst_small,256,2251,155749,155879
latency,weave,8,burst_small,256,2252,223297,223437
latency,weave,8,burst_small,256,2253,90632,90772
latency,weave,8,burst_small,256,2254,192700,192841
latency,weave,8,burst_small,256,2255,167307,167447
latency,weave,8,burst_small,256,2256,173729,173869
latency,weave,8,burst_small,256,2257,134920,135060
latency,weave,8,burst_small,256,2258,248781,248921
latency,weave,8,burst_small,256,2259,183287,183417
latency,weave,8,burst_small,256,2260,188573,188713
latency,weave,8,burst_small,256,2261,165152,165293
latency,weave,8,burst_small,256,2262,183277,183407
latency,weave,8,burst_small,256,2263,166896,167027
latency,weave,8,burst_small,256,2264,189058,189198
latency,weave,8,burst_small,256,2265,209072,209212
latency,weave,8,burst_small,256,2266,158519,158660
latency,weave,8,burst_small,256,2267,205609,205739
latency,weave,8,burst_small,256,2268,167157,167297
latency,weave,8,burst_small,256,2269,348450,348580
latency,weave,8,burst_small,256,2270,153000,153130
latency,weave,8,burst_small,256,2271,209727,209857
latency,weave,8,burst_small,256,2272,169190,169321
latency,weave,8,burst_small,256,2273,190316,190446
latency,weave,8,burst_small,256,2274,186904,187044
latency,weave,8,burst_small,256,2275,193752,193892
latency,weave,8,burst_small,256,2276,168640,168780
latency,weave,8,burst_small,256,2277,309326,309466
latency,weave,8,burst_small,256,2278,105264,105394
latency,weave,8,burst_small,256,2279,166599,166810
latency,weave,8,burst_small,256,2280,184399,184539
latency,weave,8,burst_small,256,2281,176665,176805
latency,weave,8,burst_small,256,2282,271654,271785
latency,weave,8,burst_small,256,2283,98136,98276
latency,weave,8,burst_small,256,2284,217452,217592
latency,weave,8,burst_small,256,2285,201636,201777
latency,weave,8,burst_small,256,2286,176905,177045
latency,weave,8,burst_small,256,2287,170143,170283
latency,weave,8,burst_small,256,2288,164481,164621
latency,weave,8,burst_small,256,2289,176820,176960
latency,weave,8,burst_small,256,2290,201292,201422
latency,weave,8,burst_small,256,2291,188903,189043
latency,weave,8,burst_small,256,2292,185576,185716
latency,weave,8,burst_small,256,2293,199828,199968
latency,weave,8,burst_small,256,2294,205474,205614
latency,weave,8,burst_small,256,2295,183754,183884
latency,weave,8,burst_small,256,2296,214927,215057
latency,weave,8,burst_small,256,2297,216775,216916
latency,weave,8,burst_small,256,2298,176274,176415
latency,weave,8,burst_small,256,2299,179644,179774
latency,weave,8,burst_small,256,2300,182295,182436
latency,weave,8,burst_small,256,2301,191878,192018
latency,weave,8,burst_small,256,2302,182886,183026
latency,weave,8,burst_small,256,2303,191637,191778
latency,weave,8,priority_mix_high,256,0,27472,27612
latency,weave,8,priority_mix_normal,256,1,25454,25594
latency,weave,8,priority_mix_high,256,2,30989,31129
latency,weave,8,priority_mix_low,256,3,336873,337013
latency,weave,8,priority_mix_normal,256,4,199307,199447
latency,weave,8,priority_mix_low,256,5,166606,166746
latency,weave,8,priority_mix_high,256,6,200078,200219
latency,weave,8,priority_mix_normal,256,7,160439,160569
latency,weave,8,priority_mix_low,256,8,203495,203635
latency,weave,8,priority_mix_high,256,9,187224,187364
latency,weave,8,priority_mix_normal,256,10,182670,182800
latency,weave,8,priority_mix_low,256,11,183553,183693
latency,weave,8,priority_mix_high,256,12,178958,179089
latency,weave,8,priority_mix_normal,256,13,142711,142841
latency,weave,8,priority_mix_high,256,14,29570,29710
latency,weave,8,priority_mix_low,256,15,255574,255714
latency,weave,8,priority_mix_normal,256,16,152804,152934
latency,weave,8,priority_mix_low,256,17,212453,212583
latency,weave,8,priority_mix_high,256,18,175798,175938
latency,weave,8,priority_mix_normal,256,19,203114,203255
latency,weave,8,priority_mix_low,256,20,178669,178799
latency,weave,8,priority_mix_high,256,21,189980,190120
latency,weave,8,priority_mix_normal,256,22,156160,156300
latency,weave,8,priority_mix_low,256,23,144413,144553
latency,weave,8,priority_mix_high,256,24,149383,149783
latency,weave,8,priority_mix_normal,256,25,202109,202249
latency,weave,8,priority_mix_low,256,26,159442,159582
latency,weave,8,priority_mix_high,256,27,218790,218931
latency,weave,8,priority_mix_normal,256,28,161301,161431
latency,weave,8,priority_mix_high,256,29,22938,23079
latency,weave,8,priority_mix_low,256,30,318793,318934
latency,weave,8,priority_mix_normal,256,31,176659,176790
latency,weave,8,priority_mix_low,256,32,189975,190106
latency,weave,8,priority_mix_high,256,33,166945,167086
latency,weave,8,priority_mix_normal,256,34,144177,144308
latency,weave,8,priority_mix_low,256,35,162914,163054
latency,weave,8,priority_mix_high,256,36,191432,191563
latency,weave,8,priority_mix_normal,256,37,189824,189964
latency,weave,8,priority_mix_low,256,38,199438,199568
latency,weave,8,priority_mix_high,256,39,177151,177291
latency,weave,8,priority_mix_normal,256,40,180332,180472
latency,weave,8,priority_mix_low,256,41,189248,189378
latency,weave,8,priority_mix_high,256,42,217582,217722
latency,weave,8,priority_mix_normal,256,43,180131,180272
latency,weave,8,priority_mix_low,256,44,287144,287284
latency,weave,8,priority_mix_high,256,45,200309,200439
latency,weave,8,priority_mix_normal,256,46,183898,184028
latency,weave,8,priority_mix_low,256,47,203180,203321
latency,weave,8,priority_mix_high,256,48,165102,165233
latency,weave,8,priority_mix_normal,256,49,224805,224975
latency,weave,8,priority_mix_low,256,50,164507,164647
latency,weave,8,priority_mix_high,256,51,182937,183077
latency,weave,8,priority_mix_normal,256,52,181052,181193
latency,weave,8,priority_mix_low,256,53,294107,294248
latency,weave,8,priority_mix_high,256,54,198422,198562
latency,weave,8,priority_mix_normal,256,55,169015,169146
latency,weave,8,priority_mix_low,256,56,178337,178478
latency,weave,8,priority_mix_high,256,57,174927,175057
latency,weave,8,priority_mix_normal,256,58,162989,163129
latency,weave,8,priority_mix_low,256,59,178778,178918
latency,weave,8,priority_mix_high,256,60,170698,170838
latency,weave,8,priority_mix_normal,256,61,175788,175938
latency,weave,8,priority_mix_low,256,62,160805,160935
latency,weave,8,priority_mix_high,256,63,171270,171410
latency,weave,8,priority_mix_normal,256,64,175583,175723
latency,weave,8,priority_mix_low,256,65,374669,374809
latency,weave,8,priority_mix_high,256,66,169581,169721
latency,weave,8,priority_mix_high,256,67,7695,7835
latency,weave,8,priority_mix_high,256,68,8777,8847
latency,weave,8,priority_mix_high,256,69,8266,8337
latency,weave,8,priority_mix_high,256,70,8176,8246
latency,weave,8,priority_mix_high,256,71,7324,7394
latency,weave,8,priority_mix_high,256,72,7435,7515
latency,weave,8,priority_mix_high,256,73,7525,7595
latency,weave,8,priority_mix_high,256,74,7004,7084
latency,weave,8,priority_mix_high,256,75,7104,7174
latency,weave,8,priority_mix_high,256,76,7265,7345
latency,weave,8,priority_mix_high,256,77,5591,5661
latency,weave,8,priority_mix_high,256,78,22573,22693
latency,weave,8,priority_mix_high,256,79,21501,21571
latency,weave,8,priority_mix_high,256,80,21020,21090
latency,weave,8,priority_mix_high,256,81,19898,19968
latency,weave,8,priority_mix_high,256,82,19527,19667
latency,weave,8,priority_mix_normal,256,83,32953,33023
latency,weave,8,priority_mix_normal,256,84,32181,32251
latency,weave,8,priority_mix_normal,256,85,31810,31900
latency,weave,8,priority_mix_normal,256,86,31440,31510
latency,weave,8,priority_mix_normal,256,87,31109,31209
latency,weave,8,priority_mix_normal,256,88,30057,30127
latency,weave,8,priority_mix_normal,256,89,29967,30057
latency,weave,8,priority_mix_normal,256,90,29777,29847
latency,weave,8,priority_mix_normal,256,91,28956,29036
latency,weave,8,priority_mix_normal,256,92,28765,28835
latency,weave,8,priority_mix_normal,256,93,27823,27894
latency,weave,8,priority_mix_high,256,94,30428,30568
latency,weave,8,priority_mix_normal,256,95,66927,67057
latency,weave,8,priority_mix_high,256,96,17854,17934
latency,weave,8,priority_mix_normal,256,97,67018,67098
latency,weave,8,priority_mix_normal,256,98,66426,66496
latency,weave,8,priority_mix_normal,256,99,66436,66517
latency,weave,8,priority_mix_normal,256,100,65464,65544
latency,weave,8,priority_mix_high,256,101,712,792
latency,weave,8,priority_mix_high,256,102,411,512
latency,weave,8,priority_mix_normal,256,103,70775,70905
latency,weave,8,priority_mix_normal,256,104,66386,66456
latency,weave,8,priority_mix_normal,256,105,3306,3386
latency,weave,8,priority_mix_high,256,106,902,972
latency,weave,8,priority_mix_normal,256,107,3097,3167
latency,weave,8,priority_mix_normal,256,108,2715,2815
latency,weave,8,priority_mix_high,256,109,612,682
latency,weave,8,priority_mix_normal,256,110,2074,2154
latency,weave,8,priority_mix_low,256,111,84661,84801
latency,weave,8,priority_mix_low,256,112,84380,84460
latency,weave,8,priority_mix_low,256,113,84841,84911
latency,weave,8,priority_mix_low,256,114,84791,84871
latency,weave,8,priority_mix_low,256,115,83939,84009
latency,weave,8,priority_mix_low,256,116,83909,83989
latency,weave,8,priority_mix_low,256,117,87522,87662
latency,weave,8,priority_mix_low,256,118,83037,83118
latency,weave,8,priority_mix_low,256,119,83048,83118
latency,weave,8,priority_mix_low,256,120,83668,83808
latency,weave,8,priority_mix_low,256,121,82261,82341
latency,weave,8,priority_mix_low,256,122,81655,81735
latency,weave,8,priority_mix_low,256,123,81660,81730
latency,weave,8,priority_mix_low,256,124,80332,80403
latency,weave,8,priority_mix_low,256,125,80082,80152
latency,weave,8,priority_mix_low,256,126,78579,78680
latency,weave,8,priority_mix_low,256,127,78134,78214
latency,weave,8,priority_mix_low,256,128,77837,77907
latency,weave,8,priority_mix_low,256,129,12950,13020
latency,weave,8,priority_mix_low,256,130,13967,14037
latency,weave,8,priority_mix_low,256,131,12925,12995
latency,weave,8,priority_mix_low,256,132,11722,11823
latency,weave,8,priority_mix_normal,256,133,1508,1588
latency,weave,8,priority_mix_low,256,134,511,591
latency,weave,8,priority_mix_high,256,135,1162,1232
latency,weave,8,priority_mix_normal,256,136,28730,28870
latency,weave,8,priority_mix_low,256,137,81494,81645
latency,weave,8,priority_mix_high,256,138,122016,122157
latency,weave,8,priority_mix_normal,256,139,202118,202248
latency,weave,8,priority_mix_low,256,140,167267,167407
latency,weave,8,priority_mix_high,256,141,217451,217592
latency,weave,8,priority_mix_normal,256,142,154638,154769
latency,weave,8,priority_mix_low,256,143,184054,184194
latency,weave,8,priority_mix_high,256,144,182881,183012
latency,weave,8,priority_mix_normal,256,145,274880,275011
latency,weave,8,priority_mix_low,256,146,27632,27763
latency,weave,8,priority_mix_high,256,147,197394,197534
latency,weave,8,priority_mix_normal,256,148,164411,164541
latency,weave,8,priority_mix_low,256,149,191152,191292
latency,weave,8,priority_mix_high,256,150,164487,164617
latency,weave,8,priority_mix_normal,256,151,200540,200680
latency,weave,8,priority_mix_high,256,152,25854,25985
latency,weave,8,priority_mix_low,256,153,221460,221600
latency,weave,8,priority_mix_normal,256,154,202674,202814
latency,weave,8,priority_mix_low,256,155,171995,172135
latency,weave,8,priority_mix_high,256,156,225697,225837
latency,weave,8,priority_mix_normal,256,157,175943,176083
latency,weave,8,priority_mix_low,256,158,175778,175918
latency,weave,8,priority_mix_high,256,159,174787,174927
latency,weave,8,priority_mix_normal,256,160,136203,136333
latency,weave,8,priority_mix_low,256,161,289333,289473
latency,weave,8,priority_mix_high,256,162,207827,207968
latency,weave,8,priority_mix_normal,256,163,205609,205749
latency,weave,8,priority_mix_low,256,164,193190,193330
latency,weave,8,priority_mix_high,256,165,155920,156050
latency,weave,8,priority_mix_normal,256,166,189619,189759
latency,weave,8,priority_mix_low,256,167,168869,169000
latency,weave,8,priority_mix_high,256,168,199437,199577
latency,weave,8,priority_mix_normal,256,169,194163,194303
latency,weave,8,priority_mix_low,256,170,216911,217041
latency,weave,8,priority_mix_high,256,171,177166,177296
latency,weave,8,priority_mix_normal,256,172,203796,203937
latency,weave,8,priority_mix_low,256,173,167727,167868
latency,weave,8,priority_mix_high,256,174,198731,198861
latency,weave,8,priority_mix_normal,256,175,153881,154021
latency,weave,8,priority_mix_low,256,176,196737,196878
latency,weave,8,priority_mix_high,256,177,152144,152284
latency,weave,8,priority_mix_normal,256,178,180107,180237
latency,weave,8,priority_mix_low,256,179,187080,187221
latency,weave,8,priority_mix_high,256,180,170534,170674
latency,weave,8,priority_mix_normal,256,181,187600,187730
latency,weave,8,priority_mix_low,256,182,167237,167377
latency,weave,8,priority_mix_high,256,183,197829,197959
latency,weave,8,priority_mix_normal,256,184,190526,190666
latency,weave,8,priority_mix_low,256,185,187815,187955
latency,weave,8,priority_mix_high,256,186,180076,180216
latency,weave,8,priority_mix_normal,256,187,180756,180896
latency,weave,8,priority_mix_low,256,188,197098,197239
latency,weave,8,priority_mix_high,256,189,168715,168835
latency,weave,8,priority_mix_normal,256,190,184324,184465
latency,weave,8,priority_mix_low,256,191,166279,166410
latency,weave,8,priority_mix_high,256,192,186137,186277
latency,weave,8,priority_mix_normal,256,193,197408,197548
latency,weave,8,priority_mix_low,256,194,172647,172787
latency,weave,8,priority_mix_high,256,195,186614,186754
latency,weave,8,priority_mix_normal,256,196,176092,176223
latency,weave,8,priority_mix_low,256,197,203796,203936
latency,weave,8,priority_mix_high,256,198,165038,165168
latency,weave,8,priority_mix_normal,256,199,164411,164551
latency,weave,8,priority_mix_low,256,200,27187,27327
latency,weave,8,priority_mix_high,256,201,164762,164902
latency,weave,8,priority_mix_normal,256,202,221480,221610
latency,weave,8,priority_mix_low,256,203,94844,94984
latency,weave,8,priority_mix_high,256,204,250388,250529
latency,weave,8,priority_mix_normal,256,205,242128,242268
latency,weave,8,priority_mix_low,256,206,152825,152966
latency,weave,8,priority_mix_high,256,207,24767,24897
latency,weave,8,priority_mix_normal,256,208,128608,128748
latency,weave,8,priority_mix_high,256,209,23815,23946
latency,weave,8,priority_mix_low,256,210,163310,163390
latency,weave,8,priority_mix_normal,256,211,27297,27437
latency,weave,8,priority_mix_low,256,212,24672,24802
latency,weave,8,priority_mix_high,256,213,24712,24843
latency,weave,8,priority_mix_normal,256,214,24612,24742
latency,weave,8,priority_mix_low,256,215,25805,25935
latency,weave,8,priority_mix_high,256,216,25884,26004
latency,weave,8,priority_mix_normal,256,217,24702,24822
latency,weave,8,priority_mix_low,256,218,25614,25744
latency,weave,8,priority_mix_high,256,219,25494,25624
latency,weave,8,priority_mix_normal,256,220,23550,23681
latency,weave,8,priority_mix_high,256,221,8882,9013
latency,weave,8,priority_mix_low,256,222,34665,34906
latency,weave,8,priority_mix_normal,256,223,36269,36409
latency,weave,8,priority_mix_low,256,224,27157,27287
latency,weave,8,priority_mix_high,256,225,29842,29972
latency,weave,8,priority_mix_low,256,226,13701,13831
latency,weave,8,priority_mix_normal,256,227,36379,36519
latency,weave,8,priority_mix_high,256,228,6648,6778
latency,weave,8,priority_mix_high,256,229,7689,7760
latency,weave,8,priority_mix_high,256,230,49975,50105
latency,weave,8,priority_mix_high,256,231,10950,11030
latency,weave,8,priority_mix_high,256,232,10811,10891
latency,weave,8,priority_mix_high,256,233,9668,9748
latency,weave,8,priority_mix_high,256,234,9658,9728
latency,weave,8,priority_mix_high,256,235,8826,8897
latency,weave,8,priority_mix_high,256,236,8776,8856
latency,weave,8,priority_mix_high,256,237,8706,8786
latency,weave,8,priority_mix_normal,256,238,17734,17804
latency,weave,8,priority_mix_normal,256,239,14958,15038
latency,weave,8,priority_mix_normal,256,240,14327,14407
latency,weave,8,priority_mix_normal,256,241,14126,14197
latency,weave,8,priority_mix_normal,256,242,12954,13024
latency,weave,8,priority_mix_normal,256,243,13065,13135
latency,weave,8,priority_mix_normal,256,244,13385,13465
latency,weave,8,priority_mix_normal,256,245,12444,12514
latency,weave,8,priority_mix_low,256,246,21862,22002
latency,weave,8,priority_mix_normal,256,247,31159,31289
latency,weave,8,priority_mix_low,256,248,41569,41699
latency,weave,8,priority_mix_low,256,249,41679,41749
latency,weave,8,priority_mix_low,256,250,41489,41559
latency,weave,8,priority_mix_low,256,251,40236,40316
latency,weave,8,priority_mix_low,256,252,44013,44093
latency,weave,8,priority_mix_low,256,253,43132,43202
latency,weave,8,priority_mix_low,256,254,43012,43082
latency,weave,8,priority_mix_low,256,255,57689,57829
latency,weave,8,priority_mix_high,256,256,332736,332876
latency,weave,8,priority_mix_normal,256,257,181493,181634
latency,weave,8,priority_mix_low,256,258,169967,170108
latency,weave,8,priority_mix_high,256,259,254973,255103
latency,weave,8,priority_mix_normal,256,260,172181,172322
latency,weave,8,priority_mix_low,256,261,178799,178929
latency,weave,8,priority_mix_high,256,262,165479,165619
latency,weave,8,priority_mix_normal,256,263,194388,194529
latency,weave,8,priority_mix_low,256,264,167558,167688
latency,weave,8,priority_mix_high,256,265,182756,182887
latency,weave,8,priority_mix_normal,256,266,116630,116771
latency,weave,8,priority_mix_low,256,267,175563,175703
latency,weave,8,priority_mix_high,256,268,170242,170382
latency,weave,8,priority_mix_normal,256,269,353970,354110
latency,weave,8,priority_mix_low,256,270,105930,106071
latency,weave,8,priority_mix_high,256,271,148256,148396
latency,weave,8,priority_mix_normal,256,272,192480,192611
latency,weave,8,priority_mix_low,256,273,168810,168950
latency,weave,8,priority_mix_high,256,274,196902,197042
latency,weave,8,priority_mix_normal,256,275,546009,546149
latency,weave,8,priority_mix_low,256,276,194083,194223
latency,weave,8,priority_mix_high,256,277,156356,156487
latency,weave,8,priority_mix_normal,256,278,300994,301134
latency,weave,8,priority_mix_low,256,279,162873,163013
latency,weave,8,priority_mix_high,256,280,186829,186970
latency,weave,8,priority_mix_normal,256,281,152168,152309
latency,weave,8,priority_mix_low,256,282,236658,236788
latency,weave,8,priority_mix_high,256,283,153867,153997
latency,weave,8,priority_mix_normal,256,284,155084,155224
latency,weave,8,priority_mix_low,256,285,133748,133878
latency,weave,8,priority_mix_high,256,286,140371,140501
latency,weave,8,priority_mix_normal,256,287,156257,156397
latency,weave,8,priority_mix_low,256,288,149148,149278
latency,weave,8,priority_mix_high,256,289,154538,154678
latency,weave,8,priority_mix_high,256,290,7819,7950
latency,weave,8,priority_mix_high,256,291,8321,8421
latency,weave,8,priority_mix_high,256,292,7650,7730
latency,weave,8,priority_mix_high,256,293,7449,7519
latency,weave,8,priority_mix_high,256,294,7299,7369
latency,weave,8,priority_mix_high,256,295,6087,6157
latency,weave,8,priority_mix_high,256,296,6096,6186
latency,weave,8,priority_mix_high,256,297,5265,5345
latency,weave,8,priority_mix_high,256,298,5135,5205
latency,weave,8,priority_mix_high,256,299,5174,5244
latency,weave,8,priority_mix_high,256,300,4593,4673
latency,weave,8,priority_mix_high,256,301,4573,4653
latency,weave,8,priority_mix_high,256,302,4203,4273
latency,weave,8,priority_mix_high,256,303,3381,3472
latency,weave,8,priority_mix_high,256,304,3471,3552
latency,weave,8,priority_mix_high,256,305,2629,2709
latency,weave,8,priority_mix_high,256,306,2499,2579
latency,weave,8,priority_mix_high,256,307,2519,2589
latency,weave,8,priority_mix_high,256,308,1518,1588
latency,weave,8,priority_mix_high,256,309,1007,1077
latency,weave,8,priority_mix_high,256,310,867,937
latency,weave,8,priority_mix_normal,256,311,35412,35512
latency,weave,8,priority_mix_high,256,312,645,726
latency,weave,8,priority_mix_high,256,313,385,455
latency,weave,8,priority_mix_normal,256,314,18630,18710
latency,weave,8,priority_mix_normal,256,315,18360,18440
latency,weave,8,priority_mix_high,256,316,316,396
latency,weave,8,priority_mix_normal,256,317,17938,18009
latency,weave,8,priority_mix_high,256,318,546,616
latency,weave,8,priority_mix_high,256,319,345,425
latency,weave,8,priority_mix_normal,256,320,18570,18640
latency,weave,8,priority_mix_high,256,321,465,545
latency,weave,8,priority_mix_high,256,322,365,435
latency,weave,8,priority_mix_normal,256,323,18600,18670
latency,weave,8,priority_mix_normal,256,324,18519,18589
latency,weave,8,priority_mix_normal,256,325,18490,18570
latency,weave,8,priority_mix_high,256,326,1267,1337
latency,weave,8,priority_mix_normal,256,327,18179,18259
latency,weave,8,priority_mix_high,256,328,585,666
latency,weave,8,priority_mix_normal,256,329,35061,35182
latency,weave,8,priority_mix_normal,256,330,35502,35572
latency,weave,8,priority_mix_normal,256,331,34861,34941
latency,weave,8,priority_mix_normal,256,332,34621,34691
latency,weave,8,priority_mix_normal,256,333,33718,33788
latency,weave,8,priority_mix_high,256,334,355,425
latency,weave,8,priority_mix_normal,256,335,34059,34149
latency,weave,8,priority_mix_high,256,336,295,366
latency,weave,8,priority_mix_high,256,337,19902,20032
latency,weave,8,priority_mix_high,256,338,356,426
latency,weave,8,priority_mix_normal,256,339,35421,35521
latency,weave,8,priority_mix_normal,256,340,34600,34670
latency,weave,8,priority_mix_high,256,341,565,645
latency,weave,8,priority_mix_normal,256,342,34820,34891
latency,weave,8,priority_mix_normal,256,343,34439,34510
latency,weave,8,priority_mix_normal,256,344,33097,33177
latency,weave,8,priority_mix_normal,256,345,32505,32595
latency,weave,8,priority_mix_high,256,346,505,585
latency,weave,8,priority_mix_normal,256,347,31894,31974
latency,weave,8,priority_mix_normal,256,348,31464,31544
latency,weave,8,priority_mix_normal,256,349,31164,31244
latency,weave,8,priority_mix_normal,256,350,29991,30071
latency,weave,8,priority_mix_normal,256,351,29861,29931
latency,weave,8,priority_mix_high,256,352,1136,1207
latency,weave,8,priority_mix_normal,256,353,29961,30032
latency,weave,8,priority_mix_normal,256,354,29189,29260
latency,weave,8,priority_mix_normal,256,355,28970,29050
latency,weave,8,priority_mix_normal,256,356,27776,27857
latency,weave,8,priority_mix_high,256,357,675,746
latency,weave,8,priority_mix_normal,256,358,27456,27537
latency,weave,8,priority_mix_normal,256,359,9733,9834
latency,weave,8,priority_mix_normal,256,360,8581,8681
latency,weave,8,priority_mix_high,256,361,516,586
latency,weave,8,priority_mix_normal,256,362,8420,8490
latency,weave,8,priority_mix_normal,256,363,8060,8130
latency,weave,8,priority_mix_normal,256,364,6677,6747
latency,weave,8,priority_mix_normal,256,365,7979,8120
latency,weave,8,priority_mix_normal,256,366,7639,7709
latency,weave,8,priority_mix_normal,256,367,6747,6817
latency,weave,8,priority_mix_low,256,368,60359,60439
latency,weave,8,priority_mix_low,256,369,59717,59797
latency,weave,8,priority_mix_low,256,370,58736,58816
latency,weave,8,priority_mix_low,256,371,58555,58635
latency,weave,8,priority_mix_low,256,372,58305,58375
latency,weave,8,priority_mix_low,256,373,57022,57093
latency,weave,8,priority_mix_low,256,374,56912,56992
latency,weave,8,priority_mix_low,256,375,56833,56903
latency,weave,8,priority_mix_low,256,376,55890,55970
latency,weave,8,priority_mix_low,256,377,55900,55970
latency,weave,8,priority_mix_low,256,378,54789,54859
latency,weave,8,priority_mix_low,256,379,54197,54267
latency,weave,8,priority_mix_low,256,380,53416,53496
latency,weave,8,priority_mix_low,256,381,53215,53295
latency,weave,8,priority_mix_low,256,382,52875,52955
latency,weave,8,priority_mix_low,256,383,52043,52123
latency,weave,8,priority_mix_low,256,384,51743,51823
latency,weave,8,priority_mix_low,256,385,50991,51071
latency,weave,8,priority_mix_low,256,386,50531,50611
latency,weave,8,priority_mix_low,256,387,50089,50169
latency,weave,8,priority_mix_low,256,388,49158,49238
latency,weave,8,priority_mix_low,256,389,48697,48777
latency,weave,8,priority_mix_low,256,390,48316,48386
latency,weave,8,priority_mix_low,256,391,47334,47414
latency,weave,8,priority_mix_low,256,392,47064,47144
latency,weave,8,priority_mix_low,256,393,46162,46242
latency,weave,8,priority_mix_low,256,394,46022,46102
latency,weave,8,priority_mix_low,256,395,45600,45680
latency,weave,8,priority_mix_low,256,396,44399,44469
latency,weave,8,priority_mix_low,256,397,44098,44169
latency,weave,8,priority_mix_low,256,398,25773,25843
latency,weave,8,priority_mix_low,256,399,24991,25072
latency,weave,8,priority_mix_low,256,400,24511,24581
latency,weave,8,priority_mix_low,256,401,23739,23810
latency,weave,8,priority_mix_low,256,402,22758,22828
latency,weave,8,priority_mix_low,256,403,21505,21586
latency,weave,8,priority_mix_low,256,404,20103,20183
latency,weave,8,priority_mix_low,256,405,18800,18871
latency,weave,8,priority_mix_low,256,406,17848,17928
latency,weave,8,priority_mix_normal,256,407,25398,25538
latency,weave,8,priority_mix_high,256,408,3456,3556
latency,weave,8,priority_mix_high,256,409,1673,1743
latency,weave,8,priority_mix_high,256,410,1773,1853
latency,weave,8,priority_mix_high,256,411,1102,1172
latency,weave,8,priority_mix_high,256,412,782,852
latency,weave,8,priority_mix_normal,256,413,3542,3622
latency,weave,8,priority_mix_high,256,414,721,821
latency,weave,8,priority_mix_normal,256,415,3902,4002
latency,weave,8,priority_mix_normal,256,416,3656,3736
latency,weave,8,priority_mix_normal,256,417,2910,2980
latency,weave,8,priority_mix_normal,256,418,2424,2494
latency,weave,8,priority_mix_high,256,419,1036,1107
latency,weave,8,priority_mix_normal,256,420,2053,2133
latency,weave,8,priority_mix_normal,256,421,746,826
latency,weave,8,priority_mix_low,256,422,6306,6376
latency,weave,8,priority_mix_low,256,423,6166,6236
latency,weave,8,priority_mix_low,256,424,72893,73023
latency,weave,8,priority_mix_low,256,425,6172,6242
latency,weave,8,priority_mix_low,256,426,5885,5966
latency,weave,8,priority_mix_high,256,427,1487,1617
latency,weave,8,priority_mix_low,256,428,5300,5380
latency,weave,8,priority_mix_low,256,429,4443,4523
latency,weave,8,priority_mix_low,256,430,3156,3256
latency,weave,8,priority_mix_normal,256,431,170042,170183
latency,weave,8,priority_mix_low,256,432,204988,205129
latency,weave,8,priority_mix_high,256,433,169706,169846
latency,weave,8,priority_mix_normal,256,434,212062,212202
latency,weave,8,priority_mix_low,256,435,166856,166996
latency,weave,8,priority_mix_high,256,436,174805,174945
latency,weave,8,priority_mix_normal,256,437,189594,189734
latency,weave,8,priority_mix_low,256,438,186533,186673
latency,weave,8,priority_mix_high,256,439,188472,188603
latency,weave,8,priority_mix_normal,256,440,182275,182416
latency,weave,8,priority_mix_low,256,441,179354,179494
latency,weave,8,priority_mix_high,256,442,186308,186448
latency,weave,8,priority_mix_normal,256,443,196818,196959
latency,weave,8,priority_mix_low,256,444,169281,169421
latency,weave,8,priority_mix_high,256,445,191011,191152
latency,weave,8,priority_mix_normal,256,446,180311,180452
latency,weave,8,priority_mix_low,256,447,189789,189930
latency,weave,8,priority_mix_high,256,448,187605,187745
latency,weave,8,priority_mix_normal,256,449,218097,218237
latency,weave,8,priority_mix_low,256,450,152188,152319
latency,weave,8,priority_mix_high,256,451,228463,228604
latency,weave,8,priority_mix_normal,256,452,141363,141493
latency,weave,8,priority_mix_high,256,453,29811,29941
latency,weave,8,priority_mix_low,256,454,260588,260729
latency,weave,8,priority_mix_normal,256,455,159657,159787
latency,weave,8,priority_mix_low,256,456,219105,219245
latency,weave,8,priority_mix_high,256,457,147328,147468
latency,weave,8,priority_mix_normal,256,458,204081,204301
latency,weave,8,priority_mix_low,256,459,158190,158321
latency,weave,8,priority_mix_high,256,460,231594,231724
latency,weave,8,priority_mix_normal,256,461,163950,164090
latency,weave,8,priority_mix_high,256,462,31534,31674
latency,weave,8,priority_mix_low,256,463,348169,348310
latency,weave,8,priority_mix_normal,256,464,166439,166579
latency,weave,8,priority_mix_low,256,465,183788,183928
latency,weave,8,priority_mix_high,256,466,155188,155328
latency,weave,8,priority_mix_normal,256,467,195214,195344
latency,weave,8,priority_mix_low,256,468,153045,153186
latency,weave,8,priority_mix_high,256,469,147148,147288
latency,weave,8,priority_mix_normal,256,470,332118,332258
latency,weave,8,priority_mix_low,256,471,220859,220999
latency,weave,8,priority_mix_high,256,472,166414,166555
latency,weave,8,priority_mix_normal,256,473,204066,204206
latency,weave,8,priority_mix_low,256,474,168579,168719
latency,weave,8,priority_mix_high,256,475,181314,181454
latency,weave,8,priority_mix_normal,256,476,153285,153425
latency,weave,8,priority_mix_low,256,477,193972,194102
latency,weave,8,priority_mix_high,256,478,169354,169485
latency,weave,8,priority_mix_normal,256,479,193155,193296
latency,weave,8,priority_mix_low,256,480,147935,148076
latency,weave,8,priority_mix_high,256,481,371508,371639
latency,weave,8,priority_mix_normal,256,482,151888,152028
latency,weave,8,priority_mix_low,256,483,236592,236723
latency,weave,8,priority_mix_high,256,484,150615,150755
latency,weave,8,priority_mix_normal,256,485,221935,222065
latency,weave,8,priority_mix_low,256,486,156911,157042
latency,weave,8,priority_mix_high,256,487,136363,136493
latency,weave,8,priority_mix_normal,256,488,132255,132395
latency,weave,8,priority_mix_low,256,489,140210,140350
latency,weave,8,priority_mix_high,256,490,137925,138056
latency,weave,8,priority_mix_normal,256,491,132030,132170
latency,weave,8,priority_mix_low,256,492,137470,137600
latency,weave,8,priority_mix_high,256,493,110383,110524
latency,weave,8,priority_mix_normal,256,494,161400,161530
latency,weave,8,priority_mix_low,256,495,244824,244954
latency,weave,8,priority_mix_high,256,496,161696,161826
latency,weave,8,priority_mix_normal,256,497,133191,133332
latency,weave,8,priority_mix_low,256,498,138413,138553
latency,weave,8,priority_mix_high,256,499,147589,147719
latency,weave,8,priority_mix_normal,256,500,210794,210934
latency,weave,8,priority_mix_high,256,501,29672,29812
latency,weave,8,priority_mix_low,256,502,211815,211946
latency,weave,8,priority_mix_normal,256,503,222707,222837
latency,weave,8,priority_mix_low,256,504,143486,143616
latency,weave,8,priority_mix_high,256,505,130196,130336
latency,weave,8,priority_mix_normal,256,506,43729,43869
latency,weave,8,priority_mix_low,256,507,105249,105389
latency,weave,8,priority_mix_high,256,508,144143,144283
latency,weave,8,priority_mix_normal,256,509,227891,228031
latency,weave,8,priority_mix_low,256,510,181409,181549
latency,weave,8,priority_mix_high,256,511,43036,43166
latency,weave,8,priority_mix_high,256,512,26685,26825
latency,weave,8,priority_mix_normal,256,513,181408,181548
latency,weave,8,priority_mix_low,256,514,179353,179494
latency,weave,8,priority_mix_high,256,515,195299,195440
latency,weave,8,priority_mix_normal,256,516,193336,193466
latency,weave,8,priority_mix_low,256,517,35140,35281
latency,weave,8,priority_mix_high,256,518,28509,28649
latency,weave,8,priority_mix_normal,256,519,217116,217256
latency,weave,8,priority_mix_low,256,520,213289,213419
latency,weave,8,priority_mix_high,256,521,173869,174009
latency,weave,8,priority_mix_normal,256,522,210473,210614
latency,weave,8,priority_mix_low,256,523,169546,169686
latency,weave,8,priority_mix_high,256,524,219275,219415
latency,weave,8,priority_mix_normal,256,525,161155,161285
latency,weave,8,priority_mix_low,256,526,208675,208815
latency,weave,8,priority_mix_high,256,527,169791,169922
latency,weave,8,priority_mix_normal,256,528,228673,228803
latency,weave,8,priority_mix_low,256,529,155459,155589
latency,weave,8,priority_mix_high,256,530,149924,150064
latency,weave,8,priority_mix_normal,256,531,143888,144018
latency,weave,8,priority_mix_low,256,532,159112,159242
latency,weave,8,priority_mix_high,256,533,226519,226660
latency,weave,8,priority_mix_normal,256,534,162823,162963
latency,weave,8,priority_mix_low,256,535,219455,219595
latency,weave,8,priority_mix_high,256,536,151772,151912
latency,weave,8,priority_mix_normal,256,537,151473,151613
latency,weave,8,priority_mix_low,256,538,138012,138152
latency,weave,8,priority_mix_high,256,539,152525,152665
latency,weave,8,priority_mix_normal,256,540,263784,263924
latency,weave,8,priority_mix_low,256,541,156947,157087
latency,weave,8,priority_mix_high,256,542,221059,221189
latency,weave,8,priority_mix_normal,256,543,154949,155089
latency,weave,8,priority_mix_low,256,544,216370,216510
latency,weave,8,priority_mix_high,256,545,158179,158309
latency,weave,8,priority_mix_normal,256,546,211681,211822
latency,weave,8,priority_mix_high,256,547,31048,31178
latency,weave,8,priority_mix_low,256,548,193667,193747
latency,weave,8,priority_mix_normal,256,549,25879,26019
latency,weave,8,priority_mix_low,256,550,22623,22753
latency,weave,8,priority_mix_high,256,551,23284,23414
latency,weave,8,priority_mix_normal,256,552,28043,28173
latency,weave,8,priority_mix_low,256,553,28954,29095
latency,weave,8,priority_mix_high,256,554,27953,28084
latency,weave,8,priority_mix_normal,256,555,29806,29947
latency,weave,8,priority_mix_low,256,556,24296,24426
latency,weave,8,priority_mix_normal,256,557,6773,6893
latency,weave,8,priority_mix_high,256,558,36139,36269
latency,weave,8,priority_mix_high,256,559,13655,13786
latency,weave,8,priority_mix_high,256,560,14066,14136
latency,weave,8,priority_mix_high,256,561,12934,13014
latency,weave,8,priority_mix_high,256,562,12914,12995
latency,weave,8,priority_mix_high,256,563,12824,12894
latency,weave,8,priority_mix_high,256,564,12183,12263
latency,weave,8,priority_mix_high,256,565,12143,12213
latency,weave,8,priority_mix_high,256,566,12123,12203
latency,weave,8,priority_mix_high,256,567,11241,11311
latency,weave,8,priority_mix_high,256,568,11251,11321
latency,weave,8,priority_mix_high,256,569,10659,10739
latency,weave,8,priority_mix_high,256,570,10680,10760
latency,weave,8,priority_mix_high,256,571,10700,10780
latency,weave,8,priority_mix_high,256,572,9738,9818
latency,weave,8,priority_mix_high,256,573,9708,9778
latency,weave,8,priority_mix_normal,256,574,19206,19276
latency,weave,8,priority_mix_normal,256,575,18936,19006
latency,weave,8,priority_mix_normal,256,576,18735,18815
latency,weave,8,priority_mix_normal,256,577,18284,18354
latency,weave,8,priority_mix_normal,256,578,18204,18284
latency,weave,8,priority_mix_normal,256,579,18174,18254
latency,weave,8,priority_mix_normal,256,580,17483,17563
latency,weave,8,priority_mix_normal,256,581,17382,17452
latency,weave,8,priority_mix_normal,256,582,16501,16571
latency,weave,8,priority_mix_normal,256,583,16460,16530
latency,weave,8,priority_mix_normal,256,584,16361,16441
latency,weave,8,priority_mix_normal,256,585,15889,15970
latency,weave,8,priority_mix_normal,256,586,15940,16020
latency,weave,8,priority_mix_normal,256,587,15860,15930
latency,weave,8,priority_mix_normal,256,588,14948,15028
latency,weave,8,priority_mix_normal,256,589,15038,15108
latency,weave,8,priority_mix_low,256,590,59262,59332
latency,weave,8,priority_mix_low,256,591,24706,24776
latency,weave,8,priority_mix_low,256,592,24506,24576
latency,weave,8,priority_mix_low,256,593,24386,24456
latency,weave,8,priority_mix_low,256,594,23194,23274
latency,weave,8,priority_mix_low,256,595,23113,23183
latency,weave,8,priority_mix_low,256,596,22462,22542
latency,weave,8,priority_mix_low,256,597,22462,22533
latency,weave,8,priority_mix_low,256,598,22412,22482
latency,weave,8,priority_mix_low,256,599,21581,21661
latency,weave,8,priority_mix_low,256,600,21590,21670
latency,weave,8,priority_mix_low,256,601,21551,21631
latency,weave,8,priority_mix_low,256,602,21019,21089
latency,weave,8,priority_mix_low,256,603,21149,21219
latency,weave,8,priority_mix_low,256,604,20188,20268
latency,weave,8,priority_mix_high,256,605,29902,30042
latency,weave,8,priority_mix_low,256,606,20268,20339
latency,weave,8,priority_mix_low,256,607,20248,20328
latency,weave,8,priority_mix_high,256,608,290430,290570
latency,weave,8,priority_mix_normal,256,609,171615,171755
latency,weave,8,priority_mix_low,256,610,171344,171484
latency,weave,8,priority_mix_high,256,611,174816,174956
latency,weave,8,priority_mix_normal,256,612,181474,181614
latency,weave,8,priority_mix_low,256,613,186563,186704
latency,weave,8,priority_mix_high,256,614,185366,185506
latency,weave,8,priority_mix_normal,256,615,179324,179454
latency,weave,8,priority_mix_low,256,616,204237,204377
latency,weave,8,priority_mix_high,256,617,190821,191041
latency,weave,8,priority_mix_normal,256,618,181148,181288
latency,weave,8,priority_mix_low,256,619,198351,198491
latency,weave,8,priority_mix_high,256,620,188277,188417
latency,weave,8,priority_mix_normal,256,621,193206,193346
latency,weave,8,priority_mix_low,256,622,170567,170707
latency,weave,8,priority_mix_high,256,623,206787,206927
latency,weave,8,priority_mix_normal,256,624,154919,155050
latency,weave,8,priority_mix_low,256,625,214626,214756
latency,weave,8,priority_mix_high,256,626,165753,165893
latency,weave,8,priority_mix_normal,256,627,194849,194979
latency,weave,8,priority_mix_low,256,628,168109,168249
latency,weave,8,priority_mix_high,256,629,172683,172823
latency,weave,8,priority_mix_normal,256,630,160764,160905
latency,weave,8,priority_mix_low,256,631,215268,215408
latency,weave,8,priority_mix_high,256,632,168699,168839
latency,weave,8,priority_mix_normal,256,633,324664,324804
latency,weave,8,priority_mix_low,256,634,175257,175387
latency,weave,8,priority_mix_high,256,635,180642,180782
latency,weave,8,priority_mix_normal,256,636,189099,189239
latency,weave,8,priority_mix_low,256,637,195780,195911
latency,weave,8,priority_mix_high,256,638,178839,178979
latency,weave,8,priority_mix_normal,256,639,31565,31695
latency,weave,8,priority_mix_low,256,640,277976,278116
latency,weave,8,priority_mix_high,256,641,37641,37782
latency,weave,8,priority_mix_normal,256,642,60585,60726
latency,weave,8,priority_mix_low,256,643,210444,210584
latency,weave,8,priority_mix_high,256,644,162253,162373
latency,weave,8,priority_mix_normal,256,645,193286,193426
latency,weave,8,priority_mix_low,256,646,155114,155254
latency,weave,8,priority_mix_high,256,647,171530,171671
latency,weave,8,priority_mix_normal,256,648,186158,186298
latency,weave,8,priority_mix_low,256,649,71185,71325
latency,weave,8,priority_mix_high,256,650,195997,196137
latency,weave,8,priority_mix_normal,256,651,201667,201807
latency,weave,8,priority_mix_low,256,652,63611,63751
latency,weave,8,priority_mix_high,256,653,514961,515101
latency,weave,8,priority_mix_normal,256,654,308665,308795
latency,weave,8,priority_mix_low,256,655,209818,209958
latency,weave,8,priority_mix_high,256,656,171595,171725
latency,weave,8,priority_mix_normal,256,657,69953,70083
latency,weave,8,priority_mix_low,256,658,168088,168229
latency,weave,8,priority_mix_high,256,659,165473,165614
latency,weave,8,priority_mix_normal,256,660,183704,183844
latency,weave,8,priority_mix_high,256,661,28984,29125
latency,weave,8,priority_mix_low,256,662,251827,251967
latency,weave,8,priority_mix_normal,256,663,196186,196326
latency,weave,8,priority_mix_low,256,664,141638,141778
latency,weave,8,priority_mix_high,256,665,184715,184855
latency,weave,8,priority_mix_normal,256,666,159617,159757
latency,weave,8,priority_mix_low,256,667,131002,131142
latency,weave,8,priority_mix_high,256,668,181694,181824
latency,weave,8,priority_mix_normal,256,669,235396,235526
latency,weave,8,priority_mix_low,256,670,120753,120884
latency,weave,8,priority_mix_high,256,671,121274,121404
latency,weave,8,priority_mix_normal,256,672,185390,185531
latency,weave,8,priority_mix_low,256,673,153666,153787
latency,weave,8,priority_mix_high,256,674,190216,190346
latency,weave,8,priority_mix_normal,256,675,123339,123479
latency,weave,8,priority_mix_low,256,676,177346,177486
latency,weave,8,priority_mix_high,256,677,209602,209742
latency,weave,8,priority_mix_normal,256,678,155409,155529
latency,weave,8,priority_mix_high,256,679,26785,26925
latency,weave,8,priority_mix_low,256,680,252613,252753
latency,weave,8,priority_mix_normal,256,681,142484,142624
latency,weave,8,priority_mix_low,256,682,199613,199753
latency,weave,8,priority_mix_high,256,683,180527,180667
latency,weave,8,priority_mix_normal,256,684,31213,31284
latency,weave,8,priority_mix_low,256,685,30271,30412
latency,weave,8,priority_mix_high,256,686,26094,26234
latency,weave,8,priority_mix_normal,256,687,25964,26094
latency,weave,8,priority_mix_low,256,688,26515,26635
latency,weave,8,priority_mix_high,256,689,26695,26835
latency,weave,8,priority_mix_normal,256,690,24020,24150
latency,weave,8,priority_mix_low,256,691,27596,27727
latency,weave,8,priority_mix_high,256,692,26044,26184
latency,weave,8,priority_mix_normal,256,693,28398,28528
latency,weave,8,priority_mix_low,256,694,27817,27947
latency,weave,8,priority_mix_high,256,695,26966,27086
latency,weave,8,priority_mix_normal,256,696,24160,24301
latency,weave,8,priority_mix_low,256,697,26875,27015
latency,weave,8,priority_mix_high,256,698,34981,35111
latency,weave,8,priority_mix_normal,256,699,19090,19191
latency,weave,8,priority_mix_high,256,700,956,1036
latency,weave,8,priority_mix_normal,256,701,656,726
latency,weave,8,priority_mix_high,256,702,997,1067
latency,weave,8,priority_mix_normal,256,703,706,787
latency,weave,8,priority_mix_high,256,704,686,757
latency,weave,8,priority_mix_high,256,705,355,435
latency,weave,8,priority_mix_normal,256,706,1247,1317
latency,weave,8,priority_mix_normal,256,707,957,1037
latency,weave,8,priority_mix_high,256,708,346,446
latency,weave,8,priority_mix_low,256,709,9131,9261
latency,weave,8,priority_mix_low,256,710,8460,8530
latency,weave,8,priority_mix_low,256,711,7519,7589
latency,weave,8,priority_mix_low,256,712,7138,7218
latency,weave,8,priority_mix_low,256,713,6697,6767
latency,weave,8,priority_mix_normal,256,714,19566,19697
latency,weave,8,priority_mix_low,256,715,159001,159141
latency,weave,8,priority_mix_high,256,716,179134,179274
latency,weave,8,priority_mix_normal,256,717,167402,167542
latency,weave,8,priority_mix_low,256,718,170879,171019
latency,weave,8,priority_mix_high,256,719,182526,182666
latency,weave,8,priority_mix_normal,256,720,165469,165609
latency,weave,8,priority_mix_low,256,721,189955,190085
latency,weave,8,priority_mix_high,256,722,197560,197700
latency,weave,8,priority_mix_normal,256,723,178428,178569
latency,weave,8,priority_mix_low,256,724,178809,178949
latency,weave,8,priority_mix_high,256,725,203751,203891
latency,weave,8,priority_mix_normal,256,726,200715,200846
latency,weave,8,priority_mix_low,256,727,70504,70644
latency,weave,8,priority_mix_high,256,728,297082,297223
latency,weave,8,priority_mix_normal,256,729,152984,153125
latency,weave,8,priority_mix_low,256,730,134018,134148
latency,weave,8,priority_mix_high,256,731,146171,146312
latency,weave,8,priority_mix_normal,256,732,228107,228237
latency,weave,8,priority_mix_low,256,733,149387,149507
latency,weave,8,priority_mix_high,256,734,234308,234439
latency,weave,8,priority_mix_normal,256,735,157087,157228
latency,weave,8,priority_mix_low,256,736,220984,221124
latency,weave,8,priority_mix_high,256,737,146062,146192
latency,weave,8,priority_mix_normal,256,738,140712,140842
latency,weave,8,priority_mix_low,256,739,132851,132991
latency,weave,8,priority_mix_high,256,740,147619,147759
latency,weave,8,priority_mix_normal,256,741,241988,242119
latency,weave,8,priority_mix_low,256,742,151571,151712
latency,weave,8,priority_mix_high,256,743,318167,318307
latency,weave,8,priority_mix_normal,256,744,162452,162593
latency,weave,8,priority_mix_low,256,745,270452,270592
latency,weave,8,priority_mix_high,256,746,164666,164807
latency,weave,8,priority_mix_normal,256,747,219211,219351
latency,weave,8,priority_mix_low,256,748,157198,157328
latency,weave,8,priority_mix_high,256,749,189844,189984
latency,weave,8,priority_mix_normal,256,750,155439,155579
latency,weave,8,priority_mix_low,256,751,192820,192960
latency,weave,8,priority_mix_high,256,752,196512,196652
latency,weave,8,priority_mix_normal,256,753,56728,56868
latency,weave,8,priority_mix_low,256,754,244678,244808
latency,weave,8,priority_mix_high,256,755,150339,150469
latency,weave,8,priority_mix_normal,256,756,144217,144357
latency,weave,8,priority_mix_low,256,757,120819,120959
latency,weave,8,priority_mix_high,256,758,132876,133006
latency,weave,8,priority_mix_normal,256,759,236393,236533
latency,weave,8,priority_mix_low,256,760,175872,176003
latency,weave,8,priority_mix_high,256,761,212477,212607
latency,weave,8,priority_mix_normal,256,762,146231,146371
latency,weave,8,priority_mix_low,256,763,251485,251616
latency,weave,8,priority_mix_high,256,764,146020,146161
latency,weave,8,priority_mix_normal,256,765,136723,136853
latency,weave,8,priority_mix_low,256,766,136458,136599
latency,weave,8,priority_mix_high,256,767,160890,161030
latency,weave,8,priority_mix_high,256,768,28975,29105
latency,weave,8,priority_mix_normal,256,769,198876,199007
latency,weave,8,priority_mix_low,256,770,93151,93271
latency,weave,8,priority_mix_high,256,771,248946,249076
latency,weave,8,priority_mix_normal,256,772,228617,228777
latency,weave,8,priority_mix_low,256,773,207418,207549
latency,weave,8,priority_mix_high,256,774,197178,197318
latency,weave,8,priority_mix_normal,256,775,63756,63886
latency,weave,8,priority_mix_low,256,776,179811,179951
latency,weave,8,priority_mix_high,256,777,181693,181834
latency,weave,8,priority_mix_normal,256,778,166540,166670
latency,weave,8,priority_mix_low,256,779,179545,179685
latency,weave,8,priority_mix_high,256,780,192429,192559
latency,weave,8,priority_mix_normal,256,781,189338,189478
latency,weave,8,priority_mix_low,256,782,375064,375204
latency,weave,8,priority_mix_high,256,783,189664,189794
latency,weave,8,priority_mix_normal,256,784,187085,187225
latency,weave,8,priority_mix_low,256,785,192845,192975
latency,weave,8,priority_mix_high,256,786,27823,27953
latency,weave,8,priority_mix_normal,256,787,237219,237359
latency,weave,8,priority_mix_low,256,788,179916,180056
latency,weave,8,priority_mix_high,256,789,158950,159091
latency,weave,8,priority_mix_normal,256,790,224410,224550
latency,weave,8,priority_mix_low,256,791,89189,89320
latency,weave,8,priority_mix_high,256,792,188317,188447
latency,weave,8,priority_mix_normal,256,793,169612,169752
latency,weave,8,priority_mix_low,256,794,213289,213429
latency,weave,8,priority_mix_high,256,795,199732,199862
latency,weave,8,priority_mix_normal,256,796,186527,186658
latency,weave,8,priority_mix_low,256,797,192649,192789
latency,weave,8,priority_mix_high,256,798,166405,166535
latency,weave,8,priority_mix_normal,256,799,179845,179986
latency,weave,8,priority_mix_low,256,800,166054,166194
latency,weave,8,priority_mix_high,256,801,184929,185070
latency,weave,8,priority_mix_normal,256,802,170689,170829
latency,weave,8,priority_mix_low,256,803,181253,181394
latency,weave,8,priority_mix_high,256,804,155549,155669
latency,weave,8,priority_mix_normal,256,805,184764,184904
latency,weave,8,priority_mix_low,256,806,183362,183502
latency,weave,8,priority_mix_high,256,807,200931,201071
latency,weave,8,priority_mix_normal,256,808,153255,153385
latency,weave,8,priority_mix_low,256,809,185691,185831
latency,weave,8,priority_mix_high,256,810,199137,199277
latency,weave,8,priority_mix_normal,256,811,74235,74375
latency,weave,8,priority_mix_low,256,812,167251,167392
latency,weave,8,priority_mix_high,256,813,160664,160804
latency,weave,8,priority_mix_normal,256,814,223673,223814
latency,weave,8,priority_mix_low,256,815,163980,164131
latency,weave,8,priority_mix_high,256,816,27873,28013
latency,weave,8,priority_mix_normal,256,817,299026,299157
latency,weave,8,priority_mix_low,256,818,234038,234168
latency,weave,8,priority_mix_high,256,819,143706,143846
latency,weave,8,priority_mix_normal,256,820,143401,143542
latency,weave,8,priority_mix_low,256,821,149949,150089
latency,weave,8,priority_mix_high,256,822,204697,204837
latency,weave,8,priority_mix_normal,256,823,152790,152910
latency,weave,8,priority_mix_high,256,824,81128,81258
latency,weave,8,priority_mix_normal,256,825,143021,143151
latency,weave,8,priority_mix_low,256,826,279415,279485
latency,weave,8,priority_mix_low,256,827,111211,111281
latency,weave,8,priority_mix_high,256,828,195785,195925
latency,weave,8,priority_mix_normal,256,829,189308,189438
latency,weave,8,priority_mix_low,256,830,168473,168613
latency,weave,8,priority_mix_high,256,831,166861,167002
latency,weave,8,priority_mix_normal,256,832,170402,170542
latency,weave,8,priority_mix_low,256,833,191827,191957
latency,weave,8,priority_mix_high,256,834,187535,187675
latency,weave,8,priority_mix_normal,256,835,173954,174084
latency,weave,8,priority_mix_low,256,836,203225,203365
latency,weave,8,priority_mix_high,256,837,164762,164903
latency,weave,8,priority_mix_normal,256,838,186218,186358
latency,weave,8,priority_mix_low,256,839,181604,181734
latency,weave,8,priority_mix_high,256,840,232585,232715
latency,weave,8,priority_mix_normal,256,841,164065,164195
latency,weave,8,priority_mix_low,256,842,187826,187966
latency,weave,8,priority_mix_high,256,843,159766,159907
latency,weave,8,priority_mix_normal,256,844,215033,215173
latency,weave,8,priority_mix_normal,256,845,26820,26960
latency,weave,8,priority_mix_low,256,846,217297,217367
latency,weave,8,priority_mix_high,256,847,54257,54398
latency,weave,8,priority_mix_low,256,848,26184,26324
latency,weave,8,priority_mix_high,256,849,24090,24221
latency,weave,8,priority_mix_normal,256,850,24201,24331
latency,weave,8,priority_mix_high,256,851,9092,9222
latency,weave,8,priority_mix_high,256,852,9162,9262
latency,weave,8,priority_mix_high,256,853,8340,8420
latency,weave,8,priority_mix_high,256,854,8240,8310
latency,weave,8,priority_mix_high,256,855,7990,8060
latency,weave,8,priority_mix_high,256,856,7369,7439
latency,weave,8,priority_mix_high,256,857,7379,7459
latency,weave,8,priority_mix_high,256,858,6527,6608
latency,weave,8,priority_mix_high,256,859,6617,6698
latency,weave,8,priority_mix_high,256,860,6647,6717
latency,weave,8,priority_mix_high,256,861,5786,5866
latency,weave,8,priority_mix_high,256,862,5835,5906
latency,weave,8,priority_mix_high,256,863,5585,5655
latency,weave,8,priority_mix_high,256,864,4433,4513
latency,weave,8,priority_mix_high,256,865,4253,4323
latency,weave,8,priority_mix_high,256,866,3371,3441
latency,weave,8,priority_mix_high,256,867,3011,3091
latency,weave,8,priority_mix_high,256,868,2830,2900
latency,weave,8,priority_mix_high,256,869,1979,2049
latency,weave,8,priority_mix_high,256,870,1667,1738
latency,weave,8,priority_mix_high,256,871,1137,1207
latency,weave,8,priority_mix_high,256,872,395,495
latency,weave,8,priority_mix_normal,256,873,18229,18319
latency,weave,8,priority_mix_high,256,874,636,716
latency,weave,8,priority_mix_normal,256,875,18519,18609
latency,weave,8,priority_mix_normal,256,876,17528,17608
latency,weave,8,priority_mix_high,256,877,516,586
latency,weave,8,priority_mix_high,256,878,305,376
latency,weave,8,priority_mix_normal,256,879,18149,18219
latency,weave,8,priority_mix_high,256,880,556,626
latency,weave,8,priority_mix_normal,256,881,17427,17498
latency,weave,8,priority_mix_normal,256,882,17528,17598
latency,weave,8,priority_mix_high,256,883,405,475
latency,weave,8,priority_mix_normal,256,884,18129,18199
latency,weave,8,priority_mix_high,256,885,796,866
latency,weave,8,priority_mix_normal,256,886,17798,17868
latency,weave,8,priority_mix_high,256,887,726,806
latency,weave,8,priority_mix_normal,256,888,18189,18260
latency,weave,8,priority_mix_high,256,889,706,776
latency,weave,8,priority_mix_high,256,890,375,445
latency,weave,8,priority_mix_normal,256,891,19171,19241
latency,weave,8,priority_mix_normal,256,892,18450,18540
latency,weave,8,priority_mix_high,256,893,626,706
latency,weave,8,priority_mix_high,256,894,416,486
latency,weave,8,priority_mix_high,256,895,385,455
latency,weave,8,priority_mix_normal,256,896,20103,20183
latency,weave,8,priority_mix_high,256,897,526,596
latency,weave,8,priority_mix_high,256,898,345,426
latency,weave,8,priority_mix_normal,256,899,20303,20373
latency,weave,8,priority_mix_normal,256,900,19983,20053
latency,weave,8,priority_mix_normal,256,901,19752,19822
latency,weave,8,priority_mix_high,256,902,1207,1297
latency,weave,8,priority_mix_high,256,903,456,526
latency,weave,8,priority_mix_normal,256,904,38167,38307
latency,weave,8,priority_mix_normal,256,905,38697,38778
latency,weave,8,priority_mix_normal,256,906,38277,38347
latency,weave,8,priority_mix_normal,256,907,37375,37445
latency,weave,8,priority_mix_normal,256,908,36764,36834
latency,weave,8,priority_mix_normal,256,909,35652,35732
latency,weave,8,priority_mix_normal,256,910,35401,35481
latency,weave,8,priority_mix_normal,256,911,34931,35011
latency,weave,8,priority_mix_normal,256,912,34109,34179
latency,weave,8,priority_mix_normal,256,913,33859,33929
latency,weave,8,priority_mix_normal,256,914,33477,33557
latency,weave,8,priority_mix_normal,256,915,32466,32536
latency,weave,8,priority_mix_normal,256,916,31904,31974
latency,weave,8,priority_mix_normal,256,917,31113,31183
latency,weave,8,priority_mix_normal,256,918,30742,30813
latency,weave,8,priority_mix_normal,256,919,30252,30332
latency,weave,8,priority_mix_normal,256,920,29410,29481
latency,weave,8,priority_mix_normal,256,921,28989,29059
latency,weave,8,priority_mix_normal,256,922,28588,28669
latency,weave,8,priority_mix_normal,256,923,27717,27787
latency,weave,8,priority_mix_normal,256,924,27436,27517
latency,weave,8,priority_mix_normal,256,925,26434,26504
latency,weave,8,priority_mix_low,256,926,75367,75437
latency,weave,8,priority_mix_low,256,927,74761,74892
latency,weave,8,priority_mix_low,256,928,74662,74742
latency,weave,8,priority_mix_low,256,929,74491,74572
latency,weave,8,priority_mix_low,256,930,74140,74220
latency,weave,8,priority_mix_low,256,931,73159,73229
latency,weave,8,priority_mix_low,256,932,73048,73128
latency,weave,8,priority_mix_low,256,933,73038,73118
latency,weave,8,priority_mix_low,256,934,72046,72117
latency,weave,8,priority_mix_low,256,935,71956,72036
latency,weave,8,priority_mix_low,256,936,71034,71105
latency,weave,8,priority_mix_low,256,937,71014,71094
latency,weave,8,priority_mix_low,256,938,70905,70975
latency,weave,8,priority_mix_low,256,939,69742,69822
latency,weave,8,priority_mix_low,256,940,69361,69431
latency,weave,8,priority_mix_low,256,941,69231,69302
latency,weave,8,priority_mix_low,256,942,68149,68229
latency,weave,8,priority_mix_low,256,943,67527,67608
latency,weave,8,priority_mix_low,256,944,66646,66716
latency,weave,8,priority_mix_low,256,945,66195,66276
latency,weave,8,priority_mix_low,256,946,65654,65734
latency,weave,8,priority_mix_low,256,947,64693,64763
latency,weave,8,priority_mix_low,256,948,64271,64351
latency,weave,8,priority_mix_low,256,949,63981,64051
latency,weave,8,priority_mix_low,256,950,63219,63290
latency,weave,8,priority_mix_low,256,951,62869,62949
latency,weave,8,priority_mix_low,256,952,61908,61978
latency,weave,8,priority_mix_low,256,953,61586,61666
latency,weave,8,priority_mix_low,256,954,61076,61156
latency,weave,8,priority_mix_low,256,955,60294,60375
latency,weave,8,priority_mix_low,256,956,59913,59993
latency,weave,8,priority_mix_low,256,957,59543,59613
latency,weave,8,priority_mix_low,256,958,58731,58811
latency,weave,8,priority_mix_low,256,959,58261,58331
latency,weave,8,priority_mix_low,256,960,57198,57268
latency,weave,8,priority_mix_low,256,961,57018,57098
latency,weave,8,priority_mix_low,256,962,56697,56777
latency,weave,8,priority_mix_low,256,963,55826,55896
latency,weave,8,priority_mix_normal,256,964,223273,223413
latency,weave,8,priority_mix_low,256,965,187120,187250
latency,weave,8,priority_mix_high,256,966,233472,233602
latency,weave,8,priority_mix_normal,256,967,165920,166060
latency,weave,8,priority_mix_high,256,968,27978,28118
latency,weave,8,priority_mix_low,256,969,356159,356300
latency,weave,8,priority_mix_normal,256,970,130061,130191
latency,weave,8,priority_mix_low,256,971,222872,223002
latency,weave,8,priority_mix_high,256,972,30869,31009
latency,weave,8,priority_mix_normal,256,973,202778,202919
latency,weave,8,priority_mix_low,256,974,212147,212287
latency,weave,8,priority_mix_high,256,975,182715,182855
latency,weave,8,priority_mix_normal,256,976,29616,29696
latency,weave,8,priority_mix_low,256,977,28104,28244
latency,weave,8,priority_mix_high,256,978,24707,24837
latency,weave,8,priority_mix_normal,256,979,25208,25338
latency,weave,8,priority_mix_low,256,980,25017,25148
latency,weave,8,priority_mix_high,256,981,25658,25789
latency,weave,8,priority_mix_normal,256,982,24367,24497
latency,weave,8,priority_mix_high,256,983,4829,4959
latency,weave,8,priority_mix_high,256,984,5139,5219
latency,weave,8,priority_mix_high,256,985,5029,5109
latency,weave,8,priority_mix_high,256,986,4719,4789
latency,weave,8,priority_mix_high,256,987,4719,4799
latency,weave,8,priority_mix_high,256,988,4809,4909
latency,weave,8,priority_mix_high,256,989,4709,4789
latency,weave,8,priority_mix_high,256,990,4378,4448
latency,weave,8,priority_mix_high,256,991,4528,4598
latency,weave,8,priority_mix_high,256,992,3286,3356
latency,weave,8,priority_mix_high,256,993,2685,2765
latency,weave,8,priority_mix_high,256,994,2064,2134
latency,weave,8,priority_mix_high,256,995,1783,1853
latency,weave,8,priority_mix_high,256,996,1413,1483
latency,weave,8,priority_mix_normal,256,997,10310,10380
latency,weave,8,priority_mix_normal,256,998,11071,11151
latency,weave,8,priority_mix_normal,256,999,10910,10981
latency,weave,8,priority_mix_normal,256,1000,10399,10469
latency,weave,8,priority_mix_normal,256,1001,28400,28540
latency,weave,8,priority_mix_normal,256,1002,45923,46053
latency,weave,8,priority_mix_normal,256,1003,45642,45712
latency,weave,8,priority_mix_normal,256,1004,44941,45011
latency,weave,8,priority_mix_normal,256,1005,44109,44190
latency,weave,8,priority_mix_normal,256,1006,43698,43768
latency,weave,8,priority_mix_normal,256,1007,43118,43198
latency,weave,8,priority_mix_normal,256,1008,42726,42796
latency,weave,8,priority_mix_low,256,1009,86249,86329
latency,weave,8,priority_mix_low,256,1010,51342,51412
latency,weave,8,priority_mix_low,256,1011,51223,51303
latency,weave,8,priority_mix_low,256,1012,51122,51193
latency,weave,8,priority_mix_low,256,1013,50561,50641
latency,weave,8,priority_mix_low,256,1014,50411,50492
latency,weave,8,priority_mix_low,256,1015,50080,50150
latency,weave,8,priority_mix_low,256,1016,50020,50101
latency,weave,8,priority_mix_low,256,1017,49619,49689
latency,weave,8,priority_mix_low,256,1018,48598,48678
latency,weave,8,priority_mix_low,256,1019,47936,48006
latency,weave,8,priority_mix_low,256,1020,47486,47556
latency,weave,8,priority_mix_low,256,1021,46884,46964
latency,weave,8,priority_mix_low,256,1022,46514,46594
latency,weave,8,priority_mix_normal,256,1023,62648,62779
latency,weave,8,priority_mix_high,256,1024,25694,25834
latency,weave,8,priority_mix_normal,256,1025,280946,281077
latency,weave,8,priority_mix_low,256,1026,254587,254728
latency,weave,8,priority_mix_high,256,1027,159262,159402
latency,weave,8,priority_mix_normal,256,1028,230643,230783
latency,weave,8,priority_mix_low,256,1029,168470,168610
latency,weave,8,priority_mix_high,256,1030,183097,183237
latency,weave,8,priority_mix_normal,256,1031,160949,161079
latency,weave,8,priority_mix_low,256,1032,201361,201501
latency,weave,8,priority_mix_high,256,1033,157653,157793
latency,weave,8,priority_mix_normal,256,1034,203580,203720
latency,weave,8,priority_mix_low,256,1035,152513,152654
latency,weave,8,priority_mix_high,256,1036,220261,220401
latency,weave,8,priority_mix_normal,256,1037,149634,149774
latency,weave,8,priority_mix_high,256,1038,26185,26325
latency,weave,8,priority_mix_low,256,1039,241793,241923
latency,weave,8,priority_mix_normal,256,1040,142209,142339
latency,weave,8,priority_mix_low,256,1041,80081,80221
latency,weave,8,priority_mix_high,256,1042,152409,152549
latency,weave,8,priority_mix_normal,256,1043,169025,169165
latency,weave,8,priority_mix_low,256,1044,172030,172171
latency,weave,8,priority_mix_high,256,1045,153856,153996
latency,weave,8,priority_mix_normal,256,1046,191944,192084
latency,weave,8,priority_mix_high,256,1047,22332,22472
latency,weave,8,priority_mix_low,256,1048,223498,223638
latency,weave,8,priority_mix_normal,256,1049,200248,200369
latency,weave,8,priority_mix_low,256,1050,168544,168684
latency,weave,8,priority_mix_high,256,1051,208264,208405
latency,weave,8,priority_mix_normal,256,1052,26992,27132
latency,weave,8,priority_mix_low,256,1053,186403,186543
latency,weave,8,priority_mix_high,256,1054,134269,134410
latency,weave,8,priority_mix_normal,256,1055,136543,136684
latency,weave,8,priority_mix_low,256,1056,142995,143125
latency,weave,8,priority_mix_high,256,1057,194563,194703
latency,weave,8,priority_mix_normal,256,1058,159822,159963
latency,weave,8,priority_mix_high,256,1059,27988,28128
latency,weave,8,priority_mix_low,256,1060,255734,255875
latency,weave,8,priority_mix_normal,256,1061,130431,130561
latency,weave,8,priority_mix_high,256,1062,25734,25874
latency,weave,8,priority_mix_low,256,1063,247354,247484
latency,weave,8,priority_mix_normal,256,1064,149838,149969
latency,weave,8,priority_mix_low,256,1065,200434,200574
latency,weave,8,priority_mix_high,256,1066,159536,159676
latency,weave,8,priority_mix_normal,256,1067,205183,205323
latency,weave,8,priority_mix_low,256,1068,146692,146832
latency,weave,8,priority_mix_high,256,1069,208165,208305
latency,weave,8,priority_mix_normal,256,1070,142229,142369
latency,weave,8,priority_mix_low,256,1071,193913,194053
latency,weave,8,priority_mix_high,256,1072,148631,148771
latency,weave,8,priority_mix_normal,256,1073,207232,207372
latency,weave,8,priority_mix_low,256,1074,131093,131224
latency,weave,8,priority_mix_high,256,1075,323082,323212
latency,weave,8,priority_mix_normal,256,1076,143902,144043
latency,weave,8,priority_mix_low,256,1077,192054,192194
latency,weave,8,priority_mix_high,256,1078,145371,145491
latency,weave,8,priority_mix_normal,256,1079,236989,237129
latency,weave,8,priority_mix_low,256,1080,155570,155710
latency,weave,8,priority_mix_high,256,1081,194392,194532
latency,weave,8,priority_mix_normal,256,1082,190566,190706
latency,weave,8,priority_mix_low,256,1083,187545,187685
latency,weave,8,priority_mix_high,256,1084,203900,204031
latency,weave,8,priority_mix_normal,256,1085,157468,157608
latency,weave,8,priority_mix_low,256,1086,200850,200990
latency,weave,8,priority_mix_high,256,1087,175528,175658
latency,weave,8,priority_mix_normal,256,1088,178252,178412
latency,weave,8,priority_mix_low,256,1089,22708,22838
latency,weave,8,priority_mix_high,256,1090,285415,285555
latency,weave,8,priority_mix_normal,256,1091,189303,189444
latency,weave,8,priority_mix_low,256,1092,156546,156686
latency,weave,8,priority_mix_high,256,1093,215848,215989
latency,weave,8,priority_mix_normal,256,1094,158019,158149
latency,weave,8,priority_mix_low,256,1095,189233,189373
latency,weave,8,priority_mix_high,256,1096,172466,172607
latency,weave,8,priority_mix_normal,256,1097,195746,195886
latency,weave,8,priority_mix_low,256,1098,162628,162768
latency,weave,8,priority_mix_high,256,1099,180406,180536
latency,weave,8,priority_mix_normal,256,1100,155048,155188
latency,weave,8,priority_mix_low,256,1101,190345,190486
latency,weave,8,priority_mix_high,256,1102,150921,151061
latency,weave,8,priority_mix_normal,256,1103,205404,205534
latency,weave,8,priority_mix_low,256,1104,146242,146372
latency,weave,8,priority_mix_high,256,1105,137390,137521
latency,weave,8,priority_mix_normal,256,1106,143046,143176
latency,weave,8,priority_mix_low,256,1107,147720,147851
latency,weave,8,priority_mix_high,256,1108,328742,328883
latency,weave,8,priority_mix_normal,256,1109,124581,124711
latency,weave,8,priority_mix_high,256,1110,28799,28929
latency,weave,8,priority_mix_low,256,1111,254151,254291
latency,weave,8,priority_mix_normal,256,1112,155634,155765
latency,weave,8,priority_mix_low,256,1113,126103,126243
latency,weave,8,priority_mix_high,256,1114,144569,144709
latency,weave,8,priority_mix_normal,256,1115,192970,193110
latency,weave,8,priority_mix_low,256,1116,142650,142781
latency,weave,8,priority_mix_high,256,1117,133382,133522
latency,weave,8,priority_mix_normal,256,1118,134905,135036
latency,weave,8,priority_mix_low,256,1119,148497,148637
latency,weave,8,priority_mix_high,256,1120,201125,201266
latency,weave,8,priority_mix_normal,256,1121,135256,135386
latency,weave,8,priority_mix_low,256,1122,203159,203300
latency,weave,8,priority_mix_high,256,1123,170296,170426
latency,weave,8,priority_mix_normal,256,1124,183918,184058
latency,weave,8,priority_mix_low,256,1125,159466,159606
latency,weave,8,priority_mix_high,256,1126,171229,171369
latency,weave,8,priority_mix_normal,256,1127,163229,163359
latency,weave,8,priority_mix_low,256,1128,174395,174535
latency,weave,8,priority_mix_high,256,1129,550768,550898
latency,weave,8,priority_mix_normal,256,1130,29592,29732
latency,weave,8,priority_mix_low,256,1131,159607,159738
latency,weave,8,priority_mix_high,256,1132,140461,140591
latency,weave,8,priority_mix_normal,256,1133,143952,144093
latency,weave,8,priority_mix_low,256,1134,148331,148471
latency,weave,8,priority_mix_high,256,1135,199758,199899
latency,weave,8,priority_mix_normal,256,1136,152293,152433
latency,weave,8,priority_mix_low,256,1137,247493,247634
latency,weave,8,priority_mix_high,256,1138,143813,143953
latency,weave,8,priority_mix_normal,256,1139,195500,195631
latency,weave,8,priority_mix_low,256,1140,139884,140025
latency,weave,8,priority_mix_high,256,1141,203595,203725
latency,weave,8,priority_mix_normal,256,1142,184229,184359
latency,weave,8,priority_mix_low,256,1143,30027,30107
latency,weave,8,priority_mix_high,256,1144,27337,27477
latency,weave,8,priority_mix_normal,256,1145,24802,24932
latency,weave,8,priority_mix_low,256,1146,25573,25704
latency,weave,8,priority_mix_high,256,1147,25032,25163
latency,weave,8,priority_mix_normal,256,1148,34961,35081
latency,weave,8,priority_mix_high,256,1149,1267,1367
latency,weave,8,priority_mix_normal,256,1150,1397,1467
latency,weave,8,priority_mix_high,256,1151,486,556
latency,weave,8,priority_mix_normal,256,1152,776,846
latency,weave,8,priority_mix_high,256,1153,1387,1458
latency,weave,8,priority_mix_high,256,1154,1036,1106
latency,weave,8,priority_mix_normal,256,1155,1788,1868
latency,weave,8,priority_mix_high,256,1156,696,766
latency,weave,8,priority_mix_high,256,1157,606,686
latency,weave,8,priority_mix_normal,256,1158,2890,2960
latency,weave,8,priority_mix_normal,256,1159,1838,1919
latency,weave,8,priority_mix_high,256,1160,1137,1217
latency,weave,8,priority_mix_normal,256,1161,20453,20584
latency,weave,8,priority_mix_high,256,1162,20052,20132
latency,weave,8,priority_mix_high,256,1163,1527,1607
latency,weave,8,priority_mix_high,256,1164,946,1016
latency,weave,8,priority_mix_high,256,1165,1016,1096
latency,weave,8,priority_mix_high,256,1166,736,806
latency,weave,8,priority_mix_normal,256,1167,23008,23078
latency,weave,8,priority_mix_normal,256,1168,4744,4814
latency,weave,8,priority_mix_high,256,1169,786,856
latency,weave,8,priority_mix_high,256,1170,335,405
latency,weave,8,priority_mix_normal,256,1171,5284,5354
latency,weave,8,priority_mix_normal,256,1172,4503,4583
latency,weave,8,priority_mix_high,256,1173,1176,1246
latency,weave,8,priority_mix_high,256,1174,19116,19256
latency,weave,8,priority_mix_high,256,1175,1844,1924
latency,weave,8,priority_mix_high,256,1176,1323,1423
latency,weave,8,priority_mix_normal,256,1177,25663,25804
latency,weave,8,priority_mix_high,256,1178,982,1052
latency,weave,8,priority_mix_high,256,1179,651,722
latency,weave,8,priority_mix_normal,256,1180,26654,26755
latency,weave,8,priority_mix_normal,256,1181,25593,25673
latency,weave,8,priority_mix_normal,256,1182,25372,25442
latency,weave,8,priority_mix_normal,256,1183,24501,24581
latency,weave,8,priority_mix_normal,256,1184,23939,24009
latency,weave,8,priority_mix_normal,256,1185,5785,5855
latency,weave,8,priority_mix_normal,256,1186,5003,5083
latency,weave,8,priority_mix_normal,256,1187,4403,4473
latency,weave,8,priority_mix_normal,256,1188,3751,3822
latency,weave,8,priority_mix_low,256,1189,59156,59236
latency,weave,8,priority_mix_low,256,1190,58245,58315
latency,weave,8,priority_mix_low,256,1191,58906,59036
latency,weave,8,priority_mix_low,256,1192,57683,57763
latency,weave,8,priority_mix_low,256,1193,57463,57533
latency,weave,8,priority_mix_low,256,1194,57132,57212
latency,weave,8,priority_mix_low,256,1195,59768,59888
latency,weave,8,priority_mix_low,256,1196,56171,56251
latency,weave,8,priority_mix_low,256,1197,37596,37666
latency,weave,8,priority_mix_low,256,1198,37746,37816
latency,weave,8,priority_mix_low,256,1199,36473,36553
latency,weave,8,priority_mix_low,256,1200,36193,36273
latency,weave,8,priority_mix_low,256,1201,34890,34960
latency,weave,8,priority_mix_low,256,1202,34500,34570
latency,weave,8,priority_mix_low,256,1203,33929,33999
latency,weave,8,priority_mix_low,256,1204,32987,33057
latency,weave,8,priority_mix_low,256,1205,14782,14853
latency,weave,8,priority_mix_low,256,1206,17798,17928
latency,weave,8,priority_mix_low,256,1207,18420,18500
latency,weave,8,priority_mix_low,256,1208,17858,17928
latency,weave,8,priority_mix_low,256,1209,30598,30728
latency,weave,8,priority_mix_high,256,1210,274244,274374
latency,weave,8,priority_mix_normal,256,1211,224089,224230
latency,weave,8,priority_mix_low,256,1212,154833,154973
latency,weave,8,priority_mix_high,256,1213,206501,206641
latency,weave,8,priority_mix_normal,256,1214,169180,169320
latency,weave,8,priority_mix_low,256,1215,140586,140726
latency,weave,8,priority_mix_high,256,1216,150375,150515
latency,weave,8,priority_mix_normal,256,1217,179965,180106
latency,weave,8,priority_mix_low,256,1218,179975,180115
latency,weave,8,priority_mix_high,256,1219,27882,28023
latency,weave,8,priority_mix_normal,256,1220,291322,291452
latency,weave,8,priority_mix_low,256,1221,189463,189603
latency,weave,8,priority_mix_high,256,1222,176669,176800
latency,weave,8,priority_mix_normal,256,1223,27513,27583
latency,weave,8,priority_mix_low,256,1224,27992,28133
latency,weave,8,priority_mix_high,256,1225,25408,25538
latency,weave,8,priority_mix_normal,256,1226,23854,23985
latency,weave,8,priority_mix_low,256,1227,25177,25308
latency,weave,8,priority_mix_high,256,1228,24657,24787
latency,weave,8,priority_mix_high,256,1229,19506,19636
latency,weave,8,priority_mix_high,256,1230,19927,19997
latency,weave,8,priority_mix_high,256,1231,19507,19577
latency,weave,8,priority_mix_high,256,1232,19146,19216
latency,weave,8,priority_mix_high,256,1233,19096,19166
latency,weave,8,priority_mix_high,256,1234,18835,18915
latency,weave,8,priority_mix_high,256,1235,18695,18765
latency,weave,8,priority_mix_high,256,1236,18695,18776
latency,weave,8,priority_mix_high,256,1237,18224,18294
latency,weave,8,priority_mix_high,256,1238,18204,18285
latency,weave,8,priority_mix_high,256,1239,18154,18224
latency,weave,8,priority_mix_high,256,1240,17192,17263
latency,weave,8,priority_mix_high,256,1241,17523,17593
latency,weave,8,priority_mix_normal,256,1242,60104,60174
latency,weave,8,priority_mix_high,256,1243,350,431
latency,weave,8,priority_mix_normal,256,1244,26069,26139
latency,weave,8,priority_mix_high,256,1245,510,580
latency,weave,8,priority_mix_normal,256,1246,26079,26159
latency,weave,8,priority_mix_high,256,1247,27247,27387
latency,weave,8,priority_mix_high,256,1248,571,641
latency,weave,8,priority_mix_normal,256,1249,26069,26149
latency,weave,8,priority_mix_normal,256,1250,25954,26025
latency,weave,8,priority_mix_normal,256,1251,25808,25878
latency,weave,8,priority_mix_normal,256,1252,26716,26786
latency,weave,8,priority_mix_normal,256,1253,26250,26320
latency,weave,8,priority_mix_normal,256,1254,26195,26275
latency,weave,8,priority_mix_normal,256,1255,26018,26089
latency,weave,8,priority_mix_normal,256,1256,25534,25604
latency,weave,8,priority_mix_normal,256,1257,25287,25357
latency,weave,8,priority_mix_normal,256,1258,24421,24502
latency,weave,8,priority_mix_normal,256,1259,24226,24296
latency,weave,8,priority_mix_normal,256,1260,7389,7469
latency,weave,8,priority_mix_normal,256,1261,6291,6361
latency,weave,8,priority_mix_normal,256,1262,5416,5486
latency,weave,8,priority_mix_low,256,1263,33823,33904
latency,weave,8,priority_mix_low,256,1264,32638,32738
latency,weave,8,priority_mix_low,256,1265,32301,32371
latency,weave,8,priority_mix_low,256,1266,31945,32016
latency,weave,8,priority_mix_low,256,1267,31429,31529
latency,weave,8,priority_mix_low,256,1268,31244,31314
latency,weave,8,priority_mix_low,256,1269,31278,31358
latency,weave,8,priority_mix_low,256,1270,30954,31035
latency,weave,8,priority_mix_low,256,1271,47095,47225
latency,weave,8,priority_mix_low,256,1272,50015,50155
latency,weave,8,priority_mix_low,256,1273,52875,53005
latency,weave,8,priority_mix_low,256,1274,62688,62829
latency,weave,8,priority_mix_low,256,1275,46378,46458
latency,weave,8,priority_mix_low,256,1276,45606,45676
latency,weave,8,priority_mix_low,256,1277,44995,45065
latency,weave,8,priority_mix_low,256,1278,72627,72768
latency,weave,8,priority_mix_low,256,1279,73218,73349
latency,weave,8,priority_mix_high,256,1280,9799,9929
latency,weave,8,priority_mix_high,256,1281,10850,10921
latency,weave,8,priority_mix_high,256,1282,11122,11192
latency,weave,8,priority_mix_high,256,1283,11101,11172
latency,weave,8,priority_mix_high,256,1284,11061,11131
latency,weave,8,priority_mix_high,256,1285,11222,11302
latency,weave,8,priority_mix_high,256,1286,11001,11072
latency,weave,8,priority_mix_high,256,1287,10941,11011
latency,weave,8,priority_mix_high,256,1288,10892,10972
latency,weave,8,priority_mix_high,256,1289,10721,10791
latency,weave,8,priority_mix_high,256,1290,10651,10731
latency,weave,8,priority_mix_high,256,1291,10460,10530
latency,weave,8,priority_mix_high,256,1292,10380,10460
latency,weave,8,priority_mix_high,256,1293,10330,10400
latency,weave,8,priority_mix_high,256,1294,10010,10090
latency,weave,8,priority_mix_high,256,1295,9959,10029
latency,weave,8,priority_mix_high,256,1296,9960,10060
latency,weave,8,priority_mix_high,256,1297,34956,35087
latency,weave,8,priority_mix_high,256,1298,34976,35046
latency,weave,8,priority_mix_high,256,1299,35017,35097
latency,weave,8,priority_mix_high,256,1300,34636,34707
latency,weave,8,priority_mix_high,256,1301,34506,34576
latency,weave,8,priority_mix_high,256,1302,34065,34136
latency,weave,8,priority_mix_high,256,1303,33253,33323
latency,weave,8,priority_mix_normal,256,1304,45547,45627
latency,weave,8,priority_mix_normal,256,1305,45456,45526
latency,weave,8,priority_mix_normal,256,1306,45387,45457
latency,weave,8,priority_mix_normal,256,1307,45156,45236
latency,weave,8,priority_mix_normal,256,1308,45096,45166
latency,weave,8,priority_mix_normal,256,1309,45015,45095
latency,weave,8,priority_mix_normal,256,1310,44796,44866
latency,weave,8,priority_mix_normal,256,1311,44725,44805
latency,weave,8,priority_mix_high,256,1312,39961,40102
latency,weave,8,priority_mix_normal,256,1313,44515,44585
latency,weave,8,priority_mix_normal,256,1314,44865,44935
latency,weave,8,priority_mix_normal,256,1315,45282,45352
latency,weave,8,priority_mix_normal,256,1316,44966,45036
latency,weave,8,priority_mix_normal,256,1317,44850,44931
latency,weave,8,priority_mix_normal,256,1318,44645,44715
latency,weave,8,priority_mix_normal,256,1319,44310,44380
latency,weave,8,priority_mix_normal,256,1320,44134,44214
latency,weave,8,priority_mix_high,256,1321,9579,9719
latency,weave,8,priority_mix_normal,256,1322,43348,43418
latency,weave,8,priority_mix_normal,256,1323,43152,43222
latency,weave,8,priority_mix_normal,256,1324,43774,43874
latency,weave,8,priority_mix_normal,256,1325,42927,42997
latency,weave,8,priority_mix_normal,256,1326,43222,43352
latency,weave,8,priority_mix_normal,256,1327,43042,43112
latency,weave,8,priority_mix_normal,256,1328,42486,42566
latency,weave,8,priority_mix_normal,256,1329,42391,42471
latency,weave,8,priority_mix_normal,256,1330,41338,41419
latency,weave,8,priority_mix_low,256,1331,53066,53137
latency,weave,8,priority_mix_low,256,1332,52981,53071
latency,weave,8,priority_mix_low,256,1333,52835,52915
latency,weave,8,priority_mix_low,256,1334,52641,52711
latency,weave,8,priority_mix_low,256,1335,52490,52560
latency,weave,8,priority_mix_low,256,1336,52185,52255
latency,weave,8,priority_mix_low,256,1337,51989,52069
latency,weave,8,priority_mix_low,256,1338,51829,51899
latency,weave,8,priority_mix_low,256,1339,51533,51604
latency,weave,8,priority_mix_low,256,1340,51387,51458
latency,weave,8,priority_mix_low,256,1341,51248,51348
latency,weave,8,priority_mix_low,256,1342,50932,51003
latency,weave,8,priority_mix_low,256,1343,50756,50827
latency,weave,8,priority_mix_low,256,1344,50306,50386
latency,weave,8,priority_mix_low,256,1345,49975,50045
latency,weave,8,priority_mix_low,256,1346,50160,50261
latency,weave,8,priority_mix_low,256,1347,50977,51047
latency,weave,8,priority_mix_low,256,1348,50937,51017
latency,weave,8,priority_mix_low,256,1349,50171,50241
latency,weave,8,priority_mix_low,256,1350,50005,50075
latency,weave,8,priority_mix_low,256,1351,49394,49464
latency,weave,8,priority_mix_low,256,1352,49229,49309
latency,weave,8,priority_mix_low,256,1353,49003,49083
latency,weave,8,priority_mix_low,256,1354,47711,47821
latency,weave,8,priority_mix_low,256,1355,69392,69522
latency,weave,8,priority_mix_normal,256,1356,67217,67348
latency,weave,8,priority_mix_low,256,1357,27522,27592
latency,weave,8,priority_mix_high,256,1358,24937,25067
latency,weave,8,priority_mix_normal,256,1359,240405,240536
latency,weave,8,priority_mix_low,256,1360,161050,161191
latency,weave,8,priority_mix_high,256,1361,177942,178082
latency,weave,8,priority_mix_normal,256,1362,168044,168184
latency,weave,8,priority_mix_low,256,1363,172617,172757
latency,weave,8,priority_mix_high,256,1364,163089,163219
latency,weave,8,priority_mix_normal,256,1365,306837,306977
latency,weave,8,priority_mix_low,256,1366,163500,163630
latency,weave,8,priority_mix_high,256,1367,191017,191158
latency,weave,8,priority_mix_normal,256,1368,163049,163180
latency,weave,8,priority_mix_low,256,1369,29993,30133
latency,weave,8,priority_mix_high,256,1370,245024,245164
latency,weave,8,priority_mix_normal,256,1371,185330,185471
latency,weave,8,priority_mix_low,256,1372,165825,165965
latency,weave,8,priority_mix_high,256,1373,213740,213870
latency,weave,8,priority_mix_normal,256,1374,94444,94625
latency,weave,8,priority_mix_high,256,1375,26125,26265
latency,weave,8,priority_mix_low,256,1376,292273,292413
latency,weave,8,priority_mix_normal,256,1377,318258,318398
latency,weave,8,priority_mix_low,256,1378,29656,29786
latency,weave,8,priority_mix_high,256,1379,206045,206185
latency,weave,8,priority_mix_normal,256,1380,244513,244643
latency,weave,8,priority_mix_low,256,1381,158240,158380
latency,weave,8,priority_mix_high,256,1382,206356,206496
latency,weave,8,priority_mix_normal,256,1383,153727,153857
latency,weave,8,priority_mix_low,256,1384,185711,185851
latency,weave,8,priority_mix_high,256,1385,155735,155875
latency,weave,8,priority_mix_normal,256,1386,189574,189715
latency,weave,8,priority_mix_low,256,1387,154743,154883
latency,weave,8,priority_mix_high,256,1388,238782,238912
latency,weave,8,priority_mix_normal,256,1389,136664,136804
latency,weave,8,priority_mix_low,256,1390,145741,145861
latency,weave,8,priority_mix_high,256,1391,130783,130913
latency,weave,8,priority_mix_normal,256,1392,156857,156998
latency,weave,8,priority_mix_low,256,1393,166846,166976
latency,weave,8,priority_mix_high,256,1394,180291,180422
latency,weave,8,priority_mix_normal,256,1395,143472,143612
latency,weave,8,priority_mix_high,256,1396,172968,173108
latency,weave,8,priority_mix_low,256,1397,404757,404897
latency,weave,8,priority_mix_normal,256,1398,145932,146072
latency,weave,8,priority_mix_high,256,1399,25494,25614
latency,weave,8,priority_mix_low,256,1400,254080,254211
latency,weave,8,priority_mix_normal,256,1401,143211,143341
latency,weave,8,priority_mix_high,256,1402,26320,26460
latency,weave,8,priority_mix_low,256,1403,247414,247554
latency,weave,8,priority_mix_normal,256,1404,143457,143597
latency,weave,8,priority_mix_high,256,1405,24556,24696
latency,weave,8,priority_mix_low,256,1406,266340,266480
latency,weave,8,priority_mix_normal,256,1407,146573,146713
latency,weave,8,priority_mix_low,256,1408,192320,192460
latency,weave,8,priority_mix_normal,256,1409,28469,28609
latency,weave,8,priority_mix_high,256,1410,62168,62308
latency,weave,8,priority_mix_low,256,1411,114362,114492
latency,weave,8,priority_mix_high,256,1412,253410,253540
latency,weave,8,priority_mix_normal,256,1413,155985,156125
latency,weave,8,priority_mix_low,256,1414,204493,204633
latency,weave,8,priority_mix_high,256,1415,198786,198927
latency,weave,8,priority_mix_normal,256,1416,78489,78629
latency,weave,8,priority_mix_low,256,1417,265267,265408
latency,weave,8,priority_mix_high,256,1418,190902,191043
latency,weave,8,priority_mix_normal,256,1419,265422,265563
latency,weave,8,priority_mix_low,256,1420,63015,63145
latency,weave,8,priority_mix_high,256,1421,220323,220463
latency,weave,8,priority_mix_normal,256,1422,168860,169001
latency,weave,8,priority_mix_low,256,1423,177061,177201
latency,weave,8,priority_mix_high,256,1424,170142,170272
latency,weave,8,priority_mix_high,256,1425,27012,27142
latency,weave,8,priority_mix_normal,256,1426,302172,302302
latency,weave,8,priority_mix_low,256,1427,106863,106943
latency,weave,8,priority_mix_normal,256,1428,176965,177095
latency,weave,8,priority_mix_low,256,1429,170589,170719
latency,weave,8,priority_mix_high,256,1430,185947,186077
latency,weave,8,priority_mix_normal,256,1431,167427,167567
latency,weave,8,priority_mix_low,256,1432,206867,207007
latency,weave,8,priority_mix_high,256,1433,156547,156687
latency,weave,8,priority_mix_normal,256,1434,176861,177001
latency,weave,8,priority_mix_low,256,1435,151256,151397
latency,weave,8,priority_mix_high,256,1436,186473,186613
latency,weave,8,priority_mix_high,256,1437,7314,7454
latency,weave,8,priority_mix_high,256,1438,8045,8126
latency,weave,8,priority_mix_high,256,1439,7865,7945
latency,weave,8,priority_mix_normal,256,1440,227391,227461
latency,weave,8,priority_mix_normal,256,1441,10710,10780
latency,weave,8,priority_mix_normal,256,1442,9679,9749
latency,weave,8,priority_mix_normal,256,1443,9478,9549
latency,weave,8,priority_mix_low,256,1444,62699,62769
latency,weave,8,priority_mix_low,256,1445,10901,10971
latency,weave,8,priority_mix_low,256,1446,10680,10750
latency,weave,8,priority_mix_low,256,1447,10561,10631
latency,weave,8,priority_mix_high,256,1448,38724,38864
latency,weave,8,priority_mix_normal,256,1449,24016,24146
latency,weave,8,priority_mix_low,256,1450,24978,25098
latency,weave,8,priority_mix_high,256,1451,19126,19266
latency,weave,8,priority_mix_normal,256,1452,27091,27222
latency,weave,8,priority_mix_low,256,1453,194694,194834
latency,weave,8,priority_mix_high,256,1454,146192,146332
latency,weave,8,priority_mix_high,256,1455,2870,3001
latency,weave,8,priority_mix_high,256,1456,3833,3913
latency,weave,8,priority_mix_high,256,1457,3873,3973
latency,weave,8,priority_mix_high,256,1458,3813,3883
latency,weave,8,priority_mix_high,256,1459,3843,3923
latency,weave,8,priority_mix_high,256,1460,3933,4014
latency,weave,8,priority_mix_high,256,1461,2871,3001
latency,weave,8,priority_mix_high,256,1462,2490,2560
latency,weave,8,priority_mix_high,256,1463,1218,1288
latency,weave,8,priority_mix_high,256,1464,1108,1188
latency,weave,8,priority_mix_normal,256,1465,10024,10094
latency,weave,8,priority_mix_normal,256,1466,8171,8241
latency,weave,8,priority_mix_high,256,1467,988,1058
latency,weave,8,priority_mix_normal,256,1468,8251,8341
latency,weave,8,priority_mix_normal,256,1469,8231,8312
latency,weave,8,priority_mix_normal,256,1470,7891,7961
latency,weave,8,priority_mix_normal,256,1471,8131,8201
latency,weave,8,priority_mix_normal,256,1472,6959,7029
latency,weave,8,priority_mix_normal,256,1473,6879,6949
latency,weave,8,priority_mix_normal,256,1474,6017,6097
latency,weave,8,priority_mix_normal,256,1475,4905,4975
latency,weave,8,priority_mix_normal,256,1476,4184,4254
latency,weave,8,priority_mix_normal,256,1477,2540,2640
latency,weave,8,priority_mix_low,256,1478,11748,11818
latency,weave,8,priority_mix_low,256,1479,11217,11297
latency,weave,8,priority_mix_low,256,1480,11016,11116
latency,weave,8,priority_mix_low,256,1481,10636,10716
latency,weave,8,priority_mix_low,256,1482,10605,10685
latency,weave,8,priority_mix_low,256,1483,10406,10486
latency,weave,8,priority_mix_low,256,1484,9353,9443
latency,weave,8,priority_mix_low,256,1485,8953,9023
latency,weave,8,priority_mix_low,256,1486,8171,8241
latency,weave,8,priority_mix_low,256,1487,6769,6839
latency,weave,8,priority_mix_low,256,1488,5937,6017
latency,weave,8,priority_mix_low,256,1489,3783,3853
latency,weave,8,priority_mix_high,256,1490,25103,25233
latency,weave,8,priority_mix_normal,256,1491,197159,197289
latency,weave,8,priority_mix_low,256,1492,177156,177296
latency,weave,8,priority_mix_high,256,1493,163304,163445
latency,weave,8,priority_mix_normal,256,1494,177846,177986
latency,weave,8,priority_mix_low,256,1495,178654,178784
latency,weave,8,priority_mix_high,256,1496,173259,173399
latency,weave,8,priority_mix_normal,256,1497,164918,165058
latency,weave,8,priority_mix_low,256,1498,175512,175642
latency,weave,8,priority_mix_high,256,1499,180658,180798
latency,weave,8,priority_mix_normal,256,1500,175823,175963
latency,weave,8,priority_mix_low,256,1501,169807,169947
latency,weave,8,priority_mix_high,256,1502,195525,195656
latency,weave,8,priority_mix_normal,256,1503,205014,205144
latency,weave,8,priority_mix_low,256,1504,200901,201041
latency,weave,8,priority_mix_high,256,1505,170979,171109
latency,weave,8,priority_mix_normal,256,1506,171825,171955
latency,weave,8,priority_mix_low,256,1507,181804,181944
latency,weave,8,priority_mix_high,256,1508,35602,35743
latency,weave,8,priority_mix_normal,256,1509,140256,140386
latency,weave,8,priority_mix_low,256,1510,165334,165474
latency,weave,8,priority_mix_high,256,1511,380065,380206
latency,weave,8,priority_mix_normal,256,1512,144869,145010
latency,weave,8,priority_mix_low,256,1513,53237,53377
latency,weave,8,priority_mix_high,256,1514,206717,206857
latency,weave,8,priority_mix_normal,256,1515,171223,171364
latency,weave,8,priority_mix_low,256,1516,193201,193341
latency,weave,8,priority_mix_high,256,1517,140892,141023
latency,weave,8,priority_mix_normal,256,1518,194263,194403
latency,weave,8,priority_mix_low,256,1519,142365,142485
latency,weave,8,priority_mix_high,256,1520,133749,133889
latency,weave,8,priority_mix_normal,256,1521,149262,149403
latency,weave,8,priority_mix_low,256,1522,196117,196257
latency,weave,8,priority_mix_high,256,1523,142925,143065
latency,weave,8,priority_mix_normal,256,1524,192004,192144
latency,weave,8,priority_mix_low,256,1525,142841,142981
latency,weave,8,priority_mix_high,256,1526,179705,179846
latency,weave,8,priority_mix_normal,256,1527,153161,153301
latency,weave,8,priority_mix_low,256,1528,193261,193401
latency,weave,8,priority_mix_high,256,1529,155630,155761
latency,weave,8,priority_mix_normal,256,1530,322527,322667
latency,weave,8,priority_mix_low,256,1531,167758,167898
latency,weave,8,priority_mix_high,256,1532,185081,185221
latency,weave,8,priority_mix_normal,256,1533,151622,151762
latency,weave,8,priority_mix_low,256,1534,185116,185256
latency,weave,8,priority_mix_high,256,1535,156963,157083
latency,weave,8,priority_mix_high,256,1536,46182,46323
latency,weave,8,priority_mix_normal,256,1537,66792,66912
latency,weave,8,priority_mix_low,256,1538,214251,214392
latency,weave,8,priority_mix_high,256,1539,127256,127387
latency,weave,8,priority_mix_normal,256,1540,134766,134906
latency,weave,8,priority_mix_low,256,1541,136354,136494
latency,weave,8,priority_mix_high,256,1542,145906,146027
latency,weave,8,priority_mix_normal,256,1543,238117,238257
latency,weave,8,priority_mix_low,256,1544,147830,147970
latency,weave,8,priority_mix_high,256,1545,173513,173643
latency,weave,8,priority_mix_normal,256,1546,143306,143447
latency,weave,8,priority_mix_low,256,1547,197217,197358
latency,weave,8,priority_mix_high,256,1548,148155,148295
latency,weave,8,priority_mix_normal,256,1549,203916,204057
latency,weave,8,priority_mix_low,256,1550,144239,144370
latency,weave,8,priority_mix_high,256,1551,196578,196718
latency,weave,8,priority_mix_normal,256,1552,142069,142209
latency,weave,8,priority_mix_high,256,1553,27066,27206
latency,weave,8,priority_mix_low,256,1554,241607,241747
latency,weave,8,priority_mix_normal,256,1555,179665,179795
latency,weave,8,priority_mix_high,256,1556,27678,27808
latency,weave,8,priority_mix_low,256,1557,250074,250204
latency,weave,8,priority_mix_normal,256,1558,151472,151602
latency,weave,8,priority_mix_high,256,1559,29591,29731
latency,weave,8,priority_mix_low,256,1560,248811,248941
latency,weave,8,priority_mix_normal,256,1561,153015,153155
latency,weave,8,priority_mix_low,256,1562,341015,341156
latency,weave,8,priority_mix_high,256,1563,142644,142785
latency,weave,8,priority_mix_normal,256,1564,202839,202980
latency,weave,8,priority_mix_low,256,1565,142274,142414
latency,weave,8,priority_mix_high,256,1566,207734,207874
latency,weave,8,priority_mix_normal,256,1567,149168,149289
latency,weave,8,priority_mix_low,256,1568,262623,262763
latency,weave,8,priority_mix_high,256,1569,238618,238738
latency,weave,8,priority_mix_normal,256,1570,157673,157813
latency,weave,8,priority_mix_low,256,1571,179345,179475
latency,weave,8,priority_mix_high,256,1572,143111,143251
latency,weave,8,priority_mix_normal,256,1573,168894,169034
latency,weave,8,priority_mix_low,256,1574,176134,176274
latency,weave,8,priority_mix_high,256,1575,185937,186077
latency,weave,8,priority_mix_normal,256,1576,146843,146983
latency,weave,8,priority_mix_low,256,1577,184534,184674
latency,weave,8,priority_mix_high,256,1578,160939,161080
latency,weave,8,priority_mix_normal,256,1579,176554,176694
latency,weave,8,priority_mix_low,256,1580,167201,167341
latency,weave,8,priority_mix_high,256,1581,173779,173919
latency,weave,8,priority_mix_normal,256,1582,166311,166441
latency,weave,8,priority_mix_low,256,1583,199338,199478
latency,weave,8,priority_mix_high,256,1584,227025,227165
latency,weave,8,priority_mix_normal,256,1585,77090,77230
latency,weave,8,priority_mix_low,256,1586,60368,60448
latency,weave,8,priority_mix_high,256,1587,227715,227856
latency,weave,8,priority_mix_normal,256,1588,143131,143271
latency,weave,8,priority_mix_low,256,1589,194763,194904
latency,weave,8,priority_mix_high,256,1590,144153,144293
latency,weave,8,priority_mix_normal,256,1591,118624,118764
latency,weave,8,priority_mix_low,256,1592,138037,138177
latency,weave,8,priority_mix_high,256,1593,223443,223583
latency,weave,8,priority_mix_normal,256,1594,300278,300419
latency,weave,8,priority_mix_low,256,1595,200049,200189
latency,weave,8,priority_mix_high,256,1596,151101,151241
latency,weave,8,priority_mix_normal,256,1597,191662,191803
latency,weave,8,priority_mix_low,256,1598,150620,150760
latency,weave,8,priority_mix_high,256,1599,203329,203470
latency,weave,8,priority_mix_normal,256,1600,178935,179075
latency,weave,8,priority_mix_high,256,1601,26715,26855
latency,weave,8,priority_mix_low,256,1602,273773,273914
latency,weave,8,priority_mix_normal,256,1603,151191,151311
latency,weave,8,priority_mix_low,256,1604,172873,173003
latency,weave,8,priority_mix_high,256,1605,145966,146106
latency,weave,8,priority_mix_normal,256,1606,200219,200360
latency,weave,8,priority_mix_low,256,1607,152239,152379
latency,weave,8,priority_mix_high,256,1608,3822,3942
latency,weave,8,priority_mix_normal,256,1609,5255,5335
latency,weave,8,priority_mix_normal,256,1610,5105,5175
latency,weave,8,priority_mix_low,256,1611,5675,5746
latency,weave,8,priority_mix_low,256,1612,5475,5555
latency,weave,8,priority_mix_high,256,1613,21255,21385
latency,weave,8,priority_mix_high,256,1614,24080,24211
latency,weave,8,priority_mix_normal,256,1615,29330,29460
latency,weave,8,priority_mix_low,256,1616,23630,23760
latency,weave,8,priority_mix_high,256,1617,23549,23680
latency,weave,8,priority_mix_normal,256,1618,23499,23629
latency,weave,8,priority_mix_low,256,1619,27296,27437
latency,weave,8,priority_mix_high,256,1620,24001,24121
latency,weave,8,priority_mix_normal,256,1621,27136,27266
latency,weave,8,priority_mix_low,256,1622,26084,26224
latency,weave,8,priority_mix_high,256,1623,23349,23469
latency,weave,8,priority_mix_normal,256,1624,23820,23950
latency,weave,8,priority_mix_low,256,1625,25092,25232
latency,weave,8,priority_mix_high,256,1626,27697,27828
latency,weave,8,priority_mix_normal,256,1627,27046,27186
latency,weave,8,priority_mix_low,256,1628,24421,24551
latency,weave,8,priority_mix_high,256,1629,24200,24331
latency,weave,8,priority_mix_normal,256,1630,24371,24501
latency,weave,8,priority_mix_low,256,1631,24371,24501
latency,weave,8,priority_mix_high,256,1632,44819,44949
latency,weave,8,priority_mix_high,256,1633,11356,11426
latency,weave,8,priority_mix_high,256,1634,11366,11436
latency,weave,8,priority_mix_high,256,1635,9873,9953
latency,weave,8,priority_mix_high,256,1636,9763,9833
latency,weave,8,priority_mix_high,256,1637,9552,9632
latency,weave,8,priority_mix_high,256,1638,8601,8671
latency,weave,8,priority_mix_high,256,1639,8550,8630
latency,weave,8,priority_mix_high,256,1640,8511,8581
latency,weave,8,priority_mix_high,256,1641,7548,7618
latency,weave,8,priority_mix_high,256,1642,7529,7609
latency,weave,8,priority_mix_high,256,1643,6637,6717
latency,weave,8,priority_mix_high,256,1644,6597,6667
latency,weave,8,priority_mix_high,256,1645,6597,6667
latency,weave,8,priority_mix_high,256,1646,6226,6296
latency,weave,8,priority_mix_high,256,1647,6186,6257
latency,weave,8,priority_mix_normal,256,1648,17187,17267
latency,weave,8,priority_mix_normal,256,1649,16606,16676
latency,weave,8,priority_mix_normal,256,1650,16305,16375
latency,weave,8,priority_mix_normal,256,1651,14883,14953
latency,weave,8,priority_mix_normal,256,1652,14632,14702
latency,weave,8,priority_mix_normal,256,1653,14472,14542
latency,weave,8,priority_mix_normal,256,1654,13641,13711
latency,weave,8,priority_mix_normal,256,1655,13590,13670
latency,weave,8,priority_mix_normal,256,1656,12609,12689
latency,weave,8,priority_mix_normal,256,1657,12648,12728
latency,weave,8,priority_mix_normal,256,1658,12578,12648
latency,weave,8,priority_mix_normal,256,1659,11696,11767
latency,weave,8,priority_mix_normal,256,1660,11597,11677
latency,weave,8,priority_mix_normal,256,1661,11546,11617
latency,weave,8,priority_mix_normal,256,1662,10885,10955
latency,weave,8,priority_mix_low,256,1663,21055,21125
latency,weave,8,priority_mix_low,256,1664,20864,20944
latency,weave,8,priority_mix_low,256,1665,21235,21315
latency,weave,8,priority_mix_low,256,1666,19913,19983
latency,weave,8,priority_mix_low,256,1667,19712,19782
latency,weave,8,priority_mix_low,256,1668,18640,18710
latency,weave,8,priority_mix_low,256,1669,18720,18791
latency,weave,8,priority_mix_low,256,1670,18670,18740
latency,weave,8,priority_mix_low,256,1671,17698,17768
latency,weave,8,priority_mix_low,256,1672,17738,17818
latency,weave,8,priority_mix_low,256,1673,17538,17618
latency,weave,8,priority_mix_low,256,1674,16646,16716
latency,weave,8,priority_mix_low,256,1675,16596,16666
latency,weave,8,priority_mix_low,256,1676,16075,16155
latency,weave,8,priority_mix_low,256,1677,16025,16105
latency,weave,8,priority_mix_high,256,1678,756,827
latency,weave,8,priority_mix_high,256,1679,776,846
latency,weave,8,priority_mix_normal,256,1680,3011,3151
latency,weave,8,priority_mix_normal,256,1681,1728,1798
latency,weave,8,priority_mix_high,256,1682,1007,1077
latency,weave,8,priority_mix_normal,256,1683,1758,1838
latency,weave,8,priority_mix_normal,256,1684,1217,1287
latency,weave,8,priority_mix_low,256,1685,3992,4062
latency,weave,8,priority_mix_low,256,1686,3471,3541
latency,weave,8,priority_mix_low,256,1687,2429,2499
latency,weave,8,priority_mix_high,256,1688,1327,1397
latency,weave,8,priority_mix_low,256,1689,2339,2409
latency,weave,8,priority_mix_normal,256,1690,866,936
latency,weave,8,priority_mix_low,256,1691,616,696
latency,weave,8,priority_mix_high,256,1692,37816,37946
latency,weave,8,priority_mix_normal,256,1693,25403,25533
latency,weave,8,priority_mix_low,256,1694,26675,26795
latency,weave,8,priority_mix_high,256,1695,13771,13901
latency,weave,8,priority_mix_high,256,1696,14372,14452
latency,weave,8,priority_mix_high,256,1697,14321,14391
latency,weave,8,priority_mix_high,256,1698,14091,14161
latency,weave,8,priority_mix_high,256,1699,14021,14091
latency,weave,8,priority_mix_high,256,1700,13781,13861
latency,weave,8,priority_mix_high,256,1701,13710,13780
latency,weave,8,priority_mix_high,256,1702,13651,13721
latency,weave,8,priority_mix_high,256,1703,13420,13500
latency,weave,8,priority_mix_high,256,1704,13370,13440
latency,weave,8,priority_mix_high,256,1705,13279,13349
latency,weave,8,priority_mix_high,256,1706,13090,13160
latency,weave,8,priority_mix_high,256,1707,13049,13119
latency,weave,8,priority_mix_high,256,1708,12849,12919
latency,weave,8,priority_mix_high,256,1709,12778,12858
latency,weave,8,priority_mix_high,256,1710,12729,12809
latency,weave,8,priority_mix_high,256,1711,12167,12237
latency,weave,8,priority_mix_high,256,1712,11907,11987
latency,weave,8,priority_mix_high,256,1713,11887,11957
latency,weave,8,priority_mix_high,256,1714,11366,11446
latency,weave,8,priority_mix_high,256,1715,11406,11477
latency,weave,8,priority_mix_high,256,1716,10735,10815
latency,weave,8,priority_mix_high,256,1717,10765,10835
latency,weave,8,priority_mix_high,256,1718,10715,10795
latency,weave,8,priority_mix_normal,256,1719,22157,22227
latency,weave,8,priority_mix_normal,256,1720,21335,21405
latency,weave,8,priority_mix_normal,256,1721,21265,21335
latency,weave,8,priority_mix_normal,256,1722,21044,21114
latency,weave,8,priority_mix_normal,256,1723,20964,21034
latency,weave,8,priority_mix_normal,256,1724,20904,20985
latency,weave,8,priority_mix_normal,256,1725,20674,20744
latency,weave,8,priority_mix_normal,256,1726,20613,20684
latency,weave,8,priority_mix_normal,256,1727,20553,20623
latency,weave,8,priority_mix_normal,256,1728,20312,20383
latency,weave,8,priority_mix_normal,256,1729,20253,20323
latency,weave,8,priority_mix_normal,256,1730,20062,20133
latency,weave,8,priority_mix_normal,256,1731,19992,20062
latency,weave,8,priority_mix_normal,256,1732,19922,20003
latency,weave,8,priority_mix_normal,256,1733,19732,19812
latency,weave,8,priority_mix_normal,256,1734,19671,19742
latency,weave,8,priority_mix_normal,256,1735,19602,19672
latency,weave,8,priority_mix_normal,256,1736,18990,19061
latency,weave,8,priority_mix_normal,256,1737,18790,18860
latency,weave,8,priority_mix_normal,256,1738,18300,18370
latency,weave,8,priority_mix_normal,256,1739,18309,18379
latency,weave,8,priority_mix_normal,256,1740,18249,18329
latency,weave,8,priority_mix_normal,256,1741,17598,17678
latency,weave,8,priority_mix_normal,256,1742,17548,17618
latency,weave,8,priority_mix_normal,256,1743,17487,17557
latency,weave,8,priority_mix_low,256,1744,28178,28258
latency,weave,8,priority_mix_low,256,1745,28087,28157
latency,weave,8,priority_mix_low,256,1746,28278,28358
latency,weave,8,priority_mix_high,256,1747,625,705
latency,weave,8,priority_mix_high,256,1748,61326,61456
latency,weave,8,priority_mix_high,256,1749,465,545
latency,weave,8,priority_mix_normal,256,1750,1804,1874
latency,weave,8,priority_mix_normal,256,1751,1257,1337
latency,weave,8,priority_mix_high,256,1752,1183,1263
latency,weave,8,priority_mix_normal,256,1753,706,786
latency,weave,8,priority_mix_low,256,1754,30999,31069
latency,weave,8,priority_mix_low,256,1755,30803,30903
latency,weave,8,priority_mix_low,256,1756,30808,30888
latency,weave,8,priority_mix_low,256,1757,30402,30492
latency,weave,8,priority_mix_high,256,1758,762,832
latency,weave,8,priority_mix_low,256,1759,30703,30773
latency,weave,8,priority_mix_normal,256,1760,812,892
latency,weave,8,priority_mix_low,256,1761,30923,31003
latency,weave,8,priority_mix_high,256,1762,552,622
latency,weave,8,priority_mix_low,256,1763,31153,31233
latency,weave,8,priority_mix_normal,256,1764,681,782
latency,weave,8,priority_mix_low,256,1765,31224,31294
latency,weave,8,priority_mix_low,256,1766,31290,31360
latency,weave,8,priority_mix_low,256,1767,31294,31374
latency,weave,8,priority_mix_high,256,1768,641,721
latency,weave,8,priority_mix_low,256,1769,31635,31705
latency,weave,8,priority_mix_normal,256,1770,852,922
latency,weave,8,priority_mix_low,256,1771,31975,32056
latency,weave,8,priority_mix_low,256,1772,31921,31991
latency,weave,8,priority_mix_high,256,1773,887,957
latency,weave,8,priority_mix_low,256,1774,31640,31710
latency,weave,8,priority_mix_low,256,1775,31590,31671
latency,weave,8,priority_mix_normal,256,1776,1192,1272
latency,weave,8,priority_mix_low,256,1777,31891,31971
latency,weave,8,priority_mix_low,256,1778,47674,47805
latency,weave,8,priority_mix_low,256,1779,48246,48326
latency,weave,8,priority_mix_high,256,1780,546,616
latency,weave,8,priority_mix_low,256,1781,48606,48676
latency,weave,8,priority_mix_low,256,1782,47955,48025
latency,weave,8,priority_mix_low,256,1783,47925,47995
latency,weave,8,priority_mix_low,256,1784,29481,29561
latency,weave,8,priority_mix_low,256,1785,30803,30933
latency,weave,8,priority_mix_low,256,1786,29901,29981
latency,weave,8,priority_mix_low,256,1787,28679,28759
latency,weave,8,priority_mix_low,256,1788,27436,27506
latency,weave,8,priority_mix_low,256,1789,26264,26334
latency,weave,8,priority_mix_low,256,1790,25292,25372
latency,weave,8,priority_mix_low,256,1791,6096,6166
latency,weave,8,priority_mix_high,256,1792,185856,185986
latency,weave,8,priority_mix_normal,256,1793,156270,156410
latency,weave,8,priority_mix_low,256,1794,236698,236838
latency,weave,8,priority_mix_high,256,1795,208509,208650
latency,weave,8,priority_mix_normal,256,1796,149493,149623
latency,weave,8,priority_mix_low,256,1797,135221,135361
latency,weave,8,priority_mix_high,256,1798,151782,151912
latency,weave,8,priority_mix_high,256,1799,26765,26905
latency,weave,8,priority_mix_normal,256,1800,320522,320652
latency,weave,8,priority_mix_low,256,1801,122998,123078
latency,weave,8,priority_mix_normal,256,1802,121395,121525
latency,weave,8,priority_mix_low,256,1803,181538,181668
latency,weave,8,priority_mix_high,256,1804,136508,136638
latency,weave,8,priority_mix_normal,256,1805,184464,184604
latency,weave,8,priority_mix_low,256,1806,175517,175657
latency,weave,8,priority_mix_high,256,1807,180696,180836
latency,weave,8,priority_mix_normal,256,1808,162106,162247
latency,weave,8,priority_mix_low,256,1809,220568,220708
latency,weave,8,priority_mix_high,256,1810,163565,163705
latency,weave,8,priority_mix_normal,256,1811,198315,198446
latency,weave,8,priority_mix_low,256,1812,166230,166371
latency,weave,8,priority_mix_high,256,1813,199121,199261
latency,weave,8,priority_mix_normal,256,1814,168489,168680
latency,weave,8,priority_mix_high,256,1815,24912,25053
latency,weave,8,priority_mix_low,256,1816,273277,273417
latency,weave,8,priority_mix_normal,256,1817,150374,150515
latency,weave,8,priority_mix_low,256,1818,167762,167892
latency,weave,8,priority_mix_high,256,1819,183958,184098
latency,weave,8,priority_mix_normal,256,1820,156201,156332
latency,weave,8,priority_mix_low,256,1821,182376,182516
latency,weave,8,priority_mix_high,256,1822,165808,165939
latency,weave,8,priority_mix_normal,256,1823,214791,214931
latency,weave,8,priority_mix_low,256,1824,29210,29360
latency,weave,8,priority_mix_high,256,1825,268362,268503
latency,weave,8,priority_mix_normal,256,1826,216164,216304
latency,weave,8,priority_mix_low,256,1827,263954,264094
latency,weave,8,priority_mix_high,256,1828,133276,133426
latency,weave,8,priority_mix_normal,256,1829,47169,47310
latency,weave,8,priority_mix_low,256,1830,119911,120031
latency,weave,8,priority_mix_high,256,1831,161680,161821
latency,weave,8,priority_mix_normal,256,1832,187500,187640
latency,weave,8,priority_mix_low,256,1833,155014,155144
latency,weave,8,priority_mix_high,256,1834,201502,201632
latency,weave,8,priority_mix_normal,256,1835,167952,168083
latency,weave,8,priority_mix_low,256,1836,165197,165337
latency,weave,8,priority_mix_high,256,1837,307898,308039
latency,weave,8,priority_mix_normal,256,1838,190726,190856
latency,weave,8,priority_mix_low,256,1839,156771,156911
latency,weave,8,priority_mix_high,256,1840,179224,179364
latency,weave,8,priority_mix_normal,256,1841,193450,193591
latency,weave,8,priority_mix_low,256,1842,56783,56923
latency,weave,8,priority_mix_high,256,1843,150145,150285
latency,weave,8,priority_mix_normal,256,1844,138847,138977
latency,weave,8,priority_mix_high,256,1845,43397,43537
latency,weave,8,priority_mix_normal,256,1846,27117,27187
latency,weave,8,priority_mix_low,256,1847,334322,334402
latency,weave,8,priority_mix_low,256,1848,18254,18395
latency,weave,8,priority_mix_high,256,1849,21029,21169
latency,weave,8,priority_mix_normal,256,1850,24075,24206
latency,weave,8,priority_mix_low,256,1851,26074,26215
latency,weave,8,priority_mix_high,256,1852,18190,18320
latency,weave,8,priority_mix_high,256,1853,18090,18170
latency,weave,8,priority_mix_high,256,1854,17839,17910
latency,weave,8,priority_mix_high,256,1855,17629,17699
latency,weave,8,priority_mix_high,256,1856,16687,16757
latency,weave,8,priority_mix_high,256,1857,17047,17127
latency,weave,8,priority_mix_high,256,1858,16296,16376
latency,weave,8,priority_mix_high,256,1859,16246,16326
latency,weave,8,priority_mix_high,256,1860,16196,16276
latency,weave,8,priority_mix_normal,256,1861,23189,23260
latency,weave,8,priority_mix_normal,256,1862,22247,22317
latency,weave,8,priority_mix_normal,256,1863,21496,21566
latency,weave,8,priority_mix_normal,256,1864,21235,21315
latency,weave,8,priority_mix_normal,256,1865,20074,20144
latency,weave,8,priority_mix_normal,256,1866,19953,20033
latency,weave,8,priority_mix_normal,256,1867,19843,19913
latency,weave,8,priority_mix_high,256,1868,59072,59202
latency,weave,8,priority_mix_normal,256,1869,19151,19232
latency,weave,8,priority_mix_normal,256,1870,19422,19503
latency,weave,8,priority_mix_normal,256,1871,36910,37030
latency,weave,8,priority_mix_low,256,1872,43773,43843
latency,weave,8,priority_mix_low,256,1873,42520,42600
latency,weave,8,priority_mix_low,256,1874,42997,43127
latency,weave,8,priority_mix_low,256,1875,42510,42580
latency,weave,8,priority_mix_low,256,1876,41769,41849
latency,weave,8,priority_mix_low,256,1877,41394,41474
latency,weave,8,priority_mix_low,256,1878,41308,41378
latency,weave,8,priority_mix_low,256,1879,42540,42610
latency,weave,8,priority_mix_low,256,1880,24305,24386
latency,weave,8,priority_mix_high,256,1881,26770,26911
latency,weave,8,priority_mix_low,256,1882,58716,58857
latency,weave,8,priority_mix_normal,256,1883,194287,194428
latency,weave,8,priority_mix_low,256,1884,201562,201702
latency,weave,8,priority_mix_high,256,1885,150841,150981
latency,weave,8,priority_mix_normal,256,1886,192184,192324
latency,weave,8,priority_mix_low,256,1887,151192,151322
latency,weave,8,priority_mix_high,256,1888,135437,135567
latency,weave,8,priority_mix_normal,256,1889,141458,141588
latency,weave,8,priority_mix_low,256,1890,142420,142551
latency,weave,8,priority_mix_high,256,1891,24222,24352
latency,weave,8,priority_mix_normal,256,1892,29977,30117
latency,weave,8,priority_mix_high,256,1893,1653,1733
latency,weave,8,priority_mix_high,256,1894,1252,1352
latency,weave,8,priority_mix_high,256,1895,661,741
latency,weave,8,priority_mix_normal,256,1896,3286,3356
latency,weave,8,priority_mix_high,256,1897,651,721
latency,weave,8,priority_mix_normal,256,1898,3066,3136
latency,weave,8,priority_mix_high,256,1899,461,541
latency,weave,8,priority_mix_normal,256,1900,2835,2915
latency,weave,8,priority_mix_high,256,1901,651,731
latency,weave,8,priority_mix_high,256,1902,17138,17268
latency,weave,8,priority_mix_normal,256,1903,19492,19562
latency,weave,8,priority_mix_normal,256,1904,21169,21310
latency,weave,8,priority_mix_high,256,1905,837,907
latency,weave,8,priority_mix_normal,256,1906,19924,19994
latency,weave,8,priority_mix_high,256,1907,821,911
latency,weave,8,priority_mix_normal,256,1908,19663,19743
latency,weave,8,priority_mix_normal,256,1909,1933,2003
latency,weave,8,priority_mix_high,256,1910,556,636
latency,weave,8,priority_mix_normal,256,1911,1783,1863
latency,weave,8,priority_mix_normal,256,1912,806,877
latency,weave,8,priority_mix_high,256,1913,1883,1953
latency,weave,8,priority_mix_low,256,1914,30647,30728
latency,weave,8,priority_mix_low,256,1915,29926,29996
latency,weave,8,priority_mix_low,256,1916,28925,28995
latency,weave,8,priority_mix_low,256,1917,28083,28163
latency,weave,8,priority_mix_low,256,1918,27091,27171
latency,weave,8,priority_mix_low,256,1919,26550,26630
latency,weave,8,priority_mix_low,256,1920,26049,26119
latency,weave,8,priority_mix_low,256,1921,25959,26029
latency,weave,8,priority_mix_low,256,1922,8145,8226
latency,weave,8,priority_mix_low,256,1923,8602,8732
latency,weave,8,priority_mix_low,256,1924,10129,10259
latency,weave,8,priority_mix_normal,256,1925,25068,25198
latency,weave,8,priority_mix_low,256,1926,265653,265783
latency,weave,8,priority_mix_high,256,1927,204912,205053
latency,weave,8,priority_mix_normal,256,1928,142805,142945
latency,weave,8,priority_mix_low,256,1929,226359,226499
latency,weave,8,priority_mix_high,256,1930,158795,158935
latency,weave,8,priority_mix_normal,256,1931,182386,182526
latency,weave,8,priority_mix_low,256,1932,138037,138157
latency,weave,8,priority_mix_high,256,1933,227140,227270
latency,weave,8,priority_mix_normal,256,1934,112111,112252
latency,weave,8,priority_mix_low,256,1935,169470,169600
latency,weave,8,priority_mix_high,256,1936,256490,256630
latency,weave,8,priority_mix_normal,256,1937,82271,82411
latency,weave,8,priority_mix_low,256,1938,181093,181233
latency,weave,8,priority_mix_high,256,1939,152980,153111
latency,weave,8,priority_mix_normal,256,1940,187870,188011
latency,weave,8,priority_mix_low,256,1941,169135,169265
latency,weave,8,priority_mix_high,256,1942,229664,229804
latency,weave,8,priority_mix_normal,256,1943,158234,158375
latency,weave,8,priority_mix_low,256,1944,193261,193401
latency,weave,8,priority_mix_high,256,1945,150404,150545
latency,weave,8,priority_mix_normal,256,1946,209130,209271
latency,weave,8,priority_mix_low,256,1947,160729,160869
latency,weave,8,priority_mix_high,256,1948,190024,190154
latency,weave,8,priority_mix_normal,256,1949,410321,410462
latency,weave,8,priority_mix_low,256,1950,199067,199207
latency,weave,8,priority_mix_high,256,1951,154392,154522
latency,weave,8,priority_mix_normal,256,1952,192029,192169
latency,weave,8,priority_mix_low,256,1953,153330,153461
latency,weave,8,priority_mix_high,256,1954,178913,179043
latency,weave,8,priority_mix_normal,256,1955,167361,167501
latency,weave,8,priority_mix_low,256,1956,197128,197268
latency,weave,8,priority_mix_high,256,1957,160950,161090
latency,weave,8,priority_mix_normal,256,1958,171585,171725
latency,weave,8,priority_mix_low,256,1959,166981,167111
latency,weave,8,priority_mix_high,256,1960,193942,194082
latency,weave,8,priority_mix_normal,256,1961,191712,191853
latency,weave,8,priority_mix_low,256,1962,180437,180577
latency,weave,8,priority_mix_high,256,1963,153766,153906
latency,weave,8,priority_mix_normal,256,1964,230180,230320
latency,weave,8,priority_mix_low,256,1965,178251,178392
latency,weave,8,priority_mix_high,256,1966,179926,180056
latency,weave,8,priority_mix_normal,256,1967,173202,173342
latency,weave,8,priority_mix_low,256,1968,173304,173444
latency,weave,8,priority_mix_high,256,1969,177561,177691
latency,weave,8,priority_mix_normal,256,1970,170597,170728
latency,weave,8,priority_mix_low,256,1971,227034,227175
latency,weave,8,priority_mix_high,256,1972,27041,27181
latency,weave,8,priority_mix_normal,256,1973,237149,237289
latency,weave,8,priority_mix_low,256,1974,214561,214701
latency,weave,8,priority_mix_high,256,1975,151557,151698
latency,weave,8,priority_mix_normal,256,1976,178072,178212
latency,weave,8,priority_mix_low,256,1977,157563,157704
latency,weave,8,priority_mix_high,256,1978,183141,183271
latency,weave,8,priority_mix_normal,256,1979,162187,162327
latency,weave,8,priority_mix_high,256,1980,28279,28409
latency,weave,8,priority_mix_low,256,1981,312918,313058
latency,weave,8,priority_mix_normal,256,1982,143462,143602
latency,weave,8,priority_mix_low,256,1983,221650,221790
latency,weave,8,priority_mix_high,256,1984,159167,159307
latency,weave,8,priority_mix_normal,256,1985,186774,186914
latency,weave,8,priority_mix_low,256,1986,155284,155425
latency,weave,8,priority_mix_high,256,1987,185255,185395
latency,weave,8,priority_mix_normal,256,1988,143375,143516
latency,weave,8,priority_mix_low,256,1989,193301,193441
latency,weave,8,priority_mix_high,256,1990,141652,141792
latency,weave,8,priority_mix_normal,256,1991,196793,196933
latency,weave,8,priority_mix_low,256,1992,143758,143888
latency,weave,8,priority_mix_high,256,1993,201882,202022
latency,weave,8,priority_mix_normal,256,1994,171735,171865
latency,weave,8,priority_mix_high,256,1995,26811,26951
latency,weave,8,priority_mix_low,256,1996,258875,259015
latency,weave,8,priority_mix_normal,256,1997,153685,153825
latency,weave,8,priority_mix_low,256,1998,197454,197594
latency,weave,8,priority_mix_high,256,1999,146181,146311
latency,weave,8,priority_mix_normal,256,2000,132380,132521
latency,weave,8,priority_mix_low,256,2001,131990,132130
latency,weave,8,priority_mix_high,256,2002,141367,141497
latency,weave,8,priority_mix_normal,256,2003,137059,137199
latency,weave,8,priority_mix_low,256,2004,143777,143907
latency,weave,8,priority_mix_high,256,2005,142996,143116
latency,weave,8,priority_mix_normal,256,2006,23946,24076
latency,weave,8,priority_mix_low,256,2007,22012,22142
latency,weave,8,priority_mix_high,256,2008,24897,25027
latency,weave,8,priority_mix_normal,256,2009,24085,24205
latency,weave,8,priority_mix_low,256,2010,23915,24036
latency,weave,8,priority_mix_high,256,2011,23264,23385
latency,weave,8,priority_mix_normal,256,2012,26439,26580
latency,weave,8,priority_mix_low,256,2013,24116,24246
latency,weave,8,priority_mix_high,256,2014,22883,23013
latency,weave,8,priority_mix_normal,256,2015,28534,28674
latency,weave,8,priority_mix_low,256,2016,28424,28554
latency,weave,8,priority_mix_high,256,2017,24597,24727
latency,weave,8,priority_mix_normal,256,2018,24947,25077
latency,weave,8,priority_mix_low,256,2019,24146,24276
latency,weave,8,priority_mix_high,256,2020,24597,24727
latency,weave,8,priority_mix_normal,256,2021,27000,27141
latency,weave,8,priority_mix_low,256,2022,24786,24917
latency,weave,8,priority_mix_high,256,2023,60795,60926
latency,weave,8,priority_mix_high,256,2024,43512,43642
latency,weave,8,priority_mix_high,256,2025,43593,43663
latency,weave,8,priority_mix_high,256,2026,42480,42551
latency,weave,8,priority_mix_high,256,2027,42340,42420
latency,weave,8,priority_mix_high,256,2028,41037,41108
latency,weave,8,priority_mix_high,256,2029,40587,40657
latency,weave,8,priority_mix_high,256,2030,40607,40677
latency,weave,8,priority_mix_normal,256,2031,47540,47621
latency,weave,8,priority_mix_normal,256,2032,46598,46668
latency,weave,8,priority_mix_normal,256,2033,46308,46378
latency,weave,8,priority_mix_normal,256,2034,45196,45276
latency,weave,8,priority_mix_normal,256,2035,45066,45136
latency,weave,8,priority_mix_normal,256,2036,44935,45015
latency,weave,8,priority_mix_normal,256,2037,43292,43362
latency,weave,8,priority_mix_normal,256,2038,43162,43242
latency,weave,8,priority_mix_low,256,2039,49043,49113
latency,weave,8,priority_mix_low,256,2040,48893,48973
latency,weave,8,priority_mix_low,256,2041,48702,48782
latency,weave,8,priority_mix_low,256,2042,47520,47600
latency,weave,8,priority_mix_low,256,2043,47530,47611
latency,weave,8,priority_mix_low,256,2044,47400,47470
latency,weave,8,priority_mix_low,256,2045,45596,45667
latency,weave,8,priority_mix_low,256,2046,45536,45616
latency,weave,8,priority_mix_high,256,2047,55235,55375
latency,weave,8,priority_mix_high,256,2048,25933,26063
latency,weave,8,priority_mix_normal,256,2049,148255,148396
latency,weave,8,priority_mix_low,256,2050,192609,192749
latency,weave,8,priority_mix_high,256,2051,154327,154467
latency,weave,8,priority_mix_normal,256,2052,192730,192870
latency,weave,8,priority_mix_low,256,2053,28719,28859
latency,weave,8,priority_mix_high,256,2054,159155,159296
latency,weave,8,priority_mix_normal,256,2055,184499,184640
latency,weave,8,priority_mix_low,256,2056,157703,157843
latency,weave,8,priority_mix_high,256,2057,195210,195350
latency,weave,8,priority_mix_normal,256,2058,230035,230165
latency,weave,8,priority_mix_low,256,2059,197549,197689
latency,weave,8,priority_mix_high,256,2060,190781,190921
latency,weave,8,priority_mix_high,256,2061,10440,10580
latency,weave,8,priority_mix_high,256,2062,11091,11171
latency,weave,8,priority_mix_high,256,2063,11301,11371
latency,weave,8,priority_mix_high,256,2064,11301,11381
latency,weave,8,priority_mix_high,256,2065,11923,11993
latency,weave,8,priority_mix_high,256,2066,12013,12083
latency,weave,8,priority_mix_high,256,2067,11631,11732
latency,weave,8,priority_mix_high,256,2068,12023,12093
latency,weave,8,priority_mix_high,256,2069,12163,12233
latency,weave,8,priority_mix_high,256,2070,11421,11522
latency,weave,8,priority_mix_high,256,2071,11436,11577
latency,weave,8,priority_mix_high,256,2072,11201,11281
latency,weave,8,priority_mix_high,256,2073,10630,10710
latency,weave,8,priority_mix_high,256,2074,19005,19146
latency,weave,8,priority_mix_high,256,2075,19215,19296
latency,weave,8,priority_mix_high,256,2076,19306,19376
latency,weave,8,priority_mix_high,256,2077,19266,19346
latency,weave,8,priority_mix_high,256,2078,18364,18435
latency,weave,8,priority_mix_high,256,2079,18344,18414
latency,weave,8,priority_mix_high,256,2080,18294,18365
latency,weave,8,priority_mix_high,256,2081,17754,17824
latency,weave,8,priority_mix_high,256,2082,17292,17372
latency,weave,8,priority_mix_high,256,2083,16621,16691
latency,weave,8,priority_mix_high,256,2084,16551,16631
latency,weave,8,priority_mix_high,256,2085,16481,16561
latency,weave,8,priority_mix_high,256,2086,15820,15900
latency,weave,8,priority_mix_high,256,2087,15389,15459
latency,weave,8,priority_mix_high,256,2088,14898,14968
latency,weave,8,priority_mix_high,256,2089,14286,14366
latency,weave,8,priority_mix_normal,256,2090,80081,80151
latency,weave,8,priority_mix_normal,256,2091,32280,32361
latency,weave,8,priority_mix_normal,256,2092,31770,31840
latency,weave,8,priority_mix_normal,256,2093,31810,31880
latency,weave,8,priority_mix_normal,256,2094,31519,31589
latency,weave,8,priority_mix_normal,256,2095,31469,31539
latency,weave,8,priority_mix_normal,256,2096,31419,31499
latency,weave,8,priority_mix_normal,256,2097,30878,30978
latency,weave,8,priority_mix_normal,256,2098,30834,30964
latency,weave,8,priority_mix_normal,256,2099,30567,30648
latency,weave,8,priority_mix_normal,256,2100,29886,29957
latency,weave,8,priority_mix_normal,256,2101,30032,30112
latency,weave,8,priority_mix_normal,256,2102,29135,29205
latency,weave,8,priority_mix_high,256,2103,1282,1362
latency,weave,8,priority_mix_normal,256,2104,30838,30909
latency,weave,8,priority_mix_normal,256,2105,30748,30828
latency,weave,8,priority_mix_normal,256,2106,30227,30297
latency,weave,8,priority_mix_normal,256,2107,30177,30247
latency,weave,8,priority_mix_normal,256,2108,30167,30237
latency,weave,8,priority_mix_normal,256,2109,29175,29255
latency,weave,8,priority_mix_normal,256,2110,29125,29195
latency,weave,8,priority_mix_normal,256,2111,28824,28894
latency,weave,8,priority_mix_normal,256,2112,28444,28514
latency,weave,8,priority_mix_high,256,2113,581,661
latency,weave,8,priority_mix_normal,256,2114,28875,28945
latency,weave,8,priority_mix_high,256,2115,300,380
latency,weave,8,priority_mix_normal,256,2116,28874,28954
latency,weave,8,priority_mix_high,256,2117,601,721
latency,weave,8,priority_mix_normal,256,2118,29085,29175
latency,weave,8,priority_mix_normal,256,2119,29395,29465
latency,weave,8,priority_mix_high,256,2120,792,862
latency,weave,8,priority_mix_normal,256,2121,29014,29084
latency,weave,8,priority_mix_normal,256,2122,28784,28884
latency,weave,8,priority_mix_high,256,2123,721,801
latency,weave,8,priority_mix_normal,256,2124,28529,28609
latency,weave,8,priority_mix_normal,256,2125,27833,27913
latency,weave,8,priority_mix_normal,256,2126,6678,6758
latency,weave,8,priority_mix_normal,256,2127,5480,5560
latency,weave,8,priority_mix_normal,256,2128,4895,4975
latency,weave,8,priority_mix_normal,256,2129,4308,4388
latency,weave,8,priority_mix_normal,256,2130,3262,3332
latency,weave,8,priority_mix_normal,256,2131,761,841
latency,weave,8,priority_mix_low,256,2132,61642,61742
latency,weave,8,priority_mix_high,256,2133,981,1051
latency,weave,8,priority_mix_normal,256,2134,410,480
latency,weave,8,priority_mix_low,256,2135,48411,48491
latency,weave,8,priority_mix_high,256,2136,621,691
latency,weave,8,priority_mix_low,256,2137,50065,50135
latency,weave,8,priority_mix_low,256,2138,50085,50175
latency,weave,8,priority_mix_low,256,2139,49734,49814
latency,weave,8,priority_mix_low,256,2140,49543,49614
latency,weave,8,priority_mix_low,256,2141,49429,49509
latency,weave,8,priority_mix_low,256,2142,48862,48932
latency,weave,8,priority_mix_low,256,2143,48712,48792
latency,weave,8,priority_mix_low,256,2144,47750,47820
latency,weave,8,priority_mix_low,256,2145,47526,47606
latency,weave,8,priority_mix_low,256,2146,47359,47430
latency,weave,8,priority_mix_low,256,2147,46397,46468
latency,weave,8,priority_mix_normal,256,2148,3437,3577
latency,weave,8,priority_mix_low,256,2149,46393,46473
latency,weave,8,priority_mix_low,256,2150,46158,46238
latency,weave,8,priority_mix_low,256,2151,45466,45536
latency,weave,8,priority_mix_low,256,2152,45350,45421
latency,weave,8,priority_mix_low,256,2153,44564,44645
latency,weave,8,priority_mix_low,256,2154,44675,44745
latency,weave,8,priority_mix_low,256,2155,44564,44644
latency,weave,8,priority_mix_low,256,2156,44054,44134
latency,weave,8,priority_mix_low,256,2157,43212,43282
latency,weave,8,priority_mix_low,256,2158,43061,43141
latency,weave,8,priority_mix_low,256,2159,43091,43171
latency,weave,8,priority_mix_low,256,2160,42931,43011
latency,weave,8,priority_mix_low,256,2161,42089,42169
latency,weave,8,priority_mix_low,256,2162,41509,41579
latency,weave,8,priority_mix_low,256,2163,41098,41178
latency,weave,8,priority_mix_low,256,2164,40316,40396
latency,weave,8,priority_mix_low,256,2165,22492,22572
latency,weave,8,priority_mix_low,256,2166,18244,18314
latency,weave,8,priority_mix_low,256,2167,16796,16877
latency,weave,8,priority_mix_low,256,2168,16250,16320
latency,weave,8,priority_mix_low,256,2169,15544,15644
latency,weave,8,priority_mix_low,256,2170,14337,14407
latency,weave,8,priority_mix_low,256,2171,12048,12118
latency,weave,8,priority_mix_low,256,2172,10039,10109
latency,weave,8,priority_mix_low,256,2173,9063,9153
latency,weave,8,priority_mix_high,256,2174,313142,313283
latency,weave,8,priority_mix_normal,256,2175,157884,158024
latency,weave,8,priority_mix_low,256,2176,186909,187049
latency,weave,8,priority_mix_high,256,2177,144959,145099
latency,weave,8,priority_mix_normal,256,2178,258960,259100
latency,weave,8,priority_mix_low,256,2179,148095,148235
latency,weave,8,priority_mix_high,256,2180,219064,219204
latency,weave,8,priority_mix_normal,256,2181,158430,158560
latency,weave,8,priority_mix_high,256,2182,18249,18389
latency,weave,8,priority_mix_normal,256,2183,25363,25503
latency,weave,8,priority_mix_low,256,2184,271814,271945
latency,weave,8,priority_mix_low,256,2185,190025,190155
latency,weave,8,priority_mix_high,256,2186,207273,207403
latency,weave,8,priority_mix_normal,256,2187,152133,152273
latency,weave,8,priority_mix_high,256,2188,25919,26059
latency,weave,8,priority_mix_low,256,2189,247598,247739
latency,weave,8,priority_mix_normal,256,2190,143682,143812
latency,weave,8,priority_mix_high,256,2191,26350,26480
latency,weave,8,priority_mix_low,256,2192,324444,324575
latency,weave,8,priority_mix_normal,256,2193,163695,163825
latency,weave,8,priority_mix_low,256,2194,186723,186853
latency,weave,8,priority_mix_high,256,2195,162201,162341
latency,weave,8,priority_mix_normal,256,2196,193460,193591
latency,weave,8,priority_mix_high,256,2197,23825,23965
latency,weave,8,priority_mix_low,256,2198,270472,270613
latency,weave,8,priority_mix_normal,256,2199,178743,178884
latency,weave,8,priority_mix_low,256,2200,163835,163975
latency,weave,8,priority_mix_high,256,2201,205519,205659
latency,weave,8,priority_mix_normal,256,2202,164321,164461
latency,weave,8,priority_mix_low,256,2203,200239,200369
latency,weave,8,priority_mix_high,256,2204,170928,171058
latency,weave,8,priority_mix_normal,256,2205,185126,185256
latency,weave,8,priority_mix_low,256,2206,151016,151146
latency,weave,8,priority_mix_high,256,2207,185386,185527
latency,weave,8,priority_mix_normal,256,2208,150194,150335
latency,weave,8,priority_mix_low,256,2209,191026,191166
latency,weave,8,priority_mix_high,256,2210,206691,206832
latency,weave,8,priority_mix_normal,256,2211,198626,198766
latency,weave,8,priority_mix_low,256,2212,71665,71806
latency,weave,8,priority_mix_high,256,2213,183948,184079
latency,weave,8,priority_mix_normal,256,2214,210794,210934
latency,weave,8,priority_mix_low,256,2215,64843,64983
latency,weave,8,priority_mix_high,256,2216,235727,235857
latency,weave,8,priority_mix_normal,256,2217,181368,181508
latency,weave,8,priority_mix_low,256,2218,186707,186848
latency,weave,8,priority_mix_high,256,2219,165269,165399
latency,weave,8,priority_mix_normal,256,2220,178142,178272
latency,weave,8,priority_mix_low,256,2221,167106,167236
latency,weave,8,priority_mix_high,256,2222,182735,182865
latency,weave,8,priority_mix_normal,256,2223,205028,205169
latency,weave,8,priority_mix_low,256,2224,69616,69767
latency,weave,8,priority_mix_high,256,2225,195324,195465
latency,weave,8,priority_mix_normal,256,2226,153340,153481
latency,weave,8,priority_mix_low,256,2227,231664,231794
latency,weave,8,priority_mix_high,256,2228,179083,179224
latency,weave,8,priority_mix_normal,256,2229,194819,194959
latency,weave,8,priority_mix_low,256,2230,169280,169421
latency,weave,8,priority_mix_high,256,2231,173815,173945
latency,weave,8,priority_mix_normal,256,2232,157799,157939
latency,weave,8,priority_mix_low,256,2233,204066,204196
latency,weave,8,priority_mix_high,256,2234,177686,177826
latency,weave,8,priority_mix_normal,256,2235,203380,203520
latency,weave,8,priority_mix_low,256,2236,148591,148721
latency,weave,8,priority_mix_high,256,2237,209923,210063
latency,weave,8,priority_mix_normal,256,2238,160224,160364
latency,weave,8,priority_mix_low,256,2239,190244,190384
latency,weave,8,priority_mix_high,256,2240,155890,156020
latency,weave,8,priority_mix_normal,256,2241,220287,220417
latency,weave,8,priority_mix_low,256,2242,92725,92866
latency,weave,8,priority_mix_high,256,2243,161285,161425
latency,weave,8,priority_mix_normal,256,2244,226563,226694
latency,weave,8,priority_mix_high,256,2245,65854,65995
latency,weave,8,priority_mix_normal,256,2246,57895,58035
latency,weave,8,priority_mix_low,256,2247,288697,288777
latency,weave,8,priority_mix_low,256,2248,298530,298670
latency,weave,8,priority_mix_high,256,2249,156426,156556
latency,weave,8,priority_mix_normal,256,2250,272896,273037
latency,weave,8,priority_mix_low,256,2251,159045,159186
latency,weave,8,priority_mix_high,256,2252,183092,183232
latency,weave,8,priority_mix_normal,256,2253,151010,151140
latency,weave,8,priority_mix_low,256,2254,198952,199083
latency,weave,8,priority_mix_high,256,2255,185942,186082
latency,weave,8,priority_mix_normal,256,2256,44368,44499
latency,weave,8,priority_mix_low,256,2257,20087,20218
latency,weave,8,priority_mix_high,256,2258,136247,136388
latency,weave,8,priority_mix_normal,256,2259,139350,139490
latency,weave,8,priority_mix_low,256,2260,156311,156432
latency,weave,8,priority_mix_high,256,2261,167572,167712
latency,weave,8,priority_mix_normal,256,2262,135622,135762
latency,weave,8,priority_mix_low,256,2263,143492,143622
latency,weave,8,priority_mix_high,256,2264,197077,197217
latency,weave,8,priority_mix_normal,256,2265,160809,160939
latency,weave,8,priority_mix_low,256,2266,203489,203630
latency,weave,8,priority_mix_high,256,2267,179665,179806
latency,weave,8,priority_mix_normal,256,2268,199793,199924
latency,weave,8,priority_mix_low,256,2269,140556,140696
latency,weave,8,priority_mix_high,256,2270,165678,165818
latency,weave,8,priority_mix_high,256,2271,25719,25859
latency,weave,8,priority_mix_normal,256,2272,61071,61211
latency,weave,8,priority_mix_low,256,2273,121330,121470
latency,weave,8,priority_mix_normal,256,2274,253986,254127
latency,weave,8,priority_mix_low,256,2275,22593,22723
latency,weave,8,priority_mix_high,256,2276,73209,73339
latency,weave,8,priority_mix_high,256,2277,43563,43683
latency,weave,8,priority_mix_high,256,2278,43603,43673
latency,weave,8,priority_mix_high,256,2279,43453,43523
latency,weave,8,priority_mix_high,256,2280,42190,42260
latency,weave,8,priority_mix_high,256,2281,42060,42130
latency,weave,8,priority_mix_high,256,2282,40567,40647
latency,weave,8,priority_mix_high,256,2283,40517,40587
latency,weave,8,priority_mix_high,256,2284,40416,40496
latency,weave,8,priority_mix_normal,256,2285,48031,48111
latency,weave,8,priority_mix_normal,256,2286,47450,47530
latency,weave,8,priority_mix_normal,256,2287,46728,46798
latency,weave,8,priority_mix_normal,256,2288,46519,46599
latency,weave,8,priority_mix_normal,256,2289,45175,45245
latency,weave,8,priority_mix_normal,256,2290,44946,45026
latency,weave,8,priority_mix_normal,256,2291,44765,44835
latency,weave,8,priority_mix_normal,256,2292,43452,43532
latency,weave,8,priority_mix_normal,256,2293,43493,43573
latency,weave,8,priority_mix_low,256,2294,50205,50285
latency,weave,8,priority_mix_low,256,2295,49554,49634
latency,weave,8,priority_mix_low,256,2296,49394,49464
latency,weave,8,priority_mix_low,256,2297,49283,49363
latency,weave,8,priority_mix_high,256,2298,51112,51252
latency,weave,8,priority_mix_low,256,2299,47931,48001
latency,weave,8,priority_mix_low,256,2300,47740,47820
latency,weave,8,priority_mix_low,256,2301,47340,47410
latency,weave,8,priority_mix_low,256,2302,46773,46853
latency,weave,8,priority_mix_low,256,2303,46549,46619
latency,rayon,8,burst_small,256,0,113791,113921
latency,rayon,8,burst_small,256,1,96543,96683
latency,rayon,8,burst_small,256,2,42687,42817
latency,rayon,8,burst_small,256,3,174670,174801
latency,rayon,8,burst_small,256,4,179827,179957
latency,rayon,8,burst_small,256,5,68786,68906
latency,rayon,8,burst_small,256,6,46223,46363
latency,rayon,8,burst_small,256,7,81214,81344
latency,rayon,8,burst_small,256,8,159051,159191
latency,rayon,8,burst_small,256,9,179951,180091
latency,rayon,8,burst_small,256,10,163470,163600
latency,rayon,8,burst_small,256,11,96663,96804
latency,rayon,8,burst_small,256,12,145060,145200
latency,rayon,8,burst_small,256,13,137276,137406
latency,rayon,8,burst_small,256,14,182556,182696
latency,rayon,8,burst_small,256,15,142120,142250
latency,rayon,8,burst_small,256,16,58581,58711
latency,rayon,8,burst_small,256,17,51273,51413
latency,rayon,8,burst_small,256,18,51704,51844
latency,rayon,8,burst_small,256,19,2310,2391
latency,rayon,8,burst_small,256,20,129957,130087
latency,rayon,8,burst_small,256,21,2420,2521
latency,rayon,8,burst_small,256,22,977,1047
latency,rayon,8,burst_small,256,23,1323,1393
latency,rayon,8,burst_small,256,24,1338,1418
latency,rayon,8,burst_small,256,25,1493,1623
latency,rayon,8,burst_small,256,26,1644,1724
latency,rayon,8,burst_small,256,27,1729,1799
latency,rayon,8,burst_small,256,28,1910,2000
latency,rayon,8,burst_small,256,29,1854,1935
latency,rayon,8,burst_small,256,30,1814,1884
latency,rayon,8,burst_small,256,31,1799,1899
latency,rayon,8,burst_small,256,32,1949,2020
latency,rayon,8,burst_small,256,33,1950,2030
latency,rayon,8,burst_small,256,34,1944,2014
latency,rayon,8,burst_small,256,35,1944,2025
latency,rayon,8,burst_small,256,36,2350,2420
latency,rayon,8,burst_small,256,37,2560,2630
latency,rayon,8,burst_small,256,38,2405,2485
latency,rayon,8,burst_small,256,39,2380,2461
latency,rayon,8,burst_small,256,40,2636,2706
latency,rayon,8,burst_small,256,41,2641,2711
latency,rayon,8,burst_small,256,42,2640,2710
latency,rayon,8,burst_small,256,43,2686,2766
latency,rayon,8,burst_small,256,44,2845,2926
latency,rayon,8,burst_small,256,45,2881,2951
latency,rayon,8,burst_small,256,46,2726,2806
latency,rayon,8,burst_small,256,47,2926,2997
latency,rayon,8,burst_small,256,48,2976,3056
latency,rayon,8,burst_small,256,49,2851,2931
latency,rayon,8,burst_small,256,50,2711,2791
latency,rayon,8,burst_small,256,51,2785,2885
latency,rayon,8,burst_small,256,52,2606,2676
latency,rayon,8,burst_small,256,53,2510,2590
latency,rayon,8,burst_small,256,54,2551,2631
latency,rayon,8,burst_small,256,55,2665,2735
latency,rayon,8,burst_small,256,56,2976,3056
latency,rayon,8,burst_small,256,57,3081,3151
latency,rayon,8,burst_small,256,58,2982,3052
latency,rayon,8,burst_small,256,59,2765,2846
latency,rayon,8,burst_small,256,60,2715,2786
latency,rayon,8,burst_small,256,61,2781,2851
latency,rayon,8,burst_small,256,62,2952,3022
latency,rayon,8,burst_small,256,63,2465,2535
latency,rayon,8,burst_small,256,64,2526,2636
latency,rayon,8,burst_small,256,65,4980,5130
latency,rayon,8,burst_small,256,66,8036,8116
latency,rayon,8,burst_small,256,67,8336,8416
latency,rayon,8,burst_small,256,68,8526,8597
latency,rayon,8,burst_small,256,69,8697,8777
latency,rayon,8,burst_small,256,70,8817,8898
latency,rayon,8,burst_small,256,71,8978,9048
latency,rayon,8,burst_small,256,72,9157,9227
latency,rayon,8,burst_small,256,73,9278,9348
latency,rayon,8,burst_small,256,74,9218,9298
latency,rayon,8,burst_small,256,75,9288,9368
latency,rayon,8,burst_small,256,76,9398,9468
latency,rayon,8,burst_small,256,77,9037,9108
latency,rayon,8,burst_small,256,78,9138,9208
latency,rayon,8,burst_small,256,79,112193,112323
latency,rayon,8,burst_small,256,80,9248,9318
latency,rayon,8,burst_small,256,81,9509,9579
latency,rayon,8,burst_small,256,82,9789,9869
latency,rayon,8,burst_small,256,83,9839,9909
latency,rayon,8,burst_small,256,84,9929,10009
latency,rayon,8,burst_small,256,85,9789,9869
latency,rayon,8,burst_small,256,86,10019,10099
latency,rayon,8,burst_small,256,87,9999,10079
latency,rayon,8,burst_small,256,88,10270,10350
latency,rayon,8,burst_small,256,89,10350,10420
latency,rayon,8,burst_small,256,90,10430,10500
latency,rayon,8,burst_small,256,91,10561,10641
latency,rayon,8,burst_small,256,92,10761,10841
latency,rayon,8,burst_small,256,93,10851,10932
latency,rayon,8,burst_small,256,94,11002,11082
latency,rayon,8,burst_small,256,95,11111,11191
latency,rayon,8,burst_small,256,96,11401,11482
latency,rayon,8,burst_small,256,97,11472,11552
latency,rayon,8,burst_small,256,98,11582,11662
latency,rayon,8,burst_small,256,99,11603,11683
latency,rayon,8,burst_small,256,100,2600,2670
latency,rayon,8,burst_small,256,101,11703,11773
latency,rayon,8,burst_small,256,102,11822,11892
latency,rayon,8,burst_small,256,103,12023,12103
latency,rayon,8,burst_small,256,104,12103,12173
latency,rayon,8,burst_small,256,105,12353,12424
latency,rayon,8,burst_small,256,106,12374,12454
latency,rayon,8,burst_small,256,107,12644,12714
latency,rayon,8,burst_small,256,108,12644,12715
latency,rayon,8,burst_small,256,109,12925,13005
latency,rayon,8,burst_small,256,110,12915,12995
latency,rayon,8,burst_small,256,111,13156,13226
latency,rayon,8,burst_small,256,112,13135,13205
latency,rayon,8,burst_small,256,113,13405,13475
latency,rayon,8,burst_small,256,114,13356,13426
latency,rayon,8,burst_small,256,115,13536,13636
latency,rayon,8,burst_small,256,116,13846,13927
latency,rayon,8,burst_small,256,117,14077,14147
latency,rayon,8,burst_small,256,118,14358,14428
latency,rayon,8,burst_small,256,119,14568,14648
latency,rayon,8,burst_small,256,120,14669,14759
latency,rayon,8,burst_small,256,121,15008,15078
latency,rayon,8,burst_small,256,122,15148,15249
latency,rayon,8,burst_small,256,123,15159,15259
latency,rayon,8,burst_small,256,124,15389,15469
latency,rayon,8,burst_small,256,125,15399,15480
latency,rayon,8,burst_small,256,126,611,721
latency,rayon,8,burst_small,256,127,15520,15590
latency,rayon,8,burst_small,256,128,15510,15590
latency,rayon,8,burst_small,256,129,1152,1242
latency,rayon,8,burst_small,256,130,155895,156035
latency,rayon,8,burst_small,256,131,2114,2214
latency,rayon,8,burst_small,256,132,15810,15890
latency,rayon,8,burst_small,256,133,16662,16732
latency,rayon,8,burst_small,256,134,2625,2695
latency,rayon,8,burst_small,256,135,2826,2896
latency,rayon,8,burst_small,256,136,17053,17133
latency,rayon,8,burst_small,256,137,17032,17112
latency,rayon,8,burst_small,256,138,3707,3777
latency,rayon,8,burst_small,256,139,17343,17413
latency,rayon,8,burst_small,256,140,17323,17393
latency,rayon,8,burst_small,256,141,4157,4238
latency,rayon,8,burst_small,256,142,17483,17553
latency,rayon,8,burst_small,256,143,17664,17744
latency,rayon,8,burst_small,256,144,4789,4880
latency,rayon,8,burst_small,256,145,17764,17834
latency,rayon,8,burst_small,256,146,17764,17834
latency,rayon,8,burst_small,256,147,17834,17914
latency,rayon,8,burst_small,256,148,5070,5150
latency,rayon,8,burst_small,256,149,17864,17945
latency,rayon,8,burst_small,256,150,18135,18225
latency,rayon,8,burst_small,256,151,5591,5671
latency,rayon,8,burst_small,256,152,18275,18345
latency,rayon,8,burst_small,256,153,18366,18436
latency,rayon,8,burst_small,256,154,5931,6001
latency,rayon,8,burst_small,256,155,18475,18555
latency,rayon,8,burst_small,256,156,18525,18635
latency,rayon,8,burst_small,256,157,6482,6552
latency,rayon,8,burst_small,256,158,18616,18696
latency,rayon,8,burst_small,256,159,18655,18776
latency,rayon,8,burst_small,256,160,18766,18836
latency,rayon,8,burst_small,256,161,18705,18776
latency,rayon,8,burst_small,256,162,6762,6853
latency,rayon,8,burst_small,256,163,19036,19107
latency,rayon,8,burst_small,256,164,19017,19097
latency,rayon,8,burst_small,256,165,18766,18846
latency,rayon,8,burst_small,256,166,7464,7555
latency,rayon,8,burst_small,256,167,19066,19147
latency,rayon,8,burst_small,256,168,26045,26175
latency,rayon,8,burst_small,256,169,26335,26405
latency,rayon,8,burst_small,256,170,26476,26556
latency,rayon,8,burst_small,256,171,26626,26696
latency,rayon,8,burst_small,256,172,26776,26846
latency,rayon,8,burst_small,256,173,26937,27017
latency,rayon,8,burst_small,256,174,27097,27167
latency,rayon,8,burst_small,256,175,27247,27328
latency,rayon,8,burst_small,256,176,27468,27538
latency,rayon,8,burst_small,256,177,27608,27688
latency,rayon,8,burst_small,256,178,27758,27838
latency,rayon,8,burst_small,256,179,27888,27958
latency,rayon,8,burst_small,256,180,28028,28108
latency,rayon,8,burst_small,256,181,28199,28269
latency,rayon,8,burst_small,256,182,28279,28349
latency,rayon,8,burst_small,256,183,28439,28520
latency,rayon,8,burst_small,256,184,28590,28670
latency,rayon,8,burst_small,256,185,28740,28810
latency,rayon,8,burst_small,256,186,29161,29231
latency,rayon,8,burst_small,256,187,29281,29351
latency,rayon,8,burst_small,256,188,29422,29492
latency,rayon,8,burst_small,256,189,29572,29652
latency,rayon,8,burst_small,256,190,29721,29801
latency,rayon,8,burst_small,256,191,29852,29922
latency,rayon,8,burst_small,256,192,29992,30062
latency,rayon,8,burst_small,256,193,30142,30212
latency,rayon,8,burst_small,256,194,30313,30383
latency,rayon,8,burst_small,256,195,30463,30533
latency,rayon,8,burst_small,256,196,30633,30704
latency,rayon,8,burst_small,256,197,30704,30784
latency,rayon,8,burst_small,256,198,30824,30904
latency,rayon,8,burst_small,256,199,30944,31025
latency,rayon,8,burst_small,256,200,30994,31064
latency,rayon,8,burst_small,256,201,31114,31184
latency,rayon,8,burst_small,256,202,2645,2725
latency,rayon,8,burst_small,256,203,31264,31335
latency,rayon,8,burst_small,256,204,39224,39354
latency,rayon,8,burst_small,256,205,39555,39625
latency,rayon,8,burst_small,256,206,39635,39715
latency,rayon,8,burst_small,256,207,39736,39816
latency,rayon,8,burst_small,256,208,39906,39976
latency,rayon,8,burst_small,256,209,40106,40177
latency,rayon,8,burst_small,256,210,40256,40336
latency,rayon,8,burst_small,256,211,40366,40436
latency,rayon,8,burst_small,256,212,35558,35638
latency,rayon,8,burst_small,256,213,35337,35417
latency,rayon,8,burst_small,256,214,35437,35507
latency,rayon,8,burst_small,256,215,36219,36289
latency,rayon,8,burst_small,256,216,36358,36428
latency,rayon,8,burst_small,256,217,36469,36539
latency,rayon,8,burst_small,256,218,36639,36709
latency,rayon,8,burst_small,256,219,36689,36770
latency,rayon,8,burst_small,256,220,36840,36910
latency,rayon,8,burst_small,256,221,36639,36709
latency,rayon,8,burst_small,256,222,36770,36850
latency,rayon,8,burst_small,256,223,36920,36990
latency,rayon,8,burst_small,256,224,37070,37140
latency,rayon,8,burst_small,256,225,37161,37241
latency,rayon,8,burst_small,256,226,37311,37381
latency,rayon,8,burst_small,256,227,37390,37461
latency,rayon,8,burst_small,256,228,37471,37551
latency,rayon,8,burst_small,256,229,37310,37380
latency,rayon,8,burst_small,256,230,37440,37521
latency,rayon,8,burst_small,256,231,37571,37651
latency,rayon,8,burst_small,256,232,37701,37771
latency,rayon,8,burst_small,256,233,37792,37862
latency,rayon,8,burst_small,256,234,37922,37992
latency,rayon,8,burst_small,256,235,38062,38132
latency,rayon,8,burst_small,256,236,38203,38273
latency,rayon,8,burst_small,256,237,38092,38172
latency,rayon,8,burst_small,256,238,38252,38333
latency,rayon,8,burst_small,256,239,38413,38493
latency,rayon,8,burst_small,256,240,38563,38633
latency,rayon,8,burst_small,256,241,38694,38774
latency,rayon,8,burst_small,256,242,38804,38884
latency,rayon,8,burst_small,256,243,38964,39034
latency,rayon,8,burst_small,256,244,19457,19537
latency,rayon,8,burst_small,256,245,39054,39124
latency,rayon,8,burst_small,256,246,40562,40683
latency,rayon,8,burst_small,256,247,40607,40738
latency,rayon,8,burst_small,256,248,40753,40823
latency,rayon,8,burst_small,256,249,40943,41024
latency,rayon,8,burst_small,256,250,40698,40768
latency,rayon,8,burst_small,256,251,40773,40843
latency,rayon,8,burst_small,256,252,8146,8216
latency,rayon,8,burst_small,256,253,19468,19538
latency,rayon,8,burst_small,256,254,2491,2601
latency,rayon,8,burst_small,256,255,19457,19547
latency,rayon,8,burst_small,256,256,167287,167417
latency,rayon,8,burst_small,256,257,115449,115580
latency,rayon,8,burst_small,256,258,46879,47009
latency,rayon,8,burst_small,256,259,137616,137746
latency,rayon,8,burst_small,256,260,258390,258530
latency,rayon,8,burst_small,256,261,266801,266931
latency,rayon,8,burst_small,256,262,55175,55295
latency,rayon,8,burst_small,256,263,72797,72928
latency,rayon,8,burst_small,256,264,47220,47350
latency,rayon,8,burst_small,256,265,176600,176730
latency,rayon,8,burst_small,256,266,200480,200620
latency,rayon,8,burst_small,256,267,134996,135116
latency,rayon,8,burst_small,256,268,167477,167617
latency,rayon,8,burst_small,256,269,93958,94078
latency,rayon,8,burst_small,256,270,60811,60941
latency,rayon,8,burst_small,256,271,120087,120228
latency,rayon,8,burst_small,256,272,191041,191182
latency,rayon,8,burst_small,256,273,33113,33243
latency,rayon,8,burst_small,256,274,79005,79146
latency,rayon,8,burst_small,256,275,147234,147365
latency,rayon,8,burst_small,256,276,32542,32672
latency,rayon,8,burst_small,256,277,206812,206953
latency,rayon,8,burst_small,256,278,121555,121695
latency,rayon,8,burst_small,256,279,149970,150100
latency,rayon,8,burst_small,256,280,270812,270953
latency,rayon,8,burst_small,256,281,61372,61512
latency,rayon,8,burst_small,256,282,161386,161526
latency,rayon,8,burst_small,256,283,204187,204327
latency,rayon,8,burst_small,256,284,16712,16782
latency,rayon,8,burst_small,256,285,216730,216871
latency,rayon,8,burst_small,256,286,36720,36860
latency,rayon,8,burst_small,256,287,245475,245615
latency,rayon,8,burst_small,256,288,166646,166786
latency,rayon,8,burst_small,256,289,397242,397372
latency,rayon,8,burst_small,256,290,241067,241197
latency,rayon,8,burst_small,256,291,18435,18565
latency,rayon,8,burst_small,256,292,93162,93292
latency,rayon,8,burst_small,256,293,60700,60840
latency,rayon,8,burst_small,256,294,172607,172747
latency,rayon,8,burst_small,256,295,163695,163816
latency,rayon,8,burst_small,256,296,97675,97795
latency,rayon,8,burst_small,256,297,161485,161625
latency,rayon,8,burst_small,256,298,103942,104072
latency,rayon,8,burst_small,256,299,38759,38889
latency,rayon,8,burst_small,256,300,48382,48522
latency,rayon,8,burst_small,256,301,13856,13926
latency,rayon,8,burst_small,256,302,176529,176670
latency,rayon,8,burst_small,256,303,60390,60520
latency,rayon,8,burst_small,256,304,170663,170784
latency,rayon,8,burst_small,256,305,153049,153180
latency,rayon,8,burst_small,256,306,283577,283718
latency,rayon,8,burst_small,256,307,66847,66977
latency,rayon,8,burst_small,256,308,125604,125734
latency,rayon,8,burst_small,256,309,198716,198846
latency,rayon,8,burst_small,256,310,199333,199473
latency,rayon,8,burst_small,256,311,172416,172556
latency,rayon,8,burst_small,256,312,49404,49544
latency,rayon,8,burst_small,256,313,64899,65019
latency,rayon,8,burst_small,256,314,161506,161646
latency,rayon,8,burst_small,256,315,190576,190716
latency,rayon,8,burst_small,256,316,126159,126299
latency,rayon,8,burst_small,256,317,7931,8061
latency,rayon,8,burst_small,256,318,8281,8351
latency,rayon,8,burst_small,256,319,8622,8702
latency,rayon,8,burst_small,256,320,8983,9063
latency,rayon,8,burst_small,256,321,13752,13822
latency,rayon,8,burst_small,256,322,13782,13862
latency,rayon,8,burst_small,256,323,360,471
latency,rayon,8,burst_small,256,324,13952,14032
latency,rayon,8,burst_small,256,325,14142,14212
latency,rayon,8,burst_small,256,326,5851,5931
latency,rayon,8,burst_small,256,327,14333,14403
latency,rayon,8,burst_small,256,328,6202,6282
latency,rayon,8,burst_small,256,329,6492,6563
latency,rayon,8,burst_small,256,330,249623,249763
latency,rayon,8,burst_small,256,331,6673,6743
latency,rayon,8,burst_small,256,332,51944,52085
latency,rayon,8,burst_small,256,333,15104,15204
latency,rayon,8,burst_small,256,334,7043,7123
latency,rayon,8,burst_small,256,335,7374,7464
latency,rayon,8,burst_small,256,336,15455,15525
latency,rayon,8,burst_small,256,337,7694,7765
latency,rayon,8,burst_small,256,338,15655,15735
latency,rayon,8,burst_small,256,339,15740,15810
latency,rayon,8,burst_small,256,340,7995,8095
latency,rayon,8,burst_small,256,341,15786,15856
latency,rayon,8,burst_small,256,342,15866,15936
latency,rayon,8,burst_small,256,343,8356,8426
latency,rayon,8,burst_small,256,344,16051,16121
latency,rayon,8,burst_small,256,345,8737,8827
latency,rayon,8,burst_small,256,346,16207,16277
latency,rayon,8,burst_small,256,347,16237,16317
latency,rayon,8,burst_small,256,348,9088,9158
latency,rayon,8,burst_small,256,349,16352,16422
latency,rayon,8,burst_small,256,350,16678,16758
latency,rayon,8,burst_small,256,351,9468,9548
latency,rayon,8,burst_small,256,352,16737,16837
latency,rayon,8,burst_small,256,353,16797,16867
latency,rayon,8,burst_small,256,354,16812,16882
latency,rayon,8,burst_small,256,355,9939,10019
latency,rayon,8,burst_small,256,356,16828,16928
latency,rayon,8,burst_small,256,357,10349,10429
latency,rayon,8,burst_small,256,358,17188,17268
latency,rayon,8,burst_small,256,359,10651,10731
latency,rayon,8,burst_small,256,360,17263,17343
latency,rayon,8,burst_small,256,361,17328,17399
latency,rayon,8,burst_small,256,362,17349,17429
latency,rayon,8,burst_small,256,363,11111,11201
latency,rayon,8,burst_small,256,364,17589,17689
latency,rayon,8,burst_small,256,365,11332,11412
latency,rayon,8,burst_small,256,366,17569,17650
latency,rayon,8,burst_small,256,367,17674,17755
latency,rayon,8,burst_small,256,368,11632,11722
latency,rayon,8,burst_small,256,369,17779,17849
latency,rayon,8,burst_small,256,370,17839,17919
latency,rayon,8,burst_small,256,371,18170,18250
latency,rayon,8,burst_small,256,372,12173,12253
latency,rayon,8,burst_small,256,373,12534,12604
latency,rayon,8,burst_small,256,374,18545,18615
latency,rayon,8,burst_small,256,375,18511,18601
latency,rayon,8,burst_small,256,376,18530,18611
latency,rayon,8,burst_small,256,377,12724,12804
latency,rayon,8,burst_small,256,378,18786,18856
latency,rayon,8,burst_small,256,379,18781,18851
latency,rayon,8,burst_small,256,380,13545,13656
latency,rayon,8,burst_small,256,381,19267,19347
latency,rayon,8,burst_small,256,382,19342,19413
latency,rayon,8,burst_small,256,383,13816,13896
latency,rayon,8,burst_small,256,384,19393,19503
latency,rayon,8,burst_small,256,385,14116,14187
latency,rayon,8,burst_small,256,386,19408,19488
latency,rayon,8,burst_small,256,387,15279,15349
latency,rayon,8,burst_small,256,388,19543,19613
latency,rayon,8,burst_small,256,389,15499,15579
latency,rayon,8,burst_small,256,390,15740,15830
latency,rayon,8,burst_small,256,391,20960,21040
latency,rayon,8,burst_small,256,392,20635,20715
latency,rayon,8,burst_small,256,393,16121,16191
latency,rayon,8,burst_small,256,394,21306,21416
latency,rayon,8,burst_small,256,395,16391,16481
latency,rayon,8,burst_small,256,396,21341,21421
latency,rayon,8,burst_small,256,397,21406,21506
latency,rayon,8,burst_small,256,398,16772,16862
latency,rayon,8,burst_small,256,399,21717,21787
latency,rayon,8,burst_small,256,400,17122,17203
latency,rayon,8,burst_small,256,401,21932,22002
latency,rayon,8,burst_small,256,402,22088,22158
latency,rayon,8,burst_small,256,403,17473,17553
latency,rayon,8,burst_small,256,404,22103,22173
latency,rayon,8,burst_small,256,405,22248,22318
latency,rayon,8,burst_small,256,406,17693,17783
latency,rayon,8,burst_small,256,407,22268,22338
latency,rayon,8,burst_small,256,408,22393,22473
latency,rayon,8,burst_small,256,409,18064,18144
latency,rayon,8,burst_small,256,410,22589,22659
latency,rayon,8,burst_small,256,411,18294,18374
latency,rayon,8,burst_small,256,412,22613,22693
latency,rayon,8,burst_small,256,413,22568,22648
latency,rayon,8,burst_small,256,414,18735,18805
latency,rayon,8,burst_small,256,415,22959,23039
latency,rayon,8,burst_small,256,416,22934,23004
latency,rayon,8,burst_small,256,417,22869,22969
latency,rayon,8,burst_small,256,418,19066,19146
latency,rayon,8,burst_small,256,419,23169,23250
latency,rayon,8,burst_small,256,420,23214,23295
latency,rayon,8,burst_small,256,421,23220,23290
latency,rayon,8,burst_small,256,422,19357,19427
latency,rayon,8,burst_small,256,423,23330,23410
latency,rayon,8,burst_small,256,424,23581,23651
latency,rayon,8,burst_small,256,425,19888,19958
latency,rayon,8,burst_small,256,426,23631,23701
latency,rayon,8,burst_small,256,427,23615,23696
latency,rayon,8,burst_small,256,428,23790,23860
latency,rayon,8,burst_small,256,429,20269,20339
latency,rayon,8,burst_small,256,430,23920,24001
latency,rayon,8,burst_small,256,431,23955,24026
latency,rayon,8,burst_small,256,432,20469,20559
latency,rayon,8,burst_small,256,433,23991,24061
latency,rayon,8,burst_small,256,434,24091,24181
latency,rayon,8,burst_small,256,435,20930,21000
latency,rayon,8,burst_small,256,436,24286,24366
latency,rayon,8,burst_small,256,437,24392,24472
latency,rayon,8,burst_small,256,438,24422,24492
latency,rayon,8,burst_small,256,439,21240,21320
latency,rayon,8,burst_small,256,440,24612,24692
latency,rayon,8,burst_small,256,441,24657,24727
latency,rayon,8,burst_small,256,442,21601,21671
latency,rayon,8,burst_small,256,443,24763,24843
latency,rayon,8,burst_small,256,444,24763,24843
latency,rayon,8,burst_small,256,445,24948,25028
latency,rayon,8,burst_small,256,446,25113,25194
latency,rayon,8,burst_small,256,447,25104,25214
latency,rayon,8,burst_small,256,448,25128,25209
latency,rayon,8,burst_small,256,449,25493,25564
latency,rayon,8,burst_small,256,450,25508,25589
latency,rayon,8,burst_small,256,451,25484,25554
latency,rayon,8,burst_small,256,452,25804,25884
latency,rayon,8,burst_small,256,453,25839,25929
latency,rayon,8,burst_small,256,454,25875,25945
latency,rayon,8,burst_small,256,455,26005,26085
latency,rayon,8,burst_small,256,456,26110,26180
latency,rayon,8,burst_small,256,457,26105,26185
latency,rayon,8,burst_small,256,458,26125,26195
latency,rayon,8,burst_small,256,459,26311,26381
latency,rayon,8,burst_small,256,460,26396,26466
latency,rayon,8,burst_small,256,461,26446,26536
latency,rayon,8,burst_small,256,462,26491,26561
latency,rayon,8,burst_small,256,463,26535,26635
latency,rayon,8,burst_small,256,464,26886,26956
latency,rayon,8,burst_small,256,465,26881,26961
latency,rayon,8,burst_small,256,466,27077,27157
latency,rayon,8,burst_small,256,467,27202,27282
latency,rayon,8,burst_small,256,468,27277,27357
latency,rayon,8,burst_small,256,469,27348,27448
latency,rayon,8,burst_small,256,470,27372,27442
latency,rayon,8,burst_small,256,471,27458,27528
latency,rayon,8,burst_small,256,472,27808,27878
latency,rayon,8,burst_small,256,473,27739,27839
latency,rayon,8,burst_small,256,474,27753,27824
latency,rayon,8,burst_small,256,475,27889,27989
latency,rayon,8,burst_small,256,476,28163,28233
latency,rayon,8,burst_small,256,477,28189,28269
latency,rayon,8,burst_small,256,478,28199,28279
latency,rayon,8,burst_small,256,479,28404,28474
latency,rayon,8,burst_small,256,480,28409,28479
latency,rayon,8,burst_small,256,481,28239,28319
latency,rayon,8,burst_small,256,482,28565,28635
latency,rayon,8,burst_small,256,483,28600,28710
latency,rayon,8,burst_small,256,484,28610,28700
latency,rayon,8,burst_small,256,485,28725,28795
latency,rayon,8,burst_small,256,486,28931,29011
latency,rayon,8,burst_small,256,487,28925,29005
latency,rayon,8,burst_small,256,488,28921,29001
latency,rayon,8,burst_small,256,489,29191,29261
latency,rayon,8,burst_small,256,490,29181,29251
latency,rayon,8,burst_small,256,491,29236,29306
latency,rayon,8,burst_small,256,492,29411,29491
latency,rayon,8,burst_small,256,493,28755,28825
latency,rayon,8,burst_small,256,494,29657,29727
latency,rayon,8,burst_small,256,495,29632,29702
latency,rayon,8,burst_small,256,496,29662,29732
latency,rayon,8,burst_small,256,497,29837,29927
latency,rayon,8,burst_small,256,498,29923,29993
latency,rayon,8,burst_small,256,499,30147,30227
latency,rayon,8,burst_small,256,500,30182,30262
latency,rayon,8,burst_small,256,501,30163,30233
latency,rayon,8,burst_small,256,502,30258,30328
latency,rayon,8,burst_small,256,503,30663,30734
latency,rayon,8,burst_small,256,504,30709,30779
latency,rayon,8,burst_small,256,505,30684,30754
latency,rayon,8,burst_small,256,506,30844,30914
latency,rayon,8,burst_small,256,507,31009,31079
latency,rayon,8,burst_small,256,508,109177,109317
latency,rayon,8,burst_small,256,509,241929,242059
latency,rayon,8,burst_small,256,510,173859,173999
latency,rayon,8,burst_small,256,511,190651,190781
latency,rayon,8,burst_small,256,512,111029,111160
latency,rayon,8,burst_small,256,513,118594,118735
latency,rayon,8,burst_small,256,514,179981,180121
latency,rayon,8,burst_small,256,515,243115,243246
latency,rayon,8,burst_small,256,516,149192,149333
latency,rayon,8,burst_small,256,517,1422,1492
latency,rayon,8,burst_small,256,518,1854,1924
latency,rayon,8,burst_small,256,519,2104,2174
latency,rayon,8,burst_small,256,520,2434,2504
latency,rayon,8,burst_small,256,521,2785,2885
latency,rayon,8,burst_small,256,522,3065,3136
latency,rayon,8,burst_small,256,523,3536,3677
latency,rayon,8,burst_small,256,524,3406,3486
latency,rayon,8,burst_small,256,525,3656,3726
latency,rayon,8,burst_small,256,526,118370,118510
latency,rayon,8,burst_small,256,527,3937,4007
latency,rayon,8,burst_small,256,528,3957,4037
latency,rayon,8,burst_small,256,529,4494,4574
latency,rayon,8,burst_small,256,530,9147,9217
latency,rayon,8,burst_small,256,531,9408,9488
latency,rayon,8,burst_small,256,532,9684,9754
latency,rayon,8,burst_small,256,533,9869,9949
latency,rayon,8,burst_small,256,534,10024,10094
latency,rayon,8,burst_small,256,535,9719,9789
latency,rayon,8,burst_small,256,536,9844,9914
latency,rayon,8,burst_small,256,537,9928,9999
latency,rayon,8,burst_small,256,538,9984,10054
latency,rayon,8,burst_small,256,539,10069,10149
latency,rayon,8,burst_small,256,540,10034,10114
latency,rayon,8,burst_small,256,541,5270,5410
latency,rayon,8,burst_small,256,542,10204,10275
latency,rayon,8,burst_small,256,543,10279,10349
latency,rayon,8,burst_small,256,544,10816,10886
latency,rayon,8,burst_small,256,545,11011,11091
latency,rayon,8,burst_small,256,546,11051,11141
latency,rayon,8,burst_small,256,547,11087,11167
latency,rayon,8,burst_small,256,548,11090,11170
latency,rayon,8,burst_small,256,549,11141,11221
latency,rayon,8,burst_small,256,550,11136,11237
latency,rayon,8,burst_small,256,551,11191,11261
latency,rayon,8,burst_small,256,552,11231,11301
latency,rayon,8,burst_small,256,553,11242,11322
latency,rayon,8,burst_small,256,554,11287,11357
latency,rayon,8,burst_small,256,555,11271,11351
latency,rayon,8,burst_small,256,556,11481,11551
latency,rayon,8,burst_small,256,557,11517,11587
latency,rayon,8,burst_small,256,558,11492,11572
latency,rayon,8,burst_small,256,559,11592,11672
latency,rayon,8,burst_small,256,560,4258,4338
latency,rayon,8,burst_small,256,561,11768,11848
latency,rayon,8,burst_small,256,562,11792,11863
latency,rayon,8,burst_small,256,563,12018,12118
latency,rayon,8,burst_small,256,564,11992,12062
latency,rayon,8,burst_small,256,565,12413,12513
latency,rayon,8,burst_small,256,566,12724,12804
latency,rayon,8,burst_small,256,567,13044,13125
latency,rayon,8,burst_small,256,568,13225,13295
latency,rayon,8,burst_small,256,569,13385,13465
latency,rayon,8,burst_small,256,570,13615,13685
latency,rayon,8,burst_small,256,571,100280,100411
latency,rayon,8,burst_small,256,572,13776,13846
latency,rayon,8,burst_small,256,573,13736,13806
latency,rayon,8,burst_small,256,574,14417,14487
latency,rayon,8,burst_small,256,575,14478,14548
latency,rayon,8,burst_small,256,576,14347,14417
latency,rayon,8,burst_small,256,577,15675,15745
latency,rayon,8,burst_small,256,578,14557,14638
latency,rayon,8,burst_small,256,579,11642,11712
latency,rayon,8,burst_small,256,580,18330,18441
latency,rayon,8,burst_small,256,581,172903,173034
latency,rayon,8,burst_small,256,582,380,501
latency,rayon,8,burst_small,256,583,18595,18666
latency,rayon,8,burst_small,256,584,18630,18710
latency,rayon,8,burst_small,256,585,18665,18735
latency,rayon,8,burst_small,256,586,951,1021
latency,rayon,8,burst_small,256,587,18915,18986
latency,rayon,8,burst_small,256,588,1233,1333
latency,rayon,8,burst_small,256,589,19086,19156
latency,rayon,8,burst_small,256,590,19262,19332
latency,rayon,8,burst_small,256,591,19236,19316
latency,rayon,8,burst_small,256,592,19236,19316
latency,rayon,8,burst_small,256,593,19216,19286
latency,rayon,8,burst_small,256,594,14898,14979
latency,rayon,8,burst_small,256,595,19232,19332
latency,rayon,8,burst_small,256,596,19632,19702
latency,rayon,8,burst_small,256,597,19657,19727
latency,rayon,8,burst_small,256,598,19767,19837
latency,rayon,8,burst_small,256,599,19987,20068
latency,rayon,8,burst_small,256,600,19997,20078
latency,rayon,8,burst_small,256,601,19978,20058
latency,rayon,8,burst_small,256,602,18640,18710
latency,rayon,8,burst_small,256,603,18665,18735
latency,rayon,8,burst_small,256,604,18671,18741
latency,rayon,8,burst_small,256,605,18786,18866
latency,rayon,8,burst_small,256,606,18755,18825
latency,rayon,8,burst_small,256,607,19016,19096
latency,rayon,8,burst_small,256,608,19021,19092
latency,rayon,8,burst_small,256,609,19061,19161
latency,rayon,8,burst_small,256,610,19412,19492
latency,rayon,8,burst_small,256,611,19446,19526
latency,rayon,8,burst_small,256,612,19396,19466
latency,rayon,8,burst_small,256,613,19627,19697
latency,rayon,8,burst_small,256,614,19552,19622
latency,rayon,8,burst_small,256,615,19583,19653
latency,rayon,8,burst_small,256,616,19567,19667
latency,rayon,8,burst_small,256,617,19587,19667
latency,rayon,8,burst_small,256,618,19637,19708
latency,rayon,8,burst_small,256,619,19667,19747
latency,rayon,8,burst_small,256,620,19722,19793
latency,rayon,8,burst_small,256,621,19822,19922
latency,rayon,8,burst_small,256,622,19908,19978
latency,rayon,8,burst_small,256,623,19907,19977
latency,rayon,8,burst_small,256,624,19967,20068
latency,rayon,8,burst_small,256,625,20043,20113
latency,rayon,8,burst_small,256,626,20033,20113
latency,rayon,8,burst_small,256,627,20098,20178
latency,rayon,8,burst_small,256,628,20098,20168
latency,rayon,8,burst_small,256,629,20188,20258
latency,rayon,8,burst_small,256,630,20153,20223
latency,rayon,8,burst_small,256,631,20289,20359
latency,rayon,8,burst_small,256,632,1674,1754
latency,rayon,8,burst_small,256,633,20468,20538
latency,rayon,8,burst_small,256,634,20478,20559
latency,rayon,8,burst_small,256,635,20358,20438
latency,rayon,8,burst_small,256,636,20749,20839
latency,rayon,8,burst_small,256,637,20799,20869
latency,rayon,8,burst_small,256,638,21020,21120
latency,rayon,8,burst_small,256,639,21020,21100
latency,rayon,8,burst_small,256,640,20484,20554
latency,rayon,8,burst_small,256,641,20323,20393
latency,rayon,8,burst_small,256,642,40672,40802
latency,rayon,8,burst_small,256,643,40873,40953
latency,rayon,8,burst_small,256,644,41013,41093
latency,rayon,8,burst_small,256,645,41174,41254
latency,rayon,8,burst_small,256,646,41635,41715
latency,rayon,8,burst_small,256,647,41815,41885
latency,rayon,8,burst_small,256,648,41904,41984
latency,rayon,8,burst_small,256,649,42075,42145
latency,rayon,8,burst_small,256,650,42245,42315
latency,rayon,8,burst_small,256,651,42215,42296
latency,rayon,8,burst_small,256,652,42356,42436
latency,rayon,8,burst_small,256,653,42365,42445
latency,rayon,8,burst_small,256,654,42496,42566
latency,rayon,8,burst_small,256,655,42646,42716
latency,rayon,8,burst_small,256,656,42776,42856
latency,rayon,8,burst_small,256,657,42887,42967
latency,rayon,8,burst_small,256,658,42987,43067
latency,rayon,8,burst_small,256,659,43137,43207
latency,rayon,8,burst_small,256,660,43318,43398
latency,rayon,8,burst_small,256,661,43417,43497
latency,rayon,8,burst_small,256,662,43358,43428
latency,rayon,8,burst_small,256,663,43517,43638
latency,rayon,8,burst_small,256,664,43317,43397
latency,rayon,8,burst_small,256,665,43467,43548
latency,rayon,8,burst_small,256,666,43187,43267
latency,rayon,8,burst_small,256,667,43347,43427
latency,rayon,8,burst_small,256,668,43458,43538
latency,rayon,8,burst_small,256,669,43548,43648
latency,rayon,8,burst_small,256,670,43608,43678
latency,rayon,8,burst_small,256,671,43537,43617
latency,rayon,8,burst_small,256,672,43687,43788
latency,rayon,8,burst_small,256,673,43698,43768
latency,rayon,8,burst_small,256,674,21400,21471
latency,rayon,8,burst_small,256,675,44088,44169
latency,rayon,8,burst_small,256,676,44089,44159
latency,rayon,8,burst_small,256,677,21411,21481
latency,rayon,8,burst_small,256,678,58345,58475
latency,rayon,8,burst_small,256,679,58446,58596
latency,rayon,8,burst_small,256,680,58596,58666
latency,rayon,8,burst_small,256,681,58746,58827
latency,rayon,8,burst_small,256,682,58887,58967
latency,rayon,8,burst_small,256,683,58897,58977
latency,rayon,8,burst_small,256,684,59277,59347
latency,rayon,8,burst_small,256,685,59197,59277
latency,rayon,8,burst_small,256,686,59402,59533
latency,rayon,8,burst_small,256,687,59428,59508
latency,rayon,8,burst_small,256,688,59261,59362
latency,rayon,8,burst_small,256,689,59257,59327
latency,rayon,8,burst_small,256,690,59217,59288
latency,rayon,8,burst_small,256,691,59302,59402
latency,rayon,8,burst_small,256,692,59177,59247
latency,rayon,8,burst_small,256,693,59268,59348
latency,rayon,8,burst_small,256,694,59518,59588
latency,rayon,8,burst_small,256,695,59512,59592
latency,rayon,8,burst_small,256,696,59668,59738
latency,rayon,8,burst_small,256,697,59652,59763
latency,rayon,8,burst_small,256,698,59508,59589
latency,rayon,8,burst_small,256,699,59548,59649
latency,rayon,8,burst_small,256,700,59462,59542
latency,rayon,8,burst_small,256,701,59428,59498
latency,rayon,8,burst_small,256,702,59378,59448
latency,rayon,8,burst_small,256,703,59418,59498
latency,rayon,8,burst_small,256,704,59493,59563
latency,rayon,8,burst_small,256,705,59487,59557
latency,rayon,8,burst_small,256,706,59768,59848
latency,rayon,8,burst_small,256,707,59838,59908
latency,rayon,8,burst_small,256,708,59813,59883
latency,rayon,8,burst_small,256,709,59849,59929
latency,rayon,8,burst_small,256,710,59949,60019
latency,rayon,8,burst_small,256,711,60009,60079
latency,rayon,8,burst_small,256,712,60043,60124
latency,rayon,8,burst_small,256,713,59948,60018
latency,rayon,8,burst_small,256,714,60089,60159
latency,rayon,8,burst_small,256,715,60169,60249
latency,rayon,8,burst_small,256,716,59668,59748
latency,rayon,8,burst_small,256,717,59729,59809
latency,rayon,8,burst_small,256,718,59769,59849
latency,rayon,8,burst_small,256,719,59918,59988
latency,rayon,8,burst_small,256,720,60053,60133
latency,rayon,8,burst_small,256,721,60119,60219
latency,rayon,8,burst_small,256,722,60199,60299
latency,rayon,8,burst_small,256,723,60193,60274
latency,rayon,8,burst_small,256,724,60229,60310
latency,rayon,8,burst_small,256,725,60450,60520
latency,rayon,8,burst_small,256,726,60410,60480
latency,rayon,8,burst_small,256,727,60474,60544
latency,rayon,8,burst_small,256,728,60590,60661
latency,rayon,8,burst_small,256,729,60630,60721
latency,rayon,8,burst_small,256,730,60694,60764
latency,rayon,8,burst_small,256,731,60840,60920
latency,rayon,8,burst_small,256,732,60920,61000
latency,rayon,8,burst_small,256,733,61031,61101
latency,rayon,8,burst_small,256,734,21911,21981
latency,rayon,8,burst_small,256,735,61201,61271
latency,rayon,8,burst_small,256,736,61276,61396
latency,rayon,8,burst_small,256,737,61091,61161
latency,rayon,8,burst_small,256,738,61432,61512
latency,rayon,8,burst_small,256,739,61115,61185
latency,rayon,8,burst_small,256,740,61787,61857
latency,rayon,8,burst_small,256,741,61772,61843
latency,rayon,8,burst_small,256,742,61833,61913
latency,rayon,8,burst_small,256,743,9148,9228
latency,rayon,8,burst_small,256,744,62092,62173
latency,rayon,8,burst_small,256,745,62072,62153
latency,rayon,8,burst_small,256,746,20328,20408
latency,rayon,8,burst_small,256,747,62253,62323
latency,rayon,8,burst_small,256,748,62243,62323
latency,rayon,8,burst_small,256,749,62488,62618
latency,rayon,8,burst_small,256,750,62594,62664
latency,rayon,8,burst_small,256,751,62614,62694
latency,rayon,8,burst_small,256,752,62809,62879
latency,rayon,8,burst_small,256,753,62735,62805
latency,rayon,8,burst_small,256,754,62794,62865
latency,rayon,8,burst_small,256,755,63139,63209
latency,rayon,8,burst_small,256,756,63124,63195
latency,rayon,8,burst_small,256,757,63104,63174
latency,rayon,8,burst_small,256,758,63600,63670
latency,rayon,8,burst_small,256,759,63585,63666
latency,rayon,8,burst_small,256,760,63626,63696
latency,rayon,8,burst_small,256,761,63761,63831
latency,rayon,8,burst_small,256,762,63936,64007
latency,rayon,8,burst_small,256,763,63936,64006
latency,rayon,8,burst_small,256,764,64201,64322
latency,rayon,8,burst_small,256,765,149764,149904
latency,rayon,8,burst_small,256,766,61947,62017
latency,rayon,8,burst_small,256,767,61977,62047
latency,rayon,8,burst_small,256,768,175472,175602
latency,rayon,8,burst_small,256,769,48602,48733
latency,rayon,8,burst_small,256,770,53451,53581
latency,rayon,8,burst_small,256,771,223694,223835
latency,rayon,8,burst_small,256,772,229300,229430
latency,rayon,8,burst_small,256,773,50070,50200
latency,rayon,8,burst_small,256,774,27041,27182
latency,rayon,8,burst_small,256,775,361,441
latency,rayon,8,burst_small,256,776,551,631
latency,rayon,8,burst_small,256,777,761,831
latency,rayon,8,burst_small,256,778,962,1032
latency,rayon,8,burst_small,256,779,1303,1373
latency,rayon,8,burst_small,256,780,1523,1593
latency,rayon,8,burst_small,256,781,1663,1764
latency,rayon,8,burst_small,256,782,1914,1984
latency,rayon,8,burst_small,256,783,2235,2315
latency,rayon,8,burst_small,256,784,2485,2555
latency,rayon,8,burst_small,256,785,2686,2766
latency,rayon,8,burst_small,256,786,2895,2965
latency,rayon,8,burst_small,256,787,3156,3226
latency,rayon,8,burst_small,256,788,3456,3537
latency,rayon,8,burst_small,256,789,3707,3777
latency,rayon,8,burst_small,256,790,3907,3988
latency,rayon,8,burst_small,256,791,158520,158660
latency,rayon,8,burst_small,256,792,4188,4268
latency,rayon,8,burst_small,256,793,4729,4809
latency,rayon,8,burst_small,256,794,4900,4980
latency,rayon,8,burst_small,256,795,5130,5200
latency,rayon,8,burst_small,256,796,5140,5210
latency,rayon,8,burst_small,256,797,5380,5450
latency,rayon,8,burst_small,256,798,5340,5420
latency,rayon,8,burst_small,256,799,5560,5631
latency,rayon,8,burst_small,256,800,5711,5781
latency,rayon,8,burst_small,256,801,5851,5931
latency,rayon,8,burst_small,256,802,6062,6142
latency,rayon,8,burst_small,256,803,6192,6273
latency,rayon,8,burst_small,256,804,6342,6423
latency,rayon,8,burst_small,256,805,6422,6502
latency,rayon,8,burst_small,256,806,6502,6572
latency,rayon,8,burst_small,256,807,6613,6713
latency,rayon,8,burst_small,256,808,6783,6853
latency,rayon,8,burst_small,256,809,6883,6963
latency,rayon,8,burst_small,256,810,6943,7014
latency,rayon,8,burst_small,256,811,6984,7054
latency,rayon,8,burst_small,256,812,7334,7414
latency,rayon,8,burst_small,256,813,7395,7465
latency,rayon,8,burst_small,256,814,7674,7754
latency,rayon,8,burst_small,256,815,7824,7905
latency,rayon,8,burst_small,256,816,7855,7925
latency,rayon,8,burst_small,256,817,8045,8115
latency,rayon,8,burst_small,256,818,7906,7976
latency,rayon,8,burst_small,256,819,8056,8156
latency,rayon,8,burst_small,256,820,8175,8245
latency,rayon,8,burst_small,256,821,8245,8345
latency,rayon,8,burst_small,256,822,8356,8436
latency,rayon,8,burst_small,256,823,8556,8636
latency,rayon,8,burst_small,256,824,8566,8667
latency,rayon,8,burst_small,256,825,8807,8877
latency,rayon,8,burst_small,256,826,8677,8747
latency,rayon,8,burst_small,256,827,242579,242719
latency,rayon,8,burst_small,256,828,8987,9057
latency,rayon,8,burst_small,256,829,9007,9077
latency,rayon,8,burst_small,256,830,9358,9428
latency,rayon,8,burst_small,256,831,9387,9468
latency,rayon,8,burst_small,256,832,9758,9839
latency,rayon,8,burst_small,256,833,10079,10149
latency,rayon,8,burst_small,256,834,10029,10109
latency,rayon,8,burst_small,256,835,10059,10129
latency,rayon,8,burst_small,256,836,10320,10390
latency,rayon,8,burst_small,256,837,10470,10550
latency,rayon,8,burst_small,256,838,10440,10540
latency,rayon,8,burst_small,256,839,10741,10811
latency,rayon,8,burst_small,256,840,10850,10931
latency,rayon,8,burst_small,256,841,10841,10911
latency,rayon,8,burst_small,256,842,11021,11122
latency,rayon,8,burst_small,256,843,11071,11141
latency,rayon,8,burst_small,256,844,11101,11171
latency,rayon,8,burst_small,256,845,11131,11212
latency,rayon,8,burst_small,256,846,11171,11241
latency,rayon,8,burst_small,256,847,11261,11331
latency,rayon,8,burst_small,256,848,11322,11422
latency,rayon,8,burst_small,256,849,11382,11462
latency,rayon,8,burst_small,256,850,11462,11532
latency,rayon,8,burst_small,256,851,11412,11482
latency,rayon,8,burst_small,256,852,11452,11532
latency,rayon,8,burst_small,256,853,11522,11602
latency,rayon,8,burst_small,256,854,11743,11813
latency,rayon,8,burst_small,256,855,11682,11753
latency,rayon,8,burst_small,256,856,11752,11833
latency,rayon,8,burst_small,256,857,12134,12214
latency,rayon,8,burst_small,256,858,11873,11943
latency,rayon,8,burst_small,256,859,12194,12264
latency,rayon,8,burst_small,256,860,12264,12344
latency,rayon,8,burst_small,256,861,12474,12584
latency,rayon,8,burst_small,256,862,12604,12675
latency,rayon,8,burst_small,256,863,12755,12825
latency,rayon,8,burst_small,256,864,12814,12894
latency,rayon,8,burst_small,256,865,12995,13095
latency,rayon,8,burst_small,256,866,12845,12925
latency,rayon,8,burst_small,256,867,13125,13206
latency,rayon,8,burst_small,256,868,13115,13195
latency,rayon,8,burst_small,256,869,13476,13546
latency,rayon,8,burst_small,256,870,13586,13667
latency,rayon,8,burst_small,256,871,13616,13697
latency,rayon,8,burst_small,256,872,13776,13846
latency,rayon,8,burst_small,256,873,13836,13916
latency,rayon,8,burst_small,256,874,13917,13987
latency,rayon,8,burst_small,256,875,13777,13877
latency,rayon,8,burst_small,256,876,391,501
latency,rayon,8,burst_small,256,877,14127,14197
latency,rayon,8,burst_small,256,878,1102,1172
latency,rayon,8,burst_small,256,879,14178,14248
latency,rayon,8,burst_small,256,880,14277,14347
latency,rayon,8,burst_small,256,881,1463,1543
latency,rayon,8,burst_small,256,882,1723,1813
latency,rayon,8,burst_small,256,883,14638,14718
latency,rayon,8,burst_small,256,884,1923,1994
latency,rayon,8,burst_small,256,885,14658,14738
latency,rayon,8,burst_small,256,886,14928,14998
latency,rayon,8,burst_small,256,887,14849,14929
latency,rayon,8,burst_small,256,888,2314,2394
latency,rayon,8,burst_small,256,889,2735,2805
latency,rayon,8,burst_small,256,890,15189,15259
latency,rayon,8,burst_small,256,891,15190,15270
latency,rayon,8,burst_small,256,892,2945,3035
latency,rayon,8,burst_small,256,893,15250,15340
latency,rayon,8,burst_small,256,894,15449,15519
latency,rayon,8,burst_small,256,895,15449,15519
latency,rayon,8,burst_small,256,896,3497,3567
latency,rayon,8,burst_small,256,897,15710,15780
latency,rayon,8,burst_small,256,898,15530,15640
latency,rayon,8,burst_small,256,899,4398,4468
latency,rayon,8,burst_small,256,900,4629,4699
latency,rayon,8,burst_small,256,901,16201,16271
latency,rayon,8,burst_small,256,902,4859,4929
latency,rayon,8,burst_small,256,903,16442,16512
latency,rayon,8,burst_small,256,904,16452,16522
latency,rayon,8,burst_small,256,905,5159,5240
latency,rayon,8,burst_small,256,906,60109,60239
latency,rayon,8,burst_small,256,907,5550,5630
latency,rayon,8,burst_small,256,908,16872,16953
latency,rayon,8,burst_small,256,909,16933,17033
latency,rayon,8,burst_small,256,910,16962,17032
latency,rayon,8,burst_small,256,911,5842,5932
latency,rayon,8,burst_small,256,912,17233,17303
latency,rayon,8,burst_small,256,913,16852,16932
latency,rayon,8,burst_small,256,914,17308,17378
latency,rayon,8,burst_small,256,915,6563,6643
latency,rayon,8,burst_small,256,916,17102,17173
latency,rayon,8,burst_small,256,917,17103,17173
latency,rayon,8,burst_small,256,918,6863,6933
latency,rayon,8,burst_small,256,919,17108,17188
latency,rayon,8,burst_small,256,920,17153,17223
latency,rayon,8,burst_small,256,921,17213,17293
latency,rayon,8,burst_small,256,922,7384,7464
latency,rayon,8,burst_small,256,923,7634,7715
latency,rayon,8,burst_small,256,924,17494,17564
latency,rayon,8,burst_small,256,925,17529,17599
latency,rayon,8,burst_small,256,926,7915,8005
latency,rayon,8,burst_small,256,927,17243,17313
latency,rayon,8,burst_small,256,928,17233,17303
latency,rayon,8,burst_small,256,929,17419,17489
latency,rayon,8,burst_small,256,930,17524,17594
latency,rayon,8,burst_small,256,931,8486,8566
latency,rayon,8,burst_small,256,932,17593,17673
latency,rayon,8,burst_small,256,933,17478,17559
latency,rayon,8,burst_small,256,934,17524,17614
latency,rayon,8,burst_small,256,935,8887,8967
latency,rayon,8,burst_small,256,936,17574,17654
latency,rayon,8,burst_small,256,937,9248,9338
latency,rayon,8,burst_small,256,938,17649,17730
latency,rayon,8,burst_small,256,939,17734,17804
latency,rayon,8,burst_small,256,940,9698,9779
latency,rayon,8,burst_small,256,941,17824,17904
latency,rayon,8,burst_small,256,942,18009,18080
latency,rayon,8,burst_small,256,943,18004,18084
latency,rayon,8,burst_small,256,944,10059,10159
latency,rayon,8,burst_small,256,945,18014,18085
latency,rayon,8,burst_small,256,946,18170,18270
latency,rayon,8,burst_small,256,947,10671,10741
latency,rayon,8,burst_small,256,948,17854,17934
latency,rayon,8,burst_small,256,949,18145,18225
latency,rayon,8,burst_small,256,950,18100,18170
latency,rayon,8,burst_small,256,951,11252,11332
latency,rayon,8,burst_small,256,952,18165,18245
latency,rayon,8,burst_small,256,953,11522,11612
latency,rayon,8,burst_small,256,954,18355,18436
latency,rayon,8,burst_small,256,955,18320,18390
latency,rayon,8,burst_small,256,956,18395,18495
latency,rayon,8,burst_small,256,957,18561,18641
latency,rayon,8,burst_small,256,958,18565,18635
latency,rayon,8,burst_small,256,959,18406,18486
latency,rayon,8,burst_small,256,960,18430,18500
latency,rayon,8,burst_small,256,961,18485,18565
latency,rayon,8,burst_small,256,962,18505,18595
latency,rayon,8,burst_small,256,963,18551,18621
latency,rayon,8,burst_small,256,964,18675,18746
latency,rayon,8,burst_small,256,965,18736,18826
latency,rayon,8,burst_small,256,966,18711,18811
latency,rayon,8,burst_small,256,967,18555,18625
latency,rayon,8,burst_small,256,968,18605,18696
latency,rayon,8,burst_small,256,969,18491,18601
latency,rayon,8,burst_small,256,970,18486,18566
latency,rayon,8,burst_small,256,971,18606,18676
latency,rayon,8,burst_small,256,972,18670,18751
latency,rayon,8,burst_small,256,973,18675,18745
latency,rayon,8,burst_small,256,974,18666,18736
latency,rayon,8,burst_small,256,975,18521,18611
latency,rayon,8,burst_small,256,976,18505,18575
latency,rayon,8,burst_small,256,977,18615,18705
latency,rayon,8,burst_small,256,978,18826,18896
latency,rayon,8,burst_small,256,979,18836,18906
latency,rayon,8,burst_small,256,980,18951,19022
latency,rayon,8,burst_small,256,981,18946,19036
latency,rayon,8,burst_small,256,982,18997,19077
latency,rayon,8,burst_small,256,983,19196,19266
latency,rayon,8,burst_small,256,984,19206,19287
latency,rayon,8,burst_small,256,985,19202,19272
latency,rayon,8,burst_small,256,986,19327,19397
latency,rayon,8,burst_small,256,987,19452,19523
latency,rayon,8,burst_small,256,988,19487,19558
latency,rayon,8,burst_small,256,989,19537,19608
latency,rayon,8,burst_small,256,990,19513,19593
latency,rayon,8,burst_small,256,991,19297,19367
latency,rayon,8,burst_small,256,992,19417,19487
latency,rayon,8,burst_small,256,993,19392,19473
latency,rayon,8,burst_small,256,994,19437,19508
latency,rayon,8,burst_small,256,995,19538,19608
latency,rayon,8,burst_small,256,996,19697,19767
latency,rayon,8,burst_small,256,997,19737,19807
latency,rayon,8,burst_small,256,998,19813,19913
latency,rayon,8,burst_small,256,999,19417,19517
latency,rayon,8,burst_small,256,1000,19317,19387
latency,rayon,8,burst_small,256,1001,19422,19492
latency,rayon,8,burst_small,256,1002,19597,19668
latency,rayon,8,burst_small,256,1003,19463,19553
latency,rayon,8,burst_small,256,1004,19478,19548
latency,rayon,8,burst_small,256,1005,19873,19953
latency,rayon,8,burst_small,256,1006,19878,19958
latency,rayon,8,burst_small,256,1007,19307,19377
latency,rayon,8,burst_small,256,1008,19372,19442
latency,rayon,8,burst_small,256,1009,19687,19778
latency,rayon,8,burst_small,256,1010,19533,19613
latency,rayon,8,burst_small,256,1011,19447,19517
latency,rayon,8,burst_small,256,1012,19727,19818
latency,rayon,8,burst_small,256,1013,19763,19833
latency,rayon,8,burst_small,256,1014,19788,19858
latency,rayon,8,burst_small,256,1015,19668,19738
latency,rayon,8,burst_small,256,1016,19702,19803
latency,rayon,8,burst_small,256,1017,19647,19718
latency,rayon,8,burst_small,256,1018,19687,19778
latency,rayon,8,burst_small,256,1019,21751,21821
latency,rayon,8,burst_small,256,1020,83904,84045
latency,rayon,8,burst_small,256,1021,12193,12274
latency,rayon,8,burst_small,256,1022,209307,209447
latency,rayon,8,burst_small,256,1023,348901,349041
latency,rayon,8,burst_small,256,1024,120418,120558
latency,rayon,8,burst_small,256,1025,121436,121566
latency,rayon,8,burst_small,256,1026,124646,124786
latency,rayon,8,burst_small,256,1027,247906,248036
latency,rayon,8,burst_small,256,1028,85257,85398
latency,rayon,8,burst_small,256,1029,140676,140817
latency,rayon,8,burst_small,256,1030,137857,137987
latency,rayon,8,burst_small,256,1031,133623,133754
latency,rayon,8,burst_small,256,1032,203856,203996
latency,rayon,8,burst_small,256,1033,94940,95080
latency,rayon,8,burst_small,256,1034,117839,117969
latency,rayon,8,burst_small,256,1035,37466,37607
latency,rayon,8,burst_small,256,1036,171886,172016
latency,rayon,8,burst_small,256,1037,94840,94960
latency,rayon,8,burst_small,256,1038,104117,104248
latency,rayon,8,burst_small,256,1039,196432,196553
latency,rayon,8,burst_small,256,1040,256777,256907
latency,rayon,8,burst_small,256,1041,35863,35994
latency,rayon,8,burst_small,256,1042,92946,93086
latency,rayon,8,burst_small,256,1043,18751,18881
latency,rayon,8,burst_small,256,1044,203495,203635
latency,rayon,8,burst_small,256,1045,58661,58781
latency,rayon,8,burst_small,256,1046,152163,152294
latency,rayon,8,burst_small,256,1047,125057,125197
latency,rayon,8,burst_small,256,1048,93171,93302
latency,rayon,8,burst_small,256,1049,120508,120638
latency,rayon,8,burst_small,256,1050,114006,114136
latency,rayon,8,burst_small,256,1051,55561,55681
latency,rayon,8,burst_small,256,1052,158170,158300
latency,rayon,8,burst_small,256,1053,156887,157028
latency,rayon,8,burst_small,256,1054,112843,112974
latency,rayon,8,burst_small,256,1055,133533,133663
latency,rayon,8,burst_small,256,1056,83027,83147
latency,rayon,8,burst_small,256,1057,168388,168528
latency,rayon,8,burst_small,256,1058,18224,18344
latency,rayon,8,burst_small,256,1059,1793,1864
latency,rayon,8,burst_small,256,1060,2053,2123
latency,rayon,8,burst_small,256,1061,2324,2404
latency,rayon,8,burst_small,256,1062,70954,71084
latency,rayon,8,burst_small,256,1063,2674,2775
latency,rayon,8,burst_small,256,1064,3055,3135
latency,rayon,8,burst_small,256,1065,3236,3306
latency,rayon,8,burst_small,256,1066,3306,3396
latency,rayon,8,burst_small,256,1067,3466,3536
latency,rayon,8,burst_small,256,1068,3326,3406
latency,rayon,8,burst_small,256,1069,3486,3556
latency,rayon,8,burst_small,256,1070,3576,3656
latency,rayon,8,burst_small,256,1071,3737,3807
latency,rayon,8,burst_small,256,1072,55791,55921
latency,rayon,8,burst_small,256,1073,4147,4228
latency,rayon,8,burst_small,256,1074,4438,4518
latency,rayon,8,burst_small,256,1075,4438,4508
latency,rayon,8,burst_small,256,1076,4825,4895
latency,rayon,8,burst_small,256,1077,215984,216115
latency,rayon,8,burst_small,256,1078,4749,4829
latency,rayon,8,burst_small,256,1079,4859,4939
latency,rayon,8,burst_small,256,1080,5126,5206
latency,rayon,8,burst_small,256,1081,5379,5459
latency,rayon,8,burst_small,256,1082,5600,5680
latency,rayon,8,burst_small,256,1083,5626,5696
latency,rayon,8,burst_small,256,1084,5770,5840
latency,rayon,8,burst_small,256,1085,5976,6046
latency,rayon,8,burst_small,256,1086,5821,5901
latency,rayon,8,burst_small,256,1087,5881,5951
latency,rayon,8,burst_small,256,1088,5907,5977
latency,rayon,8,burst_small,256,1089,6212,6292
latency,rayon,8,burst_small,256,1090,6141,6221
latency,rayon,8,burst_small,256,1091,6176,6257
latency,rayon,8,burst_small,256,1092,6467,6537
latency,rayon,8,burst_small,256,1093,6552,6622
latency,rayon,8,burst_small,256,1094,6427,6498
latency,rayon,8,burst_small,256,1095,6362,6432
latency,rayon,8,burst_small,256,1096,6863,6943
latency,rayon,8,burst_small,256,1097,6872,6952
latency,rayon,8,burst_small,256,1098,6998,7078
latency,rayon,8,burst_small,256,1099,7078,7148
latency,rayon,8,burst_small,256,1100,7193,7293
latency,rayon,8,burst_small,256,1101,7233,7313
latency,rayon,8,burst_small,256,1102,7149,7229
latency,rayon,8,burst_small,256,1103,7189,7269
latency,rayon,8,burst_small,256,1104,7274,7344
latency,rayon,8,burst_small,256,1105,7273,7353
latency,rayon,8,burst_small,256,1106,7399,7469
latency,rayon,8,burst_small,256,1107,7409,7479
latency,rayon,8,burst_small,256,1108,7434,7504
latency,rayon,8,burst_small,256,1109,7720,7790
latency,rayon,8,burst_small,256,1110,7614,7684
latency,rayon,8,burst_small,256,1111,7665,7735
latency,rayon,8,burst_small,256,1112,7490,7560
latency,rayon,8,burst_small,256,1113,7679,7759
latency,rayon,8,burst_small,256,1114,7504,7584
latency,rayon,8,burst_small,256,1115,7464,7544
latency,rayon,8,burst_small,256,1116,7489,7559
latency,rayon,8,burst_small,256,1117,7619,7690
latency,rayon,8,burst_small,256,1118,7604,7674
latency,rayon,8,burst_small,256,1119,7564,7635
latency,rayon,8,burst_small,256,1120,7599,7679
latency,rayon,8,burst_small,256,1121,7569,7649
latency,rayon,8,burst_small,256,1122,240605,240745
latency,rayon,8,burst_small,256,1123,7654,7734
latency,rayon,8,burst_small,256,1124,7794,7864
latency,rayon,8,burst_small,256,1125,7790,7860
latency,rayon,8,burst_small,256,1126,7890,7960
latency,rayon,8,burst_small,256,1127,7945,8025
latency,rayon,8,burst_small,256,1128,7834,7904
latency,rayon,8,burst_small,256,1129,7820,7900
latency,rayon,8,burst_small,256,1130,8235,8305
latency,rayon,8,burst_small,256,1131,8335,8405
latency,rayon,8,burst_small,256,1132,8291,8361
latency,rayon,8,burst_small,256,1133,8265,8335
latency,rayon,8,burst_small,256,1134,8336,8406
latency,rayon,8,burst_small,256,1135,8335,8405
latency,rayon,8,burst_small,256,1136,8341,8411
latency,rayon,8,burst_small,256,1137,8411,8481
latency,rayon,8,burst_small,256,1138,8682,8752
latency,rayon,8,burst_small,256,1139,8642,8722
latency,rayon,8,burst_small,256,1140,8565,8646
latency,rayon,8,burst_small,256,1141,8516,8606
latency,rayon,8,burst_small,256,1142,8426,8496
latency,rayon,8,burst_small,256,1143,8402,8482
latency,rayon,8,burst_small,256,1144,8421,8491
latency,rayon,8,burst_small,256,1145,8386,8456
latency,rayon,8,burst_small,256,1146,8416,8496
latency,rayon,8,burst_small,256,1147,8442,8522
latency,rayon,8,burst_small,256,1148,225376,225516
latency,rayon,8,burst_small,256,1149,8201,8271
latency,rayon,8,burst_small,256,1150,8015,8085
latency,rayon,8,burst_small,256,1151,7991,8091
latency,rayon,8,burst_small,256,1152,8034,8105
latency,rayon,8,burst_small,256,1153,8301,8371
latency,rayon,8,burst_small,256,1154,8015,8095
latency,rayon,8,burst_small,256,1155,8196,8266
latency,rayon,8,burst_small,256,1156,8405,8475
latency,rayon,8,burst_small,256,1157,8015,8095
latency,rayon,8,burst_small,256,1158,8320,8391
latency,rayon,8,burst_small,256,1159,8586,8666
latency,rayon,8,burst_small,256,1160,8331,8401
latency,rayon,8,burst_small,256,1161,8396,8466
latency,rayon,8,burst_small,256,1162,8445,8516
latency,rayon,8,burst_small,256,1163,8546,8616
latency,rayon,8,burst_small,256,1164,8412,8482
latency,rayon,8,burst_small,256,1165,8355,8425
latency,rayon,8,burst_small,256,1166,8021,8091
latency,rayon,8,burst_small,256,1167,7984,8054
latency,rayon,8,burst_small,256,1168,7965,8045
latency,rayon,8,burst_small,256,1169,7960,8040
latency,rayon,8,burst_small,256,1170,7870,7940
latency,rayon,8,burst_small,256,1171,7794,7864
latency,rayon,8,burst_small,256,1172,7815,7885
latency,rayon,8,burst_small,256,1173,7790,7860
latency,rayon,8,burst_small,256,1174,7795,7875
latency,rayon,8,burst_small,256,1175,7779,7860
latency,rayon,8,burst_small,256,1176,7764,7845
latency,rayon,8,burst_small,256,1177,7199,7279
latency,rayon,8,burst_small,256,1178,7124,7194
latency,rayon,8,burst_small,256,1179,7344,7414
latency,rayon,8,burst_small,256,1180,7313,7383
latency,rayon,8,burst_small,256,1181,7334,7404
latency,rayon,8,burst_small,256,1182,7354,7424
latency,rayon,8,burst_small,256,1183,7319,7399
latency,rayon,8,burst_small,256,1184,7324,7404
latency,rayon,8,burst_small,256,1185,6773,6853
latency,rayon,8,burst_small,256,1186,6703,6783
latency,rayon,8,burst_small,256,1187,6668,6738
latency,rayon,8,burst_small,256,1188,6853,6933
latency,rayon,8,burst_small,256,1189,6868,6939
latency,rayon,8,burst_small,256,1190,6742,6822
latency,rayon,8,burst_small,256,1191,6908,6978
latency,rayon,8,burst_small,256,1192,6942,7022
latency,rayon,8,burst_small,256,1193,6302,6382
latency,rayon,8,burst_small,256,1194,6257,6327
latency,rayon,8,burst_small,256,1195,6182,6262
latency,rayon,8,burst_small,256,1196,6538,6618
latency,rayon,8,burst_small,256,1197,6587,6657
latency,rayon,8,burst_small,256,1198,6402,6482
latency,rayon,8,burst_small,256,1199,6492,6562
latency,rayon,8,burst_small,256,1200,5931,6011
latency,rayon,8,burst_small,256,1201,6382,6462
latency,rayon,8,burst_small,256,1202,5957,6037
latency,rayon,8,burst_small,256,1203,6026,6096
latency,rayon,8,burst_small,256,1204,6281,6351
latency,rayon,8,burst_small,256,1205,6171,6241
latency,rayon,8,burst_small,256,1206,6172,6242
latency,rayon,8,burst_small,256,1207,6157,6237
latency,rayon,8,burst_small,256,1208,6202,6272
latency,rayon,8,burst_small,256,1209,5746,5827
latency,rayon,8,burst_small,256,1210,5980,6051
latency,rayon,8,burst_small,256,1211,6081,6151
latency,rayon,8,burst_small,256,1212,6037,6117
latency,rayon,8,burst_small,256,1213,6111,6191
latency,rayon,8,burst_small,256,1214,6007,6077
latency,rayon,8,burst_small,256,1215,6041,6122
latency,rayon,8,burst_small,256,1216,6000,6071
latency,rayon,8,burst_small,256,1217,5330,5410
latency,rayon,8,burst_small,256,1218,5540,5620
latency,rayon,8,burst_small,256,1219,5536,5616
latency,rayon,8,burst_small,256,1220,5531,5601
latency,rayon,8,burst_small,256,1221,5580,5650
latency,rayon,8,burst_small,256,1222,5605,5686
latency,rayon,8,burst_small,256,1223,5530,5600
latency,rayon,8,burst_small,256,1224,4728,4838
latency,rayon,8,burst_small,256,1225,5386,5466
latency,rayon,8,burst_small,256,1226,4949,5019
latency,rayon,8,burst_small,256,1227,4975,5045
latency,rayon,8,burst_small,256,1228,4839,4909
latency,rayon,8,burst_small,256,1229,4804,4874
latency,rayon,8,burst_small,256,1230,4649,4719
latency,rayon,8,burst_small,256,1231,4469,4539
latency,rayon,8,burst_small,256,1232,4398,4468
latency,rayon,8,burst_small,256,1233,3733,3813
latency,rayon,8,burst_small,256,1234,3662,3742
latency,rayon,8,burst_small,256,1235,3867,3937
latency,rayon,8,burst_small,256,1236,3747,3817
latency,rayon,8,burst_small,256,1237,3957,4037
latency,rayon,8,burst_small,256,1238,3712,3782
latency,rayon,8,burst_small,256,1239,3627,3697
latency,rayon,8,burst_small,256,1240,3883,3963
latency,rayon,8,burst_small,256,1241,2966,3066
latency,rayon,8,burst_small,256,1242,3185,3265
latency,rayon,8,burst_small,256,1243,3351,3422
latency,rayon,8,burst_small,256,1244,3326,3406
latency,rayon,8,burst_small,256,1245,3216,3286
latency,rayon,8,burst_small,256,1246,3105,3185
latency,rayon,8,burst_small,256,1247,1989,2069
latency,rayon,8,burst_small,256,1248,2805,2875
latency,rayon,8,burst_small,256,1249,2034,2114
latency,rayon,8,burst_small,256,1250,3001,3081
latency,rayon,8,burst_small,256,1251,2034,2104
latency,rayon,8,burst_small,256,1252,2073,2143
latency,rayon,8,burst_small,256,1253,2204,2304
latency,rayon,8,burst_small,256,1254,2209,2289
latency,rayon,8,burst_small,256,1255,2344,2424
latency,rayon,8,burst_small,256,1256,2359,2429
latency,rayon,8,burst_small,256,1257,1533,1613
latency,rayon,8,burst_small,256,1258,1382,1452
latency,rayon,8,burst_small,256,1259,1342,1422
latency,rayon,8,burst_small,256,1260,1238,1318
latency,rayon,8,burst_small,256,1261,1248,1318
latency,rayon,8,burst_small,256,1262,1182,1252
latency,rayon,8,burst_small,256,1263,1362,1442
latency,rayon,8,burst_small,256,1264,1278,1358
latency,rayon,8,burst_small,256,1265,962,1042
latency,rayon,8,burst_small,256,1266,867,947
latency,rayon,8,burst_small,256,1267,911,981
latency,rayon,8,burst_small,256,1268,1097,1167
latency,rayon,8,burst_small,256,1269,1027,1097
latency,rayon,8,burst_small,256,1270,972,1042
latency,rayon,8,burst_small,256,1271,680,761
latency,rayon,8,burst_small,256,1272,721,791
latency,rayon,8,burst_small,256,1273,396,476
latency,rayon,8,burst_small,256,1274,301,371
latency,rayon,8,burst_small,256,1275,270,340
latency,rayon,8,burst_small,256,1276,300,380
latency,rayon,8,burst_small,256,1277,356,436
latency,rayon,8,burst_small,256,1278,411,481
latency,rayon,8,burst_small,256,1279,381,481
latency,rayon,8,burst_small,256,1280,137400,137541
latency,rayon,8,burst_small,256,1281,164041,164172
latency,rayon,8,burst_small,256,1282,4269,4339
latency,rayon,8,burst_small,256,1283,2034,2105
latency,rayon,8,burst_small,256,1284,2285,2355
latency,rayon,8,burst_small,256,1285,3467,3537
latency,rayon,8,burst_small,256,1286,3547,3617
latency,rayon,8,burst_small,256,1287,3767,3848
latency,rayon,8,burst_small,256,1288,4048,4128
latency,rayon,8,burst_small,256,1289,4359,4439
latency,rayon,8,burst_small,256,1290,4599,4679
latency,rayon,8,burst_small,256,1291,4900,4970
latency,rayon,8,burst_small,256,1292,5100,5180
latency,rayon,8,burst_small,256,1293,5271,5341
latency,rayon,8,burst_small,256,1294,5581,5721
latency,rayon,8,burst_small,256,1295,5491,5561
latency,rayon,8,burst_small,256,1296,5921,6001
latency,rayon,8,burst_small,256,1297,6242,6312
latency,rayon,8,burst_small,256,1298,6452,6522
latency,rayon,8,burst_small,256,1299,6532,6602
latency,rayon,8,burst_small,256,1300,6673,6743
latency,rayon,8,burst_small,256,1301,6853,6923
latency,rayon,8,burst_small,256,1302,6823,6894
latency,rayon,8,burst_small,256,1303,7024,7114
latency,rayon,8,burst_small,256,1304,7174,7244
latency,rayon,8,burst_small,256,1305,7395,7485
latency,rayon,8,burst_small,256,1306,7726,7806
latency,rayon,8,burst_small,256,1307,7895,7965
latency,rayon,8,burst_small,256,1308,7985,8055
latency,rayon,8,burst_small,256,1309,8101,8232
latency,rayon,8,burst_small,256,1310,8115,8186
latency,rayon,8,burst_small,256,1311,8196,8266
latency,rayon,8,burst_small,256,1312,8346,8426
latency,rayon,8,burst_small,256,1313,8592,8672
latency,rayon,8,burst_small,256,1314,8667,8737
latency,rayon,8,burst_small,256,1315,8967,9038
latency,rayon,8,burst_small,256,1316,9028,9108
latency,rayon,8,burst_small,256,1317,9163,9243
latency,rayon,8,burst_small,256,1318,9137,9218
latency,rayon,8,burst_small,256,1319,9258,9338
latency,rayon,8,burst_small,256,1320,9293,9363
latency,rayon,8,burst_small,256,1321,9248,9328
latency,rayon,8,burst_small,256,1322,9418,9488
latency,rayon,8,burst_small,256,1323,9574,9644
latency,rayon,8,burst_small,256,1324,9609,9689
latency,rayon,8,burst_small,256,1325,9678,9748
latency,rayon,8,burst_small,256,1326,9698,9769
latency,rayon,8,burst_small,256,1327,9889,9959
latency,rayon,8,burst_small,256,1328,10059,10149
latency,rayon,8,burst_small,256,1329,10155,10225
latency,rayon,8,burst_small,256,1330,10190,10270
latency,rayon,8,burst_small,256,1331,10415,10496
latency,rayon,8,burst_small,256,1332,10530,10610
latency,rayon,8,burst_small,256,1333,10521,10621
latency,rayon,8,burst_small,256,1334,10605,10675
latency,rayon,8,burst_small,256,1335,10630,10720
latency,rayon,8,burst_small,256,1336,10741,10811
latency,rayon,8,burst_small,256,1337,11006,11076
latency,rayon,8,burst_small,256,1338,10991,11071
latency,rayon,8,burst_small,256,1339,11091,11171
latency,rayon,8,burst_small,256,1340,11277,11347
latency,rayon,8,burst_small,256,1341,11332,11402
latency,rayon,8,burst_small,256,1342,11382,11452
latency,rayon,8,burst_small,256,1343,11408,11478
latency,rayon,8,burst_small,256,1344,11443,11523
latency,rayon,8,burst_small,256,1345,11652,11732
latency,rayon,8,burst_small,256,1346,11657,11727
latency,rayon,8,burst_small,256,1347,11772,11842
latency,rayon,8,burst_small,256,1348,11932,12003
latency,rayon,8,burst_small,256,1349,11873,11953
latency,rayon,8,burst_small,256,1350,11838,11908
latency,rayon,8,burst_small,256,1351,11812,11892
latency,rayon,8,burst_small,256,1352,11763,11863
latency,rayon,8,burst_small,256,1353,11988,12058
latency,rayon,8,burst_small,256,1354,11983,12053
latency,rayon,8,burst_small,256,1355,11863,11933
latency,rayon,8,burst_small,256,1356,12179,12249
latency,rayon,8,burst_small,256,1357,12193,12263
latency,rayon,8,burst_small,256,1358,12233,12303
latency,rayon,8,burst_small,256,1359,12489,12559
latency,rayon,8,burst_small,256,1360,12504,12574
latency,rayon,8,burst_small,256,1361,12484,12554
latency,rayon,8,burst_small,256,1362,12650,12720
latency,rayon,8,burst_small,256,1363,12705,12785
latency,rayon,8,burst_small,256,1364,12685,12765
latency,rayon,8,burst_small,256,1365,12699,12769
latency,rayon,8,burst_small,256,1366,13025,13095
latency,rayon,8,burst_small,256,1367,13045,13125
latency,rayon,8,burst_small,256,1368,13110,13180
latency,rayon,8,burst_small,256,1369,13196,13266
latency,rayon,8,burst_small,256,1370,13135,13236
latency,rayon,8,burst_small,256,1371,13151,13221
latency,rayon,8,burst_small,256,1372,13295,13365
latency,rayon,8,burst_small,256,1373,13291,13361
latency,rayon,8,burst_small,256,1374,13295,13375
latency,rayon,8,burst_small,256,1375,13506,13586
latency,rayon,8,burst_small,256,1376,13586,13657
latency,rayon,8,burst_small,256,1377,13727,13807
latency,rayon,8,burst_small,256,1378,13802,13882
latency,rayon,8,burst_small,256,1379,13746,13816
latency,rayon,8,burst_small,256,1380,14057,14127
latency,rayon,8,burst_small,256,1381,14082,14182
latency,rayon,8,burst_small,256,1382,14107,14187
latency,rayon,8,burst_small,256,1383,14187,14257
latency,rayon,8,burst_small,256,1384,14298,14368
latency,rayon,8,burst_small,256,1385,14332,14402
latency,rayon,8,burst_small,256,1386,14427,14507
latency,rayon,8,burst_small,256,1387,14438,14508
latency,rayon,8,burst_small,256,1388,14533,14603
latency,rayon,8,burst_small,256,1389,14568,14648
latency,rayon,8,burst_small,256,1390,14538,14608
latency,rayon,8,burst_small,256,1391,14573,14653
latency,rayon,8,burst_small,256,1392,14468,14538
latency,rayon,8,burst_small,256,1393,14558,14628
latency,rayon,8,burst_small,256,1394,59028,59158
latency,rayon,8,burst_small,256,1395,14678,14758
latency,rayon,8,burst_small,256,1396,14648,14718
latency,rayon,8,burst_small,256,1397,14563,14633
latency,rayon,8,burst_small,256,1398,14809,14879
latency,rayon,8,burst_small,256,1399,14763,14833
latency,rayon,8,burst_small,256,1400,14708,14778
latency,rayon,8,burst_small,256,1401,14828,14919
latency,rayon,8,burst_small,256,1402,14994,15074
latency,rayon,8,burst_small,256,1403,14929,14999
latency,rayon,8,burst_small,256,1404,14889,14969
latency,rayon,8,burst_small,256,1405,14844,14914
latency,rayon,8,burst_small,256,1406,14894,14974
latency,rayon,8,burst_small,256,1407,14888,14959
latency,rayon,8,burst_small,256,1408,14899,14969
latency,rayon,8,burst_small,256,1409,14823,14904
latency,rayon,8,burst_small,256,1410,14994,15064
latency,rayon,8,burst_small,256,1411,15099,15169
latency,rayon,8,burst_small,256,1412,14979,15049
latency,rayon,8,burst_small,256,1413,14994,15074
latency,rayon,8,burst_small,256,1414,15304,15384
latency,rayon,8,burst_small,256,1415,15319,15389
latency,rayon,8,burst_small,256,1416,15189,15269
latency,rayon,8,burst_small,256,1417,15075,15145
latency,rayon,8,burst_small,256,1418,15145,15225
latency,rayon,8,burst_small,256,1419,15340,15410
latency,rayon,8,burst_small,256,1420,15469,15549
latency,rayon,8,burst_small,256,1421,15285,15365
latency,rayon,8,burst_small,256,1422,15114,15184
latency,rayon,8,burst_small,256,1423,15129,15199
latency,rayon,8,burst_small,256,1424,15389,15469
latency,rayon,8,burst_small,256,1425,15420,15500
latency,rayon,8,burst_small,256,1426,15365,15435
latency,rayon,8,burst_small,256,1427,15379,15459
latency,rayon,8,burst_small,256,1428,15435,15515
latency,rayon,8,burst_small,256,1429,15209,15290
latency,rayon,8,burst_small,256,1430,15124,15204
latency,rayon,8,burst_small,256,1431,15099,15179
latency,rayon,8,burst_small,256,1432,15074,15155
latency,rayon,8,burst_small,256,1433,15009,15119
latency,rayon,8,burst_small,256,1434,15023,15104
latency,rayon,8,burst_small,256,1435,301,411
latency,rayon,8,burst_small,256,1436,15034,15134
latency,rayon,8,burst_small,256,1437,15079,15149
latency,rayon,8,burst_small,256,1438,14954,15034
latency,rayon,8,burst_small,256,1439,14889,14959
latency,rayon,8,burst_small,256,1440,762,842
latency,rayon,8,burst_small,256,1441,14864,14934
latency,rayon,8,burst_small,256,1442,14899,14969
latency,rayon,8,burst_small,256,1443,1222,1302
latency,rayon,8,burst_small,256,1444,14819,14899
latency,rayon,8,burst_small,256,1445,14864,14944
latency,rayon,8,burst_small,256,1446,14758,14828
latency,rayon,8,burst_small,256,1447,1723,1793
latency,rayon,8,burst_small,256,1448,14774,14844
latency,rayon,8,burst_small,256,1449,14828,14899
latency,rayon,8,burst_small,256,1450,14759,14829
latency,rayon,8,burst_small,256,1451,2064,2145
latency,rayon,8,burst_small,256,1452,14713,14783
latency,rayon,8,burst_small,256,1453,14914,14994
latency,rayon,8,burst_small,256,1454,14948,15028
latency,rayon,8,burst_small,256,1455,3186,3276
latency,rayon,8,burst_small,256,1456,14813,14893
latency,rayon,8,burst_small,256,1457,14868,14948
latency,rayon,8,burst_small,256,1458,14854,14934
latency,rayon,8,burst_small,256,1459,14838,14908
latency,rayon,8,burst_small,256,1460,14664,14734
latency,rayon,8,burst_small,256,1461,14809,14879
latency,rayon,8,burst_small,256,1462,15064,15144
latency,rayon,8,burst_small,256,1463,4107,4188
latency,rayon,8,burst_small,256,1464,15224,15305
latency,rayon,8,burst_small,256,1465,15319,15389
latency,rayon,8,burst_small,256,1466,15019,15099
latency,rayon,8,burst_small,256,1467,5129,5219
latency,rayon,8,burst_small,256,1468,15094,15164
latency,rayon,8,burst_small,256,1469,15174,15244
latency,rayon,8,burst_small,256,1470,14938,15008
latency,rayon,8,burst_small,256,1471,14878,14958
latency,rayon,8,burst_small,256,1472,5530,5610
latency,rayon,8,burst_small,256,1473,14774,14854
latency,rayon,8,burst_small,256,1474,14698,14768
latency,rayon,8,burst_small,256,1475,14784,14854
latency,rayon,8,burst_small,256,1476,5921,5992
latency,rayon,8,burst_small,256,1477,14398,14478
latency,rayon,8,burst_small,256,1478,14694,14764
latency,rayon,8,burst_small,256,1479,14708,14778
latency,rayon,8,burst_small,256,1480,14293,14363
latency,rayon,8,burst_small,256,1481,6593,6673
latency,rayon,8,burst_small,256,1482,14443,14513
latency,rayon,8,burst_small,256,1483,14448,14528
latency,rayon,8,burst_small,256,1484,14433,14503
latency,rayon,8,burst_small,256,1485,14417,14488
latency,rayon,8,burst_small,256,1486,6973,7043
latency,rayon,8,burst_small,256,1487,14543,14613
latency,rayon,8,burst_small,256,1488,7394,7474
latency,rayon,8,burst_small,256,1489,14497,14568
latency,rayon,8,burst_small,256,1490,14473,14553
latency,rayon,8,burst_small,256,1491,8155,8235
latency,rayon,8,burst_small,256,1492,14438,14518
latency,rayon,8,burst_small,256,1493,14448,14528
latency,rayon,8,burst_small,256,1494,14293,14373
latency,rayon,8,burst_small,256,1495,8586,8666
latency,rayon,8,burst_small,256,1496,14303,14383
latency,rayon,8,burst_small,256,1497,14357,14438
latency,rayon,8,burst_small,256,1498,13952,14042
latency,rayon,8,burst_small,256,1499,9027,9117
latency,rayon,8,burst_small,256,1500,13967,14037
latency,rayon,8,burst_small,256,1501,13912,14003
latency,rayon,8,burst_small,256,1502,14062,14132
latency,rayon,8,burst_small,256,1503,13997,14067
latency,rayon,8,burst_small,256,1504,13997,14067
latency,rayon,8,burst_small,256,1505,14063,14133
latency,rayon,8,burst_small,256,1506,14092,14172
latency,rayon,8,burst_small,256,1507,13586,13656
latency,rayon,8,burst_small,256,1508,13581,13651
latency,rayon,8,burst_small,256,1509,13556,13656
latency,rayon,8,burst_small,256,1510,13792,13872
latency,rayon,8,burst_small,256,1511,13812,13882
latency,rayon,8,burst_small,256,1512,13817,13897
latency,rayon,8,burst_small,256,1513,13471,13541
latency,rayon,8,burst_small,256,1514,13746,13816
latency,rayon,8,burst_small,256,1515,13572,13652
latency,rayon,8,burst_small,256,1516,13616,13696
latency,rayon,8,burst_small,256,1517,13671,13751
latency,rayon,8,burst_small,256,1518,13135,13215
latency,rayon,8,burst_small,256,1519,13200,13280
latency,rayon,8,burst_small,256,1520,13095,13175
latency,rayon,8,burst_small,256,1521,13706,13776
latency,rayon,8,burst_small,256,1522,13737,13807
latency,rayon,8,burst_small,256,1523,13782,13852
latency,rayon,8,burst_small,256,1524,13541,13622
latency,rayon,8,burst_small,256,1525,13606,13686
latency,rayon,8,burst_small,256,1526,13496,13606
latency,rayon,8,burst_small,256,1527,13521,13591
latency,rayon,8,burst_small,256,1528,13411,13491
latency,rayon,8,burst_small,256,1529,12995,13075
latency,rayon,8,burst_small,256,1530,12975,13055
latency,rayon,8,burst_small,256,1531,12970,13051
latency,rayon,8,burst_small,256,1532,13055,13135
latency,rayon,8,burst_small,256,1533,103065,103205
latency,rayon,8,burst_small,256,1534,224395,224535
latency,rayon,8,burst_small,256,1535,175262,175403
latency,rayon,8,burst_small,256,1536,118654,118795
latency,rayon,8,burst_small,256,1537,111086,111226
latency,rayon,8,burst_small,256,1538,206727,206868
latency,rayon,8,burst_small,256,1539,12413,12554
latency,rayon,8,burst_small,256,1540,222852,222993
latency,rayon,8,burst_small,256,1541,84305,84435
latency,rayon,8,burst_small,256,1542,127527,127657
latency,rayon,8,burst_small,256,1543,162497,162637
latency,rayon,8,burst_small,256,1544,210889,211019
latency,rayon,8,burst_small,256,1545,437489,437619
latency,rayon,8,burst_small,256,1546,129490,129620
latency,rayon,8,burst_small,256,1547,50952,51092
latency,rayon,8,burst_small,256,1548,18806,18946
latency,rayon,8,burst_small,256,1549,60524,60665
latency,rayon,8,burst_small,256,1550,164461,164591
latency,rayon,8,burst_small,256,1551,430,511
latency,rayon,8,burst_small,256,1552,270,340
latency,rayon,8,burst_small,256,1553,390,490
latency,rayon,8,burst_small,256,1554,371,451
latency,rayon,8,burst_small,256,1555,811,912
latency,rayon,8,burst_small,256,1556,831,901
latency,rayon,8,burst_small,256,1557,1001,1081
latency,rayon,8,burst_small,256,1558,1002,1072
latency,rayon,8,burst_small,256,1559,1102,1182
latency,rayon,8,burst_small,256,1560,1412,1483
latency,rayon,8,burst_small,256,1561,1482,1553
latency,rayon,8,burst_small,256,1562,1543,1623
latency,rayon,8,burst_small,256,1563,1653,1723
latency,rayon,8,burst_small,256,1564,1593,1673
latency,rayon,8,burst_small,256,1565,1753,1834
latency,rayon,8,burst_small,256,1566,1814,1894
latency,rayon,8,burst_small,256,1567,1702,1792
latency,rayon,8,burst_small,256,1568,1943,2013
latency,rayon,8,burst_small,256,1569,2113,2194
latency,rayon,8,burst_small,256,1570,1993,2063
latency,rayon,8,burst_small,256,1571,2124,2194
latency,rayon,8,burst_small,256,1572,1963,2033
latency,rayon,8,burst_small,256,1573,1994,2064
latency,rayon,8,burst_small,256,1574,2034,2114
latency,rayon,8,burst_small,256,1575,2054,2124
latency,rayon,8,burst_small,256,1576,2134,2204
latency,rayon,8,burst_small,256,1577,2294,2374
latency,rayon,8,burst_small,256,1578,2254,2324
latency,rayon,8,burst_small,256,1579,2224,2304
latency,rayon,8,burst_small,256,1580,2355,2425
latency,rayon,8,burst_small,256,1581,2395,2465
latency,rayon,8,burst_small,256,1582,2444,2514
latency,rayon,8,burst_small,256,1583,2344,2414
latency,rayon,8,burst_small,256,1584,2494,2564
latency,rayon,8,burst_small,256,1585,2625,2695
latency,rayon,8,burst_small,256,1586,2515,2585
latency,rayon,8,burst_small,256,1587,2674,2745
latency,rayon,8,burst_small,256,1588,2214,2294
latency,rayon,8,burst_small,256,1589,2124,2204
latency,rayon,8,burst_small,256,1590,2464,2545
latency,rayon,8,burst_small,256,1591,2234,2304
latency,rayon,8,burst_small,256,1592,2214,2284
latency,rayon,8,burst_small,256,1593,2344,2414
latency,rayon,8,burst_small,256,1594,2515,2585
latency,rayon,8,burst_small,256,1595,2374,2454
latency,rayon,8,burst_small,256,1596,2334,2404
latency,rayon,8,burst_small,256,1597,2384,2455
latency,rayon,8,burst_small,256,1598,2575,2645
latency,rayon,8,burst_small,256,1599,2585,2665
latency,rayon,8,burst_small,256,1600,2474,2544
latency,rayon,8,burst_small,256,1601,2765,2835
latency,rayon,8,burst_small,256,1602,2685,2755
latency,rayon,8,burst_small,256,1603,3016,3096
latency,rayon,8,burst_small,256,1604,3096,3166
latency,rayon,8,burst_small,256,1605,2985,3065
latency,rayon,8,burst_small,256,1606,2945,3036
latency,rayon,8,burst_small,256,1607,3176,3246
latency,rayon,8,burst_small,256,1608,3197,3277
latency,rayon,8,burst_small,256,1609,3236,3316
latency,rayon,8,burst_small,256,1610,3246,3326
latency,rayon,8,burst_small,256,1611,3266,3336
latency,rayon,8,burst_small,256,1612,3336,3407
latency,rayon,8,burst_small,256,1613,2865,2935
latency,rayon,8,burst_small,256,1614,2976,3056
latency,rayon,8,burst_small,256,1615,3146,3216
latency,rayon,8,burst_small,256,1616,3135,3215
latency,rayon,8,burst_small,256,1617,3136,3216
latency,rayon,8,burst_small,256,1618,3496,3567
latency,rayon,8,burst_small,256,1619,3396,3476
latency,rayon,8,burst_small,256,1620,3346,3416
latency,rayon,8,burst_small,256,1621,3106,3176
latency,rayon,8,burst_small,256,1622,3236,3316
latency,rayon,8,burst_small,256,1623,3286,3357
latency,rayon,8,burst_small,256,1624,3287,3357
latency,rayon,8,burst_small,256,1625,3416,3486
latency,rayon,8,burst_small,256,1626,3617,3697
latency,rayon,8,burst_small,256,1627,3556,3627
latency,rayon,8,burst_small,256,1628,3486,3567
latency,rayon,8,burst_small,256,1629,3818,3888
latency,rayon,8,burst_small,256,1630,3837,3917
latency,rayon,8,burst_small,256,1631,3767,3847
latency,rayon,8,burst_small,256,1632,3757,3837
latency,rayon,8,burst_small,256,1633,3737,3807
latency,rayon,8,burst_small,256,1634,3837,3908
latency,rayon,8,burst_small,256,1635,4017,4087
latency,rayon,8,burst_small,256,1636,3977,4047
latency,rayon,8,burst_small,256,1637,3938,4008
latency,rayon,8,burst_small,256,1638,4128,4198
latency,rayon,8,burst_small,256,1639,4308,4378
latency,rayon,8,burst_small,256,1640,4158,4238
latency,rayon,8,burst_small,256,1641,4137,4208
latency,rayon,8,burst_small,256,1642,4148,4218
latency,rayon,8,burst_small,256,1643,4178,4258
latency,rayon,8,burst_small,256,1644,4358,4438
latency,rayon,8,burst_small,256,1645,4158,4228
latency,rayon,8,burst_small,256,1646,4198,4268
latency,rayon,8,burst_small,256,1647,4388,4459
latency,rayon,8,burst_small,256,1648,4257,4347
latency,rayon,8,burst_small,256,1649,4268,4338
latency,rayon,8,burst_small,256,1650,4588,4668
latency,rayon,8,burst_small,256,1651,4458,4538
latency,rayon,8,burst_small,256,1652,4509,4579
latency,rayon,8,burst_small,256,1653,4508,4578
latency,rayon,8,burst_small,256,1654,4248,4328
latency,rayon,8,burst_small,256,1655,4559,4629
latency,rayon,8,burst_small,256,1656,4508,4588
latency,rayon,8,burst_small,256,1657,4608,4678
latency,rayon,8,burst_small,256,1658,4629,4699
latency,rayon,8,burst_small,256,1659,4578,4648
latency,rayon,8,burst_small,256,1660,4518,4588
latency,rayon,8,burst_small,256,1661,4519,4589
latency,rayon,8,burst_small,256,1662,4619,4699
latency,rayon,8,burst_small,256,1663,4678,4749
latency,rayon,8,burst_small,256,1664,4639,4709
latency,rayon,8,burst_small,256,1665,4639,4709
latency,rayon,8,burst_small,256,1666,4628,4708
latency,rayon,8,burst_small,256,1667,4859,4929
latency,rayon,8,burst_small,256,1668,4789,4869
latency,rayon,8,burst_small,256,1669,4589,4679
latency,rayon,8,burst_small,256,1670,4598,4678
latency,rayon,8,burst_small,256,1671,4849,4929
latency,rayon,8,burst_small,256,1672,4789,4869
latency,rayon,8,burst_small,256,1673,4638,4718
latency,rayon,8,burst_small,256,1674,4609,4689
latency,rayon,8,burst_small,256,1675,4638,4708
latency,rayon,8,burst_small,256,1676,4889,4959
latency,rayon,8,burst_small,256,1677,4608,4678
latency,rayon,8,burst_small,256,1678,4288,4359
latency,rayon,8,burst_small,256,1679,4448,4538
latency,rayon,8,burst_small,256,1680,4598,4678
latency,rayon,8,burst_small,256,1681,4688,4769
latency,rayon,8,burst_small,256,1682,4669,4739
latency,rayon,8,burst_small,256,1683,4849,4929
latency,rayon,8,burst_small,256,1684,4599,4679
latency,rayon,8,burst_small,256,1685,4538,4618
latency,rayon,8,burst_small,256,1686,4338,4418
latency,rayon,8,burst_small,256,1687,4448,4529
latency,rayon,8,burst_small,256,1688,4428,4498
latency,rayon,8,burst_small,256,1689,4439,4509
latency,rayon,8,burst_small,256,1690,4628,4709
latency,rayon,8,burst_small,256,1691,4718,4798
latency,rayon,8,burst_small,256,1692,4589,4659
latency,rayon,8,burst_small,256,1693,4498,4568
latency,rayon,8,burst_small,256,1694,4558,4628
latency,rayon,8,burst_small,256,1695,4739,4809
latency,rayon,8,burst_small,256,1696,4529,4599
latency,rayon,8,burst_small,256,1697,4448,4528
latency,rayon,8,burst_small,256,1698,4588,4659
latency,rayon,8,burst_small,256,1699,4519,4589
latency,rayon,8,burst_small,256,1700,125958,126088
latency,rayon,8,burst_small,256,1701,4489,4569
latency,rayon,8,burst_small,256,1702,4558,4629
latency,rayon,8,burst_small,256,1703,4489,4559
latency,rayon,8,burst_small,256,1704,4418,4489
latency,rayon,8,burst_small,256,1705,4718,4788
latency,rayon,8,burst_small,256,1706,4549,4619
latency,rayon,8,burst_small,256,1707,4689,4769
latency,rayon,8,burst_small,256,1708,4599,4679
latency,rayon,8,burst_small,256,1709,4588,4668
latency,rayon,8,burst_small,256,1710,4578,4648
latency,rayon,8,burst_small,256,1711,4779,4849
latency,rayon,8,burst_small,256,1712,4548,4628
latency,rayon,8,burst_small,256,1713,4588,4668
latency,rayon,8,burst_small,256,1714,4429,4509
latency,rayon,8,burst_small,256,1715,4378,4458
latency,rayon,8,burst_small,256,1716,4408,4478
latency,rayon,8,burst_small,256,1717,4409,4479
latency,rayon,8,burst_small,256,1718,4558,4638
latency,rayon,8,burst_small,256,1719,4398,4468
latency,rayon,8,burst_small,256,1720,4368,4438
latency,rayon,8,burst_small,256,1721,4197,4268
latency,rayon,8,burst_small,256,1722,4338,4418
latency,rayon,8,burst_small,256,1723,4358,4438
latency,rayon,8,burst_small,256,1724,4338,4408
latency,rayon,8,burst_small,256,1725,4037,4117
latency,rayon,8,burst_small,256,1726,4127,4198
latency,rayon,8,burst_small,256,1727,4128,4198
latency,rayon,8,burst_small,256,1728,4118,4188
latency,rayon,8,burst_small,256,1729,3977,4047
latency,rayon,8,burst_small,256,1730,3947,4017
latency,rayon,8,burst_small,256,1731,4348,4428
latency,rayon,8,burst_small,256,1732,4217,4287
latency,rayon,8,burst_small,256,1733,4097,4177
latency,rayon,8,burst_small,256,1734,4098,4168
latency,rayon,8,burst_small,256,1735,4158,4228
latency,rayon,8,burst_small,256,1736,4027,4097
latency,rayon,8,burst_small,256,1737,4018,4088
latency,rayon,8,burst_small,256,1738,4058,4128
latency,rayon,8,burst_small,256,1739,4138,4218
latency,rayon,8,burst_small,256,1740,3997,4067
latency,rayon,8,burst_small,256,1741,3927,4007
latency,rayon,8,burst_small,256,1742,3967,4037
latency,rayon,8,burst_small,256,1743,3947,4027
latency,rayon,8,burst_small,256,1744,4308,4378
latency,rayon,8,burst_small,256,1745,4148,4218
latency,rayon,8,burst_small,256,1746,3667,3737
latency,rayon,8,burst_small,256,1747,3777,3847
latency,rayon,8,burst_small,256,1748,3867,3978
latency,rayon,8,burst_small,256,1749,3817,3918
latency,rayon,8,burst_small,256,1750,3466,3547
latency,rayon,8,burst_small,256,1751,3487,3557
latency,rayon,8,burst_small,256,1752,3486,3566
latency,rayon,8,burst_small,256,1753,3486,3566
latency,rayon,8,burst_small,256,1754,3406,3477
latency,rayon,8,burst_small,256,1755,3386,3457
latency,rayon,8,burst_small,256,1756,3366,3436
latency,rayon,8,burst_small,256,1757,3145,3215
latency,rayon,8,burst_small,256,1758,3075,3145
latency,rayon,8,burst_small,256,1759,2816,2886
latency,rayon,8,burst_small,256,1760,2985,3055
latency,rayon,8,burst_small,256,1761,3186,3256
latency,rayon,8,burst_small,256,1762,3235,3306
latency,rayon,8,burst_small,256,1763,3276,3356
latency,rayon,8,burst_small,256,1764,2685,2755
latency,rayon,8,burst_small,256,1765,3186,3256
latency,rayon,8,burst_small,256,1766,2805,2875
latency,rayon,8,burst_small,256,1767,3106,3176
latency,rayon,8,burst_small,256,1768,3075,3155
latency,rayon,8,burst_small,256,1769,3096,3166
latency,rayon,8,burst_small,256,1770,3045,3115
latency,rayon,8,burst_small,256,1771,672,822
latency,rayon,8,burst_small,256,1772,3076,3146
latency,rayon,8,burst_small,256,1773,2815,2885
latency,rayon,8,burst_small,256,1774,2805,2875
latency,rayon,8,burst_small,256,1775,3106,3176
latency,rayon,8,burst_small,256,1776,3036,3106
latency,rayon,8,burst_small,256,1777,1573,1643
latency,rayon,8,burst_small,256,1778,3056,3126
latency,rayon,8,burst_small,256,1779,3185,3255
latency,rayon,8,burst_small,256,1780,2054,2144
latency,rayon,8,burst_small,256,1781,3126,3196
latency,rayon,8,burst_small,256,1782,3216,3286
latency,rayon,8,burst_small,256,1783,3086,3156
latency,rayon,8,burst_small,256,1784,2835,2915
latency,rayon,8,burst_small,256,1785,3056,3126
latency,rayon,8,burst_small,256,1786,2765,2835
latency,rayon,8,burst_small,256,1787,3126,3196
latency,rayon,8,burst_small,256,1788,3076,3146
latency,rayon,8,burst_small,256,1789,254397,254537
latency,rayon,8,burst_small,256,1790,198220,198361
latency,rayon,8,burst_small,256,1791,343971,344101
latency,rayon,8,burst_small,256,1792,74267,74397
latency,rayon,8,burst_small,256,1793,168389,168529
latency,rayon,8,burst_small,256,1794,76100,76230
latency,rayon,8,burst_small,256,1795,241568,241708
latency,rayon,8,burst_small,256,1796,273298,273478
latency,rayon,8,burst_small,256,1797,127642,127783
latency,rayon,8,burst_small,256,1798,21351,21421
latency,rayon,8,burst_small,256,1799,2464,2755
latency,rayon,8,burst_small,256,1800,3627,3717
latency,rayon,8,burst_small,256,1801,3166,3236
latency,rayon,8,burst_small,256,1802,4058,4138
latency,rayon,8,burst_small,256,1803,4147,4227
latency,rayon,8,burst_small,256,1804,4428,4498
latency,rayon,8,burst_small,256,1805,4578,4649
latency,rayon,8,burst_small,256,1806,4648,4739
latency,rayon,8,burst_small,256,1807,4969,5040
latency,rayon,8,burst_small,256,1808,5009,5089
latency,rayon,8,burst_small,256,1809,5280,5350
latency,rayon,8,burst_small,256,1810,5641,5741
latency,rayon,8,burst_small,256,1811,5701,5781
latency,rayon,8,burst_small,256,1812,5851,5921
latency,rayon,8,burst_small,256,1813,6091,6172
latency,rayon,8,burst_small,256,1814,6272,6352
latency,rayon,8,burst_small,256,1815,6402,6472
latency,rayon,8,burst_small,256,1816,6462,6552
latency,rayon,8,burst_small,256,1817,6703,6783
latency,rayon,8,burst_small,256,1818,6963,7033
latency,rayon,8,burst_small,256,1819,6813,6884
latency,rayon,8,burst_small,256,1820,7053,7123
latency,rayon,8,burst_small,256,1821,7053,7123
latency,rayon,8,burst_small,256,1822,7304,7374
latency,rayon,8,burst_small,256,1823,7394,7474
latency,rayon,8,burst_small,256,1824,7675,7755
latency,rayon,8,burst_small,256,1825,7755,7845
latency,rayon,8,burst_small,256,1826,8146,8216
latency,rayon,8,burst_small,256,1827,8086,8156
latency,rayon,8,burst_small,256,1828,8345,8415
latency,rayon,8,burst_small,256,1829,8295,8375
latency,rayon,8,burst_small,256,1830,8516,8586
latency,rayon,8,burst_small,256,1831,8586,8656
latency,rayon,8,burst_small,256,1832,8817,8887
latency,rayon,8,burst_small,256,1833,8817,8887
latency,rayon,8,burst_small,256,1834,8706,8776
latency,rayon,8,burst_small,256,1835,8817,8887
latency,rayon,8,burst_small,256,1836,9218,9288
latency,rayon,8,burst_small,256,1837,9578,9658
latency,rayon,8,burst_small,256,1838,9468,9548
latency,rayon,8,burst_small,256,1839,9458,9538
latency,rayon,8,burst_small,256,1840,9638,9718
latency,rayon,8,burst_small,256,1841,9779,9879
latency,rayon,8,burst_small,256,1842,9919,9989
latency,rayon,8,burst_small,256,1843,9999,10099
latency,rayon,8,burst_small,256,1844,9998,10068
latency,rayon,8,burst_small,256,1845,10289,10369
latency,rayon,8,burst_small,256,1846,10319,10399
latency,rayon,8,burst_small,256,1847,10510,10610
latency,rayon,8,burst_small,256,1848,10650,10740
latency,rayon,8,burst_small,256,1849,10721,10791
latency,rayon,8,burst_small,256,1850,10720,10811
latency,rayon,8,burst_small,256,1851,10880,10950
latency,rayon,8,burst_small,256,1852,11000,11080
latency,rayon,8,burst_small,256,1853,11121,11231
latency,rayon,8,burst_small,256,1854,11241,11321
latency,rayon,8,burst_small,256,1855,11422,11502
latency,rayon,8,burst_small,256,1856,11562,11642
latency,rayon,8,burst_small,256,1857,11672,11742
latency,rayon,8,burst_small,256,1858,11803,11873
latency,rayon,8,burst_small,256,1859,11842,11922
latency,rayon,8,burst_small,256,1860,11992,12072
latency,rayon,8,burst_small,256,1861,12073,12143
latency,rayon,8,burst_small,256,1862,12153,12223
latency,rayon,8,burst_small,256,1863,12183,12254
latency,rayon,8,burst_small,256,1864,12233,12303
latency,rayon,8,burst_small,256,1865,12313,12393
latency,rayon,8,burst_small,256,1866,12193,12263
latency,rayon,8,burst_small,256,1867,192424,192564
latency,rayon,8,burst_small,256,1868,12474,12554
latency,rayon,8,burst_small,256,1869,12483,12553
latency,rayon,8,burst_small,256,1870,12784,12864
latency,rayon,8,burst_small,256,1871,12734,12804
latency,rayon,8,burst_small,256,1872,12864,12935
latency,rayon,8,burst_small,256,1873,13015,13085
latency,rayon,8,burst_small,256,1874,13074,13144
latency,rayon,8,burst_small,256,1875,13184,13255
latency,rayon,8,burst_small,256,1876,13145,13225
latency,rayon,8,burst_small,256,1877,10339,10409
latency,rayon,8,burst_small,256,1878,10400,10470
latency,rayon,8,burst_small,256,1879,10360,10440
latency,rayon,8,burst_small,256,1880,10440,10510
latency,rayon,8,burst_small,256,1881,10599,10680
latency,rayon,8,burst_small,256,1882,10710,10790
latency,rayon,8,burst_small,256,1883,10740,10810
latency,rayon,8,burst_small,256,1884,10740,10810
latency,rayon,8,burst_small,256,1885,10901,10981
latency,rayon,8,burst_small,256,1886,10881,10951
latency,rayon,8,burst_small,256,1887,10841,10911
latency,rayon,8,burst_small,256,1888,10820,10890
latency,rayon,8,burst_small,256,1889,10910,10991
latency,rayon,8,burst_small,256,1890,10940,11011
latency,rayon,8,burst_small,256,1891,11051,11131
latency,rayon,8,burst_small,256,1892,11131,11211
latency,rayon,8,burst_small,256,1893,10940,11010
latency,rayon,8,burst_small,256,1894,10881,10951
latency,rayon,8,burst_small,256,1895,11051,11121
latency,rayon,8,burst_small,256,1896,11181,11261
latency,rayon,8,burst_small,256,1897,10991,11061
latency,rayon,8,burst_small,256,1898,11001,11071
latency,rayon,8,burst_small,256,1899,11181,11251
latency,rayon,8,burst_small,256,1900,11231,11302
latency,rayon,8,burst_small,256,1901,11181,11251
latency,rayon,8,burst_small,256,1902,11281,11351
latency,rayon,8,burst_small,256,1903,11391,11461
latency,rayon,8,burst_small,256,1904,11251,11321
latency,rayon,8,burst_small,256,1905,11281,11361
latency,rayon,8,burst_small,256,1906,11401,11471
latency,rayon,8,burst_small,256,1907,11371,11441
latency,rayon,8,burst_small,256,1908,11361,11431
latency,rayon,8,burst_small,256,1909,11382,11482
latency,rayon,8,burst_small,256,1910,11491,11561
latency,rayon,8,burst_small,256,1911,11441,11511
latency,rayon,8,burst_small,256,1912,11492,11562
latency,rayon,8,burst_small,256,1913,11532,11602
latency,rayon,8,burst_small,256,1914,11451,11521
latency,rayon,8,burst_small,256,1915,11441,11522
latency,rayon,8,burst_small,256,1916,200115,200255
latency,rayon,8,burst_small,256,1917,11512,11582
latency,rayon,8,burst_small,256,1918,11582,11652
latency,rayon,8,burst_small,256,1919,11471,11551
latency,rayon,8,burst_small,256,1920,11511,11592
latency,rayon,8,burst_small,256,1921,11802,11872
latency,rayon,8,burst_small,256,1922,11702,11782
latency,rayon,8,burst_small,256,1923,11752,11823
latency,rayon,8,burst_small,256,1924,11817,11897
latency,rayon,8,burst_small,256,1925,11712,11802
latency,rayon,8,burst_small,256,1926,11702,11772
latency,rayon,8,burst_small,256,1927,11892,11963
latency,rayon,8,burst_small,256,1928,11717,11797
latency,rayon,8,burst_small,256,1929,11892,11962
latency,rayon,8,burst_small,256,1930,11902,11972
latency,rayon,8,burst_small,256,1931,11843,11913
latency,rayon,8,burst_small,256,1932,11757,11827
latency,rayon,8,burst_small,256,1933,11832,11902
latency,rayon,8,burst_small,256,1934,11772,11843
latency,rayon,8,burst_small,256,1935,11768,11838
latency,rayon,8,burst_small,256,1936,11692,11762
latency,rayon,8,burst_small,256,1937,11712,11782
latency,rayon,8,burst_small,256,1938,11447,11527
latency,rayon,8,burst_small,256,1939,11552,11622
latency,rayon,8,burst_small,256,1940,11571,11641
latency,rayon,8,burst_small,256,1941,11632,11702
latency,rayon,8,burst_small,256,1942,11592,11662
latency,rayon,8,burst_small,256,1943,11437,11507
latency,rayon,8,burst_small,256,1944,11541,11621
latency,rayon,8,burst_small,256,1945,11482,11562
latency,rayon,8,burst_small,256,1946,11862,11942
latency,rayon,8,burst_small,256,1947,11722,11802
latency,rayon,8,burst_small,256,1948,11642,11722
latency,rayon,8,burst_small,256,1949,11647,11748
latency,rayon,8,burst_small,256,1950,11943,12023
latency,rayon,8,burst_small,256,1951,11772,11852
latency,rayon,8,burst_small,256,1952,11898,11968
latency,rayon,8,burst_small,256,1953,11642,11712
latency,rayon,8,burst_small,256,1954,11652,11722
latency,rayon,8,burst_small,256,1955,11582,11662
latency,rayon,8,burst_small,256,1956,11527,11597
latency,rayon,8,burst_small,256,1957,11512,11582
latency,rayon,8,burst_small,256,1958,11452,11532
latency,rayon,8,burst_small,256,1959,11491,11561
latency,rayon,8,burst_small,256,1960,11702,11782
latency,rayon,8,burst_small,256,1961,11842,11912
latency,rayon,8,burst_small,256,1962,11572,11642
latency,rayon,8,burst_small,256,1963,11467,11547
latency,rayon,8,burst_small,256,1964,11852,11932
latency,rayon,8,burst_small,256,1965,11832,11902
latency,rayon,8,burst_small,256,1966,361,471
latency,rayon,8,burst_small,256,1967,12032,12103
latency,rayon,8,burst_small,256,1968,11963,12033
latency,rayon,8,burst_small,256,1969,11887,11968
latency,rayon,8,burst_small,256,1970,11762,11832
latency,rayon,8,burst_small,256,1971,741,811
latency,rayon,8,burst_small,256,1972,11852,11932
latency,rayon,8,burst_small,256,1973,11672,11742
latency,rayon,8,burst_small,256,1974,11597,11667
latency,rayon,8,burst_small,256,1975,1192,1282
latency,rayon,8,burst_small,256,1976,11652,11732
latency,rayon,8,burst_small,256,1977,11682,11762
latency,rayon,8,burst_small,256,1978,11608,11688
latency,rayon,8,burst_small,256,1979,1583,1664
latency,rayon,8,burst_small,256,1980,11562,11632
latency,rayon,8,burst_small,256,1981,11412,11492
latency,rayon,8,burst_small,256,1982,1974,2044
latency,rayon,8,burst_small,256,1983,11267,11347
latency,rayon,8,burst_small,256,1984,11372,11442
latency,rayon,8,burst_small,256,1985,11321,11392
latency,rayon,8,burst_small,256,1986,11226,11306
latency,rayon,8,burst_small,256,1987,11191,11271
latency,rayon,8,burst_small,256,1988,11311,11381
latency,rayon,8,burst_small,256,1989,11321,11401
latency,rayon,8,burst_small,256,1990,11521,11621
latency,rayon,8,burst_small,256,1991,11407,11477
latency,rayon,8,burst_small,256,1992,11181,11261
latency,rayon,8,burst_small,256,1993,11632,11732
latency,rayon,8,burst_small,256,1994,11447,11517
latency,rayon,8,burst_small,256,1995,11492,11562
latency,rayon,8,burst_small,256,1996,11482,11562
latency,rayon,8,burst_small,256,1997,11407,11477
latency,rayon,8,burst_small,256,1998,11101,11171
latency,rayon,8,burst_small,256,1999,11116,11186
latency,rayon,8,burst_small,256,2000,11090,11160
latency,rayon,8,burst_small,256,2001,11121,11201
latency,rayon,8,burst_small,256,2002,11337,11407
latency,rayon,8,burst_small,256,2003,11321,11392
latency,rayon,8,burst_small,256,2004,10861,10941
latency,rayon,8,burst_small,256,2005,11011,11081
latency,rayon,8,burst_small,256,2006,11131,11201
latency,rayon,8,burst_small,256,2007,11136,11217
latency,rayon,8,burst_small,256,2008,11081,11151
latency,rayon,8,burst_small,256,2009,11061,11152
latency,rayon,8,burst_small,256,2010,11040,11120
latency,rayon,8,burst_small,256,2011,10616,10696
latency,rayon,8,burst_small,256,2012,10700,10780
latency,rayon,8,burst_small,256,2013,10730,10810
latency,rayon,8,burst_small,256,2014,10580,10650
latency,rayon,8,burst_small,256,2015,10520,10591
latency,rayon,8,burst_small,256,2016,10576,10646
latency,rayon,8,burst_small,256,2017,10649,10719
latency,rayon,8,burst_small,256,2018,10670,10740
latency,rayon,8,burst_small,256,2019,10409,10489
latency,rayon,8,burst_small,256,2020,10305,10375
latency,rayon,8,burst_small,256,2021,10149,10229
latency,rayon,8,burst_small,256,2022,10089,10159
latency,rayon,8,burst_small,256,2023,2495,2565
latency,rayon,8,burst_small,256,2024,10149,10229
latency,rayon,8,burst_small,256,2025,10325,10405
latency,rayon,8,burst_small,256,2026,10439,10509
latency,rayon,8,burst_small,256,2027,10429,10509
latency,rayon,8,burst_small,256,2028,10214,10294
latency,rayon,8,burst_small,256,2029,10099,10169
latency,rayon,8,burst_small,256,2030,10219,10289
latency,rayon,8,burst_small,256,2031,10129,10229
latency,rayon,8,burst_small,256,2032,10195,10275
latency,rayon,8,burst_small,256,2033,10229,10309
latency,rayon,8,burst_small,256,2034,10249,10329
latency,rayon,8,burst_small,256,2035,10149,10219
latency,rayon,8,burst_small,256,2036,9638,9719
latency,rayon,8,burst_small,256,2037,9654,9754
latency,rayon,8,burst_small,256,2038,9758,9839
latency,rayon,8,burst_small,256,2039,9888,9968
latency,rayon,8,burst_small,256,2040,9858,9939
latency,rayon,8,burst_small,256,2041,9874,9964
latency,rayon,8,burst_small,256,2042,9898,10009
latency,rayon,8,burst_small,256,2043,9889,9959
latency,rayon,8,burst_small,256,2044,15750,15840
latency,rayon,8,burst_small,256,2045,400959,401089
latency,rayon,8,burst_small,256,2046,497913,498043
latency,rayon,8,burst_small,256,2047,474854,474994
latency,rayon,8,burst_small,256,2048,75644,75774
latency,rayon,8,burst_small,256,2049,152889,153030
latency,rayon,8,burst_small,256,2050,180267,180407
latency,rayon,8,burst_small,256,2051,241893,242034
latency,rayon,8,burst_small,256,2052,120889,121029
latency,rayon,8,burst_small,256,2053,130657,130797
latency,rayon,8,burst_small,256,2054,209482,209612
latency,rayon,8,burst_small,256,2055,203856,203996
latency,rayon,8,burst_small,256,2056,128644,128784
latency,rayon,8,burst_small,256,2057,155435,155565
latency,rayon,8,burst_small,256,2058,12033,12163
latency,rayon,8,burst_small,256,2059,11442,11522
latency,rayon,8,burst_small,256,2060,11662,11732
latency,rayon,8,burst_small,256,2061,12083,12163
latency,rayon,8,burst_small,256,2062,12384,12454
latency,rayon,8,burst_small,256,2063,12684,12754
latency,rayon,8,burst_small,256,2064,12945,13015
latency,rayon,8,burst_small,256,2065,13225,13305
latency,rayon,8,burst_small,256,2066,13465,13546
latency,rayon,8,burst_small,256,2067,13625,13765
latency,rayon,8,burst_small,256,2068,13746,13826
latency,rayon,8,burst_small,256,2069,14017,14087
latency,rayon,8,burst_small,256,2070,14207,14277
latency,rayon,8,burst_small,256,2071,14317,14397
latency,rayon,8,burst_small,256,2072,14407,14478
latency,rayon,8,burst_small,256,2073,14387,14467
latency,rayon,8,burst_small,256,2074,14788,14858
latency,rayon,8,burst_small,256,2075,14888,14968
latency,rayon,8,burst_small,256,2076,14959,15029
latency,rayon,8,burst_small,256,2077,5661,5731
latency,rayon,8,burst_small,256,2078,5480,5580
latency,rayon,8,burst_small,256,2079,5650,5730
latency,rayon,8,burst_small,256,2080,6001,6081
latency,rayon,8,burst_small,256,2081,6132,6202
latency,rayon,8,burst_small,256,2082,6432,6512
latency,rayon,8,burst_small,256,2083,6608,6748
latency,rayon,8,burst_small,256,2084,6372,6452
latency,rayon,8,burst_small,256,2085,6452,6533
latency,rayon,8,burst_small,256,2086,6612,6693
latency,rayon,8,burst_small,256,2087,6663,6743
latency,rayon,8,burst_small,256,2088,6773,6853
latency,rayon,8,burst_small,256,2089,6768,6848
latency,rayon,8,burst_small,256,2090,6793,6863
latency,rayon,8,burst_small,256,2091,6842,6913
latency,rayon,8,burst_small,256,2092,6983,7063
latency,rayon,8,burst_small,256,2093,6913,6983
latency,rayon,8,burst_small,256,2094,6959,7039
latency,rayon,8,burst_small,256,2095,6883,6953
latency,rayon,8,burst_small,256,2096,6913,6983
latency,rayon,8,burst_small,256,2097,7109,7179
latency,rayon,8,burst_small,256,2098,7174,7254
latency,rayon,8,burst_small,256,2099,7223,7304
latency,rayon,8,burst_small,256,2100,7219,7289
latency,rayon,8,burst_small,256,2101,7485,7555
latency,rayon,8,burst_small,256,2102,7534,7604
latency,rayon,8,burst_small,256,2103,7459,7539
latency,rayon,8,burst_small,256,2104,7674,7755
latency,rayon,8,burst_small,256,2105,7724,7794
latency,rayon,8,burst_small,256,2106,7880,7950
latency,rayon,8,burst_small,256,2107,7795,7875
latency,rayon,8,burst_small,256,2108,7865,7935
latency,rayon,8,burst_small,256,2109,8231,8311
latency,rayon,8,burst_small,256,2110,8266,8346
latency,rayon,8,burst_small,256,2111,8195,8265
latency,rayon,8,burst_small,256,2112,8221,8321
latency,rayon,8,burst_small,256,2113,8366,8436
latency,rayon,8,burst_small,256,2114,8396,8466
latency,rayon,8,burst_small,256,2115,8737,8817
latency,rayon,8,burst_small,256,2116,8742,8812
latency,rayon,8,burst_small,256,2117,8656,8726
latency,rayon,8,burst_small,256,2118,8847,8917
latency,rayon,8,burst_small,256,2119,9092,9193
latency,rayon,8,burst_small,256,2120,9077,9147
latency,rayon,8,burst_small,256,2121,9388,9458
latency,rayon,8,burst_small,256,2122,9433,9504
latency,rayon,8,burst_small,256,2123,9407,9477
latency,rayon,8,burst_small,256,2124,9368,9438
latency,rayon,8,burst_small,256,2125,9298,9368
latency,rayon,8,burst_small,256,2126,9443,9523
latency,rayon,8,burst_small,256,2127,9327,9428
latency,rayon,8,burst_small,256,2128,9463,9533
latency,rayon,8,burst_small,256,2129,9517,9588
latency,rayon,8,burst_small,256,2130,9578,9649
latency,rayon,8,burst_small,256,2131,9558,9638
latency,rayon,8,burst_small,256,2132,9514,9594
latency,rayon,8,burst_small,256,2133,9718,9798
latency,rayon,8,burst_small,256,2134,9728,9798
latency,rayon,8,burst_small,256,2135,9714,9784
latency,rayon,8,burst_small,256,2136,9759,9829
latency,rayon,8,burst_small,256,2137,9819,9899
latency,rayon,8,burst_small,256,2138,9853,9924
latency,rayon,8,burst_small,256,2139,9809,9889
latency,rayon,8,burst_small,256,2140,9888,9969
latency,rayon,8,burst_small,256,2141,9714,9794
latency,rayon,8,burst_small,256,2142,9648,9718
latency,rayon,8,burst_small,256,2143,9768,9838
latency,rayon,8,burst_small,256,2144,9899,9969
latency,rayon,8,burst_small,256,2145,7554,7624
latency,rayon,8,burst_small,256,2146,7239,7319
latency,rayon,8,burst_small,256,2147,7224,7314
latency,rayon,8,burst_small,256,2148,7253,7334
latency,rayon,8,burst_small,256,2149,7520,7590
latency,rayon,8,burst_small,256,2150,7495,7575
latency,rayon,8,burst_small,256,2151,7413,7483
latency,rayon,8,burst_small,256,2152,7730,7800
latency,rayon,8,burst_small,256,2153,7284,7354
latency,rayon,8,burst_small,256,2154,7804,7884
latency,rayon,8,burst_small,256,2155,7489,7569
latency,rayon,8,burst_small,256,2156,7574,7645
latency,rayon,8,burst_small,256,2157,7554,7624
latency,rayon,8,burst_small,256,2158,7680,7760
latency,rayon,8,burst_small,256,2159,7604,7684
latency,rayon,8,burst_small,256,2160,7434,7504
latency,rayon,8,burst_small,256,2161,7620,7690
latency,rayon,8,burst_small,256,2162,7344,7424
latency,rayon,8,burst_small,256,2163,7394,7464
latency,rayon,8,burst_small,256,2164,7459,7570
latency,rayon,8,burst_small,256,2165,7615,7685
latency,rayon,8,burst_small,256,2166,7720,7800
latency,rayon,8,burst_small,256,2167,7795,7865
latency,rayon,8,burst_small,256,2168,7664,7734
latency,rayon,8,burst_small,256,2169,7770,7840
latency,rayon,8,burst_small,256,2170,7725,7805
latency,rayon,8,burst_small,256,2171,7805,7875
latency,rayon,8,burst_small,256,2172,7871,7951
latency,rayon,8,burst_small,256,2173,7934,8015
latency,rayon,8,burst_small,256,2174,8180,8261
latency,rayon,8,burst_small,256,2175,8125,8196
latency,rayon,8,burst_small,256,2176,8005,8075
latency,rayon,8,burst_small,256,2177,8221,8291
latency,rayon,8,burst_small,256,2178,8336,8417
latency,rayon,8,burst_small,256,2179,8371,8441
latency,rayon,8,burst_small,256,2180,8085,8165
latency,rayon,8,burst_small,256,2181,8356,8446
latency,rayon,8,burst_small,256,2182,8331,8401
latency,rayon,8,burst_small,256,2183,8205,8275
latency,rayon,8,burst_small,256,2184,8166,8246
latency,rayon,8,burst_small,256,2185,8251,8321
latency,rayon,8,burst_small,256,2186,8125,8195
latency,rayon,8,burst_small,256,2187,8166,8246
latency,rayon,8,burst_small,256,2188,8181,8251
latency,rayon,8,burst_small,256,2189,8407,8477
latency,rayon,8,burst_small,256,2190,8025,8105
latency,rayon,8,burst_small,256,2191,8051,8131
latency,rayon,8,burst_small,256,2192,69697,69828
latency,rayon,8,burst_small,256,2193,8365,8445
latency,rayon,8,burst_small,256,2194,8326,8396
latency,rayon,8,burst_small,256,2195,8432,8502
latency,rayon,8,burst_small,256,2196,8457,8537
latency,rayon,8,burst_small,256,2197,8475,8546
latency,rayon,8,burst_small,256,2198,8742,8812
latency,rayon,8,burst_small,256,2199,8686,8756
latency,rayon,8,burst_small,256,2200,8256,8326
latency,rayon,8,burst_small,256,2201,8291,8371
latency,rayon,8,burst_small,256,2202,8321,8391
latency,rayon,8,burst_small,256,2203,8396,8476
latency,rayon,8,burst_small,256,2204,8321,8391
latency,rayon,8,burst_small,256,2205,8446,8516
latency,rayon,8,burst_small,256,2206,8056,8136
latency,rayon,8,burst_small,256,2207,8151,8231
latency,rayon,8,burst_small,256,2208,8285,8365
latency,rayon,8,burst_small,256,2209,8266,8336
latency,rayon,8,burst_small,256,2210,8291,8372
latency,rayon,8,burst_small,256,2211,8226,8296
latency,rayon,8,burst_small,256,2212,8181,8251
latency,rayon,8,burst_small,256,2213,8116,8186
latency,rayon,8,burst_small,256,2214,8392,8462
latency,rayon,8,burst_small,256,2215,8281,8351
latency,rayon,8,burst_small,256,2216,8275,8355
latency,rayon,8,burst_small,256,2217,8236,8306
latency,rayon,8,burst_small,256,2218,8101,8171
latency,rayon,8,burst_small,256,2219,8111,8181
latency,rayon,8,burst_small,256,2220,8295,8365
latency,rayon,8,burst_small,256,2221,8251,8321
latency,rayon,8,burst_small,256,2222,8171,8241
latency,rayon,8,burst_small,256,2223,8166,8246
latency,rayon,8,burst_small,256,2224,8055,8135
latency,rayon,8,burst_small,256,2225,8251,8331
latency,rayon,8,burst_small,256,2226,8226,8296
latency,rayon,8,burst_small,256,2227,8196,8276
latency,rayon,8,burst_small,256,2228,7841,7921
latency,rayon,8,burst_small,256,2229,7971,8041
latency,rayon,8,burst_small,256,2230,7904,7975
latency,rayon,8,burst_small,256,2231,7635,7715
latency,rayon,8,burst_small,256,2232,7720,7790
latency,rayon,8,burst_small,256,2233,7560,7640
latency,rayon,8,burst_small,256,2234,7635,7705
latency,rayon,8,burst_small,256,2235,7609,7679
latency,rayon,8,burst_small,256,2236,7634,7704
latency,rayon,8,burst_small,256,2237,7620,7690
latency,rayon,8,burst_small,256,2238,7735,7815
latency,rayon,8,burst_small,256,2239,7439,7520
latency,rayon,8,burst_small,256,2240,7484,7564
latency,rayon,8,burst_small,256,2241,7439,7510
latency,rayon,8,burst_small,256,2242,7464,7535
latency,rayon,8,burst_small,256,2243,7590,7660
latency,rayon,8,burst_small,256,2244,7564,7644
latency,rayon,8,burst_small,256,2245,7184,7254
latency,rayon,8,burst_small,256,2246,7350,7420
latency,rayon,8,burst_small,256,2247,7189,7259
latency,rayon,8,burst_small,256,2248,7519,7600
latency,rayon,8,burst_small,256,2249,7735,7825
latency,rayon,8,burst_small,256,2250,7494,7575
latency,rayon,8,burst_small,256,2251,8011,8081
latency,rayon,8,burst_small,256,2252,561,672
latency,rayon,8,burst_small,256,2253,8146,8216
latency,rayon,8,burst_small,256,2254,8045,8115
latency,rayon,8,burst_small,256,2255,8100,8170
latency,rayon,8,burst_small,256,2256,7841,7941
latency,rayon,8,burst_small,256,2257,1052,1132
latency,rayon,8,burst_small,256,2258,8066,8146
latency,rayon,8,burst_small,256,2259,1473,1563
latency,rayon,8,burst_small,256,2260,8095,8165
latency,rayon,8,burst_small,256,2261,7980,8060
latency,rayon,8,burst_small,256,2262,7981,8051
latency,rayon,8,burst_small,256,2263,1843,1923
latency,rayon,8,burst_small,256,2264,7936,8016
latency,rayon,8,burst_small,256,2265,8060,8130
latency,rayon,8,burst_small,256,2266,2374,2444
latency,rayon,8,burst_small,256,2267,8065,8135
latency,rayon,8,burst_small,256,2268,7630,7700
latency,rayon,8,burst_small,256,2269,7575,7645
latency,rayon,8,burst_small,256,2270,7660,7740
latency,rayon,8,burst_small,256,2271,7745,7825
latency,rayon,8,burst_small,256,2272,7640,7720
latency,rayon,8,burst_small,256,2273,6729,6829
latency,rayon,8,burst_small,256,2274,7855,7925
latency,rayon,8,burst_small,256,2275,7083,7153
latency,rayon,8,burst_small,256,2276,7069,7139
latency,rayon,8,burst_small,256,2277,7063,7133
latency,rayon,8,burst_small,256,2278,6989,7059
latency,rayon,8,burst_small,256,2279,7114,7194
latency,rayon,8,burst_small,256,2280,7153,7253
latency,rayon,8,burst_small,256,2281,7164,7234
latency,rayon,8,burst_small,256,2282,6638,6718
latency,rayon,8,burst_small,256,2283,6638,6718
latency,rayon,8,burst_small,256,2284,6663,6733
latency,rayon,8,burst_small,256,2285,6648,6728
latency,rayon,8,burst_small,256,2286,6638,6718
latency,rayon,8,burst_small,256,2287,6642,6712
latency,rayon,8,burst_small,256,2288,6443,6523
latency,rayon,8,burst_small,256,2289,6628,6699
latency,rayon,8,burst_small,256,2290,6448,6528
latency,rayon,8,burst_small,256,2291,6357,6427
latency,rayon,8,burst_small,256,2292,6553,6623
latency,rayon,8,burst_small,256,2293,6382,6452
latency,rayon,8,burst_small,256,2294,6588,6668
latency,rayon,8,burst_small,256,2295,6568,6638
latency,rayon,8,burst_small,256,2296,6773,6853
latency,rayon,8,burst_small,256,2297,6763,6843
latency,rayon,8,burst_small,256,2298,6347,6418
latency,rayon,8,burst_small,256,2299,6248,6358
latency,rayon,8,burst_small,256,2300,8857,8937
latency,rayon,8,burst_small,256,2301,111150,111280
latency,rayon,8,burst_small,256,2302,226138,226268
latency,rayon,8,burst_small,256,2303,182837,182977
latency,sequential,8,burst_small,256,0,20,90
latency,sequential,8,burst_small,256,1,20,100
latency,sequential,8,burst_small,256,2,21,91
latency,sequential,8,burst_small,256,3,20,100
latency,sequential,8,burst_small,256,4,20,90
latency,sequential,8,burst_small,256,5,20,91
latency,sequential,8,burst_small,256,6,20,100
latency,sequential,8,burst_small,256,7,20,90
latency,sequential,8,burst_small,256,8,20,100
latency,sequential,8,burst_small,256,9,21,91
latency,sequential,8,burst_small,256,10,20,100
latency,sequential,8,burst_small,256,11,20,90
latency,sequential,8,burst_small,256,12,10,90
latency,sequential,8,burst_small,256,13,20,91
latency,sequential,8,burst_small,256,14,20,90
latency,sequential,8,burst_small,256,15,20,100
latency,sequential,8,burst_small,256,16,20,90
latency,sequential,8,burst_small,256,17,10,90
latency,sequential,8,burst_small,256,18,20,90
latency,sequential,8,burst_small,256,19,20,90
latency,sequential,8,burst_small,256,20,20,101
latency,sequential,8,burst_small,256,21,20,90
latency,sequential,8,burst_small,256,22,20,100
latency,sequential,8,burst_small,256,23,20,90
latency,sequential,8,burst_small,256,24,10,90
latency,sequential,8,burst_small,256,25,20,90
latency,sequential,8,burst_small,256,26,20,90
latency,sequential,8,burst_small,256,27,20,100
latency,sequential,8,burst_small,256,28,20,90
latency,sequential,8,burst_small,256,29,21,101
latency,sequential,8,burst_small,256,30,20,90
latency,sequential,8,burst_small,256,31,10,90
latency,sequential,8,burst_small,256,32,20,90
latency,sequential,8,burst_small,256,33,20,90
latency,sequential,8,burst_small,256,34,20,100
latency,sequential,8,burst_small,256,35,20,90
latency,sequential,8,burst_small,256,36,10,91
latency,sequential,8,burst_small,256,37,20,90
latency,sequential,8,burst_small,256,38,20,90
latency,sequential,8,burst_small,256,39,20,100
latency,sequential,8,burst_small,256,40,20,90
latency,sequential,8,burst_small,256,41,20,100
latency,sequential,8,burst_small,256,42,20,90
latency,sequential,8,burst_small,256,43,20,100
latency,sequential,8,burst_small,256,44,20,90
latency,sequential,8,burst_small,256,45,21,91
latency,sequential,8,burst_small,256,46,20,100
latency,sequential,8,burst_small,256,47,20,90
latency,sequential,8,burst_small,256,48,20,100
latency,sequential,8,burst_small,256,49,20,91
latency,sequential,8,burst_small,256,50,20,100
latency,sequential,8,burst_small,256,51,20,90
latency,sequential,8,burst_small,256,52,10,90
latency,sequential,8,burst_small,256,53,20,101
latency,sequential,8,burst_small,256,54,20,90
latency,sequential,8,burst_small,256,55,20,100
latency,sequential,8,burst_small,256,56,20,90
latency,sequential,8,burst_small,256,57,20,101
latency,sequential,8,burst_small,256,58,20,90
latency,sequential,8,burst_small,256,59,10,90
latency,sequential,8,burst_small,256,60,20,100
latency,sequential,8,burst_small,256,61,20,90
latency,sequential,8,burst_small,256,62,20,100
latency,sequential,8,burst_small,256,63,20,90
latency,sequential,8,burst_small,256,64,20,100
latency,sequential,8,burst_small,256,65,20,91
latency,sequential,8,burst_small,256,66,20,100
latency,sequential,8,burst_small,256,67,20,90
latency,sequential,8,burst_small,256,68,20,100
latency,sequential,8,burst_small,256,69,20,91
latency,sequential,8,burst_small,256,70,10,90
latency,sequential,8,burst_small,256,71,20,90
latency,sequential,8,burst_small,256,72,20,90
latency,sequential,8,burst_small,256,73,20,100
latency,sequential,8,burst_small,256,74,20,90
latency,sequential,8,burst_small,256,75,20,100
latency,sequential,8,burst_small,256,76,20,90
latency,sequential,8,burst_small,256,77,10,90
latency,sequential,8,burst_small,256,78,20,90
latency,sequential,8,burst_small,256,79,20,90
latency,sequential,8,burst_small,256,80,20,100
latency,sequential,8,burst_small,256,81,20,90
latency,sequential,8,burst_small,256,82,20,101
latency,sequential,8,burst_small,256,83,20,90
latency,sequential,8,burst_small,256,84,10,90
latency,sequential,8,burst_small,256,85,20,90
latency,sequential,8,burst_small,256,86,20,91
latency,sequential,8,burst_small,256,87,20,100
latency,sequential,8,burst_small,256,88,20,90
latency,sequential,8,burst_small,256,89,20,100
latency,sequential,8,burst_small,256,90,20,91
latency,sequential,8,burst_small,256,91,10,90
latency,sequential,8,burst_small,256,92,20,90
latency,sequential,8,burst_small,256,93,20,90
latency,sequential,8,burst_small,256,94,20,101
latency,sequential,8,burst_small,256,95,20,90
latency,sequential,8,burst_small,256,96,20,100
latency,sequential,8,burst_small,256,97,20,90
latency,sequential,8,burst_small,256,98,10,90
latency,sequential,8,burst_small,256,99,20,90
latency,sequential,8,burst_small,256,100,20,90
latency,sequential,8,burst_small,256,101,20,100
latency,sequential,8,burst_small,256,102,20,90
latency,sequential,8,burst_small,256,103,20,101
latency,sequential,8,burst_small,256,104,20,90
latency,sequential,8,burst_small,256,105,10,90
latency,sequential,8,burst_small,256,106,20,90
latency,sequential,8,burst_small,256,107,20,91
latency,sequential,8,burst_small,256,108,20,100
latency,sequential,8,burst_small,256,109,20,90
latency,sequential,8,burst_small,256,110,20,100
latency,sequential,8,burst_small,256,111,20,91
latency,sequential,8,burst_small,256,112,10,90
latency,sequential,8,burst_small,256,113,20,90
latency,sequential,8,burst_small,256,114,20,90
latency,sequential,8,burst_small,256,115,20,101
latency,sequential,8,burst_small,256,116,20,90
latency,sequential,8,burst_small,256,117,20,100
latency,sequential,8,burst_small,256,118,20,90
latency,sequential,8,burst_small,256,119,20,100
latency,sequential,8,burst_small,256,120,20,90
latency,sequential,8,burst_small,256,121,10,90
latency,sequential,8,burst_small,256,122,20,90
latency,sequential,8,burst_small,256,123,20,90
latency,sequential,8,burst_small,256,124,21,101
latency,sequential,8,burst_small,256,125,20,90
latency,sequential,8,burst_small,256,126,20,100
latency,sequential,8,burst_small,256,127,20,90
latency,sequential,8,burst_small,256,128,10,91
latency,sequential,8,burst_small,256,129,20,100
latency,sequential,8,burst_small,256,130,20,90
latency,sequential,8,burst_small,256,131,20,101
latency,sequential,8,burst_small,256,132,20,90
latency,sequential,8,burst_small,256,133,20,90
latency,sequential,8,burst_small,256,134,20,90
latency,sequential,8,burst_small,256,135,20,90
latency,sequential,8,burst_small,256,136,20,100
latency,sequential,8,burst_small,256,137,20,90
latency,sequential,8,burst_small,256,138,20,100
latency,sequential,8,burst_small,256,139,20,90
latency,sequential,8,burst_small,256,140,10,90
latency,sequential,8,burst_small,256,141,20,100
latency,sequential,8,burst_small,256,142,20,90
latency,sequential,8,burst_small,256,143,20,100
latency,sequential,8,burst_small,256,144,20,91
latency,sequential,8,burst_small,256,145,20,100
latency,sequential,8,burst_small,256,146,20,90
latency,sequential,8,burst_small,256,147,10,90
latency,sequential,8,burst_small,256,148,20,91
latency,sequential,8,burst_small,256,149,20,90
latency,sequential,8,burst_small,256,150,20,100
latency,sequential,8,burst_small,256,151,20,90
latency,sequential,8,burst_small,256,152,20,101
latency,sequential,8,burst_small,256,153,20,90
latency,sequential,8,burst_small,256,154,20,90
latency,sequential,8,burst_small,256,155,20,90
latency,sequential,8,burst_small,256,156,20,90
latency,sequential,8,burst_small,256,157,20,100
latency,sequential,8,burst_small,256,158,20,90
latency,sequential,8,burst_small,256,159,20,100
latency,sequential,8,burst_small,256,160,20,90
latency,sequential,8,burst_small,256,161,20,90
latency,sequential,8,burst_small,256,162,20,100
latency,sequential,8,burst_small,256,163,20,90
latency,sequential,8,burst_small,256,164,20,100
latency,sequential,8,burst_small,256,165,21,91
latency,sequential,8,burst_small,256,166,10,90
latency,sequential,8,burst_small,256,167,20,90
latency,sequential,8,burst_small,256,168,20,90
latency,sequential,8,burst_small,256,169,20,101
latency,sequential,8,burst_small,256,170,20,90
latency,sequential,8,burst_small,256,171,20,100
latency,sequential,8,burst_small,256,172,20,90
latency,sequential,8,burst_small,256,173,20,91
latency,sequential,8,burst_small,256,174,20,100
latency,sequential,8,burst_small,256,175,20,90
latency,sequential,8,burst_small,256,176,20,100
latency,sequential,8,burst_small,256,177,20,90
latency,sequential,8,burst_small,256,178,10,90
latency,sequential,8,burst_small,256,179,20,90
latency,sequential,8,burst_small,256,180,20,90
latency,sequential,8,burst_small,256,181,20,100
latency,sequential,8,burst_small,256,182,20,90
latency,sequential,8,burst_small,256,183,20,100
latency,sequential,8,burst_small,256,184,20,90
latency,sequential,8,burst_small,256,185,20,90
latency,sequential,8,burst_small,256,186,21,101
latency,sequential,8,burst_small,256,187,20,90
latency,sequential,8,burst_small,256,188,20,100
latency,sequential,8,burst_small,256,189,20,90
latency,sequential,8,burst_small,256,190,10,91
latency,sequential,8,burst_small,256,191,20,90
latency,sequential,8,burst_small,256,192,20,90
latency,sequential,8,burst_small,256,193,20,100
latency,sequential,8,burst_small,256,194,20,91
latency,sequential,8,burst_small,256,195,20,100
latency,sequential,8,burst_small,256,196,20,90
latency,sequential,8,burst_small,256,197,20,90
latency,sequential,8,burst_small,256,198,20,101
latency,sequential,8,burst_small,256,199,20,90
latency,sequential,8,burst_small,256,200,20,100
latency,sequential,8,burst_small,256,201,20,90
latency,sequential,8,burst_small,256,202,20,90
latency,sequential,8,burst_small,256,203,20,100
latency,sequential,8,burst_small,256,204,20,90
latency,sequential,8,burst_small,256,205,20,100
latency,sequential,8,burst_small,256,206,20,90
latency,sequential,8,burst_small,256,207,21,91
latency,sequential,8,burst_small,256,208,20,100
latency,sequential,8,burst_small,256,209,20,90
latency,sequential,8,burst_small,256,210,20,100
latency,sequential,8,burst_small,256,211,20,91
latency,sequential,8,burst_small,256,212,10,90
latency,sequential,8,burst_small,256,213,20,90
latency,sequential,8,burst_small,256,214,20,90
latency,sequential,8,burst_small,256,215,20,101
latency,sequential,8,burst_small,256,216,20,90
latency,sequential,8,burst_small,256,217,20,100
latency,sequential,8,burst_small,256,218,20,90
latency,sequential,8,burst_small,256,219,10,91
latency,sequential,8,burst_small,256,220,20,100
latency,sequential,8,burst_small,256,221,20,90
latency,sequential,8,burst_small,256,222,20,100
latency,sequential,8,burst_small,256,223,20,90
latency,sequential,8,burst_small,256,224,20,100
latency,sequential,8,burst_small,256,225,20,90
latency,sequential,8,burst_small,256,226,20,90
latency,sequential,8,burst_small,256,227,20,100
latency,sequential,8,burst_small,256,228,20,90
latency,sequential,8,burst_small,256,229,20,100
latency,sequential,8,burst_small,256,230,20,90
latency,sequential,8,burst_small,256,231,10,90
latency,sequential,8,burst_small,256,232,20,91
latency,sequential,8,burst_small,256,233,20,90
latency,sequential,8,burst_small,256,234,20,100
latency,sequential,8,burst_small,256,235,20,90
latency,sequential,8,burst_small,256,236,20,101
latency,sequential,8,burst_small,256,237,20,90
latency,sequential,8,burst_small,256,238,20,90
latency,sequential,8,burst_small,256,239,20,90
latency,sequential,8,burst_small,256,240,20,91
latency,sequential,8,burst_small,256,241,20,100
latency,sequential,8,burst_small,256,242,20,90
latency,sequential,8,burst_small,256,243,20,100
latency,sequential,8,burst_small,256,244,20,90
latency,sequential,8,burst_small,256,245,20,90
latency,sequential,8,burst_small,256,246,20,100
latency,sequential,8,burst_small,256,247,20,90
latency,sequential,8,burst_small,256,248,20,100
latency,sequential,8,burst_small,256,249,20,90
latency,sequential,8,burst_small,256,250,20,90
latency,sequential,8,burst_small,256,251,20,90
latency,sequential,8,burst_small,256,252,20,90
latency,sequential,8,burst_small,256,253,20,101
latency,sequential,8,burst_small,256,254,20,90
latency,sequential,8,burst_small,256,255,20,100
latency,sequential,8,burst_small,256,256,60,160
latency,sequential,8,burst_small,256,257,20,91
latency,sequential,8,burst_small,256,258,20,100
latency,sequential,8,burst_small,256,259,20,90
latency,sequential,8,burst_small,256,260,20,90
latency,sequential,8,burst_small,256,261,20,90
latency,sequential,8,burst_small,256,262,20,101
latency,sequential,8,burst_small,256,263,20,90
latency,sequential,8,burst_small,256,264,20,90
latency,sequential,8,burst_small,256,265,20,91
latency,sequential,8,burst_small,256,266,20,100
latency,sequential,8,burst_small,256,267,20,90
latency,sequential,8,burst_small,256,268,20,90
latency,sequential,8,burst_small,256,269,20,100
latency,sequential,8,burst_small,256,270,20,90
latency,sequential,8,burst_small,256,271,20,100
latency,sequential,8,burst_small,256,272,20,90
latency,sequential,8,burst_small,256,273,20,90
latency,sequential,8,burst_small,256,274,20,100
latency,sequential,8,burst_small,256,275,20,90
latency,sequential,8,burst_small,256,276,20,90
latency,sequential,8,burst_small,256,277,20,100
latency,sequential,8,burst_small,256,278,20,90
latency,sequential,8,burst_small,256,279,20,100
latency,sequential,8,burst_small,256,280,20,90
latency,sequential,8,burst_small,256,281,20,100
latency,sequential,8,burst_small,256,282,20,91
latency,sequential,8,burst_small,256,283,20,90
latency,sequential,8,burst_small,256,284,20,100
latency,sequential,8,burst_small,256,285,20,90
latency,sequential,8,burst_small,256,286,20,101
latency,sequential,8,burst_small,256,287,20,90
latency,sequential,8,burst_small,256,288,20,100
latency,sequential,8,burst_small,256,289,20,91
latency,sequential,8,burst_small,256,290,20,90
latency,sequential,8,burst_small,256,291,20,90
latency,sequential,8,burst_small,256,292,20,90
latency,sequential,8,burst_small,256,293,20,101
latency,sequential,8,burst_small,256,294,20,90
latency,sequential,8,burst_small,256,295,20,100
latency,sequential,8,burst_small,256,296,20,90
latency,sequential,8,burst_small,256,297,20,91
latency,sequential,8,burst_small,256,298,20,90
latency,sequential,8,burst_small,256,299,20,90
latency,sequential,8,burst_small,256,300,20,100
latency,sequential,8,burst_small,256,301,20,90
latency,sequential,8,burst_small,256,302,20,100
latency,sequential,8,burst_small,256,303,20,90
latency,sequential,8,burst_small,256,304,10,90
latency,sequential,8,burst_small,256,305,20,90
latency,sequential,8,burst_small,256,306,20,90
latency,sequential,8,burst_small,256,307,20,100
latency,sequential,8,burst_small,256,308,20,90
latency,sequential,8,burst_small,256,309,20,100
latency,sequential,8,burst_small,256,310,20,91
latency,sequential,8,burst_small,256,311,10,90
latency,sequential,8,burst_small,256,312,20,90
latency,sequential,8,burst_small,256,313,20,90
latency,sequential,8,burst_small,256,314,20,101
latency,sequential,8,burst_small,256,315,20,90
latency,sequential,8,burst_small,256,316,20,100
latency,sequential,8,burst_small,256,317,20,90
latency,sequential,8,burst_small,256,318,20,91
latency,sequential,8,burst_small,256,319,20,90
latency,sequential,8,burst_small,256,320,20,90
latency,sequential,8,burst_small,256,321,20,91
latency,sequential,8,burst_small,256,322,20,100
latency,sequential,8,burst_small,256,323,20,90
latency,sequential,8,burst_small,256,324,20,100
latency,sequential,8,burst_small,256,325,20,91
latency,sequential,8,burst_small,256,326,10,90
latency,sequential,8,burst_small,256,327,20,90
latency,sequential,8,burst_small,256,328,20,90
latency,sequential,8,burst_small,256,329,20,101
latency,sequential,8,burst_small,256,330,20,90
latency,sequential,8,burst_small,256,331,20,100
latency,sequential,8,burst_small,256,332,20,90
latency,sequential,8,burst_small,256,333,20,90
latency,sequential,8,burst_small,256,334,20,100
latency,sequential,8,burst_small,256,335,20,90
latency,sequential,8,burst_small,256,336,20,100
latency,sequential,8,burst_small,256,337,20,90
latency,sequential,8,burst_small,256,338,10,91
latency,sequential,8,burst_small,256,339,20,90
latency,sequential,8,burst_small,256,340,20,90
latency,sequential,8,burst_small,256,341,20,100
latency,sequential,8,burst_small,256,342,20,91
latency,sequential,8,burst_small,256,343,20,100
latency,sequential,8,burst_small,256,344,20,90
latency,sequential,8,burst_small,256,345,20,90
latency,sequential,8,burst_small,256,346,20,101
latency,sequential,8,burst_small,256,347,20,90
latency,sequential,8,burst_small,256,348,20,100
latency,sequential,8,burst_small,256,349,20,90
latency,sequential,8,burst_small,256,350,10,91
latency,sequential,8,burst_small,256,351,20,100
latency,sequential,8,burst_small,256,352,20,90
latency,sequential,8,burst_small,256,353,20,100
latency,sequential,8,burst_small,256,354,20,90
latency,sequential,8,burst_small,256,355,10,90
latency,sequential,8,burst_small,256,356,20,90
latency,sequential,8,burst_small,256,357,20,90
latency,sequential,8,burst_small,256,358,20,100
latency,sequential,8,burst_small,256,359,21,91
latency,sequential,8,burst_small,256,360,20,100
latency,sequential,8,burst_small,256,361,20,90
latency,sequential,8,burst_small,256,362,10,90
latency,sequential,8,burst_small,256,363,20,101
latency,sequential,8,burst_small,256,364,20,90
latency,sequential,8,burst_small,256,365,20,100
latency,sequential,8,burst_small,256,366,20,90
latency,sequential,8,burst_small,256,367,10,91
latency,sequential,8,burst_small,256,368,20,90
latency,sequential,8,burst_small,256,369,20,90
latency,sequential,8,burst_small,256,370,20,100
latency,sequential,8,burst_small,256,371,20,91
latency,sequential,8,burst_small,256,372,20,100
latency,sequential,8,burst_small,256,373,20,90
latency,sequential,8,burst_small,256,374,10,90
latency,sequential,8,burst_small,256,375,20,90
latency,sequential,8,burst_small,256,376,20,90
latency,sequential,8,burst_small,256,377,20,100
latency,sequential,8,burst_small,256,378,20,90
latency,sequential,8,burst_small,256,379,20,100
latency,sequential,8,burst_small,256,380,21,91
latency,sequential,8,burst_small,256,381,20,90
latency,sequential,8,burst_small,256,382,20,100
latency,sequential,8,burst_small,256,383,20,90
latency,sequential,8,burst_small,256,384,20,101
latency,sequential,8,burst_small,256,385,20,100
latency,sequential,8,burst_small,256,386,20,90
latency,sequential,8,burst_small,256,387,10,90
latency,sequential,8,burst_small,256,388,20,90
latency,sequential,8,burst_small,256,389,20,90
latency,sequential,8,burst_small,256,390,20,100
latency,sequential,8,burst_small,256,391,20,91
latency,sequential,8,burst_small,256,392,20,100
latency,sequential,8,burst_small,256,393,20,90
latency,sequential,8,burst_small,256,394,20,90
latency,sequential,8,burst_small,256,395,20,91
latency,sequential,8,burst_small,256,396,20,90
latency,sequential,8,burst_small,256,397,20,100
latency,sequential,8,burst_small,256,398,20,90
latency,sequential,8,burst_small,256,399,20,101
latency,sequential,8,burst_small,256,400,20,90
latency,sequential,8,burst_small,256,401,20,90
latency,sequential,8,burst_small,256,402,20,100
latency,sequential,8,burst_small,256,403,20,90
latency,sequential,8,burst_small,256,404,20,100
latency,sequential,8,burst_small,256,405,20,90
latency,sequential,8,burst_small,256,406,20,90
latency,sequential,8,burst_small,256,407,20,90
latency,sequential,8,burst_small,256,408,20,90
latency,sequential,8,burst_small,256,409,20,100
latency,sequential,8,burst_small,256,410,20,90
latency,sequential,8,burst_small,256,411,20,100
latency,sequential,8,burst_small,256,412,20,91
latency,sequential,8,burst_small,256,413,20,90
latency,sequential,8,burst_small,256,414,20,100
latency,sequential,8,burst_small,256,415,20,90
latency,sequential,8,burst_small,256,416,20,101
latency,sequential,8,burst_small,256,417,20,90
latency,sequential,8,burst_small,256,418,10,90
latency,sequential,8,burst_small,256,419,20,90
latency,sequential,8,burst_small,256,420,20,91
latency,sequential,8,burst_small,256,421,20,100
latency,sequential,8,burst_small,256,422,20,90
latency,sequential,8,burst_small,256,423,20,100
latency,sequential,8,burst_small,256,424,20,90
latency,sequential,8,burst_small,256,425,20,90
latency,sequential,8,burst_small,256,426,20,90
latency,sequential,8,burst_small,256,427,20,90
latency,sequential,8,burst_small,256,428,20,100
latency,sequential,8,burst_small,256,429,20,90
latency,sequential,8,burst_small,256,430,20,100
latency,sequential,8,burst_small,256,431,20,90
latency,sequential,8,burst_small,256,432,20,90
latency,sequential,8,burst_small,256,433,21,101
latency,sequential,8,burst_small,256,434,20,90
latency,sequential,8,burst_small,256,435,20,100
latency,sequential,8,burst_small,256,436,20,90
latency,sequential,8,burst_small,256,437,10,91
latency,sequential,8,burst_small,256,438,20,90
latency,sequential,8,burst_small,256,439,20,90
latency,sequential,8,burst_small,256,440,20,100
latency,sequential,8,burst_small,256,441,20,91
latency,sequential,8,burst_small,256,442,20,100
latency,sequential,8,burst_small,256,443,20,90
latency,sequential,8,burst_small,256,444,10,90
latency,sequential,8,burst_small,256,445,20,91
latency,sequential,8,burst_small,256,446,20,90
latency,sequential,8,burst_small,256,447,20,90
latency,sequential,8,burst_small,256,448,20,90
latency,sequential,8,burst_small,256,449,20,100
latency,sequential,8,burst_small,256,450,20,90
latency,sequential,8,burst_small,256,451,20,100
latency,sequential,8,burst_small,256,452,20,90
latency,sequential,8,burst_small,256,453,20,90
latency,sequential,8,burst_small,256,454,21,101
latency,sequential,8,burst_small,256,455,20,90
latency,sequential,8,burst_small,256,456,20,100
latency,sequential,8,burst_small,256,457,20,90
latency,sequential,8,burst_small,256,458,20,101
latency,sequential,8,burst_small,256,459,20,90
latency,sequential,8,burst_small,256,460,20,90
latency,sequential,8,burst_small,256,461,20,100
latency,sequential,8,burst_small,256,462,20,91
latency,sequential,8,burst_small,256,463,20,100
latency,sequential,8,burst_small,256,464,20,90
latency,sequential,8,burst_small,256,465,20,100
latency,sequential,8,burst_small,256,466,20,91
latency,sequential,8,burst_small,256,467,10,90
latency,sequential,8,burst_small,256,468,20,90
latency,sequential,8,burst_small,256,469,20,90
latency,sequential,8,burst_small,256,470,20,100
latency,sequential,8,burst_small,256,471,20,90
latency,sequential,8,burst_small,256,472,20,100
latency,sequential,8,burst_small,256,473,20,90
latency,sequential,8,burst_small,256,474,20,90
latency,sequential,8,burst_small,256,475,21,91
latency,sequential,8,burst_small,256,476,20,90
latency,sequential,8,burst_small,256,477,20,100
latency,sequential,8,burst_small,256,478,20,90
latency,sequential,8,burst_small,256,479,20,101
latency,sequential,8,burst_small,256,480,20,90
latency,sequential,8,burst_small,256,481,20,90
latency,sequential,8,burst_small,256,482,20,100
latency,sequential,8,burst_small,256,483,20,91
latency,sequential,8,burst_small,256,484,20,100
latency,sequential,8,burst_small,256,485,20,90
latency,sequential,8,burst_small,256,486,20,100
latency,sequential,8,burst_small,256,487,20,91
latency,sequential,8,burst_small,256,488,20,90
latency,sequential,8,burst_small,256,489,20,100
latency,sequential,8,burst_small,256,490,20,90
latency,sequential,8,burst_small,256,491,20,100
latency,sequential,8,burst_small,256,492,20,90
latency,sequential,8,burst_small,256,493,10,90
latency,sequential,8,burst_small,256,494,20,90
latency,sequential,8,burst_small,256,495,10,90
latency,sequential,8,burst_small,256,496,21,91
latency,sequential,8,burst_small,256,497,20,90
latency,sequential,8,burst_small,256,498,20,100
latency,sequential,8,burst_small,256,499,20,90
latency,sequential,8,burst_small,256,500,20,101
latency,sequential,8,burst_small,256,501,20,90
latency,sequential,8,burst_small,256,502,10,90
latency,sequential,8,burst_small,256,503,20,90
latency,sequential,8,burst_small,256,504,20,91
latency,sequential,8,burst_small,256,505,20,100
latency,sequential,8,burst_small,256,506,20,90
latency,sequential,8,burst_small,256,507,20,100
latency,sequential,8,burst_small,256,508,20,91
latency,sequential,8,burst_small,256,509,20,90
latency,sequential,8,burst_small,256,510,20,100
latency,sequential,8,burst_small,256,511,20,90
latency,sequential,8,burst_small,256,512,60,160
latency,sequential,8,burst_small,256,513,20,90
latency,sequential,8,burst_small,256,514,20,100
latency,sequential,8,burst_small,256,515,20,90
latency,sequential,8,burst_small,256,516,20,100
latency,sequential,8,burst_small,256,517,20,90
latency,sequential,8,burst_small,256,518,21,101
latency,sequential,8,burst_small,256,519,20,90
latency,sequential,8,burst_small,256,520,20,100
latency,sequential,8,burst_small,256,521,20,90
latency,sequential,8,burst_small,256,522,10,90
latency,sequential,8,burst_small,256,523,20,90
latency,sequential,8,burst_small,256,524,20,90
latency,sequential,8,burst_small,256,525,20,100
latency,sequential,8,burst_small,256,526,20,90
latency,sequential,8,burst_small,256,527,20,100
latency,sequential,8,burst_small,256,528,20,90
latency,sequential,8,burst_small,256,529,20,90
latency,sequential,8,burst_small,256,530,20,100
latency,sequential,8,burst_small,256,531,20,90
latency,sequential,8,burst_small,256,532,20,100
latency,sequential,8,burst_small,256,533,20,90
latency,sequential,8,burst_small,256,534,20,90
latency,sequential,8,burst_small,256,535,20,90
latency,sequential,8,burst_small,256,536,20,90
latency,sequential,8,burst_small,256,537,21,101
latency,sequential,8,burst_small,256,538,20,90
latency,sequential,8,burst_small,256,539,20,100
latency,sequential,8,burst_small,256,540,20,90
latency,sequential,8,burst_small,256,541,20,101
latency,sequential,8,burst_small,256,542,20,90
latency,sequential,8,burst_small,256,543,20,90
latency,sequential,8,burst_small,256,544,20,90
latency,sequential,8,burst_small,256,545,20,90
latency,sequential,8,burst_small,256,546,20,100
latency,sequential,8,burst_small,256,547,20,90
latency,sequential,8,burst_small,256,548,10,91
latency,sequential,8,burst_small,256,549,20,90
latency,sequential,8,burst_small,256,550,20,90
latency,sequential,8,burst_small,256,551,20,100
latency,sequential,8,burst_small,256,552,20,91
latency,sequential,8,burst_small,256,553,20,100
latency,sequential,8,burst_small,256,554,20,90
latency,sequential,8,burst_small,256,555,10,90
latency,sequential,8,burst_small,256,556,20,91
latency,sequential,8,burst_small,256,557,20,90
latency,sequential,8,burst_small,256,558,20,100
latency,sequential,8,burst_small,256,559,20,90
latency,sequential,8,burst_small,256,560,20,101
latency,sequential,8,burst_small,256,561,20,90
latency,sequential,8,burst_small,256,562,20,100
latency,sequential,8,burst_small,256,563,20,90
latency,sequential,8,burst_small,256,564,10,90
latency,sequential,8,burst_small,256,565,20,90
latency,sequential,8,burst_small,256,566,20,90
latency,sequential,8,burst_small,256,567,20,100
latency,sequential,8,burst_small,256,568,20,90
latency,sequential,8,burst_small,256,569,21,101
latency,sequential,8,burst_small,256,570,20,90
latency,sequential,8,burst_small,256,571,20,100
latency,sequential,8,burst_small,256,572,20,90
latency,sequential,8,burst_small,256,573,10,91
latency,sequential,8,burst_small,256,574,20,90
latency,sequential,8,burst_small,256,575,20,90
latency,sequential,8,burst_small,256,576,20,100
latency,sequential,8,burst_small,256,577,20,90
latency,sequential,8,burst_small,256,578,20,100
latency,sequential,8,burst_small,256,579,20,90
latency,sequential,8,burst_small,256,580,20,101
latency,sequential,8,burst_small,256,581,20,90
latency,sequential,8,burst_small,256,582,10,90
latency,sequential,8,burst_small,256,583,20,90
latency,sequential,8,burst_small,256,584,20,90
latency,sequential,8,burst_small,256,585,20,100
latency,sequential,8,burst_small,256,586,20,90
latency,sequential,8,burst_small,256,587,20,100
latency,sequential,8,burst_small,256,588,20,90
latency,sequential,8,burst_small,256,589,20,101
latency,sequential,8,burst_small,256,590,20,90
latency,sequential,8,burst_small,256,591,10,90
latency,sequential,8,burst_small,256,592,20,90
latency,sequential,8,burst_small,256,593,20,91
latency,sequential,8,burst_small,256,594,20,100
latency,sequential,8,burst_small,256,595,20,90
latency,sequential,8,burst_small,256,596,20,100
latency,sequential,8,burst_small,256,597,20,91
latency,sequential,8,burst_small,256,598,20,100
latency,sequential,8,burst_small,256,599,20,90
latency,sequential,8,burst_small,256,600,10,90
latency,sequential,8,burst_small,256,601,20,90
latency,sequential,8,burst_small,256,602,20,90
latency,sequential,8,burst_small,256,603,20,100
latency,sequential,8,burst_small,256,604,20,90
latency,sequential,8,burst_small,256,605,20,100
latency,sequential,8,burst_small,256,606,20,90
latency,sequential,8,burst_small,256,607,20,100
latency,sequential,8,burst_small,256,608,20,90
latency,sequential,8,burst_small,256,609,10,90
latency,sequential,8,burst_small,256,610,21,91
latency,sequential,8,burst_small,256,611,20,90
latency,sequential,8,burst_small,256,612,20,90
latency,sequential,8,burst_small,256,613,20,90
latency,sequential,8,burst_small,256,614,20,101
latency,sequential,8,burst_small,256,615,20,90
latency,sequential,8,burst_small,256,616,20,100
latency,sequential,8,burst_small,256,617,20,90
latency,sequential,8,burst_small,256,618,20,101
latency,sequential,8,burst_small,256,619,20,90
latency,sequential,8,burst_small,256,620,20,90
latency,sequential,8,burst_small,256,621,20,90
latency,sequential,8,burst_small,256,622,20,90
latency,sequential,8,burst_small,256,623,20,100
latency,sequential,8,burst_small,256,624,20,90
latency,sequential,8,burst_small,256,625,20,100
latency,sequential,8,burst_small,256,626,20,90
latency,sequential,8,burst_small,256,627,20,100
latency,sequential,8,burst_small,256,628,20,90
latency,sequential,8,burst_small,256,629,10,90
latency,sequential,8,burst_small,256,630,20,90
latency,sequential,8,burst_small,256,631,21,91
latency,sequential,8,burst_small,256,632,20,100
latency,sequential,8,burst_small,256,633,20,90
latency,sequential,8,burst_small,256,634,20,100
latency,sequential,8,burst_small,256,635,20,91
latency,sequential,8,burst_small,256,636,20,100
latency,sequential,8,burst_small,256,637,20,90
latency,sequential,8,burst_small,256,638,10,90
latency,sequential,8,burst_small,256,639,20,91
latency,sequential,8,burst_small,256,640,20,90
latency,sequential,8,burst_small,256,641,20,100
latency,sequential,8,burst_small,256,642,20,91
latency,sequential,8,burst_small,256,643,20,100
latency,sequential,8,burst_small,256,644,20,90
latency,sequential,8,burst_small,256,645,10,90
latency,sequential,8,burst_small,256,646,20,91
latency,sequential,8,burst_small,256,647,20,90
latency,sequential,8,burst_small,256,648,20,100
latency,sequential,8,burst_small,256,649,20,90
latency,sequential,8,burst_small,256,650,20,100
latency,sequential,8,burst_small,256,651,20,90
latency,sequential,8,burst_small,256,652,20,100
latency,sequential,8,burst_small,256,653,20,90
latency,sequential,8,burst_small,256,654,20,100
latency,sequential,8,burst_small,256,655,20,90
latency,sequential,8,burst_small,256,656,20,90
latency,sequential,8,burst_small,256,657,20,90
latency,sequential,8,burst_small,256,658,20,90
latency,sequential,8,burst_small,256,659,20,101
latency,sequential,8,burst_small,256,660,20,90
latency,sequential,8,burst_small,256,661,20,100
latency,sequential,8,burst_small,256,662,20,90
latency,sequential,8,burst_small,256,663,20,101
latency,sequential,8,burst_small,256,664,20,90
latency,sequential,8,burst_small,256,665,10,90
latency,sequential,8,burst_small,256,666,20,90
latency,sequential,8,burst_small,256,667,10,91
latency,sequential,8,burst_small,256,668,20,90
latency,sequential,8,burst_small,256,669,20,90
latency,sequential,8,burst_small,256,670,20,100
latency,sequential,8,burst_small,256,671,20,90
latency,sequential,8,burst_small,256,672,20,100
latency,sequential,8,burst_small,256,673,20,90
latency,sequential,8,burst_small,256,674,20,100
latency,sequential,8,burst_small,256,675,20,90
latency,sequential,8,burst_small,256,676,10,90
latency,sequential,8,burst_small,256,677,20,90
latency,sequential,8,burst_small,256,678,20,90
latency,sequential,8,burst_small,256,679,20,90
latency,sequential,8,burst_small,256,680,20,91
latency,sequential,8,burst_small,256,681,20,100
latency,sequential,8,burst_small,256,682,20,90
latency,sequential,8,burst_small,256,683,20,100
latency,sequential,8,burst_small,256,684,20,91
latency,sequential,8,burst_small,256,685,10,90
latency,sequential,8,burst_small,256,686,20,90
latency,sequential,8,burst_small,256,687,20,90
latency,sequential,8,burst_small,256,688,20,91
latency,sequential,8,burst_small,256,689,20,90
latency,sequential,8,burst_small,256,690,20,100
latency,sequential,8,burst_small,256,691,20,90
latency,sequential,8,burst_small,256,692,20,100
latency,sequential,8,burst_small,256,693,20,90
latency,sequential,8,burst_small,256,694,20,100
latency,sequential,8,burst_small,256,695,20,90
latency,sequential,8,burst_small,256,696,10,90
latency,sequential,8,burst_small,256,697,20,90
latency,sequential,8,burst_small,256,698,20,90
latency,sequential,8,burst_small,256,699,20,90
latency,sequential,8,burst_small,256,700,20,90
latency,sequential,8,burst_small,256,701,20,101
latency,sequential,8,burst_small,256,702,20,90
latency,sequential,8,burst_small,256,703,20,100
latency,sequential,8,burst_small,256,704,20,90
latency,sequential,8,burst_small,256,705,20,101
latency,sequential,8,burst_small,256,706,20,90
latency,sequential,8,burst_small,256,707,10,90
latency,sequential,8,burst_small,256,708,20,90
latency,sequential,8,burst_small,256,709,20,91
latency,sequential,8,burst_small,256,710,20,90
latency,sequential,8,burst_small,256,711,20,90
latency,sequential,8,burst_small,256,712,20,100
latency,sequential,8,burst_small,256,713,20,90
latency,sequential,8,burst_small,256,714,20,100
latency,sequential,8,burst_small,256,715,20,90
latency,sequential,8,burst_small,256,716,20,100
latency,sequential,8,burst_small,256,717,20,90
latency,sequential,8,burst_small,256,718,10,90
latency,sequential,8,burst_small,256,719,20,90
latency,sequential,8,burst_small,256,720,20,90
latency,sequential,8,burst_small,256,721,20,100
latency,sequential,8,burst_small,256,722,20,91
latency,sequential,8,burst_small,256,723,20,100
latency,sequential,8,burst_small,256,724,20,90
latency,sequential,8,burst_small,256,725,20,100
latency,sequential,8,burst_small,256,726,20,91
latency,sequential,8,burst_small,256,727,20,100
latency,sequential,8,burst_small,256,728,20,90
latency,sequential,8,burst_small,256,729,20,90
latency,sequential,8,burst_small,256,730,20,91
latency,sequential,8,burst_small,256,731,20,90
latency,sequential,8,burst_small,256,732,20,100
latency,sequential,8,burst_small,256,733,20,90
latency,sequential,8,burst_small,256,734,20,100
latency,sequential,8,burst_small,256,735,20,90
latency,sequential,8,burst_small,256,736,20,100
latency,sequential,8,burst_small,256,737,20,90
latency,sequential,8,burst_small,256,738,20,90
latency,sequential,8,burst_small,256,739,21,91
latency,sequential,8,burst_small,256,740,20,90
latency,sequential,8,burst_small,256,741,20,100
latency,sequential,8,burst_small,256,742,20,90
latency,sequential,8,burst_small,256,743,20,101
latency,sequential,8,burst_small,256,744,20,90
latency,sequential,8,burst_small,256,745,10,90
latency,sequential,8,burst_small,256,746,20,90
latency,sequential,8,burst_small,256,747,20,91
latency,sequential,8,burst_small,256,748,20,90
latency,sequential,8,burst_small,256,749,20,90
latency,sequential,8,burst_small,256,750,20,100
latency,sequential,8,burst_small,256,751,20,91
latency,sequential,8,burst_small,256,752,20,100
latency,sequential,8,burst_small,256,753,20,90
latency,sequential,8,burst_small,256,754,10,90
latency,sequential,8,burst_small,256,755,20,90
latency,sequential,8,burst_small,256,756,20,90
latency,sequential,8,burst_small,256,757,20,100
latency,sequential,8,burst_small,256,758,20,90
latency,sequential,8,burst_small,256,759,20,100
latency,sequential,8,burst_small,256,760,20,90
latency,sequential,8,burst_small,256,761,20,100
latency,sequential,8,burst_small,256,762,20,90
latency,sequential,8,burst_small,256,763,20,90
latency,sequential,8,burst_small,256,764,20,101
latency,sequential,8,burst_small,256,765,20,90
latency,sequential,8,burst_small,256,766,20,100
latency,sequential,8,burst_small,256,767,20,90
latency,sequential,8,burst_small,256,768,50,150
latency,sequential,8,burst_small,256,769,21,91
latency,sequential,8,burst_small,256,770,20,90
latency,sequential,8,burst_small,256,771,20,100
latency,sequential,8,burst_small,256,772,20,90
latency,sequential,8,burst_small,256,773,10,90
latency,sequential,8,burst_small,256,774,20,91
latency,sequential,8,burst_small,256,775,20,90
latency,sequential,8,burst_small,256,776,20,100
latency,sequential,8,burst_small,256,777,20,101
latency,sequential,8,burst_small,256,778,20,90
latency,sequential,8,burst_small,256,779,20,100
latency,sequential,8,burst_small,256,780,20,90
latency,sequential,8,burst_small,256,781,10,91
latency,sequential,8,burst_small,256,782,20,90
latency,sequential,8,burst_small,256,783,20,90
latency,sequential,8,burst_small,256,784,20,100
latency,sequential,8,burst_small,256,785,20,101
latency,sequential,8,burst_small,256,786,20,90
latency,sequential,8,burst_small,256,787,20,100
latency,sequential,8,burst_small,256,788,20,90
latency,sequential,8,burst_small,256,789,20,101
latency,sequential,8,burst_small,256,790,20,90
latency,sequential,8,burst_small,256,791,10,90
latency,sequential,8,burst_small,256,792,20,90
latency,sequential,8,burst_small,256,793,20,90
latency,sequential,8,burst_small,256,794,20,100
latency,sequential,8,burst_small,256,795,20,90
latency,sequential,8,burst_small,256,796,20,100
latency,sequential,8,burst_small,256,797,20,90
latency,sequential,8,burst_small,256,798,20,90
latency,sequential,8,burst_small,256,799,20,100
latency,sequential,8,burst_small,256,800,20,90
latency,sequential,8,burst_small,256,801,20,90
latency,sequential,8,burst_small,256,802,20,90
latency,sequential,8,burst_small,256,803,20,90
latency,sequential,8,burst_small,256,804,20,90
latency,sequential,8,burst_small,256,805,20,101
latency,sequential,8,burst_small,256,806,20,90
latency,sequential,8,burst_small,256,807,20,100
latency,sequential,8,burst_small,256,808,20,90
latency,sequential,8,burst_small,256,809,20,91
latency,sequential,8,burst_small,256,810,20,100
latency,sequential,8,burst_small,256,811,20,90
latency,sequential,8,burst_small,256,812,20,100
latency,sequential,8,burst_small,256,813,20,91
latency,sequential,8,burst_small,256,814,20,90
latency,sequential,8,burst_small,256,815,20,90
latency,sequential,8,burst_small,256,816,20,90
latency,sequential,8,burst_small,256,817,20,101
latency,sequential,8,burst_small,256,818,20,90
latency,sequential,8,burst_small,256,819,20,100
latency,sequential,8,burst_small,256,820,20,90
latency,sequential,8,burst_small,256,821,20,90
latency,sequential,8,burst_small,256,822,20,100
latency,sequential,8,burst_small,256,823,20,90
latency,sequential,8,burst_small,256,824,20,100
latency,sequential,8,burst_small,256,825,20,90
latency,sequential,8,burst_small,256,826,11,91
latency,sequential,8,burst_small,256,827,20,90
latency,sequential,8,burst_small,256,828,20,90
latency,sequential,8,burst_small,256,829,20,100
latency,sequential,8,burst_small,256,830,20,91
latency,sequential,8,burst_small,256,831,20,100
latency,sequential,8,burst_small,256,832,20,90
latency,sequential,8,burst_small,256,833,21,101
latency,sequential,8,burst_small,256,834,20,90
latency,sequential,8,burst_small,256,835,10,90
latency,sequential,8,burst_small,256,836,20,100
latency,sequential,8,burst_small,256,837,21,91
latency,sequential,8,burst_small,256,838,20,100
latency,sequential,8,burst_small,256,839,20,90
latency,sequential,8,burst_small,256,840,10,90
latency,sequential,8,burst_small,256,841,20,91
latency,sequential,8,burst_small,256,842,10,90
latency,sequential,8,burst_small,256,843,20,100
latency,sequential,8,burst_small,256,844,20,90
latency,sequential,8,burst_small,256,845,20,101
latency,sequential,8,burst_small,256,846,20,90
latency,sequential,8,burst_small,256,847,20,100
latency,sequential,8,burst_small,256,848,20,90
latency,sequential,8,burst_small,256,849,20,90
latency,sequential,8,burst_small,256,850,20,90
latency,sequential,8,burst_small,256,851,20,90
latency,sequential,8,burst_small,256,852,20,100
latency,sequential,8,burst_small,256,853,20,90
latency,sequential,8,burst_small,256,854,20,100
latency,sequential,8,burst_small,256,855,20,90
latency,sequential,8,burst_small,256,856,20,90
latency,sequential,8,burst_small,256,857,20,100
latency,sequential,8,burst_small,256,858,21,91
latency,sequential,8,burst_small,256,859,20,100
latency,sequential,8,burst_small,256,860,20,90
latency,sequential,8,burst_small,256,861,20,100
latency,sequential,8,burst_small,256,862,20,91
latency,sequential,8,burst_small,256,863,20,90
latency,sequential,8,burst_small,256,864,20,100
latency,sequential,8,burst_small,256,865,20,90
latency,sequential,8,burst_small,256,866,20,101
latency,sequential,8,burst_small,256,867,20,90
latency,sequential,8,burst_small,256,868,10,90
latency,sequential,8,burst_small,256,869,20,90
latency,sequential,8,burst_small,256,870,20,91
latency,sequential,8,burst_small,256,871,20,100
latency,sequential,8,burst_small,256,872,20,90
latency,sequential,8,burst_small,256,873,20,100
latency,sequential,8,burst_small,256,874,20,90
latency,sequential,8,burst_small,256,875,10,90
latency,sequential,8,burst_small,256,876,20,90
latency,sequential,8,burst_small,256,877,20,90
latency,sequential,8,burst_small,256,878,20,100
latency,sequential,8,burst_small,256,879,21,91
latency,sequential,8,burst_small,256,880,20,100
latency,sequential,8,burst_small,256,881,20,90
latency,sequential,8,burst_small,256,882,10,90
latency,sequential,8,burst_small,256,883,20,91
latency,sequential,8,burst_small,256,884,20,90
latency,sequential,8,burst_small,256,885,20,100
latency,sequential,8,burst_small,256,886,20,90
latency,sequential,8,burst_small,256,887,20,101
latency,sequential,8,burst_small,256,888,20,90
latency,sequential,8,burst_small,256,889,10,90
latency,sequential,8,burst_small,256,890,20,90
latency,sequential,8,burst_small,256,891,20,91
latency,sequential,8,burst_small,256,892,20,100
latency,sequential,8,burst_small,256,893,20,90
latency,sequential,8,burst_small,256,894,20,100
latency,sequential,8,burst_small,256,895,20,90
latency,sequential,8,burst_small,256,896,20,90
latency,sequential,8,burst_small,256,897,10,90
latency,sequential,8,burst_small,256,898,20,91
latency,sequential,8,burst_small,256,899,10,90
latency,sequential,8,burst_small,256,900,20,90
latency,sequential,8,burst_small,256,901,20,90
latency,sequential,8,burst_small,256,902,20,100
latency,sequential,8,burst_small,256,903,20,90
latency,sequential,8,burst_small,256,904,20,100
latency,sequential,8,burst_small,256,905,20,90
latency,sequential,8,burst_small,256,906,10,90
latency,sequential,8,burst_small,256,907,21,91
latency,sequential,8,burst_small,256,908,20,90
latency,sequential,8,burst_small,256,909,20,100
latency,sequential,8,burst_small,256,910,20,90
latency,sequential,8,burst_small,256,911,20,101
latency,sequential,8,burst_small,256,912,20,90
latency,sequential,8,burst_small,256,913,20,90
latency,sequential,8,burst_small,256,914,20,90
latency,sequential,8,burst_small,256,915,20,91
latency,sequential,8,burst_small,256,916,20,100
latency,sequential,8,burst_small,256,917,20,90
latency,sequential,8,burst_small,256,918,20,100
latency,sequential,8,burst_small,256,919,20,91
latency,sequential,8,burst_small,256,920,20,90
latency,sequential,8,burst_small,256,921,20,100
latency,sequential,8,burst_small,256,922,20,90
latency,sequential,8,burst_small,256,923,20,100
latency,sequential,8,burst_small,256,924,20,90
latency,sequential,8,burst_small,256,925,10,90
latency,sequential,8,burst_small,256,926,20,90
latency,sequential,8,burst_small,256,927,10,90
latency,sequential,8,burst_small,256,928,21,101
latency,sequential,8,burst_small,256,929,20,90
latency,sequential,8,burst_small,256,930,20,100
latency,sequential,8,burst_small,256,931,20,90
latency,sequential,8,burst_small,256,932,20,101
latency,sequential,8,burst_small,256,933,20,90
latency,sequential,8,burst_small,256,934,20,90
latency,sequential,8,burst_small,256,935,20,90
latency,sequential,8,burst_small,256,936,20,91
latency,sequential,8,burst_small,256,937,20,100
latency,sequential,8,burst_small,256,938,20,90
latency,sequential,8,burst_small,256,939,20,100
latency,sequential,8,burst_small,256,940,20,91
latency,sequential,8,burst_small,256,941,20,90
latency,sequential,8,burst_small,256,942,20,90
latency,sequential,8,burst_small,256,943,20,90
latency,sequential,8,burst_small,256,944,20,100
latency,sequential,8,burst_small,256,945,20,90
latency,sequential,8,burst_small,256,946,20,100
latency,sequential,8,burst_small,256,947,20,90
latency,sequential,8,burst_small,256,948,10,90
latency,sequential,8,burst_small,256,949,21,91
latency,sequential,8,burst_small,256,950,20,90
latency,sequential,8,burst_small,256,951,20,90
latency,sequential,8,burst_small,256,952,20,90
latency,sequential,8,burst_small,256,953,20,101
latency,sequential,8,burst_small,256,954,20,90
latency,sequential,8,burst_small,256,955,20,100
latency,sequential,8,burst_small,256,956,20,90
latency,sequential,8,burst_small,256,957,20,91
latency,sequential,8,burst_small,256,958,20,90
latency,sequential,8,burst_small,256,959,20,90
latency,sequential,8,burst_small,256,960,20,100
latency,sequential,8,burst_small,256,961,20,91
latency,sequential,8,burst_small,256,962,20,100
latency,sequential,8,burst_small,256,963,20,90
latency,sequential,8,burst_small,256,964,10,90
latency,sequential,8,burst_small,256,965,20,90
latency,sequential,8,burst_small,256,966,20,90
latency,sequential,8,burst_small,256,967,20,100
latency,sequential,8,burst_small,256,968,20,90
latency,sequential,8,burst_small,256,969,20,100
latency,sequential,8,burst_small,256,970,20,90
latency,sequential,8,burst_small,256,971,20,100
latency,sequential,8,burst_small,256,972,20,90
latency,sequential,8,burst_small,256,973,20,90
latency,sequential,8,burst_small,256,974,20,101
latency,sequential,8,burst_small,256,975,20,90
latency,sequential,8,burst_small,256,976,20,100
latency,sequential,8,burst_small,256,977,20,90
latency,sequential,8,burst_small,256,978,10,91
latency,sequential,8,burst_small,256,979,20,90
latency,sequential,8,burst_small,256,980,20,90
latency,sequential,8,burst_small,256,981,20,100
latency,sequential,8,burst_small,256,982,20,91
latency,sequential,8,burst_small,256,983,20,100
latency,sequential,8,burst_small,256,984,20,90
latency,sequential,8,burst_small,256,985,20,90
latency,sequential,8,burst_small,256,986,20,90
latency,sequential,8,burst_small,256,987,20,90
latency,sequential,8,burst_small,256,988,20,100
latency,sequential,8,burst_small,256,989,20,90
latency,sequential,8,burst_small,256,990,20,100
latency,sequential,8,burst_small,256,991,20,90
latency,sequential,8,burst_small,256,992,10,90
latency,sequential,8,burst_small,256,993,20,100
latency,sequential,8,burst_small,256,994,20,90
latency,sequential,8,burst_small,256,995,20,101
latency,sequential,8,burst_small,256,996,20,90
latency,sequential,8,burst_small,256,997,10,90
latency,sequential,8,burst_small,256,998,20,90
latency,sequential,8,burst_small,256,999,20,91
latency,sequential,8,burst_small,256,1000,20,100
latency,sequential,8,burst_small,256,1001,20,90
latency,sequential,8,burst_small,256,1002,20,100
latency,sequential,8,burst_small,256,1003,20,91
latency,sequential,8,burst_small,256,1004,10,90
latency,sequential,8,burst_small,256,1005,20,90
latency,sequential,8,burst_small,256,1006,20,90
latency,sequential,8,burst_small,256,1007,20,101
latency,sequential,8,burst_small,256,1008,20,90
latency,sequential,8,burst_small,256,1009,20,100
latency,sequential,8,burst_small,256,1010,20,90
latency,sequential,8,burst_small,256,1011,10,90
latency,sequential,8,burst_small,256,1012,20,100
latency,sequential,8,burst_small,256,1013,20,90
latency,sequential,8,burst_small,256,1014,20,100
latency,sequential,8,burst_small,256,1015,20,90
latency,sequential,8,burst_small,256,1016,11,91
latency,sequential,8,burst_small,256,1017,20,90
latency,sequential,8,burst_small,256,1018,20,90
latency,sequential,8,burst_small,256,1019,20,100
latency,sequential,8,burst_small,256,1020,20,91
latency,sequential,8,burst_small,256,1021,10,90
latency,sequential,8,burst_small,256,1022,20,90
latency,sequential,8,burst_small,256,1023,20,90
latency,sequential,8,burst_small,256,1024,60,160
latency,sequential,8,burst_small,256,1025,20,100
latency,sequential,8,burst_small,256,1026,21,91
latency,sequential,8,burst_small,256,1027,20,90
latency,sequential,8,burst_small,256,1028,20,100
latency,sequential,8,burst_small,256,1029,20,90
latency,sequential,8,burst_small,256,1030,20,100
latency,sequential,8,burst_small,256,1031,20,91
latency,sequential,8,burst_small,256,1032,10,90
latency,sequential,8,burst_small,256,1033,20,90
latency,sequential,8,burst_small,256,1034,10,90
latency,sequential,8,burst_small,256,1035,20,91
latency,sequential,8,burst_small,256,1036,20,90
latency,sequential,8,burst_small,256,1037,20,100
latency,sequential,8,burst_small,256,1038,20,90
latency,sequential,8,burst_small,256,1039,20,101
latency,sequential,8,burst_small,256,1040,20,90
latency,sequential,8,burst_small,256,1041,20,90
latency,sequential,8,burst_small,256,1042,10,91
latency,sequential,8,burst_small,256,1043,20,90
latency,sequential,8,burst_small,256,1044,20,90
latency,sequential,8,burst_small,256,1045,20,100
latency,sequential,8,burst_small,256,1046,20,91
latency,sequential,8,burst_small,256,1047,20,100
latency,sequential,8,burst_small,256,1048,20,90
latency,sequential,8,burst_small,256,1049,20,100
latency,sequential,8,burst_small,256,1050,20,91
latency,sequential,8,burst_small,256,1051,20,100
latency,sequential,8,burst_small,256,1052,20,90
latency,sequential,8,burst_small,256,1053,20,90
latency,sequential,8,burst_small,256,1054,20,90
latency,sequential,8,burst_small,256,1055,20,90
latency,sequential,8,burst_small,256,1056,20,100
latency,sequential,8,burst_small,256,1057,20,90
latency,sequential,8,burst_small,256,1058,20,101
latency,sequential,8,burst_small,256,1059,20,90
latency,sequential,8,burst_small,256,1060,20,100
latency,sequential,8,burst_small,256,1061,20,90
latency,sequential,8,burst_small,256,1062,20,101
latency,sequential,8,burst_small,256,1063,20,90
latency,sequential,8,burst_small,256,1064,10,90
latency,sequential,8,burst_small,256,1065,20,90
latency,sequential,8,burst_small,256,1066,20,91
latency,sequential,8,burst_small,256,1067,20,90
latency,sequential,8,burst_small,256,1068,20,90
latency,sequential,8,burst_small,256,1069,20,100
latency,sequential,8,burst_small,256,1070,20,90
latency,sequential,8,burst_small,256,1071,20,100
latency,sequential,8,burst_small,256,1072,20,90
latency,sequential,8,burst_small,256,1073,20,100
latency,sequential,8,burst_small,256,1074,20,90
latency,sequential,8,burst_small,256,1075,10,90
latency,sequential,8,burst_small,256,1076,20,90
latency,sequential,8,burst_small,256,1077,20,90
latency,sequential,8,burst_small,256,1078,20,100
latency,sequential,8,burst_small,256,1079,21,91
latency,sequential,8,burst_small,256,1080,20,100
latency,sequential,8,burst_small,256,1081,20,90
latency,sequential,8,burst_small,256,1082,20,100
latency,sequential,8,burst_small,256,1083,20,91
latency,sequential,8,burst_small,256,1084,10,90
latency,sequential,8,burst_small,256,1085,20,90
latency,sequential,8,burst_small,256,1086,20,90
latency,sequential,8,burst_small,256,1087,20,91
latency,sequential,8,burst_small,256,1088,20,90
latency,sequential,8,burst_small,256,1089,20,100
latency,sequential,8,burst_small,256,1090,20,91
latency,sequential,8,burst_small,256,1091,20,100
latency,sequential,8,burst_small,256,1092,20,90
latency,sequential,8,burst_small,256,1093,20,90
latency,sequential,8,burst_small,256,1094,20,91
latency,sequential,8,burst_small,256,1095,20,90
latency,sequential,8,burst_small,256,1096,20,100
latency,sequential,8,burst_small,256,1097,20,90
latency,sequential,8,burst_small,256,1098,20,100
latency,sequential,8,burst_small,256,1099,20,90
latency,sequential,8,burst_small,256,1100,10,90
latency,sequential,8,burst_small,256,1101,20,90
latency,sequential,8,burst_small,256,1102,10,90
latency,sequential,8,burst_small,256,1103,21,91
latency,sequential,8,burst_small,256,1104,20,90
latency,sequential,8,burst_small,256,1105,20,100
latency,sequential,8,burst_small,256,1106,20,90
latency,sequential,8,burst_small,256,1107,20,101
latency,sequential,8,burst_small,256,1108,20,90
latency,sequential,8,burst_small,256,1109,20,100
latency,sequential,8,burst_small,256,1110,20,90
latency,sequential,8,burst_small,256,1111,10,91
latency,sequential,8,burst_small,256,1112,20,90
latency,sequential,8,burst_small,256,1113,20,90
latency,sequential,8,burst_small,256,1114,20,90
latency,sequential,8,burst_small,256,1115,20,91
latency,sequential,8,burst_small,256,1116,20,100
latency,sequential,8,burst_small,256,1117,20,90
latency,sequential,8,burst_small,256,1118,20,100
latency,sequential,8,burst_small,256,1119,20,90
latency,sequential,8,burst_small,256,1120,10,90
latency,sequential,8,burst_small,256,1121,20,90
latency,sequential,8,burst_small,256,1122,10,90
latency,sequential,8,burst_small,256,1123,20,90
latency,sequential,8,burst_small,256,1124,21,91
latency,sequential,8,burst_small,256,1125,20,100
latency,sequential,8,burst_small,256,1126,20,90
latency,sequential,8,burst_small,256,1127,20,100
latency,sequential,8,burst_small,256,1128,20,91
latency,sequential,8,burst_small,256,1129,20,100
latency,sequential,8,burst_small,256,1130,20,90
latency,sequential,8,burst_small,256,1131,10,90
latency,sequential,8,burst_small,256,1132,20,91
latency,sequential,8,burst_small,256,1133,20,90
latency,sequential,8,burst_small,256,1134,20,90
latency,sequential,8,burst_small,256,1135,20,90
latency,sequential,8,burst_small,256,1136,20,101
latency,sequential,8,burst_small,256,1137,20,90
latency,sequential,8,burst_small,256,1138,20,100
latency,sequential,8,burst_small,256,1139,20,90
latency,sequential,8,burst_small,256,1140,20,100
latency,sequential,8,burst_small,256,1141,20,90
latency,sequential,8,burst_small,256,1142,10,90
latency,sequential,8,burst_small,256,1143,20,90
latency,sequential,8,burst_small,256,1144,20,90
latency,sequential,8,burst_small,256,1145,21,91
latency,sequential,8,burst_small,256,1146,20,90
latency,sequential,8,burst_small,256,1147,20,100
latency,sequential,8,burst_small,256,1148,20,90
latency,sequential,8,burst_small,256,1149,20,101
latency,sequential,8,burst_small,256,1150,20,90
latency,sequential,8,burst_small,256,1151,20,100
latency,sequential,8,burst_small,256,1152,20,90
latency,sequential,8,burst_small,256,1153,20,90
latency,sequential,8,burst_small,256,1154,20,100
latency,sequential,8,burst_small,256,1155,20,90
latency,sequential,8,burst_small,256,1156,20,100
latency,sequential,8,burst_small,256,1157,20,90
latency,sequential,8,burst_small,256,1158,20,100
latency,sequential,8,burst_small,256,1159,20,90
latency,sequential,8,burst_small,256,1160,10,91
latency,sequential,8,burst_small,256,1161,20,90
latency,sequential,8,burst_small,256,1162,20,90
latency,sequential,8,burst_small,256,1163,20,100
latency,sequential,8,burst_small,256,1164,20,91
latency,sequential,8,burst_small,256,1165,20,100
latency,sequential,8,burst_small,256,1166,20,90
latency,sequential,8,burst_small,256,1167,20,100
latency,sequential,8,burst_small,256,1168,20,91
latency,sequential,8,burst_small,256,1169,20,90
latency,sequential,8,burst_small,256,1170,20,90
latency,sequential,8,burst_small,256,1171,20,90
latency,sequential,8,burst_small,256,1172,20,101
latency,sequential,8,burst_small,256,1173,20,90
latency,sequential,8,burst_small,256,1174,20,100
latency,sequential,8,burst_small,256,1175,20,90
latency,sequential,8,burst_small,256,1176,20,100
latency,sequential,8,burst_small,256,1177,20,90
latency,sequential,8,burst_small,256,1178,20,90
latency,sequential,8,burst_small,256,1179,20,90
latency,sequential,8,burst_small,256,1180,20,90
latency,sequential,8,burst_small,256,1181,21,101
latency,sequential,8,burst_small,256,1182,20,90
latency,sequential,8,burst_small,256,1183,20,100
latency,sequential,8,burst_small,256,1184,20,90
latency,sequential,8,burst_small,256,1185,10,91
latency,sequential,8,burst_small,256,1186,20,90
latency,sequential,8,burst_small,256,1187,20,90
latency,sequential,8,burst_small,256,1188,20,100
latency,sequential,8,burst_small,256,1189,20,91
latency,sequential,8,burst_small,256,1190,20,100
latency,sequential,8,burst_small,256,1191,20,90
latency,sequential,8,burst_small,256,1192,20,100
latency,sequential,8,burst_small,256,1193,20,91
latency,sequential,8,burst_small,256,1194,20,90
latency,sequential,8,burst_small,256,1195,20,90
latency,sequential,8,burst_small,256,1196,20,90
latency,sequential,8,burst_small,256,1197,20,100
latency,sequential,8,burst_small,256,1198,20,90
latency,sequential,8,burst_small,256,1199,20,100
latency,sequential,8,burst_small,256,1200,20,90
latency,sequential,8,burst_small,256,1201,20,90
latency,sequential,8,burst_small,256,1202,21,91
latency,sequential,8,burst_small,256,1203,20,90
latency,sequential,8,burst_small,256,1204,20,100
latency,sequential,8,burst_small,256,1205,20,90
latency,sequential,8,burst_small,256,1206,20,101
latency,sequential,8,burst_small,256,1207,20,90
latency,sequential,8,burst_small,256,1208,10,90
latency,sequential,8,burst_small,256,1209,20,90
latency,sequential,8,burst_small,256,1210,20,91
latency,sequential,8,burst_small,256,1211,20,100
latency,sequential,8,burst_small,256,1212,20,90
latency,sequential,8,burst_small,256,1213,20,100
latency,sequential,8,burst_small,256,1214,20,91
latency,sequential,8,burst_small,256,1215,20,100
latency,sequential,8,burst_small,256,1216,20,90
latency,sequential,8,burst_small,256,1217,20,90
latency,sequential,8,burst_small,256,1218,20,90
latency,sequential,8,burst_small,256,1219,20,90
latency,sequential,8,burst_small,256,1220,20,100
latency,sequential,8,burst_small,256,1221,20,90
latency,sequential,8,burst_small,256,1222,20,100
latency,sequential,8,burst_small,256,1223,21,91
latency,sequential,8,burst_small,256,1224,10,90
latency,sequential,8,burst_small,256,1225,20,90
latency,sequential,8,burst_small,256,1226,20,90
latency,sequential,8,burst_small,256,1227,20,91
latency,sequential,8,burst_small,256,1228,20,90
latency,sequential,8,burst_small,256,1229,20,100
latency,sequential,8,burst_small,256,1230,20,90
latency,sequential,8,burst_small,256,1231,20,101
latency,sequential,8,burst_small,256,1232,20,90
latency,sequential,8,burst_small,256,1233,10,90
latency,sequential,8,burst_small,256,1234,20,90
latency,sequential,8,burst_small,256,1235,10,91
latency,sequential,8,burst_small,256,1236,20,90
latency,sequential,8,burst_small,256,1237,20,90
latency,sequential,8,burst_small,256,1238,20,100
latency,sequential,8,burst_small,256,1239,20,90
latency,sequential,8,burst_small,256,1240,20,100
latency,sequential,8,burst_small,256,1241,20,90
latency,sequential,8,burst_small,256,1242,20,100
latency,sequential,8,burst_small,256,1243,20,90
latency,sequential,8,burst_small,256,1244,21,91
latency,sequential,8,burst_small,256,1245,20,100
latency,sequential,8,burst_small,256,1246,20,90
latency,sequential,8,burst_small,256,1247,20,100
latency,sequential,8,burst_small,256,1248,20,91
latency,sequential,8,burst_small,256,1249,20,100
latency,sequential,8,burst_small,256,1250,20,90
latency,sequential,8,burst_small,256,1251,20,100
latency,sequential,8,burst_small,256,1252,20,91
latency,sequential,8,burst_small,256,1253,20,90
latency,sequential,8,burst_small,256,1254,20,90
latency,sequential,8,burst_small,256,1255,20,90
latency,sequential,8,burst_small,256,1256,20,101
latency,sequential,8,burst_small,256,1257,20,90
latency,sequential,8,burst_small,256,1258,20,100
latency,sequential,8,burst_small,256,1259,20,90
latency,sequential,8,burst_small,256,1260,10,90
latency,sequential,8,burst_small,256,1261,20,90
latency,sequential,8,burst_small,256,1262,20,90
latency,sequential,8,burst_small,256,1263,20,100
latency,sequential,8,burst_small,256,1264,20,90
latency,sequential,8,burst_small,256,1265,21,101
latency,sequential,8,burst_small,256,1266,20,90
latency,sequential,8,burst_small,256,1267,20,100
latency,sequential,8,burst_small,256,1268,20,90
latency,sequential,8,burst_small,256,1269,10,91
latency,sequential,8,burst_small,256,1270,20,90
latency,sequential,8,burst_small,256,1271,20,90
latency,sequential,8,burst_small,256,1272,20,100
latency,sequential,8,burst_small,256,1273,20,91
latency,sequential,8,burst_small,256,1274,20,100
latency,sequential,8,burst_small,256,1275,20,90
latency,sequential,8,burst_small,256,1276,20,100
latency,sequential,8,burst_small,256,1277,20,91
latency,sequential,8,burst_small,256,1278,10,90
latency,sequential,8,burst_small,256,1279,20,90
latency,sequential,8,burst_small,256,1280,61,161
latency,sequential,8,burst_small,256,1281,20,100
latency,sequential,8,burst_small,256,1282,20,90
latency,sequential,8,burst_small,256,1283,20,101
latency,sequential,8,burst_small,256,1284,20,100
latency,sequential,8,burst_small,256,1285,20,90
latency,sequential,8,burst_small,256,1286,20,100
latency,sequential,8,burst_small,256,1287,20,90
latency,sequential,8,burst_small,256,1288,20,100
latency,sequential,8,burst_small,256,1289,20,90
latency,sequential,8,burst_small,256,1290,20,100
latency,sequential,8,burst_small,256,1291,20,90
latency,sequential,8,burst_small,256,1292,21,101
latency,sequential,8,burst_small,256,1293,20,90
latency,sequential,8,burst_small,256,1294,10,90
latency,sequential,8,burst_small,256,1295,20,90
latency,sequential,8,burst_small,256,1296,21,91
latency,sequential,8,burst_small,256,1297,20,90
latency,sequential,8,burst_small,256,1298,20,90
latency,sequential,8,burst_small,256,1299,20,90
latency,sequential,8,burst_small,256,1300,20,91
latency,sequential,8,burst_small,256,1301,20,100
latency,sequential,8,burst_small,256,1302,20,90
latency,sequential,8,burst_small,256,1303,20,100
latency,sequential,8,burst_small,256,1304,20,91
latency,sequential,8,burst_small,256,1305,20,90
latency,sequential,8,burst_small,256,1306,20,90
latency,sequential,8,burst_small,256,1307,20,90
latency,sequential,8,burst_small,256,1308,20,101
latency,sequential,8,burst_small,256,1309,20,90
latency,sequential,8,burst_small,256,1310,20,100
latency,sequential,8,burst_small,256,1311,20,90
latency,sequential,8,burst_small,256,1312,10,90
latency,sequential,8,burst_small,256,1313,20,90
latency,sequential,8,burst_small,256,1314,20,100
latency,sequential,8,burst_small,256,1315,20,90
latency,sequential,8,burst_small,256,1316,10,90
latency,sequential,8,burst_small,256,1317,20,100
latency,sequential,8,burst_small,256,1318,20,90
latency,sequential,8,burst_small,256,1319,20,100
latency,sequential,8,burst_small,256,1320,20,90
latency,sequential,8,burst_small,256,1321,21,101
latency,sequential,8,burst_small,256,1322,20,90
latency,sequential,8,burst_small,256,1323,10,90
latency,sequential,8,burst_small,256,1324,20,90
latency,sequential,8,burst_small,256,1325,20,91
latency,sequential,8,burst_small,256,1326,20,100
latency,sequential,8,burst_small,256,1327,20,90
latency,sequential,8,burst_small,256,1328,20,100
latency,sequential,8,burst_small,256,1329,20,91
latency,sequential,8,burst_small,256,1330,20,90
latency,sequential,8,burst_small,256,1331,20,100
latency,sequential,8,burst_small,256,1332,20,90
latency,sequential,8,burst_small,256,1333,20,101
latency,sequential,8,burst_small,256,1334,20,90
latency,sequential,8,burst_small,256,1335,20,100
latency,sequential,8,burst_small,256,1336,20,90
latency,sequential,8,burst_small,256,1337,20,90
latency,sequential,8,burst_small,256,1338,20,100
latency,sequential,8,burst_small,256,1339,20,90
latency,sequential,8,burst_small,256,1340,20,100
latency,sequential,8,burst_small,256,1341,20,90
latency,sequential,8,burst_small,256,1342,10,90
latency,sequential,8,burst_small,256,1343,20,90
latency,sequential,8,burst_small,256,1344,20,90
latency,sequential,8,burst_small,256,1345,20,90
latency,sequential,8,burst_small,256,1346,20,100
latency,sequential,8,burst_small,256,1347,20,90
latency,sequential,8,burst_small,256,1348,20,90
latency,sequential,8,burst_small,256,1349,21,101
latency,sequential,8,burst_small,256,1350,20,90
latency,sequential,8,burst_small,256,1351,20,100
latency,sequential,8,burst_small,256,1352,20,90
latency,sequential,8,burst_small,256,1353,21,91
latency,sequential,8,burst_small,256,1354,20,90
latency,sequential,8,burst_small,256,1355,20,90
latency,sequential,8,burst_small,256,1356,20,100
latency,sequential,8,burst_small,256,1357,20,91
latency,sequential,8,burst_small,256,1358,20,100
latency,sequential,8,burst_small,256,1359,20,90
latency,sequential,8,burst_small,256,1360,20,90
latency,sequential,8,burst_small,256,1361,20,101
latency,sequential,8,burst_small,256,1362,20,90
latency,sequential,8,burst_small,256,1363,20,100
latency,sequential,8,burst_small,256,1364,20,90
latency,sequential,8,burst_small,256,1365,20,90
latency,sequential,8,burst_small,256,1366,20,100
latency,sequential,8,burst_small,256,1367,20,90
latency,sequential,8,burst_small,256,1368,20,100
latency,sequential,8,burst_small,256,1369,20,90
latency,sequential,8,burst_small,256,1370,10,90
latency,sequential,8,burst_small,256,1371,20,90
latency,sequential,8,burst_small,256,1372,20,90
latency,sequential,8,burst_small,256,1373,20,100
latency,sequential,8,burst_small,256,1374,21,91
latency,sequential,8,burst_small,256,1375,20,100
latency,sequential,8,burst_small,256,1376,20,90
latency,sequential,8,burst_small,256,1377,10,90
latency,sequential,8,burst_small,256,1378,20,91
latency,sequential,8,burst_small,256,1379,20,90
latency,sequential,8,burst_small,256,1380,20,100
latency,sequential,8,burst_small,256,1381,20,90
latency,sequential,8,burst_small,256,1382,20,101
latency,sequential,8,burst_small,256,1383,20,90
latency,sequential,8,burst_small,256,1384,20,90
latency,sequential,8,burst_small,256,1385,20,90
latency,sequential,8,burst_small,256,1386,20,91
latency,sequential,8,burst_small,256,1387,20,100
latency,sequential,8,burst_small,256,1388,20,90
latency,sequential,8,burst_small,256,1389,20,100
latency,sequential,8,burst_small,256,1390,20,90
latency,sequential,8,burst_small,256,1391,20,90
latency,sequential,8,burst_small,256,1392,20,100
latency,sequential,8,burst_small,256,1393,20,90
latency,sequential,8,burst_small,256,1394,20,100
latency,sequential,8,burst_small,256,1395,21,91
latency,sequential,8,burst_small,256,1396,10,90
latency,sequential,8,burst_small,256,1397,20,90
latency,sequential,8,burst_small,256,1398,20,90
latency,sequential,8,burst_small,256,1399,20,101
latency,sequential,8,burst_small,256,1400,20,90
latency,sequential,8,burst_small,256,1401,20,100
latency,sequential,8,burst_small,256,1402,20,90
latency,sequential,8,burst_small,256,1403,10,91
latency,sequential,8,burst_small,256,1404,20,90
latency,sequential,8,burst_small,256,1405,20,90
latency,sequential,8,burst_small,256,1406,20,100
latency,sequential,8,burst_small,256,1407,20,91
latency,sequential,8,burst_small,256,1408,20,100
latency,sequential,8,burst_small,256,1409,20,90
latency,sequential,8,burst_small,256,1410,21,101
latency,sequential,8,burst_small,256,1411,20,90
latency,sequential,8,burst_small,256,1412,20,100
latency,sequential,8,burst_small,256,1413,20,90
latency,sequential,8,burst_small,256,1414,10,91
latency,sequential,8,burst_small,256,1415,20,90
latency,sequential,8,burst_small,256,1416,20,90
latency,sequential,8,burst_small,256,1417,20,100
latency,sequential,8,burst_small,256,1418,20,91
latency,sequential,8,burst_small,256,1419,20,100
latency,sequential,8,burst_small,256,1420,20,90
latency,sequential,8,burst_small,256,1421,20,90
latency,sequential,8,burst_small,256,1422,20,101
latency,sequential,8,burst_small,256,1423,20,90
latency,sequential,8,burst_small,256,1424,20,100
latency,sequential,8,burst_small,256,1425,20,90
latency,sequential,8,burst_small,256,1426,10,90
latency,sequential,8,burst_small,256,1427,20,90
latency,sequential,8,burst_small,256,1428,20,90
latency,sequential,8,burst_small,256,1429,20,100
latency,sequential,8,burst_small,256,1430,20,90
latency,sequential,8,burst_small,256,1431,21,101
latency,sequential,8,burst_small,256,1432,20,90
latency,sequential,8,burst_small,256,1433,20,90
latency,sequential,8,burst_small,256,1434,20,90
latency,sequential,8,burst_small,256,1435,20,91
latency,sequential,8,burst_small,256,1436,20,100
latency,sequential,8,burst_small,256,1437,20,90
latency,sequential,8,burst_small,256,1438,20,100
latency,sequential,8,burst_small,256,1439,20,91
latency,sequential,8,burst_small,256,1440,20,90
latency,sequential,8,burst_small,256,1441,20,100
latency,sequential,8,burst_small,256,1442,20,90
latency,sequential,8,burst_small,256,1443,20,101
latency,sequential,8,burst_small,256,1444,20,90
latency,sequential,8,burst_small,256,1445,10,90
latency,sequential,8,burst_small,256,1446,20,90
latency,sequential,8,burst_small,256,1447,10,90
latency,sequential,8,burst_small,256,1448,20,100
latency,sequential,8,burst_small,256,1449,20,90
latency,sequential,8,burst_small,256,1450,20,100
latency,sequential,8,burst_small,256,1451,20,90
latency,sequential,8,burst_small,256,1452,21,101
latency,sequential,8,burst_small,256,1453,20,90
latency,sequential,8,burst_small,256,1454,20,90
latency,sequential,8,burst_small,256,1455,20,90
latency,sequential,8,burst_small,256,1456,20,91
latency,sequential,8,burst_small,256,1457,20,100
latency,sequential,8,burst_small,256,1458,20,90
latency,sequential,8,burst_small,256,1459,20,100
latency,sequential,8,burst_small,256,1460,20,91
latency,sequential,8,burst_small,256,1461,20,90
latency,sequential,8,burst_small,256,1462,20,100
latency,sequential,8,burst_small,256,1463,20,90
latency,sequential,8,burst_small,256,1464,20,101
latency,sequential,8,burst_small,256,1465,20,90
latency,sequential,8,burst_small,256,1466,20,100
latency,sequential,8,burst_small,256,1467,20,90
latency,sequential,8,burst_small,256,1468,20,90
latency,sequential,8,burst_small,256,1469,20,100
latency,sequential,8,burst_small,256,1470,20,90
latency,sequential,8,burst_small,256,1471,20,100
latency,sequential,8,burst_small,256,1472,20,90
latency,sequential,8,burst_small,256,1473,10,90
latency,sequential,8,burst_small,256,1474,20,90
latency,sequential,8,burst_small,256,1475,20,90
latency,sequential,8,burst_small,256,1476,20,100
latency,sequential,8,burst_small,256,1477,20,91
latency,sequential,8,burst_small,256,1478,20,100
latency,sequential,8,burst_small,256,1479,20,90
latency,sequential,8,burst_small,256,1480,10,90
latency,sequential,8,burst_small,256,1481,20,91
latency,sequential,8,burst_small,256,1482,20,90
latency,sequential,8,burst_small,256,1483,20,100
latency,sequential,8,burst_small,256,1484,20,90
latency,sequential,8,burst_small,256,1485,20,101
latency,sequential,8,burst_small,256,1486,20,90
latency,sequential,8,burst_small,256,1487,10,90
latency,sequential,8,burst_small,256,1488,20,90
latency,sequential,8,burst_small,256,1489,20,90
latency,sequential,8,burst_small,256,1490,20,100
latency,sequential,8,burst_small,256,1491,20,90
latency,sequential,8,burst_small,256,1492,20,100
latency,sequential,8,burst_small,256,1493,20,90
latency,sequential,8,burst_small,256,1494,10,90
latency,sequential,8,burst_small,256,1495,20,90
latency,sequential,8,burst_small,256,1496,20,90
latency,sequential,8,burst_small,256,1497,20,100
latency,sequential,8,burst_small,256,1498,21,91
latency,sequential,8,burst_small,256,1499,20,100
latency,sequential,8,burst_small,256,1500,20,90
latency,sequential,8,burst_small,256,1501,10,90
latency,sequential,8,burst_small,256,1502,20,91
latency,sequential,8,burst_small,256,1503,20,90
latency,sequential,8,burst_small,256,1504,20,100
latency,sequential,8,burst_small,256,1505,20,90
latency,sequential,8,burst_small,256,1506,20,101
latency,sequential,8,burst_small,256,1507,20,90
latency,sequential,8,burst_small,256,1508,20,100
latency,sequential,8,burst_small,256,1509,20,90
latency,sequential,8,burst_small,256,1510,20,90
latency,sequential,8,burst_small,256,1511,20,100
latency,sequential,8,burst_small,256,1512,20,90
latency,sequential,8,burst_small,256,1513,20,100
latency,sequential,8,burst_small,256,1514,20,90
latency,sequential,8,burst_small,256,1515,20,100
latency,sequential,8,burst_small,256,1516,20,90
latency,sequential,8,burst_small,256,1517,20,90
latency,sequential,8,burst_small,256,1518,20,100
latency,sequential,8,burst_small,256,1519,21,91
latency,sequential,8,burst_small,256,1520,20,100
latency,sequential,8,burst_small,256,1521,20,90
latency,sequential,8,burst_small,256,1522,10,90
latency,sequential,8,burst_small,256,1523,20,91
latency,sequential,8,burst_small,256,1524,20,90
latency,sequential,8,burst_small,256,1525,20,100
latency,sequential,8,burst_small,256,1526,20,90
latency,sequential,8,burst_small,256,1527,20,101
latency,sequential,8,burst_small,256,1528,20,90
latency,sequential,8,burst_small,256,1529,10,90
latency,sequential,8,burst_small,256,1530,20,90
latency,sequential,8,burst_small,256,1531,20,91
latency,sequential,8,burst_small,256,1532,20,100
latency,sequential,8,burst_small,256,1533,20,90
latency,sequential,8,burst_small,256,1534,20,100
latency,sequential,8,burst_small,256,1535,20,90
latency,sequential,8,burst_small,256,1536,50,160
latency,sequential,8,burst_small,256,1537,20,90
latency,sequential,8,burst_small,256,1538,20,91
latency,sequential,8,burst_small,256,1539,20,100
latency,sequential,8,burst_small,256,1540,20,90
latency,sequential,8,burst_small,256,1541,20,90
latency,sequential,8,burst_small,256,1542,20,100
latency,sequential,8,burst_small,256,1543,20,90
latency,sequential,8,burst_small,256,1544,11,91
latency,sequential,8,burst_small,256,1545,20,100
latency,sequential,8,burst_small,256,1546,20,90
latency,sequential,8,burst_small,256,1547,21,101
latency,sequential,8,burst_small,256,1548,20,90
latency,sequential,8,burst_small,256,1549,20,90
latency,sequential,8,burst_small,256,1550,20,100
latency,sequential,8,burst_small,256,1551,20,91
latency,sequential,8,burst_small,256,1552,20,100
latency,sequential,8,burst_small,256,1553,20,90
latency,sequential,8,burst_small,256,1554,20,100
latency,sequential,8,burst_small,256,1555,20,91
latency,sequential,8,burst_small,256,1556,20,100
latency,sequential,8,burst_small,256,1557,20,90
latency,sequential,8,burst_small,256,1558,20,90
latency,sequential,8,burst_small,256,1559,20,101
latency,sequential,8,burst_small,256,1560,20,90
latency,sequential,8,burst_small,256,1561,20,100
latency,sequential,8,burst_small,256,1562,20,90
latency,sequential,8,burst_small,256,1563,20,101
latency,sequential,8,burst_small,256,1564,20,90
latency,sequential,8,burst_small,256,1565,20,90
latency,sequential,8,burst_small,256,1566,20,100
latency,sequential,8,burst_small,256,1567,20,90
latency,sequential,8,burst_small,256,1568,20,100
latency,sequential,8,burst_small,256,1569,20,90
latency,sequential,8,burst_small,256,1570,20,100
latency,sequential,8,burst_small,256,1571,20,90
latency,sequential,8,burst_small,256,1572,21,101
latency,sequential,8,burst_small,256,1573,20,90
latency,sequential,8,burst_small,256,1574,20,90
latency,sequential,8,burst_small,256,1575,20,90
latency,sequential,8,burst_small,256,1576,21,91
latency,sequential,8,burst_small,256,1577,20,100
latency,sequential,8,burst_small,256,1578,20,90
latency,sequential,8,burst_small,256,1579,20,100
latency,sequential,8,burst_small,256,1580,20,91
latency,sequential,8,burst_small,256,1581,20,90
latency,sequential,8,burst_small,256,1582,20,100
latency,sequential,8,burst_small,256,1583,20,90
latency,sequential,8,burst_small,256,1584,20,101
latency,sequential,8,burst_small,256,1585,20,90
latency,sequential,8,burst_small,256,1586,20,90
latency,sequential,8,burst_small,256,1587,20,90
latency,sequential,8,burst_small,256,1588,20,90
latency,sequential,8,burst_small,256,1589,20,100
latency,sequential,8,burst_small,256,1590,20,90
latency,sequential,8,burst_small,256,1591,20,100
latency,sequential,8,burst_small,256,1592,20,90
latency,sequential,8,burst_small,256,1593,20,90
latency,sequential,8,burst_small,256,1594,20,100
latency,sequential,8,burst_small,256,1595,20,90
latency,sequential,8,burst_small,256,1596,20,100
latency,sequential,8,burst_small,256,1597,21,91
latency,sequential,8,burst_small,256,1598,10,90
latency,sequential,8,burst_small,256,1599,20,90
latency,sequential,8,burst_small,256,1600,20,90
latency,sequential,8,burst_small,256,1601,20,90
latency,sequential,8,burst_small,256,1602,20,100
latency,sequential,8,burst_small,256,1603,20,90
latency,sequential,8,burst_small,256,1604,21,91
latency,sequential,8,burst_small,256,1605,20,90
latency,sequential,8,burst_small,256,1606,20,90
latency,sequential,8,burst_small,256,1607,20,100
latency,sequential,8,burst_small,256,1608,20,91
latency,sequential,8,burst_small,256,1609,20,100
latency,sequential,8,burst_small,256,1610,20,90
latency,sequential,8,burst_small,256,1611,20,90
latency,sequential,8,burst_small,256,1612,20,101
latency,sequential,8,burst_small,256,1613,20,90
latency,sequential,8,burst_small,256,1614,20,100
latency,sequential,8,burst_small,256,1615,20,90
latency,sequential,8,burst_small,256,1616,10,91
latency,sequential,8,burst_small,256,1617,20,90
latency,sequential,8,burst_small,256,1618,20,90
latency,sequential,8,burst_small,256,1619,20,100
latency,sequential,8,burst_small,256,1620,20,90
latency,sequential,8,burst_small,256,1621,20,100
latency,sequential,8,burst_small,256,1622,20,90
latency,sequential,8,burst_small,256,1623,10,90
latency,sequential,8,burst_small,256,1624,20,90
latency,sequential,8,burst_small,256,1625,21,91
latency,sequential,8,burst_small,256,1626,20,90
latency,sequential,8,burst_small,256,1627,20,90
latency,sequential,8,burst_small,256,1628,20,100
latency,sequential,8,burst_small,256,1629,20,91
latency,sequential,8,burst_small,256,1630,20,100
latency,sequential,8,burst_small,256,1631,20,90
latency,sequential,8,burst_small,256,1632,20,90
latency,sequential,8,burst_small,256,1633,20,101
latency,sequential,8,burst_small,256,1634,20,90
latency,sequential,8,burst_small,256,1635,20,100
latency,sequential,8,burst_small,256,1636,20,90
latency,sequential,8,burst_small,256,1637,20,101
latency,sequential,8,burst_small,256,1638,20,90
latency,sequential,8,burst_small,256,1639,10,90
latency,sequential,8,burst_small,256,1640,20,90
latency,sequential,8,burst_small,256,1641,20,90
latency,sequential,8,burst_small,256,1642,20,100
latency,sequential,8,burst_small,256,1643,20,90
latency,sequential,8,burst_small,256,1644,20,100
latency,sequential,8,burst_small,256,1645,20,90
latency,sequential,8,burst_small,256,1646,21,101
latency,sequential,8,burst_small,256,1647,20,90
latency,sequential,8,burst_small,256,1648,20,90
latency,sequential,8,burst_small,256,1649,20,90
latency,sequential,8,burst_small,256,1650,20,91
latency,sequential,8,burst_small,256,1651,20,100
latency,sequential,8,burst_small,256,1652,20,90
latency,sequential,8,burst_small,256,1653,20,100
latency,sequential,8,burst_small,256,1654,20,91
latency,sequential,8,burst_small,256,1655,20,90
latency,sequential,8,burst_small,256,1656,20,100
latency,sequential,8,burst_small,256,1657,20,90
latency,sequential,8,burst_small,256,1658,20,101
latency,sequential,8,burst_small,256,1659,20,90
latency,sequential,8,burst_small,256,1660,10,90
latency,sequential,8,burst_small,256,1661,20,90
latency,sequential,8,burst_small,256,1662,20,90
latency,sequential,8,burst_small,256,1663,20,100
latency,sequential,8,burst_small,256,1664,20,90
latency,sequential,8,burst_small,256,1665,20,101
latency,sequential,8,burst_small,256,1666,20,90
latency,sequential,8,burst_small,256,1667,20,100
latency,sequential,8,burst_small,256,1668,20,90
latency,sequential,8,burst_small,256,1669,10,91
latency,sequential,8,burst_small,256,1670,20,90
latency,sequential,8,burst_small,256,1671,10,90
latency,sequential,8,burst_small,256,1672,20,90
latency,sequential,8,burst_small,256,1673,20,91
latency,sequential,8,burst_small,256,1674,20,100
latency,sequential,8,burst_small,256,1675,20,90
latency,sequential,8,burst_small,256,1676,20,100
latency,sequential,8,burst_small,256,1677,20,90
latency,sequential,8,burst_small,256,1678,20,90
latency,sequential,8,burst_small,256,1679,20,90
latency,sequential,8,burst_small,256,1680,20,90
latency,sequential,8,burst_small,256,1681,20,100
latency,sequential,8,burst_small,256,1682,21,91
latency,sequential,8,burst_small,256,1683,20,100
latency,sequential,8,burst_small,256,1684,20,90
latency,sequential,8,burst_small,256,1685,20,90
latency,sequential,8,burst_small,256,1686,20,101
latency,sequential,8,burst_small,256,1687,20,90
latency,sequential,8,burst_small,256,1688,20,100
latency,sequential,8,burst_small,256,1689,20,90
latency,sequential,8,burst_small,256,1690,10,91
latency,sequential,8,burst_small,256,1691,20,90
latency,sequential,8,burst_small,256,1692,20,90
latency,sequential,8,burst_small,256,1693,20,100
latency,sequential,8,burst_small,256,1694,20,91
latency,sequential,8,burst_small,256,1695,20,100
latency,sequential,8,burst_small,256,1696,20,90
latency,sequential,8,burst_small,256,1697,10,90
latency,sequential,8,burst_small,256,1698,20,90
latency,sequential,8,burst_small,256,1699,20,90
latency,sequential,8,burst_small,256,1700,20,100
latency,sequential,8,burst_small,256,1701,20,90
latency,sequential,8,burst_small,256,1702,20,100
latency,sequential,8,burst_small,256,1703,21,91
latency,sequential,8,burst_small,256,1704,10,90
latency,sequential,8,burst_small,256,1705,20,90
latency,sequential,8,burst_small,256,1706,20,90
latency,sequential,8,burst_small,256,1707,20,101
latency,sequential,8,burst_small,256,1708,20,90
latency,sequential,8,burst_small,256,1709,20,100
latency,sequential,8,burst_small,256,1710,20,90
latency,sequential,8,burst_small,256,1711,20,101
latency,sequential,8,burst_small,256,1712,20,90
latency,sequential,8,burst_small,256,1713,20,90
latency,sequential,8,burst_small,256,1714,20,100
latency,sequential,8,burst_small,256,1715,20,91
latency,sequential,8,burst_small,256,1716,20,100
latency,sequential,8,burst_small,256,1717,20,90
latency,sequential,8,burst_small,256,1718,20,100
latency,sequential,8,burst_small,256,1719,20,90
latency,sequential,8,burst_small,256,1720,20,90
latency,sequential,8,burst_small,256,1721,20,100
latency,sequential,8,burst_small,256,1722,20,90
latency,sequential,8,burst_small,256,1723,20,100
latency,sequential,8,burst_small,256,1724,20,90
latency,sequential,8,burst_small,256,1725,10,90
latency,sequential,8,burst_small,256,1726,20,90
latency,sequential,8,burst_small,256,1727,10,90
latency,sequential,8,burst_small,256,1728,20,91
latency,sequential,8,burst_small,256,1729,20,90
latency,sequential,8,burst_small,256,1730,20,100
latency,sequential,8,burst_small,256,1731,20,90
latency,sequential,8,burst_small,256,1732,20,101
latency,sequential,8,burst_small,256,1733,20,90
latency,sequential,8,burst_small,256,1734,20,90
latency,sequential,8,burst_small,256,1735,20,90
latency,sequential,8,burst_small,256,1736,20,91
latency,sequential,8,burst_small,256,1737,20,100
latency,sequential,8,burst_small,256,1738,20,90
latency,sequential,8,burst_small,256,1739,20,100
latency,sequential,8,burst_small,256,1740,20,90
latency,sequential,8,burst_small,256,1741,20,90
latency,sequential,8,burst_small,256,1742,20,100
latency,sequential,8,burst_small,256,1743,20,90
latency,sequential,8,burst_small,256,1744,20,100
latency,sequential,8,burst_small,256,1745,20,90
latency,sequential,8,burst_small,256,1746,10,90
latency,sequential,8,burst_small,256,1747,20,90
latency,sequential,8,burst_small,256,1748,20,90
latency,sequential,8,burst_small,256,1749,21,101
latency,sequential,8,burst_small,256,1750,20,90
latency,sequential,8,burst_small,256,1751,20,100
latency,sequential,8,burst_small,256,1752,20,90
latency,sequential,8,burst_small,256,1753,20,91
latency,sequential,8,burst_small,256,1754,20,90
latency,sequential,8,burst_small,256,1755,20,90
latency,sequential,8,burst_small,256,1756,20,100
latency,sequential,8,burst_small,256,1757,20,91
latency,sequential,8,burst_small,256,1758,20,100
latency,sequential,8,burst_small,256,1759,20,90
latency,sequential,8,burst_small,256,1760,20,90
latency,sequential,8,burst_small,256,1761,20,101
latency,sequential,8,burst_small,256,1762,20,90
latency,sequential,8,burst_small,256,1763,20,100
latency,sequential,8,burst_small,256,1764,20,90
latency,sequential,8,burst_small,256,1765,10,90
latency,sequential,8,burst_small,256,1766,20,90
latency,sequential,8,burst_small,256,1767,20,90
latency,sequential,8,burst_small,256,1768,20,100
latency,sequential,8,burst_small,256,1769,20,90
latency,sequential,8,burst_small,256,1770,21,101
latency,sequential,8,burst_small,256,1771,20,90
latency,sequential,8,burst_small,256,1772,20,90
latency,sequential,8,burst_small,256,1773,20,100
latency,sequential,8,burst_small,256,1774,20,91
latency,sequential,8,burst_small,256,1775,20,100
latency,sequential,8,burst_small,256,1776,20,90
latency,sequential,8,burst_small,256,1777,20,90
latency,sequential,8,burst_small,256,1778,20,91
latency,sequential,8,burst_small,256,1779,20,90
latency,sequential,8,burst_small,256,1780,20,100
latency,sequential,8,burst_small,256,1781,20,90
latency,sequential,8,burst_small,256,1782,20,101
latency,sequential,8,burst_small,256,1783,20,90
latency,sequential,8,burst_small,256,1784,20,90
latency,sequential,8,burst_small,256,1785,20,100
latency,sequential,8,burst_small,256,1786,20,90
latency,sequential,8,burst_small,256,1787,20,100
latency,sequential,8,burst_small,256,1788,20,90
latency,sequential,8,burst_small,256,1789,20,90
latency,sequential,8,burst_small,256,1790,20,90
latency,sequential,8,burst_small,256,1791,21,91
latency,sequential,8,burst_small,256,1792,50,150
latency,sequential,8,burst_small,256,1793,20,90
latency,sequential,8,burst_small,256,1794,20,100
latency,sequential,8,burst_small,256,1795,20,90
latency,sequential,8,burst_small,256,1796,20,90
latency,sequential,8,burst_small,256,1797,20,100
latency,sequential,8,burst_small,256,1798,20,90
latency,sequential,8,burst_small,256,1799,20,101
latency,sequential,8,burst_small,256,1800,20,90
latency,sequential,8,burst_small,256,1801,20,100
latency,sequential,8,burst_small,256,1802,20,91
latency,sequential,8,burst_small,256,1803,10,90
latency,sequential,8,burst_small,256,1804,20,90
latency,sequential,8,burst_small,256,1805,20,90
latency,sequential,8,burst_small,256,1806,20,101
latency,sequential,8,burst_small,256,1807,20,90
latency,sequential,8,burst_small,256,1808,20,100
latency,sequential,8,burst_small,256,1809,20,90
latency,sequential,8,burst_small,256,1810,20,100
latency,sequential,8,burst_small,256,1811,20,90
latency,sequential,8,burst_small,256,1812,20,100
latency,sequential,8,burst_small,256,1813,20,90
latency,sequential,8,burst_small,256,1814,20,90
latency,sequential,8,burst_small,256,1815,21,101
latency,sequential,8,burst_small,256,1816,20,90
latency,sequential,8,burst_small,256,1817,20,100
latency,sequential,8,burst_small,256,1818,20,90
latency,sequential,8,burst_small,256,1819,20,101
latency,sequential,8,burst_small,256,1820,20,90
latency,sequential,8,burst_small,256,1821,20,90
latency,sequential,8,burst_small,256,1822,20,100
latency,sequential,8,burst_small,256,1823,20,91
latency,sequential,8,burst_small,256,1824,20,100
latency,sequential,8,burst_small,256,1825,20,90
latency,sequential,8,burst_small,256,1826,20,100
latency,sequential,8,burst_small,256,1827,20,91
latency,sequential,8,burst_small,256,1828,20,100
latency,sequential,8,burst_small,256,1829,20,90
latency,sequential,8,burst_small,256,1830,10,90
latency,sequential,8,burst_small,256,1831,20,91
latency,sequential,8,burst_small,256,1832,20,90
latency,sequential,8,burst_small,256,1833,20,100
latency,sequential,8,burst_small,256,1834,20,90
latency,sequential,8,burst_small,256,1835,20,100
latency,sequential,8,burst_small,256,1836,20,90
latency,sequential,8,burst_small,256,1837,10,90
latency,sequential,8,burst_small,256,1838,20,90
latency,sequential,8,burst_small,256,1839,20,90
latency,sequential,8,burst_small,256,1840,21,101
latency,sequential,8,burst_small,256,1841,20,90
latency,sequential,8,burst_small,256,1842,20,100
latency,sequential,8,burst_small,256,1843,20,90
latency,sequential,8,burst_small,256,1844,20,101
latency,sequential,8,burst_small,256,1845,20,90
latency,sequential,8,burst_small,256,1846,20,90
latency,sequential,8,burst_small,256,1847,20,100
latency,sequential,8,burst_small,256,1848,20,91
latency,sequential,8,burst_small,256,1849,20,100
latency,sequential,8,burst_small,256,1850,20,90
latency,sequential,8,burst_small,256,1851,20,100
latency,sequential,8,burst_small,256,1852,20,91
latency,sequential,8,burst_small,256,1853,20,90
latency,sequential,8,burst_small,256,1854,20,100
latency,sequential,8,burst_small,256,1855,20,90
latency,sequential,8,burst_small,256,1856,20,100
latency,sequential,8,burst_small,256,1857,20,90
latency,sequential,8,burst_small,256,1858,20,90
latency,sequential,8,burst_small,256,1859,20,101
latency,sequential,8,burst_small,256,1860,20,90
latency,sequential,8,burst_small,256,1861,20,100
latency,sequential,8,burst_small,256,1862,20,90
latency,sequential,8,burst_small,256,1863,10,90
latency,sequential,8,burst_small,256,1864,20,90
latency,sequential,8,burst_small,256,1865,20,90
latency,sequential,8,burst_small,256,1866,20,90
latency,sequential,8,burst_small,256,1867,20,90
latency,sequential,8,burst_small,256,1868,21,101
latency,sequential,8,burst_small,256,1869,20,90
latency,sequential,8,burst_small,256,1870,20,100
latency,sequential,8,burst_small,256,1871,20,90
latency,sequential,8,burst_small,256,1872,20,91
latency,sequential,8,burst_small,256,1873,20,100
latency,sequential,8,burst_small,256,1874,20,90
latency,sequential,8,burst_small,256,1875,20,100
latency,sequential,8,burst_small,256,1876,20,91
latency,sequential,8,burst_small,256,1877,10,90
latency,sequential,8,burst_small,256,1878,20,90
latency,sequential,8,burst_small,256,1879,20,90
latency,sequential,8,burst_small,256,1880,20,101
latency,sequential,8,burst_small,256,1881,20,90
latency,sequential,8,burst_small,256,1882,20,100
latency,sequential,8,burst_small,256,1883,20,90
latency,sequential,8,burst_small,256,1884,10,90
latency,sequential,8,burst_small,256,1885,20,90
latency,sequential,8,burst_small,256,1886,20,90
latency,sequential,8,burst_small,256,1887,20,100
latency,sequential,8,burst_small,256,1888,20,90
latency,sequential,8,burst_small,256,1889,20,100
latency,sequential,8,burst_small,256,1890,20,90
latency,sequential,8,burst_small,256,1891,20,100
latency,sequential,8,burst_small,256,1892,20,90
latency,sequential,8,burst_small,256,1893,21,91
latency,sequential,8,burst_small,256,1894,20,90
latency,sequential,8,burst_small,256,1895,20,90
latency,sequential,8,burst_small,256,1896,20,100
latency,sequential,8,burst_small,256,1897,20,91
latency,sequential,8,burst_small,256,1898,20,100
latency,sequential,8,burst_small,256,1899,20,90
latency,sequential,8,burst_small,256,1900,20,90
latency,sequential,8,burst_small,256,1901,20,91
latency,sequential,8,burst_small,256,1902,20,90
latency,sequential,8,burst_small,256,1903,20,100
latency,sequential,8,burst_small,256,1904,20,90
latency,sequential,8,burst_small,256,1905,20,101
latency,sequential,8,burst_small,256,1906,20,90
latency,sequential,8,burst_small,256,1907,20,90
latency,sequential,8,burst_small,256,1908,20,100
latency,sequential,8,burst_small,256,1909,20,90
latency,sequential,8,burst_small,256,1910,20,100
latency,sequential,8,burst_small,256,1911,20,90
latency,sequential,8,burst_small,256,1912,10,90
latency,sequential,8,burst_small,256,1913,20,90
latency,sequential,8,burst_small,256,1914,10,91
latency,sequential,8,burst_small,256,1915,20,100
latency,sequential,8,burst_small,256,1916,20,90
latency,sequential,8,burst_small,256,1917,20,100
latency,sequential,8,burst_small,256,1918,20,91
latency,sequential,8,burst_small,256,1919,10,90
latency,sequential,8,burst_small,256,1920,20,90
latency,sequential,8,burst_small,256,1921,20,90
latency,sequential,8,burst_small,256,1922,20,100
latency,sequential,8,burst_small,256,1923,20,90
latency,sequential,8,burst_small,256,1924,20,90
latency,sequential,8,burst_small,256,1925,20,100
latency,sequential,8,burst_small,256,1926,20,90
latency,sequential,8,burst_small,256,1927,20,100
latency,sequential,8,burst_small,256,1928,20,90
latency,sequential,8,burst_small,256,1929,11,91
latency,sequential,8,burst_small,256,1930,20,90
latency,sequential,8,burst_small,256,1931,20,90
latency,sequential,8,burst_small,256,1932,20,100
latency,sequential,8,burst_small,256,1933,20,91
latency,sequential,8,burst_small,256,1934,20,100
latency,sequential,8,burst_small,256,1935,20,90
latency,sequential,8,burst_small,256,1936,20,90
latency,sequential,8,burst_small,256,1937,20,101
latency,sequential,8,burst_small,256,1938,20,90
latency,sequential,8,burst_small,256,1939,20,100
latency,sequential,8,burst_small,256,1940,20,90
latency,sequential,8,burst_small,256,1941,10,91
latency,sequential,8,burst_small,256,1942,20,90
latency,sequential,8,burst_small,256,1943,20,90
latency,sequential,8,burst_small,256,1944,20,100
latency,sequential,8,burst_small,256,1945,20,90
latency,sequential,8,burst_small,256,1946,20,100
latency,sequential,8,burst_small,256,1947,20,90
latency,sequential,8,burst_small,256,1948,20,90
latency,sequential,8,burst_small,256,1949,20,100
latency,sequential,8,burst_small,256,1950,20,90
latency,sequential,8,burst_small,256,1951,20,100
latency,sequential,8,burst_small,256,1952,20,90
latency,sequential,8,burst_small,256,1953,20,90
latency,sequential,8,burst_small,256,1954,20,101
latency,sequential,8,burst_small,256,1955,20,90
latency,sequential,8,burst_small,256,1956,20,100
latency,sequential,8,burst_small,256,1957,20,90
latency,sequential,8,burst_small,256,1958,20,91
latency,sequential,8,burst_small,256,1959,20,90
latency,sequential,8,burst_small,256,1960,20,90
latency,sequential,8,burst_small,256,1961,20,100
latency,sequential,8,burst_small,256,1962,20,91
latency,sequential,8,burst_small,256,1963,10,90
latency,sequential,8,burst_small,256,1964,20,90
latency,sequential,8,burst_small,256,1965,20,90
latency,sequential,8,burst_small,256,1966,20,101
latency,sequential,8,burst_small,256,1967,20,90
latency,sequential,8,burst_small,256,1968,20,100
latency,sequential,8,burst_small,256,1969,20,90
latency,sequential,8,burst_small,256,1970,20,90
latency,sequential,8,burst_small,256,1971,20,100
latency,sequential,8,burst_small,256,1972,20,90
latency,sequential,8,burst_small,256,1973,20,100
latency,sequential,8,burst_small,256,1974,20,90
latency,sequential,8,burst_small,256,1975,21,101
latency,sequential,8,burst_small,256,1976,20,90
latency,sequential,8,burst_small,256,1977,20,90
latency,sequential,8,burst_small,256,1978,20,100
latency,sequential,8,burst_small,256,1979,20,91
latency,sequential,8,burst_small,256,1980,20,100
latency,sequential,8,burst_small,256,1981,20,90
latency,sequential,8,burst_small,256,1982,20,90
latency,sequential,8,burst_small,256,1983,20,91
latency,sequential,8,burst_small,256,1984,20,90
latency,sequential,8,burst_small,256,1985,20,100
latency,sequential,8,burst_small,256,1986,20,90
latency,sequential,8,burst_small,256,1987,10,91
latency,sequential,8,burst_small,256,1988,20,90
latency,sequential,8,burst_small,256,1989,20,90
latency,sequential,8,burst_small,256,1990,20,100
latency,sequential,8,burst_small,256,1991,20,90
latency,sequential,8,burst_small,256,1992,20,100
latency,sequential,8,burst_small,256,1993,20,90
latency,sequential,8,burst_small,256,1994,10,90
latency,sequential,8,burst_small,256,1995,20,90
latency,sequential,8,burst_small,256,1996,21,91
latency,sequential,8,burst_small,256,1997,20,100
latency,sequential,8,burst_small,256,1998,20,90
latency,sequential,8,burst_small,256,1999,20,100
latency,sequential,8,burst_small,256,2000,20,91
latency,sequential,8,burst_small,256,2001,20,90
latency,sequential,8,burst_small,256,2002,20,100
latency,sequential,8,burst_small,256,2003,20,90
latency,sequential,8,burst_small,256,2004,20,101
latency,sequential,8,burst_small,256,2005,20,90
latency,sequential,8,burst_small,256,2006,10,90
latency,sequential,8,burst_small,256,2007,20,90
latency,sequential,8,burst_small,256,2008,20,91
latency,sequential,8,burst_small,256,2009,20,100
latency,sequential,8,burst_small,256,2010,20,90
latency,sequential,8,burst_small,256,2011,20,100
latency,sequential,8,burst_small,256,2012,20,90
latency,sequential,8,burst_small,256,2013,20,90
latency,sequential,8,burst_small,256,2014,20,100
latency,sequential,8,burst_small,256,2015,20,90
latency,sequential,8,burst_small,256,2016,20,100
latency,sequential,8,burst_small,256,2017,21,91
latency,sequential,8,burst_small,256,2018,10,90
latency,sequential,8,burst_small,256,2019,20,90
latency,sequential,8,burst_small,256,2020,20,90
latency,sequential,8,burst_small,256,2021,20,101
latency,sequential,8,burst_small,256,2022,20,90
latency,sequential,8,burst_small,256,2023,20,100
latency,sequential,8,burst_small,256,2024,20,90
latency,sequential,8,burst_small,256,2025,20,91
latency,sequential,8,burst_small,256,2026,20,100
latency,sequential,8,burst_small,256,2027,20,90
latency,sequential,8,burst_small,256,2028,20,100
latency,sequential,8,burst_small,256,2029,20,91
latency,sequential,8,burst_small,256,2030,20,100
latency,sequential,8,burst_small,256,2031,20,90
latency,sequential,8,burst_small,256,2032,20,90
latency,sequential,8,burst_small,256,2033,20,101
latency,sequential,8,burst_small,256,2034,20,90
latency,sequential,8,burst_small,256,2035,20,100
latency,sequential,8,burst_small,256,2036,20,90
latency,sequential,8,burst_small,256,2037,10,90
latency,sequential,8,burst_small,256,2038,20,90
latency,sequential,8,burst_small,256,2039,20,90
latency,sequential,8,burst_small,256,2040,20,100
latency,sequential,8,burst_small,256,2041,20,90
latency,sequential,8,burst_small,256,2042,20,101
latency,sequential,8,burst_small,256,2043,20,90
latency,sequential,8,burst_small,256,2044,10,90
latency,sequential,8,burst_small,256,2045,20,90
latency,sequential,8,burst_small,256,2046,20,91
latency,sequential,8,burst_small,256,2047,20,100
latency,sequential,8,burst_small,256,2048,50,150
latency,sequential,8,burst_small,256,2049,20,90
latency,sequential,8,burst_small,256,2050,20,100
latency,sequential,8,burst_small,256,2051,20,90
latency,sequential,8,burst_small,256,2052,10,90
latency,sequential,8,burst_small,256,2053,20,100
latency,sequential,8,burst_small,256,2054,20,91
latency,sequential,8,burst_small,256,2055,20,100
latency,sequential,8,burst_small,256,2056,20,90
latency,sequential,8,burst_small,256,2057,20,91
latency,sequential,8,burst_small,256,2058,20,100
latency,sequential,8,burst_small,256,2059,20,90
latency,sequential,8,burst_small,256,2060,20,100
latency,sequential,8,burst_small,256,2061,20,91
latency,sequential,8,burst_small,256,2062,20,100
latency,sequential,8,burst_small,256,2063,20,90
latency,sequential,8,burst_small,256,2064,20,90
latency,sequential,8,burst_small,256,2065,20,101
latency,sequential,8,burst_small,256,2066,20,90
latency,sequential,8,burst_small,256,2067,20,90
latency,sequential,8,burst_small,256,2068,20,90
latency,sequential,8,burst_small,256,2069,20,101
latency,sequential,8,burst_small,256,2070,20,90
latency,sequential,8,burst_small,256,2071,20,100
latency,sequential,8,burst_small,256,2072,20,90
latency,sequential,8,burst_small,256,2073,20,90
latency,sequential,8,burst_small,256,2074,20,100
latency,sequential,8,burst_small,256,2075,20,90
latency,sequential,8,burst_small,256,2076,20,100
latency,sequential,8,burst_small,256,2077,20,90
latency,sequential,8,burst_small,256,2078,10,91
latency,sequential,8,burst_small,256,2079,20,90
latency,sequential,8,burst_small,256,2080,20,90
latency,sequential,8,burst_small,256,2081,20,90
latency,sequential,8,burst_small,256,2082,20,91
latency,sequential,8,burst_small,256,2083,20,90
latency,sequential,8,burst_small,256,2084,20,90
latency,sequential,8,burst_small,256,2085,20,100
latency,sequential,8,burst_small,256,2086,20,91
latency,sequential,8,burst_small,256,2087,20,100
latency,sequential,8,burst_small,256,2088,20,90
latency,sequential,8,burst_small,256,2089,20,90
latency,sequential,8,burst_small,256,2090,20,101
latency,sequential,8,burst_small,256,2091,20,90
latency,sequential,8,burst_small,256,2092,20,100
latency,sequential,8,burst_small,256,2093,20,90
latency,sequential,8,burst_small,256,2094,20,90
latency,sequential,8,burst_small,256,2095,20,90
latency,sequential,8,burst_small,256,2096,20,90
latency,sequential,8,burst_small,256,2097,20,100
latency,sequential,8,burst_small,256,2098,20,90
latency,sequential,8,burst_small,256,2099,20,100
latency,sequential,8,burst_small,256,2100,20,90
latency,sequential,8,burst_small,256,2101,20,90
latency,sequential,8,burst_small,256,2102,20,100
latency,sequential,8,burst_small,256,2103,21,91
latency,sequential,8,burst_small,256,2104,20,100
latency,sequential,8,burst_small,256,2105,20,90
latency,sequential,8,burst_small,256,2106,20,90
latency,sequential,8,burst_small,256,2107,20,101
latency,sequential,8,burst_small,256,2108,20,90
latency,sequential,8,burst_small,256,2109,20,100
latency,sequential,8,burst_small,256,2110,20,90
latency,sequential,8,burst_small,256,2111,10,91
latency,sequential,8,burst_small,256,2112,20,100
latency,sequential,8,burst_small,256,2113,20,100
latency,sequential,8,burst_small,256,2114,20,91
latency,sequential,8,burst_small,256,2115,10,90
latency,sequential,8,burst_small,256,2116,20,100
latency,sequential,8,burst_small,256,2117,20,90
latency,sequential,8,burst_small,256,2118,20,101
latency,sequential,8,burst_small,256,2119,20,90
latency,sequential,8,burst_small,256,2120,20,100
latency,sequential,8,burst_small,256,2121,20,90
latency,sequential,8,burst_small,256,2122,10,91
latency,sequential,8,burst_small,256,2123,20,100
latency,sequential,8,burst_small,256,2124,20,90
latency,sequential,8,burst_small,256,2125,20,100
latency,sequential,8,burst_small,256,2126,20,90
latency,sequential,8,burst_small,256,2127,20,100
latency,sequential,8,burst_small,256,2128,20,90
latency,sequential,8,burst_small,256,2129,20,90
latency,sequential,8,burst_small,256,2130,20,100
latency,sequential,8,burst_small,256,2131,21,91
latency,sequential,8,burst_small,256,2132,20,100
latency,sequential,8,burst_small,256,2133,20,90
latency,sequential,8,burst_small,256,2134,20,100
latency,sequential,8,burst_small,256,2135,20,91
latency,sequential,8,burst_small,256,2136,20,90
latency,sequential,8,burst_small,256,2137,20,100
latency,sequential,8,burst_small,256,2138,20,90
latency,sequential,8,burst_small,256,2139,20,101
latency,sequential,8,burst_small,256,2140,20,90
latency,sequential,8,burst_small,256,2141,20,90
latency,sequential,8,burst_small,256,2142,20,90
latency,sequential,8,burst_small,256,2143,20,91
latency,sequential,8,burst_small,256,2144,20,100
latency,sequential,8,burst_small,256,2145,20,90
latency,sequential,8,burst_small,256,2146,20,100
latency,sequential,8,burst_small,256,2147,20,90
latency,sequential,8,burst_small,256,2148,20,90
latency,sequential,8,burst_small,256,2149,20,100
latency,sequential,8,burst_small,256,2150,20,90
latency,sequential,8,burst_small,256,2151,20,100
latency,sequential,8,burst_small,256,2152,21,91
latency,sequential,8,burst_small,256,2153,10,90
latency,sequential,8,burst_small,256,2154,20,90
latency,sequential,8,burst_small,256,2155,20,90
latency,sequential,8,burst_small,256,2156,20,101
latency,sequential,8,burst_small,256,2157,20,90
latency,sequential,8,burst_small,256,2158,20,100
latency,sequential,8,burst_small,256,2159,20,90
latency,sequential,8,burst_small,256,2160,20,91
latency,sequential,8,burst_small,256,2161,20,90
latency,sequential,8,burst_small,256,2162,20,90
latency,sequential,8,burst_small,256,2163,20,100
latency,sequential,8,burst_small,256,2164,20,91
latency,sequential,8,burst_small,256,2165,20,100
latency,sequential,8,burst_small,256,2166,20,90
latency,sequential,8,burst_small,256,2167,20,90
latency,sequential,8,burst_small,256,2168,20,100
latency,sequential,8,burst_small,256,2169,20,90
latency,sequential,8,burst_small,256,2170,20,100
latency,sequential,8,burst_small,256,2171,20,90
latency,sequential,8,burst_small,256,2172,20,90
latency,sequential,8,burst_small,256,2173,20,90
latency,sequential,8,burst_small,256,2174,20,90
latency,sequential,8,burst_small,256,2175,20,100
latency,sequential,8,burst_small,256,2176,20,90
latency,sequential,8,burst_small,256,2177,20,90
latency,sequential,8,burst_small,256,2178,20,90
latency,sequential,8,burst_small,256,2179,20,91
latency,sequential,8,burst_small,256,2180,20,90
latency,sequential,8,burst_small,256,2181,20,100
latency,sequential,8,burst_small,256,2182,20,90
latency,sequential,8,burst_small,256,2183,20,100
latency,sequential,8,burst_small,256,2184,20,90
latency,sequential,8,burst_small,256,2185,20,90
latency,sequential,8,burst_small,256,2186,20,100
latency,sequential,8,burst_small,256,2187,20,90
latency,sequential,8,burst_small,256,2188,21,101
latency,sequential,8,burst_small,256,2189,20,90
latency,sequential,8,burst_small,256,2190,20,100
latency,sequential,8,burst_small,256,2191,20,90
latency,sequential,8,burst_small,256,2192,20,91
latency,sequential,8,burst_small,256,2193,20,100
latency,sequential,8,burst_small,256,2194,20,90
latency,sequential,8,burst_small,256,2195,20,100
latency,sequential,8,burst_small,256,2196,20,91
latency,sequential,8,burst_small,256,2197,10,90
latency,sequential,8,burst_small,256,2198,20,90
latency,sequential,8,burst_small,256,2199,20,90
latency,sequential,8,burst_small,256,2200,20,101
latency,sequential,8,burst_small,256,2201,20,90
latency,sequential,8,burst_small,256,2202,20,100
latency,sequential,8,burst_small,256,2203,20,90
latency,sequential,8,burst_small,256,2204,20,100
latency,sequential,8,burst_small,256,2205,20,90
latency,sequential,8,burst_small,256,2206,20,90
latency,sequential,8,burst_small,256,2207,20,90
latency,sequential,8,burst_small,256,2208,20,90
latency,sequential,8,burst_small,256,2209,21,101
latency,sequential,8,burst_small,256,2210,20,90
latency,sequential,8,burst_small,256,2211,20,100
latency,sequential,8,burst_small,256,2212,20,90
latency,sequential,8,burst_small,256,2213,21,91
latency,sequential,8,burst_small,256,2214,20,90
latency,sequential,8,burst_small,256,2215,20,90
latency,sequential,8,burst_small,256,2216,20,100
latency,sequential,8,burst_small,256,2217,20,91
latency,sequential,8,burst_small,256,2218,20,100
latency,sequential,8,burst_small,256,2219,20,90
latency,sequential,8,burst_small,256,2220,20,90
latency,sequential,8,burst_small,256,2221,20,101
latency,sequential,8,burst_small,256,2222,20,90
latency,sequential,8,burst_small,256,2223,20,100
latency,sequential,8,burst_small,256,2224,20,90
latency,sequential,8,burst_small,256,2225,10,90
latency,sequential,8,burst_small,256,2226,20,90
latency,sequential,8,burst_small,256,2227,20,90
latency,sequential,8,burst_small,256,2228,20,100
latency,sequential,8,burst_small,256,2229,20,90
latency,sequential,8,burst_small,256,2230,20,100
latency,sequential,8,burst_small,256,2231,20,90
latency,sequential,8,burst_small,256,2232,20,100
latency,sequential,8,burst_small,256,2233,20,90
latency,sequential,8,burst_small,256,2234,21,91
latency,sequential,8,burst_small,256,2235,20,90
latency,sequential,8,burst_small,256,2236,20,90
latency,sequential,8,burst_small,256,2237,20,100
latency,sequential,8,burst_small,256,2238,20,91
latency,sequential,8,burst_small,256,2239,20,100
latency,sequential,8,burst_small,256,2240,20,90
latency,sequential,8,burst_small,256,2241,20,90
latency,sequential,8,burst_small,256,2242,20,101
latency,sequential,8,burst_small,256,2243,20,90
latency,sequential,8,burst_small,256,2244,20,100
latency,sequential,8,burst_small,256,2245,20,90
latency,sequential,8,burst_small,256,2246,10,91
latency,sequential,8,burst_small,256,2247,20,90
latency,sequential,8,burst_small,256,2248,20,90
latency,sequential,8,burst_small,256,2249,20,100
latency,sequential,8,burst_small,256,2250,20,90
latency,sequential,8,burst_small,256,2251,20,100
latency,sequential,8,burst_small,256,2252,20,90
latency,sequential,8,burst_small,256,2253,20,90
latency,sequential,8,burst_small,256,2254,20,100
latency,sequential,8,burst_small,256,2255,21,91
latency,sequential,8,burst_small,256,2256,20,100
latency,sequential,8,burst_small,256,2257,20,90
latency,sequential,8,burst_small,256,2258,20,100
latency,sequential,8,burst_small,256,2259,20,91
latency,sequential,8,burst_small,256,2260,20,90
latency,sequential,8,burst_small,256,2261,20,100
latency,sequential,8,burst_small,256,2262,20,90
latency,sequential,8,burst_small,256,2263,20,101
latency,sequential,8,burst_small,256,2264,20,90
latency,sequential,8,burst_small,256,2265,10,90
latency,sequential,8,burst_small,256,2266,20,90
latency,sequential,8,burst_small,256,2267,10,91
latency,sequential,8,burst_small,256,2268,20,100
latency,sequential,8,burst_small,256,2269,20,90
latency,sequential,8,burst_small,256,2270,20,100
latency,sequential,8,burst_small,256,2271,20,90
latency,sequential,8,burst_small,256,2272,20,100
latency,sequential,8,burst_small,256,2273,20,90
latency,sequential,8,burst_small,256,2274,20,90
latency,sequential,8,burst_small,256,2275,20,90
latency,sequential,8,burst_small,256,2276,21,91
latency,sequential,8,burst_small,256,2277,20,100
latency,sequential,8,burst_small,256,2278,20,90
latency,sequential,8,burst_small,256,2279,20,100
latency,sequential,8,burst_small,256,2280,20,91
latency,sequential,8,burst_small,256,2281,20,90
latency,sequential,8,burst_small,256,2282,20,90
latency,sequential,8,burst_small,256,2283,20,90
latency,sequential,8,burst_small,256,2284,20,101
latency,sequential,8,burst_small,256,2285,20,90
latency,sequential,8,burst_small,256,2286,20,100
latency,sequential,8,burst_small,256,2287,20,90
latency,sequential,8,burst_small,256,2288,10,91
latency,sequential,8,burst_small,256,2289,20,90
latency,sequential,8,burst_small,256,2290,20,90
latency,sequential,8,burst_small,256,2291,20,100
latency,sequential,8,burst_small,256,2292,20,90
latency,sequential,8,burst_small,256,2293,20,100
latency,sequential,8,burst_small,256,2294,20,90
latency,sequential,8,burst_small,256,2295,20,100
latency,sequential,8,burst_small,256,2296,20,90
latency,sequential,8,burst_small,256,2297,21,91
latency,sequential,8,burst_small,256,2298,20,100
latency,sequential,8,burst_small,256,2299,20,90
latency,sequential,8,burst_small,256,2300,20,100
latency,sequential,8,burst_small,256,2301,20,91
latency,sequential,8,burst_small,256,2302,20,100
latency,sequential,8,burst_small,256,2303,20,90
